path,fname,label,dup_group,seed,split
/kaggle/input/datasets/dionisiusdh/indonesian-batik-motifs/batik-bali/1.jpg,1.jpg,batik-bali,0,0,train
/kaggle/input/datasets/dionisiusdh/indonesian-batik-motifs/batik-bali/10.jpg,10.jpg,batik-bali,1,0,train
/kaggle/input/datasets/dionisiusdh/indonesian-batik-motifs/batik-bali/11.jpg,11.jpg,batik-bali,2,0,test
/kaggle/input/datasets/dionisiusdh/indonesian-batik-motifs/batik-bali/12.jpg,12.jpg,batik-bali,3,0,test
/kaggle/input/datasets/dionisiusdh/indonesian-batik-motifs/batik-bali/13.jpg,13.jpg,batik-bali,4,0,test
/kaggle/input/datasets/dionisiusdh/indonesian-batik-motifs/batik-bali/14.jpg,14.jpg,batik-bali,5,0,test
/kaggle/input/datasets/dionisiusdh/indonesian-batik-motifs/batik-bali/15.jpg,15.jpg,batik-bali,6,0,train
/kaggle/input/datasets/dionisiusdh/indonesian-batik-motifs/batik-bali/16.jpg,16.jpg,batik-bali,7,0,test
/kaggle/input/datasets/dionisiusdh/indonesian-batik-motifs/batik-bali/17.jpg,17.jpg,batik-bali,8,0,test
/kaggle/input/datasets/dionisiusdh/indonesian-batik-motifs/batik-bali/18.jpg,18.jpg,batik-bali,9,0,test
/kaggle/input/datasets/dionisiusdh/indonesian-batik-motifs/batik-bali/19.jpg,19.jpg,batik-bali,10,0,train
/kaggle/input/datasets/dionisiusdh/indonesian-batik-motifs/batik-bali/2.jpg,2.jpg,batik-bali,11,0,train
/kaggle/input/datasets/dionisiusdh/indonesian-batik-motifs/batik-bali/20.jpg,20.jpg,batik-bali,12,0,train
/kaggle/input/datasets/dionisiusdh/indonesian-batik-motifs/batik-bali/21.jpg,21.jpg,batik-bali,13,0,train
/kaggle/input/datasets/dionisiusdh/indonesian-batik-motifs/batik-bali/22.jpg,22.jpg,batik-bali,14,0,train
/kaggle/input/datasets/dionisiusdh/indonesian-batik-motifs/batik-bali/23.jpg,23.jpg,batik-bali,15,0,train
/kaggle/input/datasets/dionisiusdh/indonesian-batik-motifs/batik-bali/24.jpg,24.jpg,batik-bali,16,0,train
/kaggle/input/datasets/dionisiusdh/indonesian-batik-motifs/batik-bali/25.jpg,25.jpg,batik-bali,17,0,train
/kaggle/input/datasets/dionisiusdh/indonesian-batik-motifs/batik-bali/26.jpg,26.jpg,batik-bali,18,0,train
/kaggle/input/datasets/dionisiusdh/indonesian-batik-motifs/batik-bali/27.jpg,27.jpg,batik-bali,19,0,train
/kaggle/input/datasets/dionisiusdh/indonesian-batik-motifs/batik-bali/28.jpg,28.jpg,batik-bali,20,0,train
/kaggle/input/datasets/dionisiusdh/indonesian-batik-motifs/batik-bali/29.jpg,29.jpg,batik-bali,21,0,train
/kaggle/input/datasets/dionisiusdh/indonesian-batik-motifs/batik-bali/3.jpg,3.jpg,batik-bali,22,0,test
/kaggle/input/datasets/dionisiusdh/indonesian-batik-motifs/batik-bali/30.jpg,30.jpg,batik-bali,23,0,test
/kaggle/input/datasets/dionisiusdh/indonesian-batik-motifs/batik-bali/31.jpg,31.jpg,batik-bali,24,0,train
/kaggle/input/datasets/dionisiusdh/indonesian-batik-motifs/batik-bali/32.jpg,32.jpg,batik-bali,25,0,train
/kaggle/input/datasets/dionisiusdh/indonesian-batik-motifs/batik-bali/33.jpg,33.jpg,batik-bali,26,0,train
/kaggle/input/datasets/dionisiusdh/indonesian-batik-motifs/batik-bali/34.jpg,34.jpg,batik-bali,27,0,test
/kaggle/input/datasets/dionisiusdh/indonesian-batik-motifs/batik-bali/35.jpg,35.jpg,batik-bali,28,0,train
/kaggle/input/datasets/dionisiusdh/indonesian-batik-motifs/batik-bali/36.jpg,36.jpg,batik-bali,29,0,train
/kaggle/input/datasets/dionisiusdh/indonesian-batik-motifs/batik-bali/37.jpg,37.jpg,batik-bali,30,0,train
/kaggle/input/datasets/dionisiusdh/indonesian-batik-motifs/batik-bali/38.jpg,38.jpg,batik-bali,31,0,train
/kaggle/input/datasets/dionisiusdh/indonesian-batik-motifs/batik-bali/39.jpg,39.jpg,batik-bali,32,0,train
/kaggle/input/datasets/dionisiusdh/indonesian-batik-motifs/batik-bali/4.jpg,4.jpg,batik-bali,33,0,test
/kaggle/input/datasets/dionisiusdh/indonesian-batik-motifs/batik-bali/40.jpg,40.jpg,batik-bali,34,0,train
/kaggle/input/datasets/dionisiusdh/indonesian-batik-motifs/batik-bali/41.jpg,41.jpg,batik-bali,35,0,train
/kaggle/input/datasets/dionisiusdh/indonesian-batik-motifs/batik-bali/42.jpg,42.jpg,batik-bali,36,0,train
/kaggle/input/datasets/dionisiusdh/indonesian-batik-motifs/batik-bali/43.jpg,43.jpg,batik-bali,37,0,train
/kaggle/input/datasets/dionisiusdh/indonesian-batik-motifs/batik-bali/44.jpg,44.jpg,batik-bali,38,0,train
/kaggle/input/datasets/dionisiusdh/indonesian-batik-motifs/batik-bali/45.jpg,45.jpg,batik-bali,39,0,train
/kaggle/input/datasets/dionisiusdh/indonesian-batik-motifs/batik-bali/46.jpg,46.jpg,batik-bali,40,0,train
/kaggle/input/datasets/dionisiusdh/indonesian-batik-motifs/batik-bali/47.jpg,47.jpg,batik-bali,41,0,test
/kaggle/input/datasets/dionisiusdh/indonesian-batik-motifs/batik-bali/48.jpg,48.jpg,batik-bali,42,0,test
/kaggle/input/datasets/dionisiusdh/indonesian-batik-motifs/batik-bali/49.jpg,49.jpg,batik-bali,43,0,train
/kaggle/input/datasets/dionisiusdh/indonesian-batik-motifs/batik-bali/5.jpg,5.jpg,batik-bali,44,0,test
/kaggle/input/datasets/dionisiusdh/indonesian-batik-motifs/batik-bali/50.jpg,50.jpg,batik-bali,45,0,train
/kaggle/input/datasets/dionisiusdh/indonesian-batik-motifs/batik-bali/6.jpg,6.jpg,batik-bali,46,0,train
/kaggle/input/datasets/dionisiusdh/indonesian-batik-motifs/batik-bali/7.jpg,7.jpg,batik-bali,47,0,train
/kaggle/input/datasets/dionisiusdh/indonesian-batik-motifs/batik-bali/8.jpg,8.jpg,batik-bali,48,0,test
/kaggle/input/datasets/dionisiusdh/indonesian-batik-motifs/batik-bali/9.jpg,9.jpg,batik-bali,49,0,train
/kaggle/input/datasets/dionisiusdh/indonesian-batik-motifs/batik-betawi/1.jpg,1.jpg,batik-betawi,50,0,train
/kaggle/input/datasets/dionisiusdh/indonesian-batik-motifs/batik-betawi/10.jpg,10.jpg,batik-betawi,51,0,test
/kaggle/input/datasets/dionisiusdh/indonesian-batik-motifs/batik-betawi/11.jpg,11.jpg,batik-betawi,52,0,train
/kaggle/input/datasets/dionisiusdh/indonesian-batik-motifs/batik-betawi/12.jpg,12.jpg,batik-betawi,53,0,test
/kaggle/input/datasets/dionisiusdh/indonesian-batik-motifs/batik-betawi/13.jpg,13.jpg,batik-betawi,54,0,test
/kaggle/input/datasets/dionisiusdh/indonesian-batik-motifs/batik-betawi/14.jpg,14.jpg,batik-betawi,55,0,train
/kaggle/input/datasets/dionisiusdh/indonesian-batik-motifs/batik-betawi/15.jpg,15.jpg,batik-betawi,56,0,train
/kaggle/input/datasets/dionisiusdh/indonesian-batik-motifs/batik-betawi/16.jpg,16.jpg,batik-betawi,57,0,test
/kaggle/input/datasets/dionisiusdh/indonesian-batik-motifs/batik-betawi/17.jpg,17.jpg,batik-betawi,58,0,train
/kaggle/input/datasets/dionisiusdh/indonesian-batik-motifs/batik-betawi/18.jpg,18.jpg,batik-betawi,59,0,train
/kaggle/input/datasets/dionisiusdh/indonesian-batik-motifs/batik-betawi/19.jpg,19.jpg,batik-betawi,60,0,test
/kaggle/input/datasets/dionisiusdh/indonesian-batik-motifs/batik-betawi/2.jpg,2.jpg,batik-betawi,61,0,train
/kaggle/input/datasets/dionisiusdh/indonesian-batik-motifs/batik-betawi/20.jpg,20.jpg,batik-betawi,62,0,train
/kaggle/input/datasets/dionisiusdh/indonesian-batik-motifs/batik-betawi/21.jpg,21.jpg,batik-betawi,63,0,test
/kaggle/input/datasets/dionisiusdh/indonesian-batik-motifs/batik-betawi/22.jpg,22.jpg,batik-betawi,64,0,train
/kaggle/input/datasets/dionisiusdh/indonesian-batik-motifs/batik-betawi/23.jpg,23.jpg,batik-betawi,65,0,train
/kaggle/input/datasets/dionisiusdh/indonesian-batik-motifs/batik-betawi/24.jpg,24.jpg,batik-betawi,66,0,test
/kaggle/input/datasets/dionisiusdh/indonesian-batik-motifs/batik-betawi/25.jpg,25.jpg,batik-betawi,67,0,train
/kaggle/input/datasets/dionisiusdh/indonesian-batik-motifs/batik-betawi/26.jpg,26.jpg,batik-betawi,68,0,test
/kaggle/input/datasets/dionisiusdh/indonesian-batik-motifs/batik-betawi/27.jpg,27.jpg,batik-betawi,69,0,train
/kaggle/input/datasets/dionisiusdh/indonesian-batik-motifs/batik-betawi/28.jpg,28.jpg,batik-betawi,70,0,train
/kaggle/input/datasets/dionisiusdh/indonesian-batik-motifs/batik-betawi/29.jpg,29.jpg,batik-betawi,71,0,train
/kaggle/input/datasets/dionisiusdh/indonesian-batik-motifs/batik-betawi/3.jpg,3.jpg,batik-betawi,72,0,train
/kaggle/input/datasets/dionisiusdh/indonesian-batik-motifs/batik-betawi/30.jpg,30.jpg,batik-betawi,73,0,test
/kaggle/input/datasets/dionisiusdh/indonesian-batik-motifs/batik-betawi/31.jpg,31.jpg,batik-betawi,74,0,train
/kaggle/input/datasets/dionisiusdh/indonesian-batik-motifs/batik-betawi/32.jpg,32.jpg,batik-betawi,75,0,train
/kaggle/input/datasets/dionisiusdh/indonesian-batik-motifs/batik-betawi/33.jpg,33.jpg,batik-betawi,4,0,test
/kaggle/input/datasets/dionisiusdh/indonesian-batik-motifs/batik-betawi/34.jpg,34.jpg,batik-betawi,77,0,test
/kaggle/input/datasets/dionisiusdh/indonesian-batik-motifs/batik-betawi/35.jpg,35.jpg,batik-betawi,54,0,test
/kaggle/input/datasets/dionisiusdh/indonesian-batik-motifs/batik-betawi/36.jpg,36.jpg,batik-betawi,79,0,test
/kaggle/input/datasets/dionisiusdh/indonesian-batik-motifs/batik-betawi/37.jpg,37.jpg,batik-betawi,80,0,train
/kaggle/input/datasets/dionisiusdh/indonesian-batik-motifs/batik-betawi/38.jpg,38.jpg,batik-betawi,81,0,train
/kaggle/input/datasets/dionisiusdh/indonesian-batik-motifs/batik-betawi/39.jpg,39.jpg,batik-betawi,82,0,train
/kaggle/input/datasets/dionisiusdh/indonesian-batik-motifs/batik-betawi/4.jpg,4.jpg,batik-betawi,83,0,train
/kaggle/input/datasets/dionisiusdh/indonesian-batik-motifs/batik-betawi/40.jpg,40.jpg,batik-betawi,84,0,train
/kaggle/input/datasets/dionisiusdh/indonesian-batik-motifs/batik-betawi/41.jpg,41.jpg,batik-betawi,85,0,train
/kaggle/input/datasets/dionisiusdh/indonesian-batik-motifs/batik-betawi/42.jpg,42.jpg,batik-betawi,86,0,test
/kaggle/input/datasets/dionisiusdh/indonesian-batik-motifs/batik-betawi/43.jpg,43.jpg,batik-betawi,87,0,train
/kaggle/input/datasets/dionisiusdh/indonesian-batik-motifs/batik-betawi/44.jpg,44.jpg,batik-betawi,88,0,train
/kaggle/input/datasets/dionisiusdh/indonesian-batik-motifs/batik-betawi/45.jpg,45.jpg,batik-betawi,89,0,test
/kaggle/input/datasets/dionisiusdh/indonesian-batik-motifs/batik-betawi/46.jpg,46.jpg,batik-betawi,90,0,test
/kaggle/input/datasets/dionisiusdh/indonesian-batik-motifs/batik-betawi/47.jpg,47.jpg,batik-betawi,91,0,test
/kaggle/input/datasets/dionisiusdh/indonesian-batik-motifs/batik-betawi/48.jpg,48.jpg,batik-betawi,92,0,train
/kaggle/input/datasets/dionisiusdh/indonesian-batik-motifs/batik-betawi/49.jpg,49.jpg,batik-betawi,93,0,train
/kaggle/input/datasets/dionisiusdh/indonesian-batik-motifs/batik-betawi/5.jpg,5.jpg,batik-betawi,55,0,train
/kaggle/input/datasets/dionisiusdh/indonesian-batik-motifs/batik-betawi/50.jpg,50.jpg,batik-betawi,95,0,train
/kaggle/input/datasets/dionisiusdh/indonesian-batik-motifs/batik-betawi/6.jpg,6.jpg,batik-betawi,96,0,train
/kaggle/input/datasets/dionisiusdh/indonesian-batik-motifs/batik-betawi/7.jpg,7.jpg,batik-betawi,97,0,train
/kaggle/input/datasets/dionisiusdh/indonesian-batik-motifs/batik-betawi/8.jpg,8.jpg,batik-betawi,98,0,train
/kaggle/input/datasets/dionisiusdh/indonesian-batik-motifs/batik-betawi/9.jpg,9.jpg,batik-betawi,99,0,train
/kaggle/input/datasets/dionisiusdh/indonesian-batik-motifs/batik-celup/1.jpg,1.jpg,batik-celup,100,0,train
/kaggle/input/datasets/dionisiusdh/indonesian-batik-motifs/batik-celup/10.jpg,10.jpg,batik-celup,101,0,test
/kaggle/input/datasets/dionisiusdh/indonesian-batik-motifs/batik-celup/11.jpg,11.jpg,batik-celup,102,0,test
/kaggle/input/datasets/dionisiusdh/indonesian-batik-motifs/batik-celup/12.jpg,12.jpg,batik-celup,103,0,test
/kaggle/input/datasets/dionisiusdh/indonesian-batik-motifs/batik-celup/13.jpg,13.jpg,batik-celup,104,0,train
/kaggle/input/datasets/dionisiusdh/indonesian-batik-motifs/batik-celup/14.jpg,14.jpg,batik-celup,105,0,test
/kaggle/input/datasets/dionisiusdh/indonesian-batik-motifs/batik-celup/15.jpg,15.jpg,batik-celup,106,0,train
/kaggle/input/datasets/dionisiusdh/indonesian-batik-motifs/batik-celup/16.jpg,16.jpg,batik-celup,107,0,test
/kaggle/input/datasets/dionisiusdh/indonesian-batik-motifs/batik-celup/17.jpg,17.jpg,batik-celup,108,0,train
/kaggle/input/datasets/dionisiusdh/indonesian-batik-motifs/batik-celup/18.jpg,18.jpg,batik-celup,109,0,train
/kaggle/input/datasets/dionisiusdh/indonesian-batik-motifs/batik-celup/19.jpg,19.jpg,batik-celup,110,0,train
/kaggle/input/datasets/dionisiusdh/indonesian-batik-motifs/batik-celup/2.jpg,2.jpg,batik-celup,111,0,train
/kaggle/input/datasets/dionisiusdh/indonesian-batik-motifs/batik-celup/20.jpg,20.jpg,batik-celup,112,0,train
/kaggle/input/datasets/dionisiusdh/indonesian-batik-motifs/batik-celup/21.jpg,21.jpg,batik-celup,114,0,test
/kaggle/input/datasets/dionisiusdh/indonesian-batik-motifs/batik-celup/22.jpg,22.jpg,batik-celup,114,0,test
/kaggle/input/datasets/dionisiusdh/indonesian-batik-motifs/batik-celup/23.jpg,23.jpg,batik-celup,114,0,test
/kaggle/input/datasets/dionisiusdh/indonesian-batik-motifs/batik-celup/24.jpg,24.jpg,batik-celup,116,0,train
/kaggle/input/datasets/dionisiusdh/indonesian-batik-motifs/batik-celup/25.jpg,25.jpg,batik-celup,117,0,train
/kaggle/input/datasets/dionisiusdh/indonesian-batik-motifs/batik-celup/26.jpg,26.jpg,batik-celup,118,0,train
/kaggle/input/datasets/dionisiusdh/indonesian-batik-motifs/batik-celup/27.jpg,27.jpg,batik-celup,119,0,test
/kaggle/input/datasets/dionisiusdh/indonesian-batik-motifs/batik-celup/28.jpg,28.jpg,batik-celup,120,0,test
/kaggle/input/datasets/dionisiusdh/indonesian-batik-motifs/batik-celup/29.jpg,29.jpg,batik-celup,114,0,test
/kaggle/input/datasets/dionisiusdh/indonesian-batik-motifs/batik-celup/3.jpg,3.jpg,batik-celup,122,0,train
/kaggle/input/datasets/dionisiusdh/indonesian-batik-motifs/batik-celup/30.jpg,30.jpg,batik-celup,123,0,train
/kaggle/input/datasets/dionisiusdh/indonesian-batik-motifs/batik-celup/31.jpg,31.jpg,batik-celup,124,0,test
/kaggle/input/datasets/dionisiusdh/indonesian-batik-motifs/batik-celup/32.jpg,32.jpg,batik-celup,125,0,test
/kaggle/input/datasets/dionisiusdh/indonesian-batik-motifs/batik-celup/33.jpg,33.jpg,batik-celup,126,0,train
/kaggle/input/datasets/dionisiusdh/indonesian-batik-motifs/batik-celup/34.jpg,34.jpg,batik-celup,127,0,train
/kaggle/input/datasets/dionisiusdh/indonesian-batik-motifs/batik-celup/35.jpg,35.jpg,batik-celup,128,0,train
/kaggle/input/datasets/dionisiusdh/indonesian-batik-motifs/batik-celup/36.jpg,36.jpg,batik-celup,129,0,test
/kaggle/input/datasets/dionisiusdh/indonesian-batik-motifs/batik-celup/37.jpg,37.jpg,batik-celup,130,0,train
/kaggle/input/datasets/dionisiusdh/indonesian-batik-motifs/batik-celup/38.jpg,38.jpg,batik-celup,131,0,train
/kaggle/input/datasets/dionisiusdh/indonesian-batik-motifs/batik-celup/39.jpg,39.jpg,batik-celup,132,0,train
/kaggle/input/datasets/dionisiusdh/indonesian-batik-motifs/batik-celup/4.jpg,4.jpg,batik-celup,133,0,train
/kaggle/input/datasets/dionisiusdh/indonesian-batik-motifs/batik-celup/40.jpg,40.jpg,batik-celup,134,0,train
/kaggle/input/datasets/dionisiusdh/indonesian-batik-motifs/batik-celup/41.jpg,41.jpg,batik-celup,135,0,train
/kaggle/input/datasets/dionisiusdh/indonesian-batik-motifs/batik-celup/42.jpg,42.jpg,batik-celup,136,0,train
/kaggle/input/datasets/dionisiusdh/indonesian-batik-motifs/batik-celup/43.jpg,43.jpg,batik-celup,137,0,train
/kaggle/input/datasets/dionisiusdh/indonesian-batik-motifs/batik-celup/44.jpg,44.jpg,batik-celup,138,0,train
/kaggle/input/datasets/dionisiusdh/indonesian-batik-motifs/batik-celup/45.jpg,45.jpg,batik-celup,139,0,train
/kaggle/input/datasets/dionisiusdh/indonesian-batik-motifs/batik-celup/46.jpg,46.jpg,batik-celup,140,0,test
/kaggle/input/datasets/dionisiusdh/indonesian-batik-motifs/batik-celup/47.jpg,47.jpg,batik-celup,141,0,test
/kaggle/input/datasets/dionisiusdh/indonesian-batik-motifs/batik-celup/48.jpg,48.jpg,batik-celup,142,0,train
/kaggle/input/datasets/dionisiusdh/indonesian-batik-motifs/batik-celup/49.jpg,49.jpg,batik-celup,143,0,train
/kaggle/input/datasets/dionisiusdh/indonesian-batik-motifs/batik-celup/5.jpg,5.jpg,batik-celup,144,0,test
/kaggle/input/datasets/dionisiusdh/indonesian-batik-motifs/batik-celup/50.jpg,50.jpg,batik-celup,145,0,train
/kaggle/input/datasets/dionisiusdh/indonesian-batik-motifs/batik-celup/6.jpg,6.jpg,batik-celup,146,0,train
/kaggle/input/datasets/dionisiusdh/indonesian-batik-motifs/batik-celup/7.jpg,7.jpg,batik-celup,147,0,train
/kaggle/input/datasets/dionisiusdh/indonesian-batik-motifs/batik-celup/8.jpg,8.jpg,batik-celup,148,0,test
/kaggle/input/datasets/dionisiusdh/indonesian-batik-motifs/batik-celup/9.jpg,9.jpg,batik-celup,149,0,train
/kaggle/input/datasets/dionisiusdh/indonesian-batik-motifs/batik-cendrawasih/1.jpg,1.jpg,batik-cendrawasih,150,0,train
/kaggle/input/datasets/dionisiusdh/indonesian-batik-motifs/batik-cendrawasih/10.jpg,10.jpg,batik-cendrawasih,151,0,test
/kaggle/input/datasets/dionisiusdh/indonesian-batik-motifs/batik-cendrawasih/11.jpg,11.jpg,batik-cendrawasih,152,0,train
/kaggle/input/datasets/dionisiusdh/indonesian-batik-motifs/batik-cendrawasih/12.jpg,12.jpg,batik-cendrawasih,153,0,test
/kaggle/input/datasets/dionisiusdh/indonesian-batik-motifs/batik-cendrawasih/13.jpg,13.jpg,batik-cendrawasih,154,0,train
/kaggle/input/datasets/dionisiusdh/indonesian-batik-motifs/batik-cendrawasih/14.jpg,14.jpg,batik-cendrawasih,155,0,train
/kaggle/input/datasets/dionisiusdh/indonesian-batik-motifs/batik-cendrawasih/15.jpg,15.jpg,batik-cendrawasih,156,0,train
/kaggle/input/datasets/dionisiusdh/indonesian-batik-motifs/batik-cendrawasih/16.jpg,16.jpg,batik-cendrawasih,157,0,test
/kaggle/input/datasets/dionisiusdh/indonesian-batik-motifs/batik-cendrawasih/17.jpg,17.jpg,batik-cendrawasih,158,0,test
/kaggle/input/datasets/dionisiusdh/indonesian-batik-motifs/batik-cendrawasih/19.jpg,19.jpg,batik-cendrawasih,159,0,train
/kaggle/input/datasets/dionisiusdh/indonesian-batik-motifs/batik-cendrawasih/2.jpg,2.jpg,batik-cendrawasih,160,0,train
/kaggle/input/datasets/dionisiusdh/indonesian-batik-motifs/batik-cendrawasih/20.jpg,20.jpg,batik-cendrawasih,161,0,train
/kaggle/input/datasets/dionisiusdh/indonesian-batik-motifs/batik-cendrawasih/21.jpg,21.jpg,batik-cendrawasih,162,0,train
/kaggle/input/datasets/dionisiusdh/indonesian-batik-motifs/batik-cendrawasih/22.jpg,22.jpg,batik-cendrawasih,163,0,test
/kaggle/input/datasets/dionisiusdh/indonesian-batik-motifs/batik-cendrawasih/23.jpg,23.jpg,batik-cendrawasih,164,0,test
/kaggle/input/datasets/dionisiusdh/indonesian-batik-motifs/batik-cendrawasih/24.jpg,24.jpg,batik-cendrawasih,165,0,train
/kaggle/input/datasets/dionisiusdh/indonesian-batik-motifs/batik-cendrawasih/25.jpg,25.jpg,batik-cendrawasih,166,0,train
/kaggle/input/datasets/dionisiusdh/indonesian-batik-motifs/batik-cendrawasih/26.jpg,26.jpg,batik-cendrawasih,167,0,train
/kaggle/input/datasets/dionisiusdh/indonesian-batik-motifs/batik-cendrawasih/27.jpg,27.jpg,batik-cendrawasih,168,0,test
/kaggle/input/datasets/dionisiusdh/indonesian-batik-motifs/batik-cendrawasih/28.jpg,28.jpg,batik-cendrawasih,169,0,train
/kaggle/input/datasets/dionisiusdh/indonesian-batik-motifs/batik-cendrawasih/29.jpg,29.jpg,batik-cendrawasih,170,0,train
/kaggle/input/datasets/dionisiusdh/indonesian-batik-motifs/batik-cendrawasih/3.jpg,3.jpg,batik-cendrawasih,171,0,test
/kaggle/input/datasets/dionisiusdh/indonesian-batik-motifs/batik-cendrawasih/30.jpg,30.jpg,batik-cendrawasih,172,0,test
/kaggle/input/datasets/dionisiusdh/indonesian-batik-motifs/batik-cendrawasih/31.jpg,31.jpg,batik-cendrawasih,173,0,test
/kaggle/input/datasets/dionisiusdh/indonesian-batik-motifs/batik-cendrawasih/32.jpg,32.jpg,batik-cendrawasih,174,0,test
/kaggle/input/datasets/dionisiusdh/indonesian-batik-motifs/batik-cendrawasih/33.jpg,33.jpg,batik-cendrawasih,175,0,train
/kaggle/input/datasets/dionisiusdh/indonesian-batik-motifs/batik-cendrawasih/34.jpg,34.jpg,batik-cendrawasih,176,0,train
/kaggle/input/datasets/dionisiusdh/indonesian-batik-motifs/batik-cendrawasih/35.jpg,35.jpg,batik-cendrawasih,177,0,train
/kaggle/input/datasets/dionisiusdh/indonesian-batik-motifs/batik-cendrawasih/36.jpg,36.jpg,batik-cendrawasih,178,0,train
/kaggle/input/datasets/dionisiusdh/indonesian-batik-motifs/batik-cendrawasih/37.jpg,37.jpg,batik-cendrawasih,179,0,train
/kaggle/input/datasets/dionisiusdh/indonesian-batik-motifs/batik-cendrawasih/38.jpg,38.jpg,batik-cendrawasih,180,0,test
/kaggle/input/datasets/dionisiusdh/indonesian-batik-motifs/batik-cendrawasih/39.jpg,39.jpg,batik-cendrawasih,181,0,train
/kaggle/input/datasets/dionisiusdh/indonesian-batik-motifs/batik-cendrawasih/4.jpg,4.jpg,batik-cendrawasih,182,0,train
/kaggle/input/datasets/dionisiusdh/indonesian-batik-motifs/batik-cendrawasih/40.jpg,40.jpg,batik-cendrawasih,183,0,train
/kaggle/input/datasets/dionisiusdh/indonesian-batik-motifs/batik-cendrawasih/41.jpg,41.jpg,batik-cendrawasih,184,0,train
/kaggle/input/datasets/dionisiusdh/indonesian-batik-motifs/batik-cendrawasih/42.jpg,42.jpg,batik-cendrawasih,185,0,train
/kaggle/input/datasets/dionisiusdh/indonesian-batik-motifs/batik-cendrawasih/43.jpg,43.jpg,batik-cendrawasih,186,0,train
/kaggle/input/datasets/dionisiusdh/indonesian-batik-motifs/batik-cendrawasih/44.jpg,44.jpg,batik-cendrawasih,187,0,test
/kaggle/input/datasets/dionisiusdh/indonesian-batik-motifs/batik-cendrawasih/45.jpg,45.jpg,batik-cendrawasih,188,0,train
/kaggle/input/datasets/dionisiusdh/indonesian-batik-motifs/batik-cendrawasih/46.jpg,46.jpg,batik-cendrawasih,189,0,train
/kaggle/input/datasets/dionisiusdh/indonesian-batik-motifs/batik-cendrawasih/47.jpg,47.jpg,batik-cendrawasih,190,0,train
/kaggle/input/datasets/dionisiusdh/indonesian-batik-motifs/batik-cendrawasih/48.jpg,48.jpg,batik-cendrawasih,191,0,train
/kaggle/input/datasets/dionisiusdh/indonesian-batik-motifs/batik-cendrawasih/49.jpg,49.jpg,batik-cendrawasih,192,0,train
/kaggle/input/datasets/dionisiusdh/indonesian-batik-motifs/batik-cendrawasih/5.jpg,5.jpg,batik-cendrawasih,193,0,train
/kaggle/input/datasets/dionisiusdh/indonesian-batik-motifs/batik-cendrawasih/50.jpg,50.jpg,batik-cendrawasih,194,0,test
/kaggle/input/datasets/dionisiusdh/indonesian-batik-motifs/batik-cendrawasih/6.jpg,6.jpg,batik-cendrawasih,195,0,train
/kaggle/input/datasets/dionisiusdh/indonesian-batik-motifs/batik-cendrawasih/7.jpg,7.jpg,batik-cendrawasih,196,0,train
/kaggle/input/datasets/dionisiusdh/indonesian-batik-motifs/batik-cendrawasih/8.jpg,8.jpg,batik-cendrawasih,197,0,test
/kaggle/input/datasets/dionisiusdh/indonesian-batik-motifs/batik-cendrawasih/9.jpg,9.jpg,batik-cendrawasih,198,0,train
/kaggle/input/datasets/dionisiusdh/indonesian-batik-motifs/batik-ceplok/10.jpg,10.jpg,batik-ceplok,199,0,train
/kaggle/input/datasets/dionisiusdh/indonesian-batik-motifs/batik-ceplok/11.jpg,11.jpg,batik-ceplok,200,0,train
/kaggle/input/datasets/dionisiusdh/indonesian-batik-motifs/batik-ceplok/12.jpg,12.jpg,batik-ceplok,201,0,train
/kaggle/input/datasets/dionisiusdh/indonesian-batik-motifs/batik-ceplok/13.jpg,13.jpg,batik-ceplok,7,0,test
/kaggle/input/datasets/dionisiusdh/indonesian-batik-motifs/batik-ceplok/14.jpg,14.jpg,batik-ceplok,203,0,train
/kaggle/input/datasets/dionisiusdh/indonesian-batik-motifs/batik-ceplok/15.jpg,15.jpg,batik-ceplok,204,0,train
/kaggle/input/datasets/dionisiusdh/indonesian-batik-motifs/batik-ceplok/17.jpg,17.jpg,batik-ceplok,205,0,test
/kaggle/input/datasets/dionisiusdh/indonesian-batik-motifs/batik-ceplok/18.jpg,18.jpg,batik-ceplok,206,0,test
/kaggle/input/datasets/dionisiusdh/indonesian-batik-motifs/batik-ceplok/19.jpg,19.jpg,batik-ceplok,207,0,test
/kaggle/input/datasets/dionisiusdh/indonesian-batik-motifs/batik-ceplok/2.jpg,2.jpg,batik-ceplok,208,0,train
/kaggle/input/datasets/dionisiusdh/indonesian-batik-motifs/batik-ceplok/20.jpg,20.jpg,batik-ceplok,209,0,train
/kaggle/input/datasets/dionisiusdh/indonesian-batik-motifs/batik-ceplok/21.jpg,21.jpg,batik-ceplok,210,0,train
/kaggle/input/datasets/dionisiusdh/indonesian-batik-motifs/batik-ceplok/22.jpg,22.jpg,batik-ceplok,211,0,train
/kaggle/input/datasets/dionisiusdh/indonesian-batik-motifs/batik-ceplok/23.jpg,23.jpg,batik-ceplok,212,0,train
/kaggle/input/datasets/dionisiusdh/indonesian-batik-motifs/batik-ceplok/24.jpg,24.jpg,batik-ceplok,213,0,train
/kaggle/input/datasets/dionisiusdh/indonesian-batik-motifs/batik-ceplok/25.jpg,25.jpg,batik-ceplok,214,0,test
/kaggle/input/datasets/dionisiusdh/indonesian-batik-motifs/batik-ceplok/26.jpg,26.jpg,batik-ceplok,215,0,train
/kaggle/input/datasets/dionisiusdh/indonesian-batik-motifs/batik-ceplok/27.jpg,27.jpg,batik-ceplok,215,0,train
/kaggle/input/datasets/dionisiusdh/indonesian-batik-motifs/batik-ceplok/28.jpg,28.jpg,batik-ceplok,217,0,train
/kaggle/input/datasets/dionisiusdh/indonesian-batik-motifs/batik-ceplok/29.jpg,29.jpg,batik-ceplok,218,0,test
/kaggle/input/datasets/dionisiusdh/indonesian-batik-motifs/batik-ceplok/3.jpg,3.jpg,batik-ceplok,219,0,train
/kaggle/input/datasets/dionisiusdh/indonesian-batik-motifs/batik-ceplok/30.jpg,30.jpg,batik-ceplok,220,0,train
/kaggle/input/datasets/dionisiusdh/indonesian-batik-motifs/batik-ceplok/31.jpg,31.jpg,batik-ceplok,221,0,test
/kaggle/input/datasets/dionisiusdh/indonesian-batik-motifs/batik-ceplok/32.jpg,32.jpg,batik-ceplok,222,0,test
/kaggle/input/datasets/dionisiusdh/indonesian-batik-motifs/batik-ceplok/33.jpg,33.jpg,batik-ceplok,223,0,train
/kaggle/input/datasets/dionisiusdh/indonesian-batik-motifs/batik-ceplok/34.jpg,34.jpg,batik-ceplok,224,0,train
/kaggle/input/datasets/dionisiusdh/indonesian-batik-motifs/batik-ceplok/35.jpg,35.jpg,batik-ceplok,225,0,train
/kaggle/input/datasets/dionisiusdh/indonesian-batik-motifs/batik-ceplok/36.jpg,36.jpg,batik-ceplok,226,0,test
/kaggle/input/datasets/dionisiusdh/indonesian-batik-motifs/batik-ceplok/37.jpg,37.jpg,batik-ceplok,227,0,test
/kaggle/input/datasets/dionisiusdh/indonesian-batik-motifs/batik-ceplok/38.jpg,38.jpg,batik-ceplok,228,0,train
/kaggle/input/datasets/dionisiusdh/indonesian-batik-motifs/batik-ceplok/39.jpg,39.jpg,batik-ceplok,229,0,test
/kaggle/input/datasets/dionisiusdh/indonesian-batik-motifs/batik-ceplok/4.jpg,4.jpg,batik-ceplok,230,0,train
/kaggle/input/datasets/dionisiusdh/indonesian-batik-motifs/batik-ceplok/40.jpg,40.jpg,batik-ceplok,231,0,train
/kaggle/input/datasets/dionisiusdh/indonesian-batik-motifs/batik-ceplok/41.jpg,41.jpg,batik-ceplok,232,0,train
/kaggle/input/datasets/dionisiusdh/indonesian-batik-motifs/batik-ceplok/42.jpg,42.jpg,batik-ceplok,233,0,test
/kaggle/input/datasets/dionisiusdh/indonesian-batik-motifs/batik-ceplok/43.jpg,43.jpg,batik-ceplok,756,0,test
/kaggle/input/datasets/dionisiusdh/indonesian-batik-motifs/batik-ceplok/44.jpg,44.jpg,batik-ceplok,235,0,train
/kaggle/input/datasets/dionisiusdh/indonesian-batik-motifs/batik-ceplok/45.jpg,45.jpg,batik-ceplok,236,0,train
/kaggle/input/datasets/dionisiusdh/indonesian-batik-motifs/batik-ceplok/46.jpg,46.jpg,batik-ceplok,237,0,test
/kaggle/input/datasets/dionisiusdh/indonesian-batik-motifs/batik-ceplok/47.jpg,47.jpg,batik-ceplok,756,0,test
/kaggle/input/datasets/dionisiusdh/indonesian-batik-motifs/batik-ceplok/48.jpg,48.jpg,batik-ceplok,239,0,test
/kaggle/input/datasets/dionisiusdh/indonesian-batik-motifs/batik-ceplok/49.jpg,49.jpg,batik-ceplok,240,0,train
/kaggle/input/datasets/dionisiusdh/indonesian-batik-motifs/batik-ceplok/5.jpg,5.jpg,batik-ceplok,241,0,train
/kaggle/input/datasets/dionisiusdh/indonesian-batik-motifs/batik-ceplok/50.jpg,50.jpg,batik-ceplok,242,0,test
/kaggle/input/datasets/dionisiusdh/indonesian-batik-motifs/batik-ceplok/6.jpg,6.jpg,batik-ceplok,243,0,train
/kaggle/input/datasets/dionisiusdh/indonesian-batik-motifs/batik-ceplok/7.jpg,7.jpg,batik-ceplok,244,0,train
/kaggle/input/datasets/dionisiusdh/indonesian-batik-motifs/batik-ceplok/8.jpg,8.jpg,batik-ceplok,245,0,test
/kaggle/input/datasets/dionisiusdh/indonesian-batik-motifs/batik-ceplok/9.jpg,9.jpg,batik-ceplok,246,0,train
/kaggle/input/datasets/dionisiusdh/indonesian-batik-motifs/batik-ciamis/1.jpg,1.jpg,batik-ciamis,92,0,train
/kaggle/input/datasets/dionisiusdh/indonesian-batik-motifs/batik-ciamis/10.jpg,10.jpg,batik-ciamis,248,0,test
/kaggle/input/datasets/dionisiusdh/indonesian-batik-motifs/batik-ciamis/11.jpg,11.jpg,batik-ciamis,249,0,train
/kaggle/input/datasets/dionisiusdh/indonesian-batik-motifs/batik-ciamis/12.jpg,12.jpg,batik-ciamis,250,0,train
/kaggle/input/datasets/dionisiusdh/indonesian-batik-motifs/batik-ciamis/13.jpg,13.jpg,batik-ciamis,251,0,test
/kaggle/input/datasets/dionisiusdh/indonesian-batik-motifs/batik-ciamis/14.jpg,14.jpg,batik-ciamis,252,0,train
/kaggle/input/datasets/dionisiusdh/indonesian-batik-motifs/batik-ciamis/15.jpg,15.jpg,batik-ciamis,253,0,test
/kaggle/input/datasets/dionisiusdh/indonesian-batik-motifs/batik-ciamis/16.jpg,16.jpg,batik-ciamis,254,0,train
/kaggle/input/datasets/dionisiusdh/indonesian-batik-motifs/batik-ciamis/17.jpg,17.jpg,batik-ciamis,255,0,train
/kaggle/input/datasets/dionisiusdh/indonesian-batik-motifs/batik-ciamis/18.jpg,18.jpg,batik-ciamis,256,0,train
/kaggle/input/datasets/dionisiusdh/indonesian-batik-motifs/batik-ciamis/19.jpg,19.jpg,batik-ciamis,257,0,train
/kaggle/input/datasets/dionisiusdh/indonesian-batik-motifs/batik-ciamis/2.jpg,2.jpg,batik-ciamis,258,0,train
/kaggle/input/datasets/dionisiusdh/indonesian-batik-motifs/batik-ciamis/20.jpg,20.jpg,batik-ciamis,259,0,train
/kaggle/input/datasets/dionisiusdh/indonesian-batik-motifs/batik-ciamis/21.jpg,21.jpg,batik-ciamis,260,0,test
/kaggle/input/datasets/dionisiusdh/indonesian-batik-motifs/batik-ciamis/22.jpg,22.jpg,batik-ciamis,261,0,train
/kaggle/input/datasets/dionisiusdh/indonesian-batik-motifs/batik-ciamis/23.jpg,23.jpg,batik-ciamis,262,0,train
/kaggle/input/datasets/dionisiusdh/indonesian-batik-motifs/batik-ciamis/24.jpg,24.jpg,batik-ciamis,263,0,train
/kaggle/input/datasets/dionisiusdh/indonesian-batik-motifs/batik-ciamis/25.jpg,25.jpg,batik-ciamis,264,0,train
/kaggle/input/datasets/dionisiusdh/indonesian-batik-motifs/batik-ciamis/26.jpg,26.jpg,batik-ciamis,265,0,train
/kaggle/input/datasets/dionisiusdh/indonesian-batik-motifs/batik-ciamis/27.jpg,27.jpg,batik-ciamis,266,0,train
/kaggle/input/datasets/dionisiusdh/indonesian-batik-motifs/batik-ciamis/28.jpg,28.jpg,batik-ciamis,267,0,train
/kaggle/input/datasets/dionisiusdh/indonesian-batik-motifs/batik-ciamis/29.jpg,29.jpg,batik-ciamis,268,0,test
/kaggle/input/datasets/dionisiusdh/indonesian-batik-motifs/batik-ciamis/3.jpg,3.jpg,batik-ciamis,255,0,train
/kaggle/input/datasets/dionisiusdh/indonesian-batik-motifs/batik-ciamis/30.jpg,30.jpg,batik-ciamis,270,0,test
/kaggle/input/datasets/dionisiusdh/indonesian-batik-motifs/batik-ciamis/31.jpg,31.jpg,batik-ciamis,271,0,test
/kaggle/input/datasets/dionisiusdh/indonesian-batik-motifs/batik-ciamis/32.jpg,32.jpg,batik-ciamis,272,0,train
/kaggle/input/datasets/dionisiusdh/indonesian-batik-motifs/batik-ciamis/33.jpg,33.jpg,batik-ciamis,273,0,train
/kaggle/input/datasets/dionisiusdh/indonesian-batik-motifs/batik-ciamis/34.jpg,34.jpg,batik-ciamis,274,0,train
/kaggle/input/datasets/dionisiusdh/indonesian-batik-motifs/batik-ciamis/35.jpg,35.jpg,batik-ciamis,275,0,test
/kaggle/input/datasets/dionisiusdh/indonesian-batik-motifs/batik-ciamis/36.jpg,36.jpg,batik-ciamis,276,0,train
/kaggle/input/datasets/dionisiusdh/indonesian-batik-motifs/batik-ciamis/37.jpg,37.jpg,batik-ciamis,277,0,train
/kaggle/input/datasets/dionisiusdh/indonesian-batik-motifs/batik-ciamis/38.jpg,38.jpg,batik-ciamis,278,0,train
/kaggle/input/datasets/dionisiusdh/indonesian-batik-motifs/batik-ciamis/39.jpg,39.jpg,batik-ciamis,279,0,train
/kaggle/input/datasets/dionisiusdh/indonesian-batik-motifs/batik-ciamis/4.jpg,4.jpg,batik-ciamis,280,0,test
/kaggle/input/datasets/dionisiusdh/indonesian-batik-motifs/batik-ciamis/40.jpg,40.jpg,batik-ciamis,281,0,train
/kaggle/input/datasets/dionisiusdh/indonesian-batik-motifs/batik-ciamis/41.jpg,41.jpg,batik-ciamis,282,0,test
/kaggle/input/datasets/dionisiusdh/indonesian-batik-motifs/batik-ciamis/42.jpg,42.jpg,batik-ciamis,283,0,test
/kaggle/input/datasets/dionisiusdh/indonesian-batik-motifs/batik-ciamis/43.jpg,43.jpg,batik-ciamis,284,0,test
/kaggle/input/datasets/dionisiusdh/indonesian-batik-motifs/batik-ciamis/44.jpg,44.jpg,batik-ciamis,285,0,train
/kaggle/input/datasets/dionisiusdh/indonesian-batik-motifs/batik-ciamis/45.jpg,45.jpg,batik-ciamis,286,0,train
/kaggle/input/datasets/dionisiusdh/indonesian-batik-motifs/batik-ciamis/46.jpg,46.jpg,batik-ciamis,283,0,test
/kaggle/input/datasets/dionisiusdh/indonesian-batik-motifs/batik-ciamis/47.jpg,47.jpg,batik-ciamis,288,0,test
/kaggle/input/datasets/dionisiusdh/indonesian-batik-motifs/batik-ciamis/48.jpg,48.jpg,batik-ciamis,289,0,train
/kaggle/input/datasets/dionisiusdh/indonesian-batik-motifs/batik-ciamis/49.jpg,49.jpg,batik-ciamis,290,0,test
/kaggle/input/datasets/dionisiusdh/indonesian-batik-motifs/batik-ciamis/5.jpg,5.jpg,batik-ciamis,291,0,train
/kaggle/input/datasets/dionisiusdh/indonesian-batik-motifs/batik-ciamis/50.jpg,50.jpg,batik-ciamis,280,0,test
/kaggle/input/datasets/dionisiusdh/indonesian-batik-motifs/batik-ciamis/6.jpg,6.jpg,batik-ciamis,293,0,train
/kaggle/input/datasets/dionisiusdh/indonesian-batik-motifs/batik-ciamis/7.jpg,7.jpg,batik-ciamis,294,0,train
/kaggle/input/datasets/dionisiusdh/indonesian-batik-motifs/batik-ciamis/8.jpg,8.jpg,batik-ciamis,295,0,train
/kaggle/input/datasets/dionisiusdh/indonesian-batik-motifs/batik-ciamis/9.jpg,9.jpg,batik-ciamis,296,0,train
/kaggle/input/datasets/dionisiusdh/indonesian-batik-motifs/batik-garutan/1.jpg,1.jpg,batik-garutan,297,0,train
/kaggle/input/datasets/dionisiusdh/indonesian-batik-motifs/batik-garutan/10.jpg,10.jpg,batik-garutan,298,0,test
/kaggle/input/datasets/dionisiusdh/indonesian-batik-motifs/batik-garutan/11.jpg,11.jpg,batik-garutan,299,0,train
/kaggle/input/datasets/dionisiusdh/indonesian-batik-motifs/batik-garutan/12.jpg,12.jpg,batik-garutan,300,0,train
/kaggle/input/datasets/dionisiusdh/indonesian-batik-motifs/batik-garutan/13.jpg,13.jpg,batik-garutan,301,0,train
/kaggle/input/datasets/dionisiusdh/indonesian-batik-motifs/batik-garutan/14.jpg,14.jpg,batik-garutan,302,0,train
/kaggle/input/datasets/dionisiusdh/indonesian-batik-motifs/batik-garutan/15.jpg,15.jpg,batik-garutan,303,0,train
/kaggle/input/datasets/dionisiusdh/indonesian-batik-motifs/batik-garutan/16.jpg,16.jpg,batik-garutan,304,0,train
/kaggle/input/datasets/dionisiusdh/indonesian-batik-motifs/batik-garutan/17.jpg,17.jpg,batik-garutan,305,0,test
/kaggle/input/datasets/dionisiusdh/indonesian-batik-motifs/batik-garutan/18.jpg,18.jpg,batik-garutan,306,0,train
/kaggle/input/datasets/dionisiusdh/indonesian-batik-motifs/batik-garutan/19.jpg,19.jpg,batik-garutan,307,0,train
/kaggle/input/datasets/dionisiusdh/indonesian-batik-motifs/batik-garutan/2.jpg,2.jpg,batik-garutan,308,0,train
/kaggle/input/datasets/dionisiusdh/indonesian-batik-motifs/batik-garutan/20.jpg,20.jpg,batik-garutan,309,0,train
/kaggle/input/datasets/dionisiusdh/indonesian-batik-motifs/batik-garutan/21.jpg,21.jpg,batik-garutan,310,0,train
/kaggle/input/datasets/dionisiusdh/indonesian-batik-motifs/batik-garutan/22.jpg,22.jpg,batik-garutan,311,0,test
/kaggle/input/datasets/dionisiusdh/indonesian-batik-motifs/batik-garutan/23.jpg,23.jpg,batik-garutan,312,0,train
/kaggle/input/datasets/dionisiusdh/indonesian-batik-motifs/batik-garutan/24.jpg,24.jpg,batik-garutan,313,0,train
/kaggle/input/datasets/dionisiusdh/indonesian-batik-motifs/batik-garutan/25.jpg,25.jpg,batik-garutan,314,0,train
/kaggle/input/datasets/dionisiusdh/indonesian-batik-motifs/batik-garutan/26.jpg,26.jpg,batik-garutan,315,0,train
/kaggle/input/datasets/dionisiusdh/indonesian-batik-motifs/batik-garutan/27.jpg,27.jpg,batik-garutan,316,0,test
/kaggle/input/datasets/dionisiusdh/indonesian-batik-motifs/batik-garutan/28.jpg,28.jpg,batik-garutan,317,0,train
/kaggle/input/datasets/dionisiusdh/indonesian-batik-motifs/batik-garutan/29.jpg,29.jpg,batik-garutan,318,0,train
/kaggle/input/datasets/dionisiusdh/indonesian-batik-motifs/batik-garutan/3.jpg,3.jpg,batik-garutan,319,0,train
/kaggle/input/datasets/dionisiusdh/indonesian-batik-motifs/batik-garutan/30.jpg,30.jpg,batik-garutan,320,0,test
/kaggle/input/datasets/dionisiusdh/indonesian-batik-motifs/batik-garutan/31.jpg,31.jpg,batik-garutan,321,0,train
/kaggle/input/datasets/dionisiusdh/indonesian-batik-motifs/batik-garutan/32.jpg,32.jpg,batik-garutan,322,0,test
/kaggle/input/datasets/dionisiusdh/indonesian-batik-motifs/batik-garutan/33.jpg,33.jpg,batik-garutan,323,0,train
/kaggle/input/datasets/dionisiusdh/indonesian-batik-motifs/batik-garutan/34.jpg,34.jpg,batik-garutan,324,0,test
/kaggle/input/datasets/dionisiusdh/indonesian-batik-motifs/batik-garutan/35.jpg,35.jpg,batik-garutan,325,0,train
/kaggle/input/datasets/dionisiusdh/indonesian-batik-motifs/batik-garutan/36.jpg,36.jpg,batik-garutan,326,0,train
/kaggle/input/datasets/dionisiusdh/indonesian-batik-motifs/batik-garutan/37.jpg,37.jpg,batik-garutan,327,0,test
/kaggle/input/datasets/dionisiusdh/indonesian-batik-motifs/batik-garutan/38.jpg,38.jpg,batik-garutan,328,0,train
/kaggle/input/datasets/dionisiusdh/indonesian-batik-motifs/batik-garutan/39.jpg,39.jpg,batik-garutan,253,0,test
/kaggle/input/datasets/dionisiusdh/indonesian-batik-motifs/batik-garutan/4.jpg,4.jpg,batik-garutan,92,0,train
/kaggle/input/datasets/dionisiusdh/indonesian-batik-motifs/batik-garutan/40.jpg,40.jpg,batik-garutan,331,0,train
/kaggle/input/datasets/dionisiusdh/indonesian-batik-motifs/batik-garutan/41.jpg,41.jpg,batik-garutan,332,0,train
/kaggle/input/datasets/dionisiusdh/indonesian-batik-motifs/batik-garutan/42.jpg,42.jpg,batik-garutan,333,0,train
/kaggle/input/datasets/dionisiusdh/indonesian-batik-motifs/batik-garutan/43.jpg,43.jpg,batik-garutan,334,0,test
/kaggle/input/datasets/dionisiusdh/indonesian-batik-motifs/batik-garutan/44.jpg,44.jpg,batik-garutan,335,0,train
/kaggle/input/datasets/dionisiusdh/indonesian-batik-motifs/batik-garutan/45.jpg,45.jpg,batik-garutan,336,0,test
/kaggle/input/datasets/dionisiusdh/indonesian-batik-motifs/batik-garutan/46.jpg,46.jpg,batik-garutan,337,0,test
/kaggle/input/datasets/dionisiusdh/indonesian-batik-motifs/batik-garutan/47.jpg,47.jpg,batik-garutan,338,0,test
/kaggle/input/datasets/dionisiusdh/indonesian-batik-motifs/batik-garutan/48.jpg,48.jpg,batik-garutan,339,0,test
/kaggle/input/datasets/dionisiusdh/indonesian-batik-motifs/batik-garutan/49.jpg,49.jpg,batik-garutan,340,0,train
/kaggle/input/datasets/dionisiusdh/indonesian-batik-motifs/batik-garutan/5.jpg,5.jpg,batik-garutan,341,0,train
/kaggle/input/datasets/dionisiusdh/indonesian-batik-motifs/batik-garutan/50.jpg,50.jpg,batik-garutan,342,0,train
/kaggle/input/datasets/dionisiusdh/indonesian-batik-motifs/batik-garutan/6.jpg,6.jpg,batik-garutan,343,0,train
/kaggle/input/datasets/dionisiusdh/indonesian-batik-motifs/batik-garutan/7.jpg,7.jpg,batik-garutan,344,0,test
/kaggle/input/datasets/dionisiusdh/indonesian-batik-motifs/batik-garutan/8.jpg,8.jpg,batik-garutan,345,0,test
/kaggle/input/datasets/dionisiusdh/indonesian-batik-motifs/batik-garutan/9.jpg,9.jpg,batik-garutan,346,0,train
/kaggle/input/datasets/dionisiusdh/indonesian-batik-motifs/batik-gentongan/1.jpg,1.jpg,batik-gentongan,347,0,train
/kaggle/input/datasets/dionisiusdh/indonesian-batik-motifs/batik-gentongan/10.jpg,10.jpg,batik-gentongan,348,0,train
/kaggle/input/datasets/dionisiusdh/indonesian-batik-motifs/batik-gentongan/11.jpg,11.jpg,batik-gentongan,349,0,train
/kaggle/input/datasets/dionisiusdh/indonesian-batik-motifs/batik-gentongan/12.jpg,12.jpg,batik-gentongan,350,0,test
/kaggle/input/datasets/dionisiusdh/indonesian-batik-motifs/batik-gentongan/13.jpg,13.jpg,batik-gentongan,351,0,train
/kaggle/input/datasets/dionisiusdh/indonesian-batik-motifs/batik-gentongan/14.jpg,14.jpg,batik-gentongan,352,0,train
/kaggle/input/datasets/dionisiusdh/indonesian-batik-motifs/batik-gentongan/15.jpg,15.jpg,batik-gentongan,353,0,train
/kaggle/input/datasets/dionisiusdh/indonesian-batik-motifs/batik-gentongan/16.jpg,16.jpg,batik-gentongan,354,0,test
/kaggle/input/datasets/dionisiusdh/indonesian-batik-motifs/batik-gentongan/17.jpg,17.jpg,batik-gentongan,355,0,train
/kaggle/input/datasets/dionisiusdh/indonesian-batik-motifs/batik-gentongan/18.jpg,18.jpg,batik-gentongan,356,0,test
/kaggle/input/datasets/dionisiusdh/indonesian-batik-motifs/batik-gentongan/19.jpg,19.jpg,batik-gentongan,357,0,train
/kaggle/input/datasets/dionisiusdh/indonesian-batik-motifs/batik-gentongan/2.jpg,2.jpg,batik-gentongan,358,0,train
/kaggle/input/datasets/dionisiusdh/indonesian-batik-motifs/batik-gentongan/20.jpg,20.jpg,batik-gentongan,359,0,test
/kaggle/input/datasets/dionisiusdh/indonesian-batik-motifs/batik-gentongan/21.jpg,21.jpg,batik-gentongan,360,0,train
/kaggle/input/datasets/dionisiusdh/indonesian-batik-motifs/batik-gentongan/22.jpg,22.jpg,batik-gentongan,361,0,test
/kaggle/input/datasets/dionisiusdh/indonesian-batik-motifs/batik-gentongan/23.jpg,23.jpg,batik-gentongan,362,0,train
/kaggle/input/datasets/dionisiusdh/indonesian-batik-motifs/batik-gentongan/24.jpg,24.jpg,batik-gentongan,363,0,test
/kaggle/input/datasets/dionisiusdh/indonesian-batik-motifs/batik-gentongan/25.jpg,25.jpg,batik-gentongan,364,0,train
/kaggle/input/datasets/dionisiusdh/indonesian-batik-motifs/batik-gentongan/26.jpg,26.jpg,batik-gentongan,365,0,test
/kaggle/input/datasets/dionisiusdh/indonesian-batik-motifs/batik-gentongan/27.jpg,27.jpg,batik-gentongan,366,0,train
/kaggle/input/datasets/dionisiusdh/indonesian-batik-motifs/batik-gentongan/28.jpg,28.jpg,batik-gentongan,367,0,train
/kaggle/input/datasets/dionisiusdh/indonesian-batik-motifs/batik-gentongan/29.jpg,29.jpg,batik-gentongan,368,0,test
/kaggle/input/datasets/dionisiusdh/indonesian-batik-motifs/batik-gentongan/3.jpg,3.jpg,batik-gentongan,369,0,train
/kaggle/input/datasets/dionisiusdh/indonesian-batik-motifs/batik-gentongan/30.jpg,30.jpg,batik-gentongan,370,0,train
/kaggle/input/datasets/dionisiusdh/indonesian-batik-motifs/batik-gentongan/31.jpg,31.jpg,batik-gentongan,371,0,test
/kaggle/input/datasets/dionisiusdh/indonesian-batik-motifs/batik-gentongan/32.jpg,32.jpg,batik-gentongan,372,0,train
/kaggle/input/datasets/dionisiusdh/indonesian-batik-motifs/batik-gentongan/33.jpg,33.jpg,batik-gentongan,373,0,train
/kaggle/input/datasets/dionisiusdh/indonesian-batik-motifs/batik-gentongan/34.jpg,34.jpg,batik-gentongan,374,0,train
/kaggle/input/datasets/dionisiusdh/indonesian-batik-motifs/batik-gentongan/35.jpg,35.jpg,batik-gentongan,375,0,test
/kaggle/input/datasets/dionisiusdh/indonesian-batik-motifs/batik-gentongan/36.jpg,36.jpg,batik-gentongan,376,0,train
/kaggle/input/datasets/dionisiusdh/indonesian-batik-motifs/batik-gentongan/37.jpg,37.jpg,batik-gentongan,377,0,test
/kaggle/input/datasets/dionisiusdh/indonesian-batik-motifs/batik-gentongan/38.jpg,38.jpg,batik-gentongan,378,0,train
/kaggle/input/datasets/dionisiusdh/indonesian-batik-motifs/batik-gentongan/39.jpg,39.jpg,batik-gentongan,379,0,train
/kaggle/input/datasets/dionisiusdh/indonesian-batik-motifs/batik-gentongan/4.jpg,4.jpg,batik-gentongan,380,0,train
/kaggle/input/datasets/dionisiusdh/indonesian-batik-motifs/batik-gentongan/40.jpg,40.jpg,batik-gentongan,381,0,test
/kaggle/input/datasets/dionisiusdh/indonesian-batik-motifs/batik-gentongan/41.jpg,41.jpg,batik-gentongan,382,0,train
/kaggle/input/datasets/dionisiusdh/indonesian-batik-motifs/batik-gentongan/42.jpg,42.jpg,batik-gentongan,383,0,test
/kaggle/input/datasets/dionisiusdh/indonesian-batik-motifs/batik-gentongan/43.jpg,43.jpg,batik-gentongan,384,0,train
/kaggle/input/datasets/dionisiusdh/indonesian-batik-motifs/batik-gentongan/44.jpg,44.jpg,batik-gentongan,385,0,train
/kaggle/input/datasets/dionisiusdh/indonesian-batik-motifs/batik-gentongan/45.jpg,45.jpg,batik-gentongan,386,0,train
/kaggle/input/datasets/dionisiusdh/indonesian-batik-motifs/batik-gentongan/46.jpg,46.jpg,batik-gentongan,387,0,train
/kaggle/input/datasets/dionisiusdh/indonesian-batik-motifs/batik-gentongan/47.jpg,47.jpg,batik-gentongan,388,0,train
/kaggle/input/datasets/dionisiusdh/indonesian-batik-motifs/batik-gentongan/48.jpg,48.jpg,batik-gentongan,389,0,test
/kaggle/input/datasets/dionisiusdh/indonesian-batik-motifs/batik-gentongan/49.jpg,49.jpg,batik-gentongan,390,0,train
/kaggle/input/datasets/dionisiusdh/indonesian-batik-motifs/batik-gentongan/5.jpg,5.jpg,batik-gentongan,391,0,train
/kaggle/input/datasets/dionisiusdh/indonesian-batik-motifs/batik-gentongan/50.jpg,50.jpg,batik-gentongan,392,0,test
/kaggle/input/datasets/dionisiusdh/indonesian-batik-motifs/batik-gentongan/6.jpg,6.jpg,batik-gentongan,393,0,train
/kaggle/input/datasets/dionisiusdh/indonesian-batik-motifs/batik-gentongan/7.jpg,7.jpg,batik-gentongan,394,0,train
/kaggle/input/datasets/dionisiusdh/indonesian-batik-motifs/batik-gentongan/8.jpg,8.jpg,batik-gentongan,395,0,train
/kaggle/input/datasets/dionisiusdh/indonesian-batik-motifs/batik-gentongan/9.jpg,9.jpg,batik-gentongan,396,0,test
/kaggle/input/datasets/dionisiusdh/indonesian-batik-motifs/batik-kawung/1.jpg,1.jpg,batik-kawung,19,0,train
/kaggle/input/datasets/dionisiusdh/indonesian-batik-motifs/batik-kawung/10.jpg,10.jpg,batik-kawung,398,0,train
/kaggle/input/datasets/dionisiusdh/indonesian-batik-motifs/batik-kawung/11.jpg,11.jpg,batik-kawung,399,0,train
/kaggle/input/datasets/dionisiusdh/indonesian-batik-motifs/batik-kawung/12.jpg,12.jpg,batik-kawung,400,0,train
/kaggle/input/datasets/dionisiusdh/indonesian-batik-motifs/batik-kawung/13.jpg,13.jpg,batik-kawung,20,0,train
/kaggle/input/datasets/dionisiusdh/indonesian-batik-motifs/batik-kawung/14.jpg,14.jpg,batik-kawung,402,0,train
/kaggle/input/datasets/dionisiusdh/indonesian-batik-motifs/batik-kawung/15.jpg,15.jpg,batik-kawung,403,0,train
/kaggle/input/datasets/dionisiusdh/indonesian-batik-motifs/batik-kawung/17.jpg,17.jpg,batik-kawung,404,0,test
/kaggle/input/datasets/dionisiusdh/indonesian-batik-motifs/batik-kawung/18.jpg,18.jpg,batik-kawung,405,0,train
/kaggle/input/datasets/dionisiusdh/indonesian-batik-motifs/batik-kawung/19.jpg,19.jpg,batik-kawung,207,0,test
/kaggle/input/datasets/dionisiusdh/indonesian-batik-motifs/batik-kawung/20.jpg,20.jpg,batik-kawung,407,0,train
/kaggle/input/datasets/dionisiusdh/indonesian-batik-motifs/batik-kawung/21.jpg,21.jpg,batik-kawung,408,0,train
/kaggle/input/datasets/dionisiusdh/indonesian-batik-motifs/batik-kawung/22.jpg,22.jpg,batik-kawung,409,0,train
/kaggle/input/datasets/dionisiusdh/indonesian-batik-motifs/batik-kawung/23.jpg,23.jpg,batik-kawung,410,0,train
/kaggle/input/datasets/dionisiusdh/indonesian-batik-motifs/batik-kawung/24.jpg,24.jpg,batik-kawung,207,0,test
/kaggle/input/datasets/dionisiusdh/indonesian-batik-motifs/batik-kawung/25.jpg,25.jpg,batik-kawung,412,0,test
/kaggle/input/datasets/dionisiusdh/indonesian-batik-motifs/batik-kawung/26.jpg,26.jpg,batik-kawung,413,0,test
/kaggle/input/datasets/dionisiusdh/indonesian-batik-motifs/batik-kawung/28.jpg,28.jpg,batik-kawung,414,0,train
/kaggle/input/datasets/dionisiusdh/indonesian-batik-motifs/batik-kawung/3.jpg,3.jpg,batik-kawung,415,0,train
/kaggle/input/datasets/dionisiusdh/indonesian-batik-motifs/batik-kawung/30.jpg,30.jpg,batik-kawung,416,0,test
/kaggle/input/datasets/dionisiusdh/indonesian-batik-motifs/batik-kawung/31.jpg,31.jpg,batik-kawung,417,0,test
/kaggle/input/datasets/dionisiusdh/indonesian-batik-motifs/batik-kawung/32.jpg,32.jpg,batik-kawung,418,0,train
/kaggle/input/datasets/dionisiusdh/indonesian-batik-motifs/batik-kawung/33.jpg,33.jpg,batik-kawung,419,0,test
/kaggle/input/datasets/dionisiusdh/indonesian-batik-motifs/batik-kawung/34.jpg,34.jpg,batik-kawung,420,0,train
/kaggle/input/datasets/dionisiusdh/indonesian-batik-motifs/batik-kawung/35.jpg,35.jpg,batik-kawung,421,0,train
/kaggle/input/datasets/dionisiusdh/indonesian-batik-motifs/batik-kawung/36.jpg,36.jpg,batik-kawung,422,0,train
/kaggle/input/datasets/dionisiusdh/indonesian-batik-motifs/batik-kawung/37.jpg,37.jpg,batik-kawung,415,0,train
/kaggle/input/datasets/dionisiusdh/indonesian-batik-motifs/batik-kawung/38.jpg,38.jpg,batik-kawung,424,0,train
/kaggle/input/datasets/dionisiusdh/indonesian-batik-motifs/batik-kawung/39.jpg,39.jpg,batik-kawung,214,0,test
/kaggle/input/datasets/dionisiusdh/indonesian-batik-motifs/batik-kawung/4.jpg,4.jpg,batik-kawung,204,0,train
/kaggle/input/datasets/dionisiusdh/indonesian-batik-motifs/batik-kawung/40.jpg,40.jpg,batik-kawung,427,0,train
/kaggle/input/datasets/dionisiusdh/indonesian-batik-motifs/batik-kawung/41.jpg,41.jpg,batik-kawung,428,0,train
/kaggle/input/datasets/dionisiusdh/indonesian-batik-motifs/batik-kawung/42.jpg,42.jpg,batik-kawung,429,0,test
/kaggle/input/datasets/dionisiusdh/indonesian-batik-motifs/batik-kawung/43.jpg,43.jpg,batik-kawung,430,0,train
/kaggle/input/datasets/dionisiusdh/indonesian-batik-motifs/batik-kawung/44.jpg,44.jpg,batik-kawung,431,0,train
/kaggle/input/datasets/dionisiusdh/indonesian-batik-motifs/batik-kawung/45.jpg,45.jpg,batik-kawung,235,0,train
/kaggle/input/datasets/dionisiusdh/indonesian-batik-motifs/batik-kawung/46.jpg,46.jpg,batik-kawung,433,0,test
/kaggle/input/datasets/dionisiusdh/indonesian-batik-motifs/batik-kawung/47.jpg,47.jpg,batik-kawung,434,0,test
/kaggle/input/datasets/dionisiusdh/indonesian-batik-motifs/batik-kawung/49.jpg,49.jpg,batik-kawung,435,0,train
/kaggle/input/datasets/dionisiusdh/indonesian-batik-motifs/batik-kawung/5.jpg,5.jpg,batik-kawung,436,0,train
/kaggle/input/datasets/dionisiusdh/indonesian-batik-motifs/batik-kawung/50.jpg,50.jpg,batik-kawung,437,0,train
/kaggle/input/datasets/dionisiusdh/indonesian-batik-motifs/batik-kawung/6.jpg,6.jpg,batik-kawung,438,0,test
/kaggle/input/datasets/dionisiusdh/indonesian-batik-motifs/batik-kawung/7.jpg,7.jpg,batik-kawung,439,0,train
/kaggle/input/datasets/dionisiusdh/indonesian-batik-motifs/batik-kawung/8.jpg,8.jpg,batik-kawung,209,0,train
/kaggle/input/datasets/dionisiusdh/indonesian-batik-motifs/batik-kawung/9.jpg,9.jpg,batik-kawung,441,0,train
/kaggle/input/datasets/dionisiusdh/indonesian-batik-motifs/batik-keraton/1.jpg,1.jpg,batik-keraton,442,0,train
/kaggle/input/datasets/dionisiusdh/indonesian-batik-motifs/batik-keraton/10.jpg,10.jpg,batik-keraton,443,0,train
/kaggle/input/datasets/dionisiusdh/indonesian-batik-motifs/batik-keraton/11.jpg,11.jpg,batik-keraton,444,0,test
/kaggle/input/datasets/dionisiusdh/indonesian-batik-motifs/batik-keraton/12.jpg,12.jpg,batik-keraton,445,0,train
/kaggle/input/datasets/dionisiusdh/indonesian-batik-motifs/batik-keraton/13.jpg,13.jpg,batik-keraton,446,0,train
/kaggle/input/datasets/dionisiusdh/indonesian-batik-motifs/batik-keraton/14.jpg,14.jpg,batik-keraton,447,0,train
/kaggle/input/datasets/dionisiusdh/indonesian-batik-motifs/batik-keraton/15.jpg,15.jpg,batik-keraton,448,0,test
/kaggle/input/datasets/dionisiusdh/indonesian-batik-motifs/batik-keraton/16.jpg,16.jpg,batik-keraton,449,0,test
/kaggle/input/datasets/dionisiusdh/indonesian-batik-motifs/batik-keraton/17.jpg,17.jpg,batik-keraton,450,0,train
/kaggle/input/datasets/dionisiusdh/indonesian-batik-motifs/batik-keraton/18.jpg,18.jpg,batik-keraton,451,0,test
/kaggle/input/datasets/dionisiusdh/indonesian-batik-motifs/batik-keraton/19.jpg,19.jpg,batik-keraton,452,0,test
/kaggle/input/datasets/dionisiusdh/indonesian-batik-motifs/batik-keraton/2.jpg,2.jpg,batik-keraton,453,0,test
/kaggle/input/datasets/dionisiusdh/indonesian-batik-motifs/batik-keraton/20.jpg,20.jpg,batik-keraton,454,0,train
/kaggle/input/datasets/dionisiusdh/indonesian-batik-motifs/batik-keraton/21.jpg,21.jpg,batik-keraton,455,0,train
/kaggle/input/datasets/dionisiusdh/indonesian-batik-motifs/batik-keraton/22.jpg,22.jpg,batik-keraton,456,0,test
/kaggle/input/datasets/dionisiusdh/indonesian-batik-motifs/batik-keraton/23.jpg,23.jpg,batik-keraton,457,0,train
/kaggle/input/datasets/dionisiusdh/indonesian-batik-motifs/batik-keraton/24.jpg,24.jpg,batik-keraton,458,0,train
/kaggle/input/datasets/dionisiusdh/indonesian-batik-motifs/batik-keraton/25.jpg,25.jpg,batik-keraton,459,0,train
/kaggle/input/datasets/dionisiusdh/indonesian-batik-motifs/batik-keraton/26.jpg,26.jpg,batik-keraton,460,0,test
/kaggle/input/datasets/dionisiusdh/indonesian-batik-motifs/batik-keraton/27.jpg,27.jpg,batik-keraton,461,0,train
/kaggle/input/datasets/dionisiusdh/indonesian-batik-motifs/batik-keraton/28.jpg,28.jpg,batik-keraton,462,0,train
/kaggle/input/datasets/dionisiusdh/indonesian-batik-motifs/batik-keraton/29.jpg,29.jpg,batik-keraton,463,0,train
/kaggle/input/datasets/dionisiusdh/indonesian-batik-motifs/batik-keraton/3.jpg,3.jpg,batik-keraton,464,0,test
/kaggle/input/datasets/dionisiusdh/indonesian-batik-motifs/batik-keraton/30.jpg,30.jpg,batik-keraton,36,0,train
/kaggle/input/datasets/dionisiusdh/indonesian-batik-motifs/batik-keraton/31.jpg,31.jpg,batik-keraton,466,0,test
/kaggle/input/datasets/dionisiusdh/indonesian-batik-motifs/batik-keraton/32.jpg,32.jpg,batik-keraton,467,0,train
/kaggle/input/datasets/dionisiusdh/indonesian-batik-motifs/batik-keraton/33.jpg,33.jpg,batik-keraton,468,0,train
/kaggle/input/datasets/dionisiusdh/indonesian-batik-motifs/batik-keraton/34.jpg,34.jpg,batik-keraton,469,0,train
/kaggle/input/datasets/dionisiusdh/indonesian-batik-motifs/batik-keraton/35.jpg,35.jpg,batik-keraton,470,0,test
/kaggle/input/datasets/dionisiusdh/indonesian-batik-motifs/batik-keraton/36.jpg,36.jpg,batik-keraton,471,0,train
/kaggle/input/datasets/dionisiusdh/indonesian-batik-motifs/batik-keraton/37.jpg,37.jpg,batik-keraton,472,0,train
/kaggle/input/datasets/dionisiusdh/indonesian-batik-motifs/batik-keraton/38.jpg,38.jpg,batik-keraton,473,0,train
/kaggle/input/datasets/dionisiusdh/indonesian-batik-motifs/batik-keraton/39.jpg,39.jpg,batik-keraton,474,0,train
/kaggle/input/datasets/dionisiusdh/indonesian-batik-motifs/batik-keraton/4.jpg,4.jpg,batik-keraton,475,0,test
/kaggle/input/datasets/dionisiusdh/indonesian-batik-motifs/batik-keraton/40.jpg,40.jpg,batik-keraton,476,0,test
/kaggle/input/datasets/dionisiusdh/indonesian-batik-motifs/batik-keraton/41.jpg,41.jpg,batik-keraton,477,0,train
/kaggle/input/datasets/dionisiusdh/indonesian-batik-motifs/batik-keraton/42.jpg,42.jpg,batik-keraton,478,0,train
/kaggle/input/datasets/dionisiusdh/indonesian-batik-motifs/batik-keraton/43.jpg,43.jpg,batik-keraton,479,0,train
/kaggle/input/datasets/dionisiusdh/indonesian-batik-motifs/batik-keraton/44.jpg,44.jpg,batik-keraton,480,0,train
/kaggle/input/datasets/dionisiusdh/indonesian-batik-motifs/batik-keraton/45.jpg,45.jpg,batik-keraton,481,0,train
/kaggle/input/datasets/dionisiusdh/indonesian-batik-motifs/batik-keraton/46.jpg,46.jpg,batik-keraton,482,0,train
/kaggle/input/datasets/dionisiusdh/indonesian-batik-motifs/batik-keraton/47.jpg,47.jpg,batik-keraton,483,0,train
/kaggle/input/datasets/dionisiusdh/indonesian-batik-motifs/batik-keraton/48.jpg,48.jpg,batik-keraton,484,0,test
/kaggle/input/datasets/dionisiusdh/indonesian-batik-motifs/batik-keraton/49.jpg,49.jpg,batik-keraton,374,0,train
/kaggle/input/datasets/dionisiusdh/indonesian-batik-motifs/batik-keraton/5.jpg,5.jpg,batik-keraton,486,0,train
/kaggle/input/datasets/dionisiusdh/indonesian-batik-motifs/batik-keraton/50.jpg,50.jpg,batik-keraton,487,0,train
/kaggle/input/datasets/dionisiusdh/indonesian-batik-motifs/batik-keraton/6.jpg,6.jpg,batik-keraton,225,0,train
/kaggle/input/datasets/dionisiusdh/indonesian-batik-motifs/batik-keraton/7.jpg,7.jpg,batik-keraton,489,0,train
/kaggle/input/datasets/dionisiusdh/indonesian-batik-motifs/batik-keraton/8.jpg,8.jpg,batik-keraton,490,0,train
/kaggle/input/datasets/dionisiusdh/indonesian-batik-motifs/batik-keraton/9.jpg,9.jpg,batik-keraton,491,0,test
/kaggle/input/datasets/dionisiusdh/indonesian-batik-motifs/batik-lasem/1.jpg,1.jpg,batik-lasem,492,0,train
/kaggle/input/datasets/dionisiusdh/indonesian-batik-motifs/batik-lasem/10.jpg,10.jpg,batik-lasem,493,0,test
/kaggle/input/datasets/dionisiusdh/indonesian-batik-motifs/batik-lasem/11.jpg,11.jpg,batik-lasem,494,0,test
/kaggle/input/datasets/dionisiusdh/indonesian-batik-motifs/batik-lasem/12.jpg,12.jpg,batik-lasem,495,0,test
/kaggle/input/datasets/dionisiusdh/indonesian-batik-motifs/batik-lasem/13.jpg,13.jpg,batik-lasem,496,0,train
/kaggle/input/datasets/dionisiusdh/indonesian-batik-motifs/batik-lasem/14.jpg,14.jpg,batik-lasem,497,0,train
/kaggle/input/datasets/dionisiusdh/indonesian-batik-motifs/batik-lasem/15.jpg,15.jpg,batik-lasem,498,0,train
/kaggle/input/datasets/dionisiusdh/indonesian-batik-motifs/batik-lasem/16.jpg,16.jpg,batik-lasem,499,0,train
/kaggle/input/datasets/dionisiusdh/indonesian-batik-motifs/batik-lasem/17.jpg,17.jpg,batik-lasem,500,0,train
/kaggle/input/datasets/dionisiusdh/indonesian-batik-motifs/batik-lasem/18.jpg,18.jpg,batik-lasem,501,0,test
/kaggle/input/datasets/dionisiusdh/indonesian-batik-motifs/batik-lasem/19.jpg,19.jpg,batik-lasem,502,0,train
/kaggle/input/datasets/dionisiusdh/indonesian-batik-motifs/batik-lasem/2.jpg,2.jpg,batik-lasem,503,0,train
/kaggle/input/datasets/dionisiusdh/indonesian-batik-motifs/batik-lasem/20.jpg,20.jpg,batik-lasem,504,0,test
/kaggle/input/datasets/dionisiusdh/indonesian-batik-motifs/batik-lasem/21.jpg,21.jpg,batik-lasem,505,0,test
/kaggle/input/datasets/dionisiusdh/indonesian-batik-motifs/batik-lasem/22.jpg,22.jpg,batik-lasem,506,0,train
/kaggle/input/datasets/dionisiusdh/indonesian-batik-motifs/batik-lasem/23.jpg,23.jpg,batik-lasem,507,0,test
/kaggle/input/datasets/dionisiusdh/indonesian-batik-motifs/batik-lasem/24.jpg,24.jpg,batik-lasem,508,0,train
/kaggle/input/datasets/dionisiusdh/indonesian-batik-motifs/batik-lasem/25.jpg,25.jpg,batik-lasem,509,0,test
/kaggle/input/datasets/dionisiusdh/indonesian-batik-motifs/batik-lasem/26.jpg,26.jpg,batik-lasem,510,0,train
/kaggle/input/datasets/dionisiusdh/indonesian-batik-motifs/batik-lasem/27.jpg,27.jpg,batik-lasem,511,0,train
/kaggle/input/datasets/dionisiusdh/indonesian-batik-motifs/batik-lasem/28.jpg,28.jpg,batik-lasem,512,0,train
/kaggle/input/datasets/dionisiusdh/indonesian-batik-motifs/batik-lasem/29.jpg,29.jpg,batik-lasem,513,0,test
/kaggle/input/datasets/dionisiusdh/indonesian-batik-motifs/batik-lasem/3.jpg,3.jpg,batik-lasem,514,0,train
/kaggle/input/datasets/dionisiusdh/indonesian-batik-motifs/batik-lasem/30.jpg,30.jpg,batik-lasem,515,0,train
/kaggle/input/datasets/dionisiusdh/indonesian-batik-motifs/batik-lasem/31.jpg,31.jpg,batik-lasem,516,0,train
/kaggle/input/datasets/dionisiusdh/indonesian-batik-motifs/batik-lasem/32.jpg,32.jpg,batik-lasem,517,0,test
/kaggle/input/datasets/dionisiusdh/indonesian-batik-motifs/batik-lasem/33.jpg,33.jpg,batik-lasem,518,0,train
/kaggle/input/datasets/dionisiusdh/indonesian-batik-motifs/batik-lasem/34.jpg,34.jpg,batik-lasem,519,0,train
/kaggle/input/datasets/dionisiusdh/indonesian-batik-motifs/batik-lasem/35.jpg,35.jpg,batik-lasem,520,0,test
/kaggle/input/datasets/dionisiusdh/indonesian-batik-motifs/batik-lasem/36.jpg,36.jpg,batik-lasem,521,0,train
/kaggle/input/datasets/dionisiusdh/indonesian-batik-motifs/batik-lasem/37.jpg,37.jpg,batik-lasem,522,0,train
/kaggle/input/datasets/dionisiusdh/indonesian-batik-motifs/batik-lasem/38.jpg,38.jpg,batik-lasem,523,0,train
/kaggle/input/datasets/dionisiusdh/indonesian-batik-motifs/batik-lasem/39.jpg,39.jpg,batik-lasem,524,0,train
/kaggle/input/datasets/dionisiusdh/indonesian-batik-motifs/batik-lasem/4.jpg,4.jpg,batik-lasem,525,0,test
/kaggle/input/datasets/dionisiusdh/indonesian-batik-motifs/batik-lasem/40.jpg,40.jpg,batik-lasem,526,0,test
/kaggle/input/datasets/dionisiusdh/indonesian-batik-motifs/batik-lasem/41.jpg,41.jpg,batik-lasem,527,0,train
/kaggle/input/datasets/dionisiusdh/indonesian-batik-motifs/batik-lasem/42.jpg,42.jpg,batik-lasem,528,0,train
/kaggle/input/datasets/dionisiusdh/indonesian-batik-motifs/batik-lasem/43.jpg,43.jpg,batik-lasem,529,0,train
/kaggle/input/datasets/dionisiusdh/indonesian-batik-motifs/batik-lasem/44.jpg,44.jpg,batik-lasem,530,0,train
/kaggle/input/datasets/dionisiusdh/indonesian-batik-motifs/batik-lasem/45.jpg,45.jpg,batik-lasem,531,0,train
/kaggle/input/datasets/dionisiusdh/indonesian-batik-motifs/batik-lasem/46.jpg,46.jpg,batik-lasem,532,0,train
/kaggle/input/datasets/dionisiusdh/indonesian-batik-motifs/batik-lasem/47.jpg,47.jpg,batik-lasem,533,0,train
/kaggle/input/datasets/dionisiusdh/indonesian-batik-motifs/batik-lasem/48.jpg,48.jpg,batik-lasem,534,0,test
/kaggle/input/datasets/dionisiusdh/indonesian-batik-motifs/batik-lasem/49.jpg,49.jpg,batik-lasem,514,0,train
/kaggle/input/datasets/dionisiusdh/indonesian-batik-motifs/batik-lasem/5.jpg,5.jpg,batik-lasem,536,0,test
/kaggle/input/datasets/dionisiusdh/indonesian-batik-motifs/batik-lasem/50.jpg,50.jpg,batik-lasem,537,0,train
/kaggle/input/datasets/dionisiusdh/indonesian-batik-motifs/batik-lasem/6.jpg,6.jpg,batik-lasem,538,0,train
/kaggle/input/datasets/dionisiusdh/indonesian-batik-motifs/batik-lasem/7.jpg,7.jpg,batik-lasem,539,0,train
/kaggle/input/datasets/dionisiusdh/indonesian-batik-motifs/batik-lasem/8.jpg,8.jpg,batik-lasem,540,0,train
/kaggle/input/datasets/dionisiusdh/indonesian-batik-motifs/batik-lasem/9.jpg,9.jpg,batik-lasem,541,0,train
/kaggle/input/datasets/dionisiusdh/indonesian-batik-motifs/batik-megamendung/1.jpg,1.jpg,batik-megamendung,542,0,train
/kaggle/input/datasets/dionisiusdh/indonesian-batik-motifs/batik-megamendung/10.jpg,10.jpg,batik-megamendung,543,0,train
/kaggle/input/datasets/dionisiusdh/indonesian-batik-motifs/batik-megamendung/12.jpg,12.jpg,batik-megamendung,544,0,test
/kaggle/input/datasets/dionisiusdh/indonesian-batik-motifs/batik-megamendung/13.jpg,13.jpg,batik-megamendung,545,0,train
/kaggle/input/datasets/dionisiusdh/indonesian-batik-motifs/batik-megamendung/14.jpg,14.jpg,batik-megamendung,546,0,train
/kaggle/input/datasets/dionisiusdh/indonesian-batik-motifs/batik-megamendung/15.jpg,15.jpg,batik-megamendung,547,0,test
/kaggle/input/datasets/dionisiusdh/indonesian-batik-motifs/batik-megamendung/16.jpg,16.jpg,batik-megamendung,548,0,test
/kaggle/input/datasets/dionisiusdh/indonesian-batik-motifs/batik-megamendung/17.jpg,17.jpg,batik-megamendung,549,0,train
/kaggle/input/datasets/dionisiusdh/indonesian-batik-motifs/batik-megamendung/18.jpg,18.jpg,batik-megamendung,550,0,test
/kaggle/input/datasets/dionisiusdh/indonesian-batik-motifs/batik-megamendung/19.jpg,19.jpg,batik-megamendung,551,0,train
/kaggle/input/datasets/dionisiusdh/indonesian-batik-motifs/batik-megamendung/2.jpg,2.jpg,batik-megamendung,552,0,test
/kaggle/input/datasets/dionisiusdh/indonesian-batik-motifs/batik-megamendung/20.jpg,20.jpg,batik-megamendung,553,0,train
/kaggle/input/datasets/dionisiusdh/indonesian-batik-motifs/batik-megamendung/21.jpg,21.jpg,batik-megamendung,554,0,test
/kaggle/input/datasets/dionisiusdh/indonesian-batik-motifs/batik-megamendung/22.jpg,22.jpg,batik-megamendung,543,0,train
/kaggle/input/datasets/dionisiusdh/indonesian-batik-motifs/batik-megamendung/23.jpg,23.jpg,batik-megamendung,550,0,test
/kaggle/input/datasets/dionisiusdh/indonesian-batik-motifs/batik-megamendung/24.jpg,24.jpg,batik-megamendung,557,0,train
/kaggle/input/datasets/dionisiusdh/indonesian-batik-motifs/batik-megamendung/25.jpg,25.jpg,batik-megamendung,557,0,train
/kaggle/input/datasets/dionisiusdh/indonesian-batik-motifs/batik-megamendung/26.jpg,26.jpg,batik-megamendung,559,0,train
/kaggle/input/datasets/dionisiusdh/indonesian-batik-motifs/batik-megamendung/27.jpg,27.jpg,batik-megamendung,560,0,train
/kaggle/input/datasets/dionisiusdh/indonesian-batik-motifs/batik-megamendung/28.jpg,28.jpg,batik-megamendung,561,0,test
/kaggle/input/datasets/dionisiusdh/indonesian-batik-motifs/batik-megamendung/29.jpg,29.jpg,batik-megamendung,562,0,train
/kaggle/input/datasets/dionisiusdh/indonesian-batik-motifs/batik-megamendung/3.jpg,3.jpg,batik-megamendung,544,0,test
/kaggle/input/datasets/dionisiusdh/indonesian-batik-motifs/batik-megamendung/30.jpg,30.jpg,batik-megamendung,564,0,train
/kaggle/input/datasets/dionisiusdh/indonesian-batik-motifs/batik-megamendung/31.jpg,31.jpg,batik-megamendung,565,0,train
/kaggle/input/datasets/dionisiusdh/indonesian-batik-motifs/batik-megamendung/32.jpg,32.jpg,batik-megamendung,565,0,train
/kaggle/input/datasets/dionisiusdh/indonesian-batik-motifs/batik-megamendung/33.jpg,33.jpg,batik-megamendung,567,0,test
/kaggle/input/datasets/dionisiusdh/indonesian-batik-motifs/batik-megamendung/34.jpg,34.jpg,batik-megamendung,568,0,train
/kaggle/input/datasets/dionisiusdh/indonesian-batik-motifs/batik-megamendung/36.jpg,36.jpg,batik-megamendung,569,0,train
/kaggle/input/datasets/dionisiusdh/indonesian-batik-motifs/batik-megamendung/37.jpg,37.jpg,batik-megamendung,570,0,train
/kaggle/input/datasets/dionisiusdh/indonesian-batik-motifs/batik-megamendung/38.jpg,38.jpg,batik-megamendung,569,0,train
/kaggle/input/datasets/dionisiusdh/indonesian-batik-motifs/batik-megamendung/39.jpg,39.jpg,batik-megamendung,572,0,train
/kaggle/input/datasets/dionisiusdh/indonesian-batik-motifs/batik-megamendung/4.jpg,4.jpg,batik-megamendung,573,0,train
/kaggle/input/datasets/dionisiusdh/indonesian-batik-motifs/batik-megamendung/40.jpg,40.jpg,batik-megamendung,574,0,train
/kaggle/input/datasets/dionisiusdh/indonesian-batik-motifs/batik-megamendung/41.jpg,41.jpg,batik-megamendung,575,0,train
/kaggle/input/datasets/dionisiusdh/indonesian-batik-motifs/batik-megamendung/42.jpg,42.jpg,batik-megamendung,576,0,train
/kaggle/input/datasets/dionisiusdh/indonesian-batik-motifs/batik-megamendung/43.jpg,43.jpg,batik-megamendung,577,0,train
/kaggle/input/datasets/dionisiusdh/indonesian-batik-motifs/batik-megamendung/44.jpg,44.jpg,batik-megamendung,578,0,test
/kaggle/input/datasets/dionisiusdh/indonesian-batik-motifs/batik-megamendung/45.jpg,45.jpg,batik-megamendung,579,0,train
/kaggle/input/datasets/dionisiusdh/indonesian-batik-motifs/batik-megamendung/46.jpg,46.jpg,batik-megamendung,580,0,train
/kaggle/input/datasets/dionisiusdh/indonesian-batik-motifs/batik-megamendung/47.jpg,47.jpg,batik-megamendung,581,0,test
/kaggle/input/datasets/dionisiusdh/indonesian-batik-motifs/batik-megamendung/48.jpg,48.jpg,batik-megamendung,582,0,train
/kaggle/input/datasets/dionisiusdh/indonesian-batik-motifs/batik-megamendung/5.jpg,5.jpg,batik-megamendung,544,0,test
/kaggle/input/datasets/dionisiusdh/indonesian-batik-motifs/batik-megamendung/6.jpg,6.jpg,batik-megamendung,580,0,train
/kaggle/input/datasets/dionisiusdh/indonesian-batik-motifs/batik-megamendung/7.jpg,7.jpg,batik-megamendung,543,0,train
/kaggle/input/datasets/dionisiusdh/indonesian-batik-motifs/batik-megamendung/8.jpg,8.jpg,batik-megamendung,586,0,train
/kaggle/input/datasets/dionisiusdh/indonesian-batik-motifs/batik-megamendung/9.jpg,9.jpg,batik-megamendung,587,0,test
/kaggle/input/datasets/dionisiusdh/indonesian-batik-motifs/batik-parang/1.jpg,1.jpg,batik-parang,588,0,train
/kaggle/input/datasets/dionisiusdh/indonesian-batik-motifs/batik-parang/10.jpg,10.jpg,batik-parang,589,0,train
/kaggle/input/datasets/dionisiusdh/indonesian-batik-motifs/batik-parang/11.jpg,11.jpg,batik-parang,590,0,test
/kaggle/input/datasets/dionisiusdh/indonesian-batik-motifs/batik-parang/12.jpg,12.jpg,batik-parang,591,0,test
/kaggle/input/datasets/dionisiusdh/indonesian-batik-motifs/batik-parang/13.jpg,13.jpg,batik-parang,592,0,train
/kaggle/input/datasets/dionisiusdh/indonesian-batik-motifs/batik-parang/14.jpg,14.jpg,batik-parang,593,0,train
/kaggle/input/datasets/dionisiusdh/indonesian-batik-motifs/batik-parang/15.jpg,15.jpg,batik-parang,594,0,test
/kaggle/input/datasets/dionisiusdh/indonesian-batik-motifs/batik-parang/16.jpg,16.jpg,batik-parang,595,0,test
/kaggle/input/datasets/dionisiusdh/indonesian-batik-motifs/batik-parang/17.jpg,17.jpg,batik-parang,596,0,train
/kaggle/input/datasets/dionisiusdh/indonesian-batik-motifs/batik-parang/18.jpg,18.jpg,batik-parang,244,0,train
/kaggle/input/datasets/dionisiusdh/indonesian-batik-motifs/batik-parang/19.jpg,19.jpg,batik-parang,598,0,train
/kaggle/input/datasets/dionisiusdh/indonesian-batik-motifs/batik-parang/2.jpg,2.jpg,batik-parang,599,0,test
/kaggle/input/datasets/dionisiusdh/indonesian-batik-motifs/batik-parang/20.jpg,20.jpg,batik-parang,600,0,train
/kaggle/input/datasets/dionisiusdh/indonesian-batik-motifs/batik-parang/21.jpg,21.jpg,batik-parang,601,0,train
/kaggle/input/datasets/dionisiusdh/indonesian-batik-motifs/batik-parang/22.jpg,22.jpg,batik-parang,602,0,train
/kaggle/input/datasets/dionisiusdh/indonesian-batik-motifs/batik-parang/23.jpg,23.jpg,batik-parang,603,0,train
/kaggle/input/datasets/dionisiusdh/indonesian-batik-motifs/batik-parang/24.jpg,24.jpg,batik-parang,405,0,train
/kaggle/input/datasets/dionisiusdh/indonesian-batik-motifs/batik-parang/25.jpg,25.jpg,batik-parang,605,0,train
/kaggle/input/datasets/dionisiusdh/indonesian-batik-motifs/batik-parang/26.jpg,26.jpg,batik-parang,606,0,train
/kaggle/input/datasets/dionisiusdh/indonesian-batik-motifs/batik-parang/27.jpg,27.jpg,batik-parang,607,0,train
/kaggle/input/datasets/dionisiusdh/indonesian-batik-motifs/batik-parang/28.jpg,28.jpg,batik-parang,608,0,train
/kaggle/input/datasets/dionisiusdh/indonesian-batik-motifs/batik-parang/29.jpg,29.jpg,batik-parang,609,0,train
/kaggle/input/datasets/dionisiusdh/indonesian-batik-motifs/batik-parang/3.jpg,3.jpg,batik-parang,605,0,train
/kaggle/input/datasets/dionisiusdh/indonesian-batik-motifs/batik-parang/30.jpg,30.jpg,batik-parang,611,0,train
/kaggle/input/datasets/dionisiusdh/indonesian-batik-motifs/batik-parang/31.jpg,31.jpg,batik-parang,612,0,test
/kaggle/input/datasets/dionisiusdh/indonesian-batik-motifs/batik-parang/32.jpg,32.jpg,batik-parang,18,0,train
/kaggle/input/datasets/dionisiusdh/indonesian-batik-motifs/batik-parang/33.jpg,33.jpg,batik-parang,614,0,test
/kaggle/input/datasets/dionisiusdh/indonesian-batik-motifs/batik-parang/34.jpg,34.jpg,batik-parang,615,0,train
/kaggle/input/datasets/dionisiusdh/indonesian-batik-motifs/batik-parang/35.jpg,35.jpg,batik-parang,616,0,test
/kaggle/input/datasets/dionisiusdh/indonesian-batik-motifs/batik-parang/36.jpg,36.jpg,batik-parang,617,0,train
/kaggle/input/datasets/dionisiusdh/indonesian-batik-motifs/batik-parang/37.jpg,37.jpg,batik-parang,2,0,test
/kaggle/input/datasets/dionisiusdh/indonesian-batik-motifs/batik-parang/38.jpg,38.jpg,batik-parang,619,0,train
/kaggle/input/datasets/dionisiusdh/indonesian-batik-motifs/batik-parang/39.jpg,39.jpg,batik-parang,620,0,test
/kaggle/input/datasets/dionisiusdh/indonesian-batik-motifs/batik-parang/4.jpg,4.jpg,batik-parang,621,0,train
/kaggle/input/datasets/dionisiusdh/indonesian-batik-motifs/batik-parang/40.jpg,40.jpg,batik-parang,206,0,test
/kaggle/input/datasets/dionisiusdh/indonesian-batik-motifs/batik-parang/41.jpg,41.jpg,batik-parang,623,0,test
/kaggle/input/datasets/dionisiusdh/indonesian-batik-motifs/batik-parang/42.jpg,42.jpg,batik-parang,624,0,test
/kaggle/input/datasets/dionisiusdh/indonesian-batik-motifs/batik-parang/43.jpg,43.jpg,batik-parang,625,0,train
/kaggle/input/datasets/dionisiusdh/indonesian-batik-motifs/batik-parang/44.jpg,44.jpg,batik-parang,626,0,train
/kaggle/input/datasets/dionisiusdh/indonesian-batik-motifs/batik-parang/45.jpg,45.jpg,batik-parang,627,0,train
/kaggle/input/datasets/dionisiusdh/indonesian-batik-motifs/batik-parang/46.jpg,46.jpg,batik-parang,628,0,test
/kaggle/input/datasets/dionisiusdh/indonesian-batik-motifs/batik-parang/47.jpg,47.jpg,batik-parang,629,0,train
/kaggle/input/datasets/dionisiusdh/indonesian-batik-motifs/batik-parang/48.jpg,48.jpg,batik-parang,630,0,train
/kaggle/input/datasets/dionisiusdh/indonesian-batik-motifs/batik-parang/49.jpg,49.jpg,batik-parang,631,0,train
/kaggle/input/datasets/dionisiusdh/indonesian-batik-motifs/batik-parang/5.jpg,5.jpg,batik-parang,632,0,train
/kaggle/input/datasets/dionisiusdh/indonesian-batik-motifs/batik-parang/50.jpg,50.jpg,batik-parang,633,0,train
/kaggle/input/datasets/dionisiusdh/indonesian-batik-motifs/batik-parang/6.jpg,6.jpg,batik-parang,634,0,test
/kaggle/input/datasets/dionisiusdh/indonesian-batik-motifs/batik-parang/7.jpg,7.jpg,batik-parang,635,0,train
/kaggle/input/datasets/dionisiusdh/indonesian-batik-motifs/batik-parang/8.jpg,8.jpg,batik-parang,636,0,test
/kaggle/input/datasets/dionisiusdh/indonesian-batik-motifs/batik-parang/9.jpg,9.jpg,batik-parang,637,0,train
/kaggle/input/datasets/dionisiusdh/indonesian-batik-motifs/batik-pekalongan/1.jpg,1.jpg,batik-pekalongan,490,0,train
/kaggle/input/datasets/dionisiusdh/indonesian-batik-motifs/batik-pekalongan/10.jpg,10.jpg,batik-pekalongan,490,0,train
/kaggle/input/datasets/dionisiusdh/indonesian-batik-motifs/batik-pekalongan/11.jpg,11.jpg,batik-pekalongan,640,0,train
/kaggle/input/datasets/dionisiusdh/indonesian-batik-motifs/batik-pekalongan/12.jpg,12.jpg,batik-pekalongan,641,0,train
/kaggle/input/datasets/dionisiusdh/indonesian-batik-motifs/batik-pekalongan/13.jpg,13.jpg,batik-pekalongan,642,0,test
/kaggle/input/datasets/dionisiusdh/indonesian-batik-motifs/batik-pekalongan/14.jpg,14.jpg,batik-pekalongan,643,0,train
/kaggle/input/datasets/dionisiusdh/indonesian-batik-motifs/batik-pekalongan/15.jpg,15.jpg,batik-pekalongan,644,0,train
/kaggle/input/datasets/dionisiusdh/indonesian-batik-motifs/batik-pekalongan/16.jpg,16.jpg,batik-pekalongan,645,0,train
/kaggle/input/datasets/dionisiusdh/indonesian-batik-motifs/batik-pekalongan/17.jpg,17.jpg,batik-pekalongan,646,0,train
/kaggle/input/datasets/dionisiusdh/indonesian-batik-motifs/batik-pekalongan/18.jpg,18.jpg,batik-pekalongan,647,0,test
/kaggle/input/datasets/dionisiusdh/indonesian-batik-motifs/batik-pekalongan/19.jpg,19.jpg,batik-pekalongan,648,0,train
/kaggle/input/datasets/dionisiusdh/indonesian-batik-motifs/batik-pekalongan/2.jpg,2.jpg,batik-pekalongan,649,0,test
/kaggle/input/datasets/dionisiusdh/indonesian-batik-motifs/batik-pekalongan/20.jpg,20.jpg,batik-pekalongan,650,0,train
/kaggle/input/datasets/dionisiusdh/indonesian-batik-motifs/batik-pekalongan/21.jpg,21.jpg,batik-pekalongan,651,0,train
/kaggle/input/datasets/dionisiusdh/indonesian-batik-motifs/batik-pekalongan/22.jpg,22.jpg,batik-pekalongan,652,0,train
/kaggle/input/datasets/dionisiusdh/indonesian-batik-motifs/batik-pekalongan/23.jpg,23.jpg,batik-pekalongan,653,0,train
/kaggle/input/datasets/dionisiusdh/indonesian-batik-motifs/batik-pekalongan/24.jpg,24.jpg,batik-pekalongan,642,0,test
/kaggle/input/datasets/dionisiusdh/indonesian-batik-motifs/batik-pekalongan/25.jpg,25.jpg,batik-pekalongan,655,0,test
/kaggle/input/datasets/dionisiusdh/indonesian-batik-motifs/batik-pekalongan/26.jpg,26.jpg,batik-pekalongan,656,0,train
/kaggle/input/datasets/dionisiusdh/indonesian-batik-motifs/batik-pekalongan/27.jpg,27.jpg,batik-pekalongan,588,0,train
/kaggle/input/datasets/dionisiusdh/indonesian-batik-motifs/batik-pekalongan/28.jpg,28.jpg,batik-pekalongan,658,0,train
/kaggle/input/datasets/dionisiusdh/indonesian-batik-motifs/batik-pekalongan/29.jpg,29.jpg,batik-pekalongan,659,0,test
/kaggle/input/datasets/dionisiusdh/indonesian-batik-motifs/batik-pekalongan/3.jpg,3.jpg,batik-pekalongan,660,0,train
/kaggle/input/datasets/dionisiusdh/indonesian-batik-motifs/batik-pekalongan/30.jpg,30.jpg,batik-pekalongan,661,0,test
/kaggle/input/datasets/dionisiusdh/indonesian-batik-motifs/batik-pekalongan/31.jpg,31.jpg,batik-pekalongan,662,0,train
/kaggle/input/datasets/dionisiusdh/indonesian-batik-motifs/batik-pekalongan/32.jpg,32.jpg,batik-pekalongan,663,0,test
/kaggle/input/datasets/dionisiusdh/indonesian-batik-motifs/batik-pekalongan/33.jpg,33.jpg,batik-pekalongan,664,0,train
/kaggle/input/datasets/dionisiusdh/indonesian-batik-motifs/batik-pekalongan/34.jpg,34.jpg,batik-pekalongan,665,0,train
/kaggle/input/datasets/dionisiusdh/indonesian-batik-motifs/batik-pekalongan/35.jpg,35.jpg,batik-pekalongan,666,0,train
/kaggle/input/datasets/dionisiusdh/indonesian-batik-motifs/batik-pekalongan/36.jpg,36.jpg,batik-pekalongan,667,0,train
/kaggle/input/datasets/dionisiusdh/indonesian-batik-motifs/batik-pekalongan/37.jpg,37.jpg,batik-pekalongan,14,0,train
/kaggle/input/datasets/dionisiusdh/indonesian-batik-motifs/batik-pekalongan/38.jpg,38.jpg,batik-pekalongan,669,0,train
/kaggle/input/datasets/dionisiusdh/indonesian-batik-motifs/batik-pekalongan/39.jpg,39.jpg,batik-pekalongan,670,0,test
/kaggle/input/datasets/dionisiusdh/indonesian-batik-motifs/batik-pekalongan/4.jpg,4.jpg,batik-pekalongan,671,0,test
/kaggle/input/datasets/dionisiusdh/indonesian-batik-motifs/batik-pekalongan/40.jpg,40.jpg,batik-pekalongan,672,0,train
/kaggle/input/datasets/dionisiusdh/indonesian-batik-motifs/batik-pekalongan/41.jpg,41.jpg,batik-pekalongan,673,0,test
/kaggle/input/datasets/dionisiusdh/indonesian-batik-motifs/batik-pekalongan/42.jpg,42.jpg,batik-pekalongan,674,0,train
/kaggle/input/datasets/dionisiusdh/indonesian-batik-motifs/batik-pekalongan/43.jpg,43.jpg,batik-pekalongan,675,0,test
/kaggle/input/datasets/dionisiusdh/indonesian-batik-motifs/batik-pekalongan/44.jpg,44.jpg,batik-pekalongan,676,0,test
/kaggle/input/datasets/dionisiusdh/indonesian-batik-motifs/batik-pekalongan/45.jpg,45.jpg,batik-pekalongan,677,0,train
/kaggle/input/datasets/dionisiusdh/indonesian-batik-motifs/batik-pekalongan/46.jpg,46.jpg,batik-pekalongan,678,0,train
/kaggle/input/datasets/dionisiusdh/indonesian-batik-motifs/batik-pekalongan/47.jpg,47.jpg,batik-pekalongan,679,0,test
/kaggle/input/datasets/dionisiusdh/indonesian-batik-motifs/batik-pekalongan/48.jpg,48.jpg,batik-pekalongan,680,0,train
/kaggle/input/datasets/dionisiusdh/indonesian-batik-motifs/batik-pekalongan/49.jpg,49.jpg,batik-pekalongan,681,0,train
/kaggle/input/datasets/dionisiusdh/indonesian-batik-motifs/batik-pekalongan/5.jpg,5.jpg,batik-pekalongan,249,0,train
/kaggle/input/datasets/dionisiusdh/indonesian-batik-motifs/batik-pekalongan/50.jpg,50.jpg,batik-pekalongan,683,0,train
/kaggle/input/datasets/dionisiusdh/indonesian-batik-motifs/batik-pekalongan/6.jpg,6.jpg,batik-pekalongan,684,0,train
/kaggle/input/datasets/dionisiusdh/indonesian-batik-motifs/batik-pekalongan/7.jpg,7.jpg,batik-pekalongan,685,0,train
/kaggle/input/datasets/dionisiusdh/indonesian-batik-motifs/batik-pekalongan/8.jpg,8.jpg,batik-pekalongan,686,0,train
/kaggle/input/datasets/dionisiusdh/indonesian-batik-motifs/batik-pekalongan/9.jpg,9.jpg,batik-pekalongan,687,0,train
/kaggle/input/datasets/dionisiusdh/indonesian-batik-motifs/batik-priangan/1.jpg,1.jpg,batik-priangan,688,0,train
/kaggle/input/datasets/dionisiusdh/indonesian-batik-motifs/batik-priangan/10.jpg,10.jpg,batik-priangan,274,0,train
/kaggle/input/datasets/dionisiusdh/indonesian-batik-motifs/batik-priangan/11.jpg,11.jpg,batik-priangan,690,0,test
/kaggle/input/datasets/dionisiusdh/indonesian-batik-motifs/batik-priangan/12.jpg,12.jpg,batik-priangan,691,0,train
/kaggle/input/datasets/dionisiusdh/indonesian-batik-motifs/batik-priangan/13.jpg,13.jpg,batik-priangan,692,0,test
/kaggle/input/datasets/dionisiusdh/indonesian-batik-motifs/batik-priangan/14.jpg,14.jpg,batik-priangan,693,0,train
/kaggle/input/datasets/dionisiusdh/indonesian-batik-motifs/batik-priangan/15.jpg,15.jpg,batik-priangan,694,0,train
/kaggle/input/datasets/dionisiusdh/indonesian-batik-motifs/batik-priangan/16.jpg,16.jpg,batik-priangan,695,0,train
/kaggle/input/datasets/dionisiusdh/indonesian-batik-motifs/batik-priangan/17.jpg,17.jpg,batik-priangan,696,0,train
/kaggle/input/datasets/dionisiusdh/indonesian-batik-motifs/batik-priangan/18.jpg,18.jpg,batik-priangan,255,0,train
/kaggle/input/datasets/dionisiusdh/indonesian-batik-motifs/batik-priangan/19.jpg,19.jpg,batik-priangan,698,0,train
/kaggle/input/datasets/dionisiusdh/indonesian-batik-motifs/batik-priangan/2.jpg,2.jpg,batik-priangan,699,0,test
/kaggle/input/datasets/dionisiusdh/indonesian-batik-motifs/batik-priangan/20.jpg,20.jpg,batik-priangan,700,0,train
/kaggle/input/datasets/dionisiusdh/indonesian-batik-motifs/batik-priangan/21.jpg,21.jpg,batik-priangan,301,0,train
/kaggle/input/datasets/dionisiusdh/indonesian-batik-motifs/batik-priangan/22.jpg,22.jpg,batik-priangan,702,0,train
/kaggle/input/datasets/dionisiusdh/indonesian-batik-motifs/batik-priangan/23.jpg,23.jpg,batik-priangan,703,0,test
/kaggle/input/datasets/dionisiusdh/indonesian-batik-motifs/batik-priangan/24.jpg,24.jpg,batik-priangan,308,0,train
/kaggle/input/datasets/dionisiusdh/indonesian-batik-motifs/batik-priangan/25.jpg,25.jpg,batik-priangan,705,0,train
/kaggle/input/datasets/dionisiusdh/indonesian-batik-motifs/batik-priangan/26.jpg,26.jpg,batik-priangan,706,0,test
/kaggle/input/datasets/dionisiusdh/indonesian-batik-motifs/batik-priangan/27.jpg,27.jpg,batik-priangan,707,0,train
/kaggle/input/datasets/dionisiusdh/indonesian-batik-motifs/batik-priangan/28.jpg,28.jpg,batik-priangan,708,0,train
/kaggle/input/datasets/dionisiusdh/indonesian-batik-motifs/batik-priangan/29.jpg,29.jpg,batik-priangan,709,0,test
/kaggle/input/datasets/dionisiusdh/indonesian-batik-motifs/batik-priangan/3.jpg,3.jpg,batik-priangan,710,0,train
/kaggle/input/datasets/dionisiusdh/indonesian-batik-motifs/batik-priangan/30.jpg,30.jpg,batik-priangan,711,0,train
/kaggle/input/datasets/dionisiusdh/indonesian-batik-motifs/batik-priangan/31.jpg,31.jpg,batik-priangan,712,0,train
/kaggle/input/datasets/dionisiusdh/indonesian-batik-motifs/batik-priangan/32.jpg,32.jpg,batik-priangan,713,0,test
/kaggle/input/datasets/dionisiusdh/indonesian-batik-motifs/batik-priangan/33.jpg,33.jpg,batik-priangan,714,0,test
/kaggle/input/datasets/dionisiusdh/indonesian-batik-motifs/batik-priangan/34.jpg,34.jpg,batik-priangan,715,0,test
/kaggle/input/datasets/dionisiusdh/indonesian-batik-motifs/batik-priangan/35.jpg,35.jpg,batik-priangan,374,0,train
/kaggle/input/datasets/dionisiusdh/indonesian-batik-motifs/batik-priangan/36.jpg,36.jpg,batik-priangan,717,0,train
/kaggle/input/datasets/dionisiusdh/indonesian-batik-motifs/batik-priangan/37.jpg,37.jpg,batik-priangan,718,0,train
/kaggle/input/datasets/dionisiusdh/indonesian-batik-motifs/batik-priangan/38.jpg,38.jpg,batik-priangan,719,0,train
/kaggle/input/datasets/dionisiusdh/indonesian-batik-motifs/batik-priangan/39.jpg,39.jpg,batik-priangan,720,0,train
/kaggle/input/datasets/dionisiusdh/indonesian-batik-motifs/batik-priangan/4.jpg,4.jpg,batik-priangan,721,0,train
/kaggle/input/datasets/dionisiusdh/indonesian-batik-motifs/batik-priangan/40.jpg,40.jpg,batik-priangan,722,0,train
/kaggle/input/datasets/dionisiusdh/indonesian-batik-motifs/batik-priangan/41.jpg,41.jpg,batik-priangan,723,0,train
/kaggle/input/datasets/dionisiusdh/indonesian-batik-motifs/batik-priangan/42.jpg,42.jpg,batik-priangan,724,0,train
/kaggle/input/datasets/dionisiusdh/indonesian-batik-motifs/batik-priangan/43.jpg,43.jpg,batik-priangan,725,0,train
/kaggle/input/datasets/dionisiusdh/indonesian-batik-motifs/batik-priangan/44.jpg,44.jpg,batik-priangan,726,0,test
/kaggle/input/datasets/dionisiusdh/indonesian-batik-motifs/batik-priangan/45.jpg,45.jpg,batik-priangan,727,0,train
/kaggle/input/datasets/dionisiusdh/indonesian-batik-motifs/batik-priangan/46.jpg,46.jpg,batik-priangan,728,0,train
/kaggle/input/datasets/dionisiusdh/indonesian-batik-motifs/batik-priangan/47.jpg,47.jpg,batik-priangan,729,0,test
/kaggle/input/datasets/dionisiusdh/indonesian-batik-motifs/batik-priangan/48.jpg,48.jpg,batik-priangan,730,0,test
/kaggle/input/datasets/dionisiusdh/indonesian-batik-motifs/batik-priangan/49.jpg,49.jpg,batik-priangan,731,0,train
/kaggle/input/datasets/dionisiusdh/indonesian-batik-motifs/batik-priangan/5.jpg,5.jpg,batik-priangan,732,0,train
/kaggle/input/datasets/dionisiusdh/indonesian-batik-motifs/batik-priangan/50.jpg,50.jpg,batik-priangan,733,0,train
/kaggle/input/datasets/dionisiusdh/indonesian-batik-motifs/batik-priangan/6.jpg,6.jpg,batik-priangan,734,0,test
/kaggle/input/datasets/dionisiusdh/indonesian-batik-motifs/batik-priangan/7.jpg,7.jpg,batik-priangan,735,0,train
/kaggle/input/datasets/dionisiusdh/indonesian-batik-motifs/batik-priangan/8.jpg,8.jpg,batik-priangan,736,0,test
/kaggle/input/datasets/dionisiusdh/indonesian-batik-motifs/batik-priangan/9.jpg,9.jpg,batik-priangan,737,0,train
/kaggle/input/datasets/dionisiusdh/indonesian-batik-motifs/batik-sekar/1.jpg,1.jpg,batik-sekar,738,0,train
/kaggle/input/datasets/dionisiusdh/indonesian-batik-motifs/batik-sekar/10.jpg,10.jpg,batik-sekar,739,0,test
/kaggle/input/datasets/dionisiusdh/indonesian-batik-motifs/batik-sekar/11.jpg,11.jpg,batik-sekar,740,0,train
/kaggle/input/datasets/dionisiusdh/indonesian-batik-motifs/batik-sekar/13.jpg,13.jpg,batik-sekar,741,0,train
/kaggle/input/datasets/dionisiusdh/indonesian-batik-motifs/batik-sekar/14.jpg,14.jpg,batik-sekar,742,0,train
/kaggle/input/datasets/dionisiusdh/indonesian-batik-motifs/batik-sekar/15.jpg,15.jpg,batik-sekar,743,0,train
/kaggle/input/datasets/dionisiusdh/indonesian-batik-motifs/batik-sekar/16.jpg,16.jpg,batik-sekar,744,0,train
/kaggle/input/datasets/dionisiusdh/indonesian-batik-motifs/batik-sekar/17.jpg,17.jpg,batik-sekar,745,0,train
/kaggle/input/datasets/dionisiusdh/indonesian-batik-motifs/batik-sekar/18.jpg,18.jpg,batik-sekar,746,0,train
/kaggle/input/datasets/dionisiusdh/indonesian-batik-motifs/batik-sekar/19.jpg,19.jpg,batik-sekar,747,0,train
/kaggle/input/datasets/dionisiusdh/indonesian-batik-motifs/batik-sekar/2.jpg,2.jpg,batik-sekar,748,0,train
/kaggle/input/datasets/dionisiusdh/indonesian-batik-motifs/batik-sekar/20.jpg,20.jpg,batik-sekar,749,0,train
/kaggle/input/datasets/dionisiusdh/indonesian-batik-motifs/batik-sekar/21.jpg,21.jpg,batik-sekar,750,0,train
/kaggle/input/datasets/dionisiusdh/indonesian-batik-motifs/batik-sekar/22.jpg,22.jpg,batik-sekar,751,0,train
/kaggle/input/datasets/dionisiusdh/indonesian-batik-motifs/batik-sekar/23.jpg,23.jpg,batik-sekar,749,0,train
/kaggle/input/datasets/dionisiusdh/indonesian-batik-motifs/batik-sekar/24.jpg,24.jpg,batik-sekar,756,0,test
/kaggle/input/datasets/dionisiusdh/indonesian-batik-motifs/batik-sekar/25.jpg,25.jpg,batik-sekar,754,0,train
/kaggle/input/datasets/dionisiusdh/indonesian-batik-motifs/batik-sekar/26.jpg,26.jpg,batik-sekar,755,0,train
/kaggle/input/datasets/dionisiusdh/indonesian-batik-motifs/batik-sekar/27.jpg,27.jpg,batik-sekar,756,0,test
/kaggle/input/datasets/dionisiusdh/indonesian-batik-motifs/batik-sekar/28.jpg,28.jpg,batik-sekar,756,0,test
/kaggle/input/datasets/dionisiusdh/indonesian-batik-motifs/batik-sekar/29.jpg,29.jpg,batik-sekar,758,0,train
/kaggle/input/datasets/dionisiusdh/indonesian-batik-motifs/batik-sekar/3.jpg,3.jpg,batik-sekar,759,0,train
/kaggle/input/datasets/dionisiusdh/indonesian-batik-motifs/batik-sekar/30.jpg,30.jpg,batik-sekar,760,0,test
/kaggle/input/datasets/dionisiusdh/indonesian-batik-motifs/batik-sekar/31.jpg,31.jpg,batik-sekar,232,0,train
/kaggle/input/datasets/dionisiusdh/indonesian-batik-motifs/batik-sekar/33.jpg,33.jpg,batik-sekar,762,0,train
/kaggle/input/datasets/dionisiusdh/indonesian-batik-motifs/batik-sekar/34.jpg,34.jpg,batik-sekar,763,0,train
/kaggle/input/datasets/dionisiusdh/indonesian-batik-motifs/batik-sekar/35.jpg,35.jpg,batik-sekar,764,0,train
/kaggle/input/datasets/dionisiusdh/indonesian-batik-motifs/batik-sekar/36.jpg,36.jpg,batik-sekar,765,0,train
/kaggle/input/datasets/dionisiusdh/indonesian-batik-motifs/batik-sekar/37.jpg,37.jpg,batik-sekar,663,0,test
/kaggle/input/datasets/dionisiusdh/indonesian-batik-motifs/batik-sekar/38.jpg,38.jpg,batik-sekar,767,0,test
/kaggle/input/datasets/dionisiusdh/indonesian-batik-motifs/batik-sekar/39.jpg,39.jpg,batik-sekar,756,0,test
/kaggle/input/datasets/dionisiusdh/indonesian-batik-motifs/batik-sekar/40.jpg,40.jpg,batik-sekar,769,0,train
/kaggle/input/datasets/dionisiusdh/indonesian-batik-motifs/batik-sekar/41.jpg,41.jpg,batik-sekar,770,0,train
/kaggle/input/datasets/dionisiusdh/indonesian-batik-motifs/batik-sekar/42.jpg,42.jpg,batik-sekar,744,0,train
/kaggle/input/datasets/dionisiusdh/indonesian-batik-motifs/batik-sekar/43.jpg,43.jpg,batik-sekar,772,0,train
/kaggle/input/datasets/dionisiusdh/indonesian-batik-motifs/batik-sekar/44.jpg,44.jpg,batik-sekar,756,0,test
/kaggle/input/datasets/dionisiusdh/indonesian-batik-motifs/batik-sekar/45.jpg,45.jpg,batik-sekar,774,0,test
/kaggle/input/datasets/dionisiusdh/indonesian-batik-motifs/batik-sekar/46.jpg,46.jpg,batik-sekar,775,0,train
/kaggle/input/datasets/dionisiusdh/indonesian-batik-motifs/batik-sekar/47.jpg,47.jpg,batik-sekar,776,0,test
/kaggle/input/datasets/dionisiusdh/indonesian-batik-motifs/batik-sekar/48.jpg,48.jpg,batik-sekar,777,0,test
/kaggle/input/datasets/dionisiusdh/indonesian-batik-motifs/batik-sekar/49.jpg,49.jpg,batik-sekar,778,0,train
/kaggle/input/datasets/dionisiusdh/indonesian-batik-motifs/batik-sekar/5.jpg,5.jpg,batik-sekar,779,0,train
/kaggle/input/datasets/dionisiusdh/indonesian-batik-motifs/batik-sekar/50.jpg,50.jpg,batik-sekar,772,0,train
/kaggle/input/datasets/dionisiusdh/indonesian-batik-motifs/batik-sekar/6.jpg,6.jpg,batik-sekar,738,0,train
/kaggle/input/datasets/dionisiusdh/indonesian-batik-motifs/batik-sekar/7.jpg,7.jpg,batik-sekar,782,0,train
/kaggle/input/datasets/dionisiusdh/indonesian-batik-motifs/batik-sekar/8.jpg,8.jpg,batik-sekar,783,0,test
/kaggle/input/datasets/dionisiusdh/indonesian-batik-motifs/batik-sekar/9.jpg,9.jpg,batik-sekar,784,0,test
/kaggle/input/datasets/dionisiusdh/indonesian-batik-motifs/batik-sidoluhur/1.jpg,1.jpg,batik-sidoluhur,785,0,train
/kaggle/input/datasets/dionisiusdh/indonesian-batik-motifs/batik-sidoluhur/10.jpg,10.jpg,batik-sidoluhur,786,0,train
/kaggle/input/datasets/dionisiusdh/indonesian-batik-motifs/batik-sidoluhur/11.jpg,11.jpg,batik-sidoluhur,787,0,train
/kaggle/input/datasets/dionisiusdh/indonesian-batik-motifs/batik-sidoluhur/12.jpg,12.jpg,batik-sidoluhur,482,0,train
/kaggle/input/datasets/dionisiusdh/indonesian-batik-motifs/batik-sidoluhur/13.jpg,13.jpg,batik-sidoluhur,789,0,test
/kaggle/input/datasets/dionisiusdh/indonesian-batik-motifs/batik-sidoluhur/14.jpg,14.jpg,batik-sidoluhur,790,0,train
/kaggle/input/datasets/dionisiusdh/indonesian-batik-motifs/batik-sidoluhur/15.jpg,15.jpg,batik-sidoluhur,791,0,train
/kaggle/input/datasets/dionisiusdh/indonesian-batik-motifs/batik-sidoluhur/16.jpg,16.jpg,batik-sidoluhur,792,0,train
/kaggle/input/datasets/dionisiusdh/indonesian-batik-motifs/batik-sidoluhur/17.jpg,17.jpg,batik-sidoluhur,793,0,test
/kaggle/input/datasets/dionisiusdh/indonesian-batik-motifs/batik-sidoluhur/18.jpg,18.jpg,batik-sidoluhur,794,0,test
/kaggle/input/datasets/dionisiusdh/indonesian-batik-motifs/batik-sidoluhur/19.jpg,19.jpg,batik-sidoluhur,795,0,train
/kaggle/input/datasets/dionisiusdh/indonesian-batik-motifs/batik-sidoluhur/2.jpg,2.jpg,batik-sidoluhur,785,0,train
/kaggle/input/datasets/dionisiusdh/indonesian-batik-motifs/batik-sidoluhur/20.jpg,20.jpg,batik-sidoluhur,797,0,test
/kaggle/input/datasets/dionisiusdh/indonesian-batik-motifs/batik-sidoluhur/21.jpg,21.jpg,batik-sidoluhur,798,0,train
/kaggle/input/datasets/dionisiusdh/indonesian-batik-motifs/batik-sidoluhur/22.jpg,22.jpg,batik-sidoluhur,799,0,train
/kaggle/input/datasets/dionisiusdh/indonesian-batik-motifs/batik-sidoluhur/23.jpg,23.jpg,batik-sidoluhur,800,0,train
/kaggle/input/datasets/dionisiusdh/indonesian-batik-motifs/batik-sidoluhur/24.jpg,24.jpg,batik-sidoluhur,801,0,train
/kaggle/input/datasets/dionisiusdh/indonesian-batik-motifs/batik-sidoluhur/25.jpg,25.jpg,batik-sidoluhur,802,0,train
/kaggle/input/datasets/dionisiusdh/indonesian-batik-motifs/batik-sidoluhur/26.jpg,26.jpg,batik-sidoluhur,803,0,train
/kaggle/input/datasets/dionisiusdh/indonesian-batik-motifs/batik-sidoluhur/27.jpg,27.jpg,batik-sidoluhur,804,0,train
/kaggle/input/datasets/dionisiusdh/indonesian-batik-motifs/batik-sidoluhur/28.jpg,28.jpg,batik-sidoluhur,805,0,test
/kaggle/input/datasets/dionisiusdh/indonesian-batik-motifs/batik-sidoluhur/29.jpg,29.jpg,batik-sidoluhur,806,0,train
/kaggle/input/datasets/dionisiusdh/indonesian-batik-motifs/batik-sidoluhur/3.jpg,3.jpg,batik-sidoluhur,807,0,test
/kaggle/input/datasets/dionisiusdh/indonesian-batik-motifs/batik-sidoluhur/30.jpg,30.jpg,batik-sidoluhur,808,0,train
/kaggle/input/datasets/dionisiusdh/indonesian-batik-motifs/batik-sidoluhur/31.jpg,31.jpg,batik-sidoluhur,809,0,train
/kaggle/input/datasets/dionisiusdh/indonesian-batik-motifs/batik-sidoluhur/32.jpg,32.jpg,batik-sidoluhur,810,0,test
/kaggle/input/datasets/dionisiusdh/indonesian-batik-motifs/batik-sidoluhur/33.jpg,33.jpg,batik-sidoluhur,811,0,test
/kaggle/input/datasets/dionisiusdh/indonesian-batik-motifs/batik-sidoluhur/34.jpg,34.jpg,batik-sidoluhur,812,0,test
/kaggle/input/datasets/dionisiusdh/indonesian-batik-motifs/batik-sidoluhur/35.jpg,35.jpg,batik-sidoluhur,813,0,test
/kaggle/input/datasets/dionisiusdh/indonesian-batik-motifs/batik-sidoluhur/36.jpg,36.jpg,batik-sidoluhur,814,0,train
/kaggle/input/datasets/dionisiusdh/indonesian-batik-motifs/batik-sidoluhur/37.jpg,37.jpg,batik-sidoluhur,815,0,train
/kaggle/input/datasets/dionisiusdh/indonesian-batik-motifs/batik-sidoluhur/38.jpg,38.jpg,batik-sidoluhur,816,0,train
/kaggle/input/datasets/dionisiusdh/indonesian-batik-motifs/batik-sidoluhur/39.jpg,39.jpg,batik-sidoluhur,817,0,train
/kaggle/input/datasets/dionisiusdh/indonesian-batik-motifs/batik-sidoluhur/4.jpg,4.jpg,batik-sidoluhur,818,0,train
/kaggle/input/datasets/dionisiusdh/indonesian-batik-motifs/batik-sidoluhur/40.jpg,40.jpg,batik-sidoluhur,819,0,train
/kaggle/input/datasets/dionisiusdh/indonesian-batik-motifs/batik-sidoluhur/41.jpg,41.jpg,batik-sidoluhur,820,0,train
/kaggle/input/datasets/dionisiusdh/indonesian-batik-motifs/batik-sidoluhur/42.jpg,42.jpg,batik-sidoluhur,821,0,train
/kaggle/input/datasets/dionisiusdh/indonesian-batik-motifs/batik-sidoluhur/43.jpg,43.jpg,batik-sidoluhur,732,0,train
/kaggle/input/datasets/dionisiusdh/indonesian-batik-motifs/batik-sidoluhur/44.jpg,44.jpg,batik-sidoluhur,823,0,train
/kaggle/input/datasets/dionisiusdh/indonesian-batik-motifs/batik-sidoluhur/45.jpg,45.jpg,batik-sidoluhur,824,0,train
/kaggle/input/datasets/dionisiusdh/indonesian-batik-motifs/batik-sidoluhur/46.jpg,46.jpg,batik-sidoluhur,825,0,train
/kaggle/input/datasets/dionisiusdh/indonesian-batik-motifs/batik-sidoluhur/47.jpg,47.jpg,batik-sidoluhur,826,0,test
/kaggle/input/datasets/dionisiusdh/indonesian-batik-motifs/batik-sidoluhur/48.jpg,48.jpg,batik-sidoluhur,827,0,train
/kaggle/input/datasets/dionisiusdh/indonesian-batik-motifs/batik-sidoluhur/49.jpg,49.jpg,batik-sidoluhur,828,0,train
/kaggle/input/datasets/dionisiusdh/indonesian-batik-motifs/batik-sidoluhur/5.jpg,5.jpg,batik-sidoluhur,829,0,test
/kaggle/input/datasets/dionisiusdh/indonesian-batik-motifs/batik-sidoluhur/50.jpg,50.jpg,batik-sidoluhur,830,0,train
/kaggle/input/datasets/dionisiusdh/indonesian-batik-motifs/batik-sidoluhur/6.jpg,6.jpg,batik-sidoluhur,831,0,train
/kaggle/input/datasets/dionisiusdh/indonesian-batik-motifs/batik-sidoluhur/7.jpg,7.jpg,batik-sidoluhur,832,0,test
/kaggle/input/datasets/dionisiusdh/indonesian-batik-motifs/batik-sidoluhur/8.jpg,8.jpg,batik-sidoluhur,833,0,train
/kaggle/input/datasets/dionisiusdh/indonesian-batik-motifs/batik-sidoluhur/9.jpg,9.jpg,batik-sidoluhur,834,0,test
/kaggle/input/datasets/dionisiusdh/indonesian-batik-motifs/batik-sidomukti/1.jpg,1.jpg,batik-sidomukti,835,0,train
/kaggle/input/datasets/dionisiusdh/indonesian-batik-motifs/batik-sidomukti/10.jpg,10.jpg,batik-sidomukti,836,0,test
/kaggle/input/datasets/dionisiusdh/indonesian-batik-motifs/batik-sidomukti/11.jpg,11.jpg,batik-sidomukti,837,0,train
/kaggle/input/datasets/dionisiusdh/indonesian-batik-motifs/batik-sidomukti/12.jpg,12.jpg,batik-sidomukti,838,0,test
/kaggle/input/datasets/dionisiusdh/indonesian-batik-motifs/batik-sidomukti/13.jpg,13.jpg,batik-sidomukti,839,0,train
/kaggle/input/datasets/dionisiusdh/indonesian-batik-motifs/batik-sidomukti/14.jpg,14.jpg,batik-sidomukti,840,0,test
/kaggle/input/datasets/dionisiusdh/indonesian-batik-motifs/batik-sidomukti/15.jpg,15.jpg,batik-sidomukti,841,0,train
/kaggle/input/datasets/dionisiusdh/indonesian-batik-motifs/batik-sidomukti/16.jpg,16.jpg,batik-sidomukti,842,0,train
/kaggle/input/datasets/dionisiusdh/indonesian-batik-motifs/batik-sidomukti/17.jpg,17.jpg,batik-sidomukti,843,0,train
/kaggle/input/datasets/dionisiusdh/indonesian-batik-motifs/batik-sidomukti/18.jpg,18.jpg,batik-sidomukti,844,0,train
/kaggle/input/datasets/dionisiusdh/indonesian-batik-motifs/batik-sidomukti/19.jpg,19.jpg,batik-sidomukti,845,0,train
/kaggle/input/datasets/dionisiusdh/indonesian-batik-motifs/batik-sidomukti/2.jpg,2.jpg,batik-sidomukti,846,0,train
/kaggle/input/datasets/dionisiusdh/indonesian-batik-motifs/batik-sidomukti/20.jpg,20.jpg,batik-sidomukti,847,0,train
/kaggle/input/datasets/dionisiusdh/indonesian-batik-motifs/batik-sidomukti/21.jpg,21.jpg,batik-sidomukti,848,0,train
/kaggle/input/datasets/dionisiusdh/indonesian-batik-motifs/batik-sidomukti/22.jpg,22.jpg,batik-sidomukti,807,0,test
/kaggle/input/datasets/dionisiusdh/indonesian-batik-motifs/batik-sidomukti/23.jpg,23.jpg,batik-sidomukti,850,0,train
/kaggle/input/datasets/dionisiusdh/indonesian-batik-motifs/batik-sidomukti/24.jpg,24.jpg,batik-sidomukti,482,0,train
/kaggle/input/datasets/dionisiusdh/indonesian-batik-motifs/batik-sidomukti/25.jpg,25.jpg,batik-sidomukti,852,0,test
/kaggle/input/datasets/dionisiusdh/indonesian-batik-motifs/batik-sidomukti/26.jpg,26.jpg,batik-sidomukti,853,0,train
/kaggle/input/datasets/dionisiusdh/indonesian-batik-motifs/batik-sidomukti/27.jpg,27.jpg,batik-sidomukti,854,0,train
/kaggle/input/datasets/dionisiusdh/indonesian-batik-motifs/batik-sidomukti/28.jpg,28.jpg,batik-sidomukti,855,0,test
/kaggle/input/datasets/dionisiusdh/indonesian-batik-motifs/batik-sidomukti/29.jpg,29.jpg,batik-sidomukti,856,0,test
/kaggle/input/datasets/dionisiusdh/indonesian-batik-motifs/batik-sidomukti/3.jpg,3.jpg,batik-sidomukti,857,0,test
/kaggle/input/datasets/dionisiusdh/indonesian-batik-motifs/batik-sidomukti/30.jpg,30.jpg,batik-sidomukti,858,0,train
/kaggle/input/datasets/dionisiusdh/indonesian-batik-motifs/batik-sidomukti/31.jpg,31.jpg,batik-sidomukti,859,0,test
/kaggle/input/datasets/dionisiusdh/indonesian-batik-motifs/batik-sidomukti/32.jpg,32.jpg,batik-sidomukti,860,0,train
/kaggle/input/datasets/dionisiusdh/indonesian-batik-motifs/batik-sidomukti/33.jpg,33.jpg,batik-sidomukti,861,0,train
/kaggle/input/datasets/dionisiusdh/indonesian-batik-motifs/batik-sidomukti/34.jpg,34.jpg,batik-sidomukti,862,0,train
/kaggle/input/datasets/dionisiusdh/indonesian-batik-motifs/batik-sidomukti/35.jpg,35.jpg,batik-sidomukti,863,0,train
/kaggle/input/datasets/dionisiusdh/indonesian-batik-motifs/batik-sidomukti/36.jpg,36.jpg,batik-sidomukti,469,0,train
/kaggle/input/datasets/dionisiusdh/indonesian-batik-motifs/batik-sidomukti/37.jpg,37.jpg,batik-sidomukti,865,0,test
/kaggle/input/datasets/dionisiusdh/indonesian-batik-motifs/batik-sidomukti/38.jpg,38.jpg,batik-sidomukti,866,0,test
/kaggle/input/datasets/dionisiusdh/indonesian-batik-motifs/batik-sidomukti/39.jpg,39.jpg,batik-sidomukti,867,0,train
/kaggle/input/datasets/dionisiusdh/indonesian-batik-motifs/batik-sidomukti/40.jpg,40.jpg,batik-sidomukti,868,0,train
/kaggle/input/datasets/dionisiusdh/indonesian-batik-motifs/batik-sidomukti/41.jpg,41.jpg,batik-sidomukti,869,0,train
/kaggle/input/datasets/dionisiusdh/indonesian-batik-motifs/batik-sidomukti/42.jpg,42.jpg,batik-sidomukti,870,0,train
/kaggle/input/datasets/dionisiusdh/indonesian-batik-motifs/batik-sidomukti/43.jpg,43.jpg,batik-sidomukti,871,0,train
/kaggle/input/datasets/dionisiusdh/indonesian-batik-motifs/batik-sidomukti/45.jpg,45.jpg,batik-sidomukti,872,0,train
/kaggle/input/datasets/dionisiusdh/indonesian-batik-motifs/batik-sidomukti/47.jpg,47.jpg,batik-sidomukti,873,0,train
/kaggle/input/datasets/dionisiusdh/indonesian-batik-motifs/batik-sidomukti/48.jpg,48.jpg,batik-sidomukti,874,0,train
/kaggle/input/datasets/dionisiusdh/indonesian-batik-motifs/batik-sidomukti/5.jpg,5.jpg,batik-sidomukti,875,0,test
/kaggle/input/datasets/dionisiusdh/indonesian-batik-motifs/batik-sidomukti/50.jpg,50.jpg,batik-sidomukti,876,0,train
/kaggle/input/datasets/dionisiusdh/indonesian-batik-motifs/batik-sidomukti/6.jpg,6.jpg,batik-sidomukti,877,0,test
/kaggle/input/datasets/dionisiusdh/indonesian-batik-motifs/batik-sidomukti/7.jpg,7.jpg,batik-sidomukti,878,0,train
/kaggle/input/datasets/dionisiusdh/indonesian-batik-motifs/batik-sidomukti/8.jpg,8.jpg,batik-sidomukti,879,0,test
/kaggle/input/datasets/dionisiusdh/indonesian-batik-motifs/batik-sidomukti/9.jpg,9.jpg,batik-sidomukti,789,0,test
/kaggle/input/datasets/dionisiusdh/indonesian-batik-motifs/batik-sogan/1.jpg,1.jpg,batik-sogan,881,0,train
/kaggle/input/datasets/dionisiusdh/indonesian-batik-motifs/batik-sogan/10.jpg,10.jpg,batik-sogan,882,0,test
/kaggle/input/datasets/dionisiusdh/indonesian-batik-motifs/batik-sogan/11.jpg,11.jpg,batik-sogan,883,0,train
/kaggle/input/datasets/dionisiusdh/indonesian-batik-motifs/batik-sogan/12.jpg,12.jpg,batik-sogan,884,0,train
/kaggle/input/datasets/dionisiusdh/indonesian-batik-motifs/batik-sogan/13.jpg,13.jpg,batik-sogan,885,0,train
/kaggle/input/datasets/dionisiusdh/indonesian-batik-motifs/batik-sogan/14.jpg,14.jpg,batik-sogan,886,0,train
/kaggle/input/datasets/dionisiusdh/indonesian-batik-motifs/batik-sogan/15.jpg,15.jpg,batik-sogan,887,0,test
/kaggle/input/datasets/dionisiusdh/indonesian-batik-motifs/batik-sogan/16.jpg,16.jpg,batik-sogan,888,0,test
/kaggle/input/datasets/dionisiusdh/indonesian-batik-motifs/batik-sogan/17.jpg,17.jpg,batik-sogan,889,0,test
/kaggle/input/datasets/dionisiusdh/indonesian-batik-motifs/batik-sogan/18.jpg,18.jpg,batik-sogan,13,0,train
/kaggle/input/datasets/dionisiusdh/indonesian-batik-motifs/batik-sogan/19.jpg,19.jpg,batik-sogan,891,0,train
/kaggle/input/datasets/dionisiusdh/indonesian-batik-motifs/batik-sogan/2.jpg,2.jpg,batik-sogan,892,0,test
/kaggle/input/datasets/dionisiusdh/indonesian-batik-motifs/batik-sogan/20.jpg,20.jpg,batik-sogan,893,0,train
/kaggle/input/datasets/dionisiusdh/indonesian-batik-motifs/batik-sogan/21.jpg,21.jpg,batik-sogan,894,0,train
/kaggle/input/datasets/dionisiusdh/indonesian-batik-motifs/batik-sogan/22.jpg,22.jpg,batik-sogan,895,0,train
/kaggle/input/datasets/dionisiusdh/indonesian-batik-motifs/batik-sogan/23.jpg,23.jpg,batik-sogan,896,0,test
/kaggle/input/datasets/dionisiusdh/indonesian-batik-motifs/batik-sogan/24.jpg,24.jpg,batik-sogan,897,0,train
/kaggle/input/datasets/dionisiusdh/indonesian-batik-motifs/batik-sogan/25.jpg,25.jpg,batik-sogan,898,0,train
/kaggle/input/datasets/dionisiusdh/indonesian-batik-motifs/batik-sogan/26.jpg,26.jpg,batik-sogan,899,0,test
/kaggle/input/datasets/dionisiusdh/indonesian-batik-motifs/batik-sogan/27.jpg,27.jpg,batik-sogan,900,0,test
/kaggle/input/datasets/dionisiusdh/indonesian-batik-motifs/batik-sogan/28.jpg,28.jpg,batik-sogan,901,0,test
/kaggle/input/datasets/dionisiusdh/indonesian-batik-motifs/batik-sogan/29.jpg,29.jpg,batik-sogan,902,0,train
/kaggle/input/datasets/dionisiusdh/indonesian-batik-motifs/batik-sogan/3.jpg,3.jpg,batik-sogan,903,0,train
/kaggle/input/datasets/dionisiusdh/indonesian-batik-motifs/batik-sogan/30.jpg,30.jpg,batik-sogan,904,0,test
/kaggle/input/datasets/dionisiusdh/indonesian-batik-motifs/batik-sogan/31.jpg,31.jpg,batik-sogan,905,0,train
/kaggle/input/datasets/dionisiusdh/indonesian-batik-motifs/batik-sogan/32.jpg,32.jpg,batik-sogan,906,0,test
/kaggle/input/datasets/dionisiusdh/indonesian-batik-motifs/batik-sogan/33.jpg,33.jpg,batik-sogan,907,0,train
/kaggle/input/datasets/dionisiusdh/indonesian-batik-motifs/batik-sogan/34.jpg,34.jpg,batik-sogan,908,0,train
/kaggle/input/datasets/dionisiusdh/indonesian-batik-motifs/batik-sogan/35.jpg,35.jpg,batik-sogan,909,0,train
/kaggle/input/datasets/dionisiusdh/indonesian-batik-motifs/batik-sogan/36.jpg,36.jpg,batik-sogan,910,0,test
/kaggle/input/datasets/dionisiusdh/indonesian-batik-motifs/batik-sogan/37.jpg,37.jpg,batik-sogan,911,0,train
/kaggle/input/datasets/dionisiusdh/indonesian-batik-motifs/batik-sogan/38.jpg,38.jpg,batik-sogan,912,0,train
/kaggle/input/datasets/dionisiusdh/indonesian-batik-motifs/batik-sogan/39.jpg,39.jpg,batik-sogan,913,0,train
/kaggle/input/datasets/dionisiusdh/indonesian-batik-motifs/batik-sogan/4.jpg,4.jpg,batik-sogan,914,0,train
/kaggle/input/datasets/dionisiusdh/indonesian-batik-motifs/batik-sogan/40.jpg,40.jpg,batik-sogan,915,0,train
/kaggle/input/datasets/dionisiusdh/indonesian-batik-motifs/batik-sogan/41.jpg,41.jpg,batik-sogan,916,0,train
/kaggle/input/datasets/dionisiusdh/indonesian-batik-motifs/batik-sogan/42.jpg,42.jpg,batik-sogan,917,0,train
/kaggle/input/datasets/dionisiusdh/indonesian-batik-motifs/batik-sogan/43.jpg,43.jpg,batik-sogan,918,0,train
/kaggle/input/datasets/dionisiusdh/indonesian-batik-motifs/batik-sogan/44.jpg,44.jpg,batik-sogan,919,0,train
/kaggle/input/datasets/dionisiusdh/indonesian-batik-motifs/batik-sogan/45.jpg,45.jpg,batik-sogan,920,0,train
/kaggle/input/datasets/dionisiusdh/indonesian-batik-motifs/batik-sogan/46.jpg,46.jpg,batik-sogan,921,0,train
/kaggle/input/datasets/dionisiusdh/indonesian-batik-motifs/batik-sogan/47.jpg,47.jpg,batik-sogan,922,0,train
/kaggle/input/datasets/dionisiusdh/indonesian-batik-motifs/batik-sogan/48.jpg,48.jpg,batik-sogan,923,0,train
/kaggle/input/datasets/dionisiusdh/indonesian-batik-motifs/batik-sogan/49.jpg,49.jpg,batik-sogan,924,0,train
/kaggle/input/datasets/dionisiusdh/indonesian-batik-motifs/batik-sogan/5.jpg,5.jpg,batik-sogan,925,0,test
/kaggle/input/datasets/dionisiusdh/indonesian-batik-motifs/batik-sogan/50.jpg,50.jpg,batik-sogan,926,0,test
/kaggle/input/datasets/dionisiusdh/indonesian-batik-motifs/batik-sogan/6.jpg,6.jpg,batik-sogan,927,0,test
/kaggle/input/datasets/dionisiusdh/indonesian-batik-motifs/batik-sogan/7.jpg,7.jpg,batik-sogan,928,0,train
/kaggle/input/datasets/dionisiusdh/indonesian-batik-motifs/batik-sogan/8.jpg,8.jpg,batik-sogan,929,0,train
/kaggle/input/datasets/dionisiusdh/indonesian-batik-motifs/batik-sogan/9.jpg,9.jpg,batik-sogan,930,0,train
/kaggle/input/datasets/dionisiusdh/indonesian-batik-motifs/batik-tambal/1.jpg,1.jpg,batik-tambal,931,0,train
/kaggle/input/datasets/dionisiusdh/indonesian-batik-motifs/batik-tambal/10.jpg,10.jpg,batik-tambal,932,0,test
/kaggle/input/datasets/dionisiusdh/indonesian-batik-motifs/batik-tambal/11.jpg,11.jpg,batik-tambal,933,0,train
/kaggle/input/datasets/dionisiusdh/indonesian-batik-motifs/batik-tambal/12.jpg,12.jpg,batik-tambal,934,0,train
/kaggle/input/datasets/dionisiusdh/indonesian-batik-motifs/batik-tambal/13.jpg,13.jpg,batik-tambal,935,0,test
/kaggle/input/datasets/dionisiusdh/indonesian-batik-motifs/batik-tambal/14.jpg,14.jpg,batik-tambal,936,0,test
/kaggle/input/datasets/dionisiusdh/indonesian-batik-motifs/batik-tambal/15.jpg,15.jpg,batik-tambal,937,0,train
/kaggle/input/datasets/dionisiusdh/indonesian-batik-motifs/batik-tambal/16.jpg,16.jpg,batik-tambal,938,0,test
/kaggle/input/datasets/dionisiusdh/indonesian-batik-motifs/batik-tambal/17.jpg,17.jpg,batik-tambal,939,0,train
/kaggle/input/datasets/dionisiusdh/indonesian-batik-motifs/batik-tambal/18.jpg,18.jpg,batik-tambal,940,0,train
/kaggle/input/datasets/dionisiusdh/indonesian-batik-motifs/batik-tambal/19.jpg,19.jpg,batik-tambal,941,0,test
/kaggle/input/datasets/dionisiusdh/indonesian-batik-motifs/batik-tambal/2.jpg,2.jpg,batik-tambal,942,0,train
/kaggle/input/datasets/dionisiusdh/indonesian-batik-motifs/batik-tambal/20.jpg,20.jpg,batik-tambal,943,0,train
/kaggle/input/datasets/dionisiusdh/indonesian-batik-motifs/batik-tambal/21.jpg,21.jpg,batik-tambal,944,0,train
/kaggle/input/datasets/dionisiusdh/indonesian-batik-motifs/batik-tambal/22.jpg,22.jpg,batik-tambal,945,0,train
/kaggle/input/datasets/dionisiusdh/indonesian-batik-motifs/batik-tambal/23.jpg,23.jpg,batik-tambal,946,0,train
/kaggle/input/datasets/dionisiusdh/indonesian-batik-motifs/batik-tambal/24.jpg,24.jpg,batik-tambal,947,0,test
/kaggle/input/datasets/dionisiusdh/indonesian-batik-motifs/batik-tambal/25.jpg,25.jpg,batik-tambal,948,0,train
/kaggle/input/datasets/dionisiusdh/indonesian-batik-motifs/batik-tambal/26.jpg,26.jpg,batik-tambal,949,0,test
/kaggle/input/datasets/dionisiusdh/indonesian-batik-motifs/batik-tambal/27.jpg,27.jpg,batik-tambal,950,0,train
/kaggle/input/datasets/dionisiusdh/indonesian-batik-motifs/batik-tambal/28.jpg,28.jpg,batik-tambal,951,0,train
/kaggle/input/datasets/dionisiusdh/indonesian-batik-motifs/batik-tambal/29.jpg,29.jpg,batik-tambal,952,0,train
/kaggle/input/datasets/dionisiusdh/indonesian-batik-motifs/batik-tambal/3.jpg,3.jpg,batik-tambal,953,0,train
/kaggle/input/datasets/dionisiusdh/indonesian-batik-motifs/batik-tambal/30.jpg,30.jpg,batik-tambal,954,0,train
/kaggle/input/datasets/dionisiusdh/indonesian-batik-motifs/batik-tambal/31.jpg,31.jpg,batik-tambal,955,0,train
/kaggle/input/datasets/dionisiusdh/indonesian-batik-motifs/batik-tambal/32.jpg,32.jpg,batik-tambal,956,0,test
/kaggle/input/datasets/dionisiusdh/indonesian-batik-motifs/batik-tambal/33.jpg,33.jpg,batik-tambal,957,0,test
/kaggle/input/datasets/dionisiusdh/indonesian-batik-motifs/batik-tambal/34.jpg,34.jpg,batik-tambal,958,0,train
/kaggle/input/datasets/dionisiusdh/indonesian-batik-motifs/batik-tambal/35.jpg,35.jpg,batik-tambal,959,0,train
/kaggle/input/datasets/dionisiusdh/indonesian-batik-motifs/batik-tambal/36.jpg,36.jpg,batik-tambal,960,0,test
/kaggle/input/datasets/dionisiusdh/indonesian-batik-motifs/batik-tambal/37.jpg,37.jpg,batik-tambal,961,0,train
/kaggle/input/datasets/dionisiusdh/indonesian-batik-motifs/batik-tambal/38.jpg,38.jpg,batik-tambal,962,0,test
/kaggle/input/datasets/dionisiusdh/indonesian-batik-motifs/batik-tambal/39.jpg,39.jpg,batik-tambal,963,0,train
/kaggle/input/datasets/dionisiusdh/indonesian-batik-motifs/batik-tambal/4.jpg,4.jpg,batik-tambal,964,0,train
/kaggle/input/datasets/dionisiusdh/indonesian-batik-motifs/batik-tambal/40.jpg,40.jpg,batik-tambal,965,0,test
/kaggle/input/datasets/dionisiusdh/indonesian-batik-motifs/batik-tambal/41.jpg,41.jpg,batik-tambal,966,0,train
/kaggle/input/datasets/dionisiusdh/indonesian-batik-motifs/batik-tambal/42.jpg,42.jpg,batik-tambal,967,0,train
/kaggle/input/datasets/dionisiusdh/indonesian-batik-motifs/batik-tambal/43.jpg,43.jpg,batik-tambal,968,0,train
/kaggle/input/datasets/dionisiusdh/indonesian-batik-motifs/batik-tambal/44.jpg,44.jpg,batik-tambal,969,0,train
/kaggle/input/datasets/dionisiusdh/indonesian-batik-motifs/batik-tambal/45.jpg,45.jpg,batik-tambal,970,0,train
/kaggle/input/datasets/dionisiusdh/indonesian-batik-motifs/batik-tambal/46.jpg,46.jpg,batik-tambal,971,0,train
/kaggle/input/datasets/dionisiusdh/indonesian-batik-motifs/batik-tambal/47.jpg,47.jpg,batik-tambal,972,0,train
/kaggle/input/datasets/dionisiusdh/indonesian-batik-motifs/batik-tambal/48.jpg,48.jpg,batik-tambal,973,0,train
/kaggle/input/datasets/dionisiusdh/indonesian-batik-motifs/batik-tambal/49.jpg,49.jpg,batik-tambal,974,0,test
/kaggle/input/datasets/dionisiusdh/indonesian-batik-motifs/batik-tambal/5.jpg,5.jpg,batik-tambal,975,0,train
/kaggle/input/datasets/dionisiusdh/indonesian-batik-motifs/batik-tambal/50.jpg,50.jpg,batik-tambal,976,0,train
/kaggle/input/datasets/dionisiusdh/indonesian-batik-motifs/batik-tambal/6.jpg,6.jpg,batik-tambal,977,0,test
/kaggle/input/datasets/dionisiusdh/indonesian-batik-motifs/batik-tambal/7.jpg,7.jpg,batik-tambal,978,0,train
/kaggle/input/datasets/dionisiusdh/indonesian-batik-motifs/batik-tambal/8.jpg,8.jpg,batik-tambal,979,0,train
/kaggle/input/datasets/dionisiusdh/indonesian-batik-motifs/batik-tambal/9.jpg,9.jpg,batik-tambal,980,0,test
/kaggle/input/datasets/dionisiusdh/indonesian-batik-motifs/batik-bali/1.jpg,1.jpg,batik-bali,0,1,train
/kaggle/input/datasets/dionisiusdh/indonesian-batik-motifs/batik-bali/10.jpg,10.jpg,batik-bali,1,1,test
/kaggle/input/datasets/dionisiusdh/indonesian-batik-motifs/batik-bali/11.jpg,11.jpg,batik-bali,2,1,train
/kaggle/input/datasets/dionisiusdh/indonesian-batik-motifs/batik-bali/12.jpg,12.jpg,batik-bali,3,1,train
/kaggle/input/datasets/dionisiusdh/indonesian-batik-motifs/batik-bali/13.jpg,13.jpg,batik-bali,4,1,train
/kaggle/input/datasets/dionisiusdh/indonesian-batik-motifs/batik-bali/14.jpg,14.jpg,batik-bali,5,1,train
/kaggle/input/datasets/dionisiusdh/indonesian-batik-motifs/batik-bali/15.jpg,15.jpg,batik-bali,6,1,train
/kaggle/input/datasets/dionisiusdh/indonesian-batik-motifs/batik-bali/16.jpg,16.jpg,batik-bali,7,1,test
/kaggle/input/datasets/dionisiusdh/indonesian-batik-motifs/batik-bali/17.jpg,17.jpg,batik-bali,8,1,test
/kaggle/input/datasets/dionisiusdh/indonesian-batik-motifs/batik-bali/18.jpg,18.jpg,batik-bali,9,1,train
/kaggle/input/datasets/dionisiusdh/indonesian-batik-motifs/batik-bali/19.jpg,19.jpg,batik-bali,10,1,test
/kaggle/input/datasets/dionisiusdh/indonesian-batik-motifs/batik-bali/2.jpg,2.jpg,batik-bali,11,1,train
/kaggle/input/datasets/dionisiusdh/indonesian-batik-motifs/batik-bali/20.jpg,20.jpg,batik-bali,12,1,train
/kaggle/input/datasets/dionisiusdh/indonesian-batik-motifs/batik-bali/21.jpg,21.jpg,batik-bali,13,1,test
/kaggle/input/datasets/dionisiusdh/indonesian-batik-motifs/batik-bali/22.jpg,22.jpg,batik-bali,14,1,train
/kaggle/input/datasets/dionisiusdh/indonesian-batik-motifs/batik-bali/23.jpg,23.jpg,batik-bali,15,1,train
/kaggle/input/datasets/dionisiusdh/indonesian-batik-motifs/batik-bali/24.jpg,24.jpg,batik-bali,16,1,train
/kaggle/input/datasets/dionisiusdh/indonesian-batik-motifs/batik-bali/25.jpg,25.jpg,batik-bali,17,1,train
/kaggle/input/datasets/dionisiusdh/indonesian-batik-motifs/batik-bali/26.jpg,26.jpg,batik-bali,18,1,train
/kaggle/input/datasets/dionisiusdh/indonesian-batik-motifs/batik-bali/27.jpg,27.jpg,batik-bali,19,1,train
/kaggle/input/datasets/dionisiusdh/indonesian-batik-motifs/batik-bali/28.jpg,28.jpg,batik-bali,20,1,test
/kaggle/input/datasets/dionisiusdh/indonesian-batik-motifs/batik-bali/29.jpg,29.jpg,batik-bali,21,1,test
/kaggle/input/datasets/dionisiusdh/indonesian-batik-motifs/batik-bali/3.jpg,3.jpg,batik-bali,22,1,train
/kaggle/input/datasets/dionisiusdh/indonesian-batik-motifs/batik-bali/30.jpg,30.jpg,batik-bali,23,1,test
/kaggle/input/datasets/dionisiusdh/indonesian-batik-motifs/batik-bali/31.jpg,31.jpg,batik-bali,24,1,train
/kaggle/input/datasets/dionisiusdh/indonesian-batik-motifs/batik-bali/32.jpg,32.jpg,batik-bali,25,1,train
/kaggle/input/datasets/dionisiusdh/indonesian-batik-motifs/batik-bali/33.jpg,33.jpg,batik-bali,26,1,test
/kaggle/input/datasets/dionisiusdh/indonesian-batik-motifs/batik-bali/34.jpg,34.jpg,batik-bali,27,1,train
/kaggle/input/datasets/dionisiusdh/indonesian-batik-motifs/batik-bali/35.jpg,35.jpg,batik-bali,28,1,test
/kaggle/input/datasets/dionisiusdh/indonesian-batik-motifs/batik-bali/36.jpg,36.jpg,batik-bali,29,1,test
/kaggle/input/datasets/dionisiusdh/indonesian-batik-motifs/batik-bali/37.jpg,37.jpg,batik-bali,30,1,train
/kaggle/input/datasets/dionisiusdh/indonesian-batik-motifs/batik-bali/38.jpg,38.jpg,batik-bali,31,1,train
/kaggle/input/datasets/dionisiusdh/indonesian-batik-motifs/batik-bali/39.jpg,39.jpg,batik-bali,32,1,train
/kaggle/input/datasets/dionisiusdh/indonesian-batik-motifs/batik-bali/4.jpg,4.jpg,batik-bali,33,1,train
/kaggle/input/datasets/dionisiusdh/indonesian-batik-motifs/batik-bali/40.jpg,40.jpg,batik-bali,34,1,train
/kaggle/input/datasets/dionisiusdh/indonesian-batik-motifs/batik-bali/41.jpg,41.jpg,batik-bali,35,1,train
/kaggle/input/datasets/dionisiusdh/indonesian-batik-motifs/batik-bali/42.jpg,42.jpg,batik-bali,36,1,train
/kaggle/input/datasets/dionisiusdh/indonesian-batik-motifs/batik-bali/43.jpg,43.jpg,batik-bali,37,1,train
/kaggle/input/datasets/dionisiusdh/indonesian-batik-motifs/batik-bali/44.jpg,44.jpg,batik-bali,38,1,train
/kaggle/input/datasets/dionisiusdh/indonesian-batik-motifs/batik-bali/45.jpg,45.jpg,batik-bali,39,1,train
/kaggle/input/datasets/dionisiusdh/indonesian-batik-motifs/batik-bali/46.jpg,46.jpg,batik-bali,40,1,train
/kaggle/input/datasets/dionisiusdh/indonesian-batik-motifs/batik-bali/47.jpg,47.jpg,batik-bali,41,1,test
/kaggle/input/datasets/dionisiusdh/indonesian-batik-motifs/batik-bali/48.jpg,48.jpg,batik-bali,42,1,train
/kaggle/input/datasets/dionisiusdh/indonesian-batik-motifs/batik-bali/49.jpg,49.jpg,batik-bali,43,1,test
/kaggle/input/datasets/dionisiusdh/indonesian-batik-motifs/batik-bali/5.jpg,5.jpg,batik-bali,44,1,train
/kaggle/input/datasets/dionisiusdh/indonesian-batik-motifs/batik-bali/50.jpg,50.jpg,batik-bali,45,1,train
/kaggle/input/datasets/dionisiusdh/indonesian-batik-motifs/batik-bali/6.jpg,6.jpg,batik-bali,46,1,test
/kaggle/input/datasets/dionisiusdh/indonesian-batik-motifs/batik-bali/7.jpg,7.jpg,batik-bali,47,1,train
/kaggle/input/datasets/dionisiusdh/indonesian-batik-motifs/batik-bali/8.jpg,8.jpg,batik-bali,48,1,train
/kaggle/input/datasets/dionisiusdh/indonesian-batik-motifs/batik-bali/9.jpg,9.jpg,batik-bali,49,1,test
/kaggle/input/datasets/dionisiusdh/indonesian-batik-motifs/batik-betawi/1.jpg,1.jpg,batik-betawi,50,1,train
/kaggle/input/datasets/dionisiusdh/indonesian-batik-motifs/batik-betawi/10.jpg,10.jpg,batik-betawi,51,1,train
/kaggle/input/datasets/dionisiusdh/indonesian-batik-motifs/batik-betawi/11.jpg,11.jpg,batik-betawi,52,1,test
/kaggle/input/datasets/dionisiusdh/indonesian-batik-motifs/batik-betawi/12.jpg,12.jpg,batik-betawi,53,1,test
/kaggle/input/datasets/dionisiusdh/indonesian-batik-motifs/batik-betawi/13.jpg,13.jpg,batik-betawi,54,1,train
/kaggle/input/datasets/dionisiusdh/indonesian-batik-motifs/batik-betawi/14.jpg,14.jpg,batik-betawi,55,1,test
/kaggle/input/datasets/dionisiusdh/indonesian-batik-motifs/batik-betawi/15.jpg,15.jpg,batik-betawi,56,1,train
/kaggle/input/datasets/dionisiusdh/indonesian-batik-motifs/batik-betawi/16.jpg,16.jpg,batik-betawi,57,1,train
/kaggle/input/datasets/dionisiusdh/indonesian-batik-motifs/batik-betawi/17.jpg,17.jpg,batik-betawi,58,1,train
/kaggle/input/datasets/dionisiusdh/indonesian-batik-motifs/batik-betawi/18.jpg,18.jpg,batik-betawi,59,1,train
/kaggle/input/datasets/dionisiusdh/indonesian-batik-motifs/batik-betawi/19.jpg,19.jpg,batik-betawi,60,1,train
/kaggle/input/datasets/dionisiusdh/indonesian-batik-motifs/batik-betawi/2.jpg,2.jpg,batik-betawi,61,1,train
/kaggle/input/datasets/dionisiusdh/indonesian-batik-motifs/batik-betawi/20.jpg,20.jpg,batik-betawi,62,1,test
/kaggle/input/datasets/dionisiusdh/indonesian-batik-motifs/batik-betawi/21.jpg,21.jpg,batik-betawi,63,1,train
/kaggle/input/datasets/dionisiusdh/indonesian-batik-motifs/batik-betawi/22.jpg,22.jpg,batik-betawi,64,1,test
/kaggle/input/datasets/dionisiusdh/indonesian-batik-motifs/batik-betawi/23.jpg,23.jpg,batik-betawi,65,1,test
/kaggle/input/datasets/dionisiusdh/indonesian-batik-motifs/batik-betawi/24.jpg,24.jpg,batik-betawi,66,1,train
/kaggle/input/datasets/dionisiusdh/indonesian-batik-motifs/batik-betawi/25.jpg,25.jpg,batik-betawi,67,1,test
/kaggle/input/datasets/dionisiusdh/indonesian-batik-motifs/batik-betawi/26.jpg,26.jpg,batik-betawi,68,1,train
/kaggle/input/datasets/dionisiusdh/indonesian-batik-motifs/batik-betawi/27.jpg,27.jpg,batik-betawi,69,1,test
/kaggle/input/datasets/dionisiusdh/indonesian-batik-motifs/batik-betawi/28.jpg,28.jpg,batik-betawi,70,1,train
/kaggle/input/datasets/dionisiusdh/indonesian-batik-motifs/batik-betawi/29.jpg,29.jpg,batik-betawi,71,1,train
/kaggle/input/datasets/dionisiusdh/indonesian-batik-motifs/batik-betawi/3.jpg,3.jpg,batik-betawi,72,1,test
/kaggle/input/datasets/dionisiusdh/indonesian-batik-motifs/batik-betawi/30.jpg,30.jpg,batik-betawi,73,1,test
/kaggle/input/datasets/dionisiusdh/indonesian-batik-motifs/batik-betawi/31.jpg,31.jpg,batik-betawi,74,1,train
/kaggle/input/datasets/dionisiusdh/indonesian-batik-motifs/batik-betawi/32.jpg,32.jpg,batik-betawi,75,1,train
/kaggle/input/datasets/dionisiusdh/indonesian-batik-motifs/batik-betawi/33.jpg,33.jpg,batik-betawi,4,1,train
/kaggle/input/datasets/dionisiusdh/indonesian-batik-motifs/batik-betawi/34.jpg,34.jpg,batik-betawi,77,1,train
/kaggle/input/datasets/dionisiusdh/indonesian-batik-motifs/batik-betawi/35.jpg,35.jpg,batik-betawi,54,1,train
/kaggle/input/datasets/dionisiusdh/indonesian-batik-motifs/batik-betawi/36.jpg,36.jpg,batik-betawi,79,1,train
/kaggle/input/datasets/dionisiusdh/indonesian-batik-motifs/batik-betawi/37.jpg,37.jpg,batik-betawi,80,1,train
/kaggle/input/datasets/dionisiusdh/indonesian-batik-motifs/batik-betawi/38.jpg,38.jpg,batik-betawi,81,1,test
/kaggle/input/datasets/dionisiusdh/indonesian-batik-motifs/batik-betawi/39.jpg,39.jpg,batik-betawi,82,1,test
/kaggle/input/datasets/dionisiusdh/indonesian-batik-motifs/batik-betawi/4.jpg,4.jpg,batik-betawi,83,1,train
/kaggle/input/datasets/dionisiusdh/indonesian-batik-motifs/batik-betawi/40.jpg,40.jpg,batik-betawi,84,1,train
/kaggle/input/datasets/dionisiusdh/indonesian-batik-motifs/batik-betawi/41.jpg,41.jpg,batik-betawi,85,1,test
/kaggle/input/datasets/dionisiusdh/indonesian-batik-motifs/batik-betawi/42.jpg,42.jpg,batik-betawi,86,1,train
/kaggle/input/datasets/dionisiusdh/indonesian-batik-motifs/batik-betawi/43.jpg,43.jpg,batik-betawi,87,1,train
/kaggle/input/datasets/dionisiusdh/indonesian-batik-motifs/batik-betawi/44.jpg,44.jpg,batik-betawi,88,1,train
/kaggle/input/datasets/dionisiusdh/indonesian-batik-motifs/batik-betawi/45.jpg,45.jpg,batik-betawi,89,1,test
/kaggle/input/datasets/dionisiusdh/indonesian-batik-motifs/batik-betawi/46.jpg,46.jpg,batik-betawi,90,1,train
/kaggle/input/datasets/dionisiusdh/indonesian-batik-motifs/batik-betawi/47.jpg,47.jpg,batik-betawi,91,1,train
/kaggle/input/datasets/dionisiusdh/indonesian-batik-motifs/batik-betawi/48.jpg,48.jpg,batik-betawi,92,1,train
/kaggle/input/datasets/dionisiusdh/indonesian-batik-motifs/batik-betawi/49.jpg,49.jpg,batik-betawi,93,1,train
/kaggle/input/datasets/dionisiusdh/indonesian-batik-motifs/batik-betawi/5.jpg,5.jpg,batik-betawi,55,1,test
/kaggle/input/datasets/dionisiusdh/indonesian-batik-motifs/batik-betawi/50.jpg,50.jpg,batik-betawi,95,1,train
/kaggle/input/datasets/dionisiusdh/indonesian-batik-motifs/batik-betawi/6.jpg,6.jpg,batik-betawi,96,1,test
/kaggle/input/datasets/dionisiusdh/indonesian-batik-motifs/batik-betawi/7.jpg,7.jpg,batik-betawi,97,1,train
/kaggle/input/datasets/dionisiusdh/indonesian-batik-motifs/batik-betawi/8.jpg,8.jpg,batik-betawi,98,1,train
/kaggle/input/datasets/dionisiusdh/indonesian-batik-motifs/batik-betawi/9.jpg,9.jpg,batik-betawi,99,1,train
/kaggle/input/datasets/dionisiusdh/indonesian-batik-motifs/batik-celup/1.jpg,1.jpg,batik-celup,100,1,test
/kaggle/input/datasets/dionisiusdh/indonesian-batik-motifs/batik-celup/10.jpg,10.jpg,batik-celup,101,1,train
/kaggle/input/datasets/dionisiusdh/indonesian-batik-motifs/batik-celup/11.jpg,11.jpg,batik-celup,102,1,train
/kaggle/input/datasets/dionisiusdh/indonesian-batik-motifs/batik-celup/12.jpg,12.jpg,batik-celup,103,1,train
/kaggle/input/datasets/dionisiusdh/indonesian-batik-motifs/batik-celup/13.jpg,13.jpg,batik-celup,104,1,train
/kaggle/input/datasets/dionisiusdh/indonesian-batik-motifs/batik-celup/14.jpg,14.jpg,batik-celup,105,1,train
/kaggle/input/datasets/dionisiusdh/indonesian-batik-motifs/batik-celup/15.jpg,15.jpg,batik-celup,106,1,test
/kaggle/input/datasets/dionisiusdh/indonesian-batik-motifs/batik-celup/16.jpg,16.jpg,batik-celup,107,1,test
/kaggle/input/datasets/dionisiusdh/indonesian-batik-motifs/batik-celup/17.jpg,17.jpg,batik-celup,108,1,test
/kaggle/input/datasets/dionisiusdh/indonesian-batik-motifs/batik-celup/18.jpg,18.jpg,batik-celup,109,1,train
/kaggle/input/datasets/dionisiusdh/indonesian-batik-motifs/batik-celup/19.jpg,19.jpg,batik-celup,110,1,test
/kaggle/input/datasets/dionisiusdh/indonesian-batik-motifs/batik-celup/2.jpg,2.jpg,batik-celup,111,1,train
/kaggle/input/datasets/dionisiusdh/indonesian-batik-motifs/batik-celup/20.jpg,20.jpg,batik-celup,112,1,train
/kaggle/input/datasets/dionisiusdh/indonesian-batik-motifs/batik-celup/21.jpg,21.jpg,batik-celup,114,1,train
/kaggle/input/datasets/dionisiusdh/indonesian-batik-motifs/batik-celup/22.jpg,22.jpg,batik-celup,114,1,train
/kaggle/input/datasets/dionisiusdh/indonesian-batik-motifs/batik-celup/23.jpg,23.jpg,batik-celup,114,1,train
/kaggle/input/datasets/dionisiusdh/indonesian-batik-motifs/batik-celup/24.jpg,24.jpg,batik-celup,116,1,train
/kaggle/input/datasets/dionisiusdh/indonesian-batik-motifs/batik-celup/25.jpg,25.jpg,batik-celup,117,1,test
/kaggle/input/datasets/dionisiusdh/indonesian-batik-motifs/batik-celup/26.jpg,26.jpg,batik-celup,118,1,train
/kaggle/input/datasets/dionisiusdh/indonesian-batik-motifs/batik-celup/27.jpg,27.jpg,batik-celup,119,1,train
/kaggle/input/datasets/dionisiusdh/indonesian-batik-motifs/batik-celup/28.jpg,28.jpg,batik-celup,120,1,test
/kaggle/input/datasets/dionisiusdh/indonesian-batik-motifs/batik-celup/29.jpg,29.jpg,batik-celup,114,1,train
/kaggle/input/datasets/dionisiusdh/indonesian-batik-motifs/batik-celup/3.jpg,3.jpg,batik-celup,122,1,train
/kaggle/input/datasets/dionisiusdh/indonesian-batik-motifs/batik-celup/30.jpg,30.jpg,batik-celup,123,1,test
/kaggle/input/datasets/dionisiusdh/indonesian-batik-motifs/batik-celup/31.jpg,31.jpg,batik-celup,124,1,train
/kaggle/input/datasets/dionisiusdh/indonesian-batik-motifs/batik-celup/32.jpg,32.jpg,batik-celup,125,1,train
/kaggle/input/datasets/dionisiusdh/indonesian-batik-motifs/batik-celup/33.jpg,33.jpg,batik-celup,126,1,test
/kaggle/input/datasets/dionisiusdh/indonesian-batik-motifs/batik-celup/34.jpg,34.jpg,batik-celup,127,1,train
/kaggle/input/datasets/dionisiusdh/indonesian-batik-motifs/batik-celup/35.jpg,35.jpg,batik-celup,128,1,train
/kaggle/input/datasets/dionisiusdh/indonesian-batik-motifs/batik-celup/36.jpg,36.jpg,batik-celup,129,1,train
/kaggle/input/datasets/dionisiusdh/indonesian-batik-motifs/batik-celup/37.jpg,37.jpg,batik-celup,130,1,test
/kaggle/input/datasets/dionisiusdh/indonesian-batik-motifs/batik-celup/38.jpg,38.jpg,batik-celup,131,1,train
/kaggle/input/datasets/dionisiusdh/indonesian-batik-motifs/batik-celup/39.jpg,39.jpg,batik-celup,132,1,test
/kaggle/input/datasets/dionisiusdh/indonesian-batik-motifs/batik-celup/4.jpg,4.jpg,batik-celup,133,1,test
/kaggle/input/datasets/dionisiusdh/indonesian-batik-motifs/batik-celup/40.jpg,40.jpg,batik-celup,134,1,train
/kaggle/input/datasets/dionisiusdh/indonesian-batik-motifs/batik-celup/41.jpg,41.jpg,batik-celup,135,1,test
/kaggle/input/datasets/dionisiusdh/indonesian-batik-motifs/batik-celup/42.jpg,42.jpg,batik-celup,136,1,train
/kaggle/input/datasets/dionisiusdh/indonesian-batik-motifs/batik-celup/43.jpg,43.jpg,batik-celup,137,1,train
/kaggle/input/datasets/dionisiusdh/indonesian-batik-motifs/batik-celup/44.jpg,44.jpg,batik-celup,138,1,train
/kaggle/input/datasets/dionisiusdh/indonesian-batik-motifs/batik-celup/45.jpg,45.jpg,batik-celup,139,1,train
/kaggle/input/datasets/dionisiusdh/indonesian-batik-motifs/batik-celup/46.jpg,46.jpg,batik-celup,140,1,train
/kaggle/input/datasets/dionisiusdh/indonesian-batik-motifs/batik-celup/47.jpg,47.jpg,batik-celup,141,1,test
/kaggle/input/datasets/dionisiusdh/indonesian-batik-motifs/batik-celup/48.jpg,48.jpg,batik-celup,142,1,test
/kaggle/input/datasets/dionisiusdh/indonesian-batik-motifs/batik-celup/49.jpg,49.jpg,batik-celup,143,1,train
/kaggle/input/datasets/dionisiusdh/indonesian-batik-motifs/batik-celup/5.jpg,5.jpg,batik-celup,144,1,train
/kaggle/input/datasets/dionisiusdh/indonesian-batik-motifs/batik-celup/50.jpg,50.jpg,batik-celup,145,1,train
/kaggle/input/datasets/dionisiusdh/indonesian-batik-motifs/batik-celup/6.jpg,6.jpg,batik-celup,146,1,train
/kaggle/input/datasets/dionisiusdh/indonesian-batik-motifs/batik-celup/7.jpg,7.jpg,batik-celup,147,1,train
/kaggle/input/datasets/dionisiusdh/indonesian-batik-motifs/batik-celup/8.jpg,8.jpg,batik-celup,148,1,train
/kaggle/input/datasets/dionisiusdh/indonesian-batik-motifs/batik-celup/9.jpg,9.jpg,batik-celup,149,1,train
/kaggle/input/datasets/dionisiusdh/indonesian-batik-motifs/batik-cendrawasih/1.jpg,1.jpg,batik-cendrawasih,150,1,train
/kaggle/input/datasets/dionisiusdh/indonesian-batik-motifs/batik-cendrawasih/10.jpg,10.jpg,batik-cendrawasih,151,1,train
/kaggle/input/datasets/dionisiusdh/indonesian-batik-motifs/batik-cendrawasih/11.jpg,11.jpg,batik-cendrawasih,152,1,test
/kaggle/input/datasets/dionisiusdh/indonesian-batik-motifs/batik-cendrawasih/12.jpg,12.jpg,batik-cendrawasih,153,1,train
/kaggle/input/datasets/dionisiusdh/indonesian-batik-motifs/batik-cendrawasih/13.jpg,13.jpg,batik-cendrawasih,154,1,train
/kaggle/input/datasets/dionisiusdh/indonesian-batik-motifs/batik-cendrawasih/14.jpg,14.jpg,batik-cendrawasih,155,1,train
/kaggle/input/datasets/dionisiusdh/indonesian-batik-motifs/batik-cendrawasih/15.jpg,15.jpg,batik-cendrawasih,156,1,train
/kaggle/input/datasets/dionisiusdh/indonesian-batik-motifs/batik-cendrawasih/16.jpg,16.jpg,batik-cendrawasih,157,1,train
/kaggle/input/datasets/dionisiusdh/indonesian-batik-motifs/batik-cendrawasih/17.jpg,17.jpg,batik-cendrawasih,158,1,train
/kaggle/input/datasets/dionisiusdh/indonesian-batik-motifs/batik-cendrawasih/19.jpg,19.jpg,batik-cendrawasih,159,1,test
/kaggle/input/datasets/dionisiusdh/indonesian-batik-motifs/batik-cendrawasih/2.jpg,2.jpg,batik-cendrawasih,160,1,train
/kaggle/input/datasets/dionisiusdh/indonesian-batik-motifs/batik-cendrawasih/20.jpg,20.jpg,batik-cendrawasih,161,1,train
/kaggle/input/datasets/dionisiusdh/indonesian-batik-motifs/batik-cendrawasih/21.jpg,21.jpg,batik-cendrawasih,162,1,train
/kaggle/input/datasets/dionisiusdh/indonesian-batik-motifs/batik-cendrawasih/22.jpg,22.jpg,batik-cendrawasih,163,1,train
/kaggle/input/datasets/dionisiusdh/indonesian-batik-motifs/batik-cendrawasih/23.jpg,23.jpg,batik-cendrawasih,164,1,test
/kaggle/input/datasets/dionisiusdh/indonesian-batik-motifs/batik-cendrawasih/24.jpg,24.jpg,batik-cendrawasih,165,1,test
/kaggle/input/datasets/dionisiusdh/indonesian-batik-motifs/batik-cendrawasih/25.jpg,25.jpg,batik-cendrawasih,166,1,train
/kaggle/input/datasets/dionisiusdh/indonesian-batik-motifs/batik-cendrawasih/26.jpg,26.jpg,batik-cendrawasih,167,1,train
/kaggle/input/datasets/dionisiusdh/indonesian-batik-motifs/batik-cendrawasih/27.jpg,27.jpg,batik-cendrawasih,168,1,train
/kaggle/input/datasets/dionisiusdh/indonesian-batik-motifs/batik-cendrawasih/28.jpg,28.jpg,batik-cendrawasih,169,1,test
/kaggle/input/datasets/dionisiusdh/indonesian-batik-motifs/batik-cendrawasih/29.jpg,29.jpg,batik-cendrawasih,170,1,train
/kaggle/input/datasets/dionisiusdh/indonesian-batik-motifs/batik-cendrawasih/3.jpg,3.jpg,batik-cendrawasih,171,1,train
/kaggle/input/datasets/dionisiusdh/indonesian-batik-motifs/batik-cendrawasih/30.jpg,30.jpg,batik-cendrawasih,172,1,train
/kaggle/input/datasets/dionisiusdh/indonesian-batik-motifs/batik-cendrawasih/31.jpg,31.jpg,batik-cendrawasih,173,1,train
/kaggle/input/datasets/dionisiusdh/indonesian-batik-motifs/batik-cendrawasih/32.jpg,32.jpg,batik-cendrawasih,174,1,test
/kaggle/input/datasets/dionisiusdh/indonesian-batik-motifs/batik-cendrawasih/33.jpg,33.jpg,batik-cendrawasih,175,1,train
/kaggle/input/datasets/dionisiusdh/indonesian-batik-motifs/batik-cendrawasih/34.jpg,34.jpg,batik-cendrawasih,176,1,test
/kaggle/input/datasets/dionisiusdh/indonesian-batik-motifs/batik-cendrawasih/35.jpg,35.jpg,batik-cendrawasih,177,1,test
/kaggle/input/datasets/dionisiusdh/indonesian-batik-motifs/batik-cendrawasih/36.jpg,36.jpg,batik-cendrawasih,178,1,test
/kaggle/input/datasets/dionisiusdh/indonesian-batik-motifs/batik-cendrawasih/37.jpg,37.jpg,batik-cendrawasih,179,1,train
/kaggle/input/datasets/dionisiusdh/indonesian-batik-motifs/batik-cendrawasih/38.jpg,38.jpg,batik-cendrawasih,180,1,train
/kaggle/input/datasets/dionisiusdh/indonesian-batik-motifs/batik-cendrawasih/39.jpg,39.jpg,batik-cendrawasih,181,1,train
/kaggle/input/datasets/dionisiusdh/indonesian-batik-motifs/batik-cendrawasih/4.jpg,4.jpg,batik-cendrawasih,182,1,test
/kaggle/input/datasets/dionisiusdh/indonesian-batik-motifs/batik-cendrawasih/40.jpg,40.jpg,batik-cendrawasih,183,1,train
/kaggle/input/datasets/dionisiusdh/indonesian-batik-motifs/batik-cendrawasih/41.jpg,41.jpg,batik-cendrawasih,184,1,train
/kaggle/input/datasets/dionisiusdh/indonesian-batik-motifs/batik-cendrawasih/42.jpg,42.jpg,batik-cendrawasih,185,1,train
/kaggle/input/datasets/dionisiusdh/indonesian-batik-motifs/batik-cendrawasih/43.jpg,43.jpg,batik-cendrawasih,186,1,train
/kaggle/input/datasets/dionisiusdh/indonesian-batik-motifs/batik-cendrawasih/44.jpg,44.jpg,batik-cendrawasih,187,1,train
/kaggle/input/datasets/dionisiusdh/indonesian-batik-motifs/batik-cendrawasih/45.jpg,45.jpg,batik-cendrawasih,188,1,test
/kaggle/input/datasets/dionisiusdh/indonesian-batik-motifs/batik-cendrawasih/46.jpg,46.jpg,batik-cendrawasih,189,1,test
/kaggle/input/datasets/dionisiusdh/indonesian-batik-motifs/batik-cendrawasih/47.jpg,47.jpg,batik-cendrawasih,190,1,train
/kaggle/input/datasets/dionisiusdh/indonesian-batik-motifs/batik-cendrawasih/48.jpg,48.jpg,batik-cendrawasih,191,1,train
/kaggle/input/datasets/dionisiusdh/indonesian-batik-motifs/batik-cendrawasih/49.jpg,49.jpg,batik-cendrawasih,192,1,train
/kaggle/input/datasets/dionisiusdh/indonesian-batik-motifs/batik-cendrawasih/5.jpg,5.jpg,batik-cendrawasih,193,1,test
/kaggle/input/datasets/dionisiusdh/indonesian-batik-motifs/batik-cendrawasih/50.jpg,50.jpg,batik-cendrawasih,194,1,train
/kaggle/input/datasets/dionisiusdh/indonesian-batik-motifs/batik-cendrawasih/6.jpg,6.jpg,batik-cendrawasih,195,1,train
/kaggle/input/datasets/dionisiusdh/indonesian-batik-motifs/batik-cendrawasih/7.jpg,7.jpg,batik-cendrawasih,196,1,test
/kaggle/input/datasets/dionisiusdh/indonesian-batik-motifs/batik-cendrawasih/8.jpg,8.jpg,batik-cendrawasih,197,1,test
/kaggle/input/datasets/dionisiusdh/indonesian-batik-motifs/batik-cendrawasih/9.jpg,9.jpg,batik-cendrawasih,198,1,train
/kaggle/input/datasets/dionisiusdh/indonesian-batik-motifs/batik-ceplok/10.jpg,10.jpg,batik-ceplok,199,1,train
/kaggle/input/datasets/dionisiusdh/indonesian-batik-motifs/batik-ceplok/11.jpg,11.jpg,batik-ceplok,200,1,train
/kaggle/input/datasets/dionisiusdh/indonesian-batik-motifs/batik-ceplok/12.jpg,12.jpg,batik-ceplok,201,1,train
/kaggle/input/datasets/dionisiusdh/indonesian-batik-motifs/batik-ceplok/13.jpg,13.jpg,batik-ceplok,7,1,test
/kaggle/input/datasets/dionisiusdh/indonesian-batik-motifs/batik-ceplok/14.jpg,14.jpg,batik-ceplok,203,1,test
/kaggle/input/datasets/dionisiusdh/indonesian-batik-motifs/batik-ceplok/15.jpg,15.jpg,batik-ceplok,204,1,test
/kaggle/input/datasets/dionisiusdh/indonesian-batik-motifs/batik-ceplok/17.jpg,17.jpg,batik-ceplok,205,1,test
/kaggle/input/datasets/dionisiusdh/indonesian-batik-motifs/batik-ceplok/18.jpg,18.jpg,batik-ceplok,206,1,test
/kaggle/input/datasets/dionisiusdh/indonesian-batik-motifs/batik-ceplok/19.jpg,19.jpg,batik-ceplok,207,1,test
/kaggle/input/datasets/dionisiusdh/indonesian-batik-motifs/batik-ceplok/2.jpg,2.jpg,batik-ceplok,208,1,test
/kaggle/input/datasets/dionisiusdh/indonesian-batik-motifs/batik-ceplok/20.jpg,20.jpg,batik-ceplok,209,1,test
/kaggle/input/datasets/dionisiusdh/indonesian-batik-motifs/batik-ceplok/21.jpg,21.jpg,batik-ceplok,210,1,train
/kaggle/input/datasets/dionisiusdh/indonesian-batik-motifs/batik-ceplok/22.jpg,22.jpg,batik-ceplok,211,1,train
/kaggle/input/datasets/dionisiusdh/indonesian-batik-motifs/batik-ceplok/23.jpg,23.jpg,batik-ceplok,212,1,train
/kaggle/input/datasets/dionisiusdh/indonesian-batik-motifs/batik-ceplok/24.jpg,24.jpg,batik-ceplok,213,1,train
/kaggle/input/datasets/dionisiusdh/indonesian-batik-motifs/batik-ceplok/25.jpg,25.jpg,batik-ceplok,214,1,train
/kaggle/input/datasets/dionisiusdh/indonesian-batik-motifs/batik-ceplok/26.jpg,26.jpg,batik-ceplok,215,1,train
/kaggle/input/datasets/dionisiusdh/indonesian-batik-motifs/batik-ceplok/27.jpg,27.jpg,batik-ceplok,215,1,train
/kaggle/input/datasets/dionisiusdh/indonesian-batik-motifs/batik-ceplok/28.jpg,28.jpg,batik-ceplok,217,1,test
/kaggle/input/datasets/dionisiusdh/indonesian-batik-motifs/batik-ceplok/29.jpg,29.jpg,batik-ceplok,218,1,train
/kaggle/input/datasets/dionisiusdh/indonesian-batik-motifs/batik-ceplok/3.jpg,3.jpg,batik-ceplok,219,1,train
/kaggle/input/datasets/dionisiusdh/indonesian-batik-motifs/batik-ceplok/30.jpg,30.jpg,batik-ceplok,220,1,train
/kaggle/input/datasets/dionisiusdh/indonesian-batik-motifs/batik-ceplok/31.jpg,31.jpg,batik-ceplok,221,1,test
/kaggle/input/datasets/dionisiusdh/indonesian-batik-motifs/batik-ceplok/32.jpg,32.jpg,batik-ceplok,222,1,train
/kaggle/input/datasets/dionisiusdh/indonesian-batik-motifs/batik-ceplok/33.jpg,33.jpg,batik-ceplok,223,1,train
/kaggle/input/datasets/dionisiusdh/indonesian-batik-motifs/batik-ceplok/34.jpg,34.jpg,batik-ceplok,224,1,train
/kaggle/input/datasets/dionisiusdh/indonesian-batik-motifs/batik-ceplok/35.jpg,35.jpg,batik-ceplok,225,1,train
/kaggle/input/datasets/dionisiusdh/indonesian-batik-motifs/batik-ceplok/36.jpg,36.jpg,batik-ceplok,226,1,test
/kaggle/input/datasets/dionisiusdh/indonesian-batik-motifs/batik-ceplok/37.jpg,37.jpg,batik-ceplok,227,1,train
/kaggle/input/datasets/dionisiusdh/indonesian-batik-motifs/batik-ceplok/38.jpg,38.jpg,batik-ceplok,228,1,train
/kaggle/input/datasets/dionisiusdh/indonesian-batik-motifs/batik-ceplok/39.jpg,39.jpg,batik-ceplok,229,1,train
/kaggle/input/datasets/dionisiusdh/indonesian-batik-motifs/batik-ceplok/4.jpg,4.jpg,batik-ceplok,230,1,train
/kaggle/input/datasets/dionisiusdh/indonesian-batik-motifs/batik-ceplok/40.jpg,40.jpg,batik-ceplok,231,1,train
/kaggle/input/datasets/dionisiusdh/indonesian-batik-motifs/batik-ceplok/41.jpg,41.jpg,batik-ceplok,232,1,test
/kaggle/input/datasets/dionisiusdh/indonesian-batik-motifs/batik-ceplok/42.jpg,42.jpg,batik-ceplok,233,1,test
/kaggle/input/datasets/dionisiusdh/indonesian-batik-motifs/batik-ceplok/43.jpg,43.jpg,batik-ceplok,756,1,train
/kaggle/input/datasets/dionisiusdh/indonesian-batik-motifs/batik-ceplok/44.jpg,44.jpg,batik-ceplok,235,1,train
/kaggle/input/datasets/dionisiusdh/indonesian-batik-motifs/batik-ceplok/45.jpg,45.jpg,batik-ceplok,236,1,train
/kaggle/input/datasets/dionisiusdh/indonesian-batik-motifs/batik-ceplok/46.jpg,46.jpg,batik-ceplok,237,1,train
/kaggle/input/datasets/dionisiusdh/indonesian-batik-motifs/batik-ceplok/47.jpg,47.jpg,batik-ceplok,756,1,train
/kaggle/input/datasets/dionisiusdh/indonesian-batik-motifs/batik-ceplok/48.jpg,48.jpg,batik-ceplok,239,1,train
/kaggle/input/datasets/dionisiusdh/indonesian-batik-motifs/batik-ceplok/49.jpg,49.jpg,batik-ceplok,240,1,train
/kaggle/input/datasets/dionisiusdh/indonesian-batik-motifs/batik-ceplok/5.jpg,5.jpg,batik-ceplok,241,1,train
/kaggle/input/datasets/dionisiusdh/indonesian-batik-motifs/batik-ceplok/50.jpg,50.jpg,batik-ceplok,242,1,test
/kaggle/input/datasets/dionisiusdh/indonesian-batik-motifs/batik-ceplok/6.jpg,6.jpg,batik-ceplok,243,1,train
/kaggle/input/datasets/dionisiusdh/indonesian-batik-motifs/batik-ceplok/7.jpg,7.jpg,batik-ceplok,244,1,train
/kaggle/input/datasets/dionisiusdh/indonesian-batik-motifs/batik-ceplok/8.jpg,8.jpg,batik-ceplok,245,1,train
/kaggle/input/datasets/dionisiusdh/indonesian-batik-motifs/batik-ceplok/9.jpg,9.jpg,batik-ceplok,246,1,train
/kaggle/input/datasets/dionisiusdh/indonesian-batik-motifs/batik-ciamis/1.jpg,1.jpg,batik-ciamis,92,1,train
/kaggle/input/datasets/dionisiusdh/indonesian-batik-motifs/batik-ciamis/10.jpg,10.jpg,batik-ciamis,248,1,train
/kaggle/input/datasets/dionisiusdh/indonesian-batik-motifs/batik-ciamis/11.jpg,11.jpg,batik-ciamis,249,1,train
/kaggle/input/datasets/dionisiusdh/indonesian-batik-motifs/batik-ciamis/12.jpg,12.jpg,batik-ciamis,250,1,test
/kaggle/input/datasets/dionisiusdh/indonesian-batik-motifs/batik-ciamis/13.jpg,13.jpg,batik-ciamis,251,1,train
/kaggle/input/datasets/dionisiusdh/indonesian-batik-motifs/batik-ciamis/14.jpg,14.jpg,batik-ciamis,252,1,train
/kaggle/input/datasets/dionisiusdh/indonesian-batik-motifs/batik-ciamis/15.jpg,15.jpg,batik-ciamis,253,1,test
/kaggle/input/datasets/dionisiusdh/indonesian-batik-motifs/batik-ciamis/16.jpg,16.jpg,batik-ciamis,254,1,train
/kaggle/input/datasets/dionisiusdh/indonesian-batik-motifs/batik-ciamis/17.jpg,17.jpg,batik-ciamis,255,1,test
/kaggle/input/datasets/dionisiusdh/indonesian-batik-motifs/batik-ciamis/18.jpg,18.jpg,batik-ciamis,256,1,train
/kaggle/input/datasets/dionisiusdh/indonesian-batik-motifs/batik-ciamis/19.jpg,19.jpg,batik-ciamis,257,1,test
/kaggle/input/datasets/dionisiusdh/indonesian-batik-motifs/batik-ciamis/2.jpg,2.jpg,batik-ciamis,258,1,train
/kaggle/input/datasets/dionisiusdh/indonesian-batik-motifs/batik-ciamis/20.jpg,20.jpg,batik-ciamis,259,1,train
/kaggle/input/datasets/dionisiusdh/indonesian-batik-motifs/batik-ciamis/21.jpg,21.jpg,batik-ciamis,260,1,test
/kaggle/input/datasets/dionisiusdh/indonesian-batik-motifs/batik-ciamis/22.jpg,22.jpg,batik-ciamis,261,1,train
/kaggle/input/datasets/dionisiusdh/indonesian-batik-motifs/batik-ciamis/23.jpg,23.jpg,batik-ciamis,262,1,train
/kaggle/input/datasets/dionisiusdh/indonesian-batik-motifs/batik-ciamis/24.jpg,24.jpg,batik-ciamis,263,1,test
/kaggle/input/datasets/dionisiusdh/indonesian-batik-motifs/batik-ciamis/25.jpg,25.jpg,batik-ciamis,264,1,train
/kaggle/input/datasets/dionisiusdh/indonesian-batik-motifs/batik-ciamis/26.jpg,26.jpg,batik-ciamis,265,1,train
/kaggle/input/datasets/dionisiusdh/indonesian-batik-motifs/batik-ciamis/27.jpg,27.jpg,batik-ciamis,266,1,train
/kaggle/input/datasets/dionisiusdh/indonesian-batik-motifs/batik-ciamis/28.jpg,28.jpg,batik-ciamis,267,1,train
/kaggle/input/datasets/dionisiusdh/indonesian-batik-motifs/batik-ciamis/29.jpg,29.jpg,batik-ciamis,268,1,train
/kaggle/input/datasets/dionisiusdh/indonesian-batik-motifs/batik-ciamis/3.jpg,3.jpg,batik-ciamis,255,1,test
/kaggle/input/datasets/dionisiusdh/indonesian-batik-motifs/batik-ciamis/30.jpg,30.jpg,batik-ciamis,270,1,train
/kaggle/input/datasets/dionisiusdh/indonesian-batik-motifs/batik-ciamis/31.jpg,31.jpg,batik-ciamis,271,1,train
/kaggle/input/datasets/dionisiusdh/indonesian-batik-motifs/batik-ciamis/32.jpg,32.jpg,batik-ciamis,272,1,train
/kaggle/input/datasets/dionisiusdh/indonesian-batik-motifs/batik-ciamis/33.jpg,33.jpg,batik-ciamis,273,1,test
/kaggle/input/datasets/dionisiusdh/indonesian-batik-motifs/batik-ciamis/34.jpg,34.jpg,batik-ciamis,274,1,train
/kaggle/input/datasets/dionisiusdh/indonesian-batik-motifs/batik-ciamis/35.jpg,35.jpg,batik-ciamis,275,1,train
/kaggle/input/datasets/dionisiusdh/indonesian-batik-motifs/batik-ciamis/36.jpg,36.jpg,batik-ciamis,276,1,test
/kaggle/input/datasets/dionisiusdh/indonesian-batik-motifs/batik-ciamis/37.jpg,37.jpg,batik-ciamis,277,1,train
/kaggle/input/datasets/dionisiusdh/indonesian-batik-motifs/batik-ciamis/38.jpg,38.jpg,batik-ciamis,278,1,train
/kaggle/input/datasets/dionisiusdh/indonesian-batik-motifs/batik-ciamis/39.jpg,39.jpg,batik-ciamis,279,1,test
/kaggle/input/datasets/dionisiusdh/indonesian-batik-motifs/batik-ciamis/4.jpg,4.jpg,batik-ciamis,280,1,train
/kaggle/input/datasets/dionisiusdh/indonesian-batik-motifs/batik-ciamis/40.jpg,40.jpg,batik-ciamis,281,1,test
/kaggle/input/datasets/dionisiusdh/indonesian-batik-motifs/batik-ciamis/41.jpg,41.jpg,batik-ciamis,282,1,test
/kaggle/input/datasets/dionisiusdh/indonesian-batik-motifs/batik-ciamis/42.jpg,42.jpg,batik-ciamis,283,1,train
/kaggle/input/datasets/dionisiusdh/indonesian-batik-motifs/batik-ciamis/43.jpg,43.jpg,batik-ciamis,284,1,train
/kaggle/input/datasets/dionisiusdh/indonesian-batik-motifs/batik-ciamis/44.jpg,44.jpg,batik-ciamis,285,1,test
/kaggle/input/datasets/dionisiusdh/indonesian-batik-motifs/batik-ciamis/45.jpg,45.jpg,batik-ciamis,286,1,train
/kaggle/input/datasets/dionisiusdh/indonesian-batik-motifs/batik-ciamis/46.jpg,46.jpg,batik-ciamis,283,1,train
/kaggle/input/datasets/dionisiusdh/indonesian-batik-motifs/batik-ciamis/47.jpg,47.jpg,batik-ciamis,288,1,test
/kaggle/input/datasets/dionisiusdh/indonesian-batik-motifs/batik-ciamis/48.jpg,48.jpg,batik-ciamis,289,1,train
/kaggle/input/datasets/dionisiusdh/indonesian-batik-motifs/batik-ciamis/49.jpg,49.jpg,batik-ciamis,290,1,train
/kaggle/input/datasets/dionisiusdh/indonesian-batik-motifs/batik-ciamis/5.jpg,5.jpg,batik-ciamis,291,1,train
/kaggle/input/datasets/dionisiusdh/indonesian-batik-motifs/batik-ciamis/50.jpg,50.jpg,batik-ciamis,280,1,train
/kaggle/input/datasets/dionisiusdh/indonesian-batik-motifs/batik-ciamis/6.jpg,6.jpg,batik-ciamis,293,1,train
/kaggle/input/datasets/dionisiusdh/indonesian-batik-motifs/batik-ciamis/7.jpg,7.jpg,batik-ciamis,294,1,train
/kaggle/input/datasets/dionisiusdh/indonesian-batik-motifs/batik-ciamis/8.jpg,8.jpg,batik-ciamis,295,1,train
/kaggle/input/datasets/dionisiusdh/indonesian-batik-motifs/batik-ciamis/9.jpg,9.jpg,batik-ciamis,296,1,train
/kaggle/input/datasets/dionisiusdh/indonesian-batik-motifs/batik-garutan/1.jpg,1.jpg,batik-garutan,297,1,train
/kaggle/input/datasets/dionisiusdh/indonesian-batik-motifs/batik-garutan/10.jpg,10.jpg,batik-garutan,298,1,train
/kaggle/input/datasets/dionisiusdh/indonesian-batik-motifs/batik-garutan/11.jpg,11.jpg,batik-garutan,299,1,test
/kaggle/input/datasets/dionisiusdh/indonesian-batik-motifs/batik-garutan/12.jpg,12.jpg,batik-garutan,300,1,train
/kaggle/input/datasets/dionisiusdh/indonesian-batik-motifs/batik-garutan/13.jpg,13.jpg,batik-garutan,301,1,train
/kaggle/input/datasets/dionisiusdh/indonesian-batik-motifs/batik-garutan/14.jpg,14.jpg,batik-garutan,302,1,test
/kaggle/input/datasets/dionisiusdh/indonesian-batik-motifs/batik-garutan/15.jpg,15.jpg,batik-garutan,303,1,train
/kaggle/input/datasets/dionisiusdh/indonesian-batik-motifs/batik-garutan/16.jpg,16.jpg,batik-garutan,304,1,train
/kaggle/input/datasets/dionisiusdh/indonesian-batik-motifs/batik-garutan/17.jpg,17.jpg,batik-garutan,305,1,train
/kaggle/input/datasets/dionisiusdh/indonesian-batik-motifs/batik-garutan/18.jpg,18.jpg,batik-garutan,306,1,train
/kaggle/input/datasets/dionisiusdh/indonesian-batik-motifs/batik-garutan/19.jpg,19.jpg,batik-garutan,307,1,train
/kaggle/input/datasets/dionisiusdh/indonesian-batik-motifs/batik-garutan/2.jpg,2.jpg,batik-garutan,308,1,test
/kaggle/input/datasets/dionisiusdh/indonesian-batik-motifs/batik-garutan/20.jpg,20.jpg,batik-garutan,309,1,test
/kaggle/input/datasets/dionisiusdh/indonesian-batik-motifs/batik-garutan/21.jpg,21.jpg,batik-garutan,310,1,train
/kaggle/input/datasets/dionisiusdh/indonesian-batik-motifs/batik-garutan/22.jpg,22.jpg,batik-garutan,311,1,train
/kaggle/input/datasets/dionisiusdh/indonesian-batik-motifs/batik-garutan/23.jpg,23.jpg,batik-garutan,312,1,train
/kaggle/input/datasets/dionisiusdh/indonesian-batik-motifs/batik-garutan/24.jpg,24.jpg,batik-garutan,313,1,test
/kaggle/input/datasets/dionisiusdh/indonesian-batik-motifs/batik-garutan/25.jpg,25.jpg,batik-garutan,314,1,test
/kaggle/input/datasets/dionisiusdh/indonesian-batik-motifs/batik-garutan/26.jpg,26.jpg,batik-garutan,315,1,train
/kaggle/input/datasets/dionisiusdh/indonesian-batik-motifs/batik-garutan/27.jpg,27.jpg,batik-garutan,316,1,train
/kaggle/input/datasets/dionisiusdh/indonesian-batik-motifs/batik-garutan/28.jpg,28.jpg,batik-garutan,317,1,test
/kaggle/input/datasets/dionisiusdh/indonesian-batik-motifs/batik-garutan/29.jpg,29.jpg,batik-garutan,318,1,train
/kaggle/input/datasets/dionisiusdh/indonesian-batik-motifs/batik-garutan/3.jpg,3.jpg,batik-garutan,319,1,test
/kaggle/input/datasets/dionisiusdh/indonesian-batik-motifs/batik-garutan/30.jpg,30.jpg,batik-garutan,320,1,train
/kaggle/input/datasets/dionisiusdh/indonesian-batik-motifs/batik-garutan/31.jpg,31.jpg,batik-garutan,321,1,train
/kaggle/input/datasets/dionisiusdh/indonesian-batik-motifs/batik-garutan/32.jpg,32.jpg,batik-garutan,322,1,train
/kaggle/input/datasets/dionisiusdh/indonesian-batik-motifs/batik-garutan/33.jpg,33.jpg,batik-garutan,323,1,train
/kaggle/input/datasets/dionisiusdh/indonesian-batik-motifs/batik-garutan/34.jpg,34.jpg,batik-garutan,324,1,train
/kaggle/input/datasets/dionisiusdh/indonesian-batik-motifs/batik-garutan/35.jpg,35.jpg,batik-garutan,325,1,train
/kaggle/input/datasets/dionisiusdh/indonesian-batik-motifs/batik-garutan/36.jpg,36.jpg,batik-garutan,326,1,test
/kaggle/input/datasets/dionisiusdh/indonesian-batik-motifs/batik-garutan/37.jpg,37.jpg,batik-garutan,327,1,test
/kaggle/input/datasets/dionisiusdh/indonesian-batik-motifs/batik-garutan/38.jpg,38.jpg,batik-garutan,328,1,train
/kaggle/input/datasets/dionisiusdh/indonesian-batik-motifs/batik-garutan/39.jpg,39.jpg,batik-garutan,253,1,test
/kaggle/input/datasets/dionisiusdh/indonesian-batik-motifs/batik-garutan/4.jpg,4.jpg,batik-garutan,92,1,train
/kaggle/input/datasets/dionisiusdh/indonesian-batik-motifs/batik-garutan/40.jpg,40.jpg,batik-garutan,331,1,train
/kaggle/input/datasets/dionisiusdh/indonesian-batik-motifs/batik-garutan/41.jpg,41.jpg,batik-garutan,332,1,train
/kaggle/input/datasets/dionisiusdh/indonesian-batik-motifs/batik-garutan/42.jpg,42.jpg,batik-garutan,333,1,train
/kaggle/input/datasets/dionisiusdh/indonesian-batik-motifs/batik-garutan/43.jpg,43.jpg,batik-garutan,334,1,test
/kaggle/input/datasets/dionisiusdh/indonesian-batik-motifs/batik-garutan/44.jpg,44.jpg,batik-garutan,335,1,train
/kaggle/input/datasets/dionisiusdh/indonesian-batik-motifs/batik-garutan/45.jpg,45.jpg,batik-garutan,336,1,test
/kaggle/input/datasets/dionisiusdh/indonesian-batik-motifs/batik-garutan/46.jpg,46.jpg,batik-garutan,337,1,train
/kaggle/input/datasets/dionisiusdh/indonesian-batik-motifs/batik-garutan/47.jpg,47.jpg,batik-garutan,338,1,test
/kaggle/input/datasets/dionisiusdh/indonesian-batik-motifs/batik-garutan/48.jpg,48.jpg,batik-garutan,339,1,train
/kaggle/input/datasets/dionisiusdh/indonesian-batik-motifs/batik-garutan/49.jpg,49.jpg,batik-garutan,340,1,test
/kaggle/input/datasets/dionisiusdh/indonesian-batik-motifs/batik-garutan/5.jpg,5.jpg,batik-garutan,341,1,train
/kaggle/input/datasets/dionisiusdh/indonesian-batik-motifs/batik-garutan/50.jpg,50.jpg,batik-garutan,342,1,train
/kaggle/input/datasets/dionisiusdh/indonesian-batik-motifs/batik-garutan/6.jpg,6.jpg,batik-garutan,343,1,train
/kaggle/input/datasets/dionisiusdh/indonesian-batik-motifs/batik-garutan/7.jpg,7.jpg,batik-garutan,344,1,train
/kaggle/input/datasets/dionisiusdh/indonesian-batik-motifs/batik-garutan/8.jpg,8.jpg,batik-garutan,345,1,train
/kaggle/input/datasets/dionisiusdh/indonesian-batik-motifs/batik-garutan/9.jpg,9.jpg,batik-garutan,346,1,train
/kaggle/input/datasets/dionisiusdh/indonesian-batik-motifs/batik-gentongan/1.jpg,1.jpg,batik-gentongan,347,1,train
/kaggle/input/datasets/dionisiusdh/indonesian-batik-motifs/batik-gentongan/10.jpg,10.jpg,batik-gentongan,348,1,train
/kaggle/input/datasets/dionisiusdh/indonesian-batik-motifs/batik-gentongan/11.jpg,11.jpg,batik-gentongan,349,1,train
/kaggle/input/datasets/dionisiusdh/indonesian-batik-motifs/batik-gentongan/12.jpg,12.jpg,batik-gentongan,350,1,test
/kaggle/input/datasets/dionisiusdh/indonesian-batik-motifs/batik-gentongan/13.jpg,13.jpg,batik-gentongan,351,1,train
/kaggle/input/datasets/dionisiusdh/indonesian-batik-motifs/batik-gentongan/14.jpg,14.jpg,batik-gentongan,352,1,train
/kaggle/input/datasets/dionisiusdh/indonesian-batik-motifs/batik-gentongan/15.jpg,15.jpg,batik-gentongan,353,1,train
/kaggle/input/datasets/dionisiusdh/indonesian-batik-motifs/batik-gentongan/16.jpg,16.jpg,batik-gentongan,354,1,test
/kaggle/input/datasets/dionisiusdh/indonesian-batik-motifs/batik-gentongan/17.jpg,17.jpg,batik-gentongan,355,1,train
/kaggle/input/datasets/dionisiusdh/indonesian-batik-motifs/batik-gentongan/18.jpg,18.jpg,batik-gentongan,356,1,test
/kaggle/input/datasets/dionisiusdh/indonesian-batik-motifs/batik-gentongan/19.jpg,19.jpg,batik-gentongan,357,1,train
/kaggle/input/datasets/dionisiusdh/indonesian-batik-motifs/batik-gentongan/2.jpg,2.jpg,batik-gentongan,358,1,test
/kaggle/input/datasets/dionisiusdh/indonesian-batik-motifs/batik-gentongan/20.jpg,20.jpg,batik-gentongan,359,1,train
/kaggle/input/datasets/dionisiusdh/indonesian-batik-motifs/batik-gentongan/21.jpg,21.jpg,batik-gentongan,360,1,test
/kaggle/input/datasets/dionisiusdh/indonesian-batik-motifs/batik-gentongan/22.jpg,22.jpg,batik-gentongan,361,1,train
/kaggle/input/datasets/dionisiusdh/indonesian-batik-motifs/batik-gentongan/23.jpg,23.jpg,batik-gentongan,362,1,test
/kaggle/input/datasets/dionisiusdh/indonesian-batik-motifs/batik-gentongan/24.jpg,24.jpg,batik-gentongan,363,1,train
/kaggle/input/datasets/dionisiusdh/indonesian-batik-motifs/batik-gentongan/25.jpg,25.jpg,batik-gentongan,364,1,train
/kaggle/input/datasets/dionisiusdh/indonesian-batik-motifs/batik-gentongan/26.jpg,26.jpg,batik-gentongan,365,1,test
/kaggle/input/datasets/dionisiusdh/indonesian-batik-motifs/batik-gentongan/27.jpg,27.jpg,batik-gentongan,366,1,test
/kaggle/input/datasets/dionisiusdh/indonesian-batik-motifs/batik-gentongan/28.jpg,28.jpg,batik-gentongan,367,1,train
/kaggle/input/datasets/dionisiusdh/indonesian-batik-motifs/batik-gentongan/29.jpg,29.jpg,batik-gentongan,368,1,train
/kaggle/input/datasets/dionisiusdh/indonesian-batik-motifs/batik-gentongan/3.jpg,3.jpg,batik-gentongan,369,1,test
/kaggle/input/datasets/dionisiusdh/indonesian-batik-motifs/batik-gentongan/30.jpg,30.jpg,batik-gentongan,370,1,train
/kaggle/input/datasets/dionisiusdh/indonesian-batik-motifs/batik-gentongan/31.jpg,31.jpg,batik-gentongan,371,1,train
/kaggle/input/datasets/dionisiusdh/indonesian-batik-motifs/batik-gentongan/32.jpg,32.jpg,batik-gentongan,372,1,test
/kaggle/input/datasets/dionisiusdh/indonesian-batik-motifs/batik-gentongan/33.jpg,33.jpg,batik-gentongan,373,1,train
/kaggle/input/datasets/dionisiusdh/indonesian-batik-motifs/batik-gentongan/34.jpg,34.jpg,batik-gentongan,374,1,train
/kaggle/input/datasets/dionisiusdh/indonesian-batik-motifs/batik-gentongan/35.jpg,35.jpg,batik-gentongan,375,1,test
/kaggle/input/datasets/dionisiusdh/indonesian-batik-motifs/batik-gentongan/36.jpg,36.jpg,batik-gentongan,376,1,test
/kaggle/input/datasets/dionisiusdh/indonesian-batik-motifs/batik-gentongan/37.jpg,37.jpg,batik-gentongan,377,1,train
/kaggle/input/datasets/dionisiusdh/indonesian-batik-motifs/batik-gentongan/38.jpg,38.jpg,batik-gentongan,378,1,train
/kaggle/input/datasets/dionisiusdh/indonesian-batik-motifs/batik-gentongan/39.jpg,39.jpg,batik-gentongan,379,1,train
/kaggle/input/datasets/dionisiusdh/indonesian-batik-motifs/batik-gentongan/4.jpg,4.jpg,batik-gentongan,380,1,test
/kaggle/input/datasets/dionisiusdh/indonesian-batik-motifs/batik-gentongan/40.jpg,40.jpg,batik-gentongan,381,1,train
/kaggle/input/datasets/dionisiusdh/indonesian-batik-motifs/batik-gentongan/41.jpg,41.jpg,batik-gentongan,382,1,train
/kaggle/input/datasets/dionisiusdh/indonesian-batik-motifs/batik-gentongan/42.jpg,42.jpg,batik-gentongan,383,1,train
/kaggle/input/datasets/dionisiusdh/indonesian-batik-motifs/batik-gentongan/43.jpg,43.jpg,batik-gentongan,384,1,train
/kaggle/input/datasets/dionisiusdh/indonesian-batik-motifs/batik-gentongan/44.jpg,44.jpg,batik-gentongan,385,1,train
/kaggle/input/datasets/dionisiusdh/indonesian-batik-motifs/batik-gentongan/45.jpg,45.jpg,batik-gentongan,386,1,test
/kaggle/input/datasets/dionisiusdh/indonesian-batik-motifs/batik-gentongan/46.jpg,46.jpg,batik-gentongan,387,1,train
/kaggle/input/datasets/dionisiusdh/indonesian-batik-motifs/batik-gentongan/47.jpg,47.jpg,batik-gentongan,388,1,train
/kaggle/input/datasets/dionisiusdh/indonesian-batik-motifs/batik-gentongan/48.jpg,48.jpg,batik-gentongan,389,1,train
/kaggle/input/datasets/dionisiusdh/indonesian-batik-motifs/batik-gentongan/49.jpg,49.jpg,batik-gentongan,390,1,test
/kaggle/input/datasets/dionisiusdh/indonesian-batik-motifs/batik-gentongan/5.jpg,5.jpg,batik-gentongan,391,1,train
/kaggle/input/datasets/dionisiusdh/indonesian-batik-motifs/batik-gentongan/50.jpg,50.jpg,batik-gentongan,392,1,test
/kaggle/input/datasets/dionisiusdh/indonesian-batik-motifs/batik-gentongan/6.jpg,6.jpg,batik-gentongan,393,1,train
/kaggle/input/datasets/dionisiusdh/indonesian-batik-motifs/batik-gentongan/7.jpg,7.jpg,batik-gentongan,394,1,train
/kaggle/input/datasets/dionisiusdh/indonesian-batik-motifs/batik-gentongan/8.jpg,8.jpg,batik-gentongan,395,1,train
/kaggle/input/datasets/dionisiusdh/indonesian-batik-motifs/batik-gentongan/9.jpg,9.jpg,batik-gentongan,396,1,train
/kaggle/input/datasets/dionisiusdh/indonesian-batik-motifs/batik-kawung/1.jpg,1.jpg,batik-kawung,19,1,train
/kaggle/input/datasets/dionisiusdh/indonesian-batik-motifs/batik-kawung/10.jpg,10.jpg,batik-kawung,398,1,train
/kaggle/input/datasets/dionisiusdh/indonesian-batik-motifs/batik-kawung/11.jpg,11.jpg,batik-kawung,399,1,train
/kaggle/input/datasets/dionisiusdh/indonesian-batik-motifs/batik-kawung/12.jpg,12.jpg,batik-kawung,400,1,test
/kaggle/input/datasets/dionisiusdh/indonesian-batik-motifs/batik-kawung/13.jpg,13.jpg,batik-kawung,20,1,test
/kaggle/input/datasets/dionisiusdh/indonesian-batik-motifs/batik-kawung/14.jpg,14.jpg,batik-kawung,402,1,test
/kaggle/input/datasets/dionisiusdh/indonesian-batik-motifs/batik-kawung/15.jpg,15.jpg,batik-kawung,403,1,train
/kaggle/input/datasets/dionisiusdh/indonesian-batik-motifs/batik-kawung/17.jpg,17.jpg,batik-kawung,404,1,test
/kaggle/input/datasets/dionisiusdh/indonesian-batik-motifs/batik-kawung/18.jpg,18.jpg,batik-kawung,405,1,test
/kaggle/input/datasets/dionisiusdh/indonesian-batik-motifs/batik-kawung/19.jpg,19.jpg,batik-kawung,207,1,test
/kaggle/input/datasets/dionisiusdh/indonesian-batik-motifs/batik-kawung/20.jpg,20.jpg,batik-kawung,407,1,train
/kaggle/input/datasets/dionisiusdh/indonesian-batik-motifs/batik-kawung/21.jpg,21.jpg,batik-kawung,408,1,train
/kaggle/input/datasets/dionisiusdh/indonesian-batik-motifs/batik-kawung/22.jpg,22.jpg,batik-kawung,409,1,test
/kaggle/input/datasets/dionisiusdh/indonesian-batik-motifs/batik-kawung/23.jpg,23.jpg,batik-kawung,410,1,train
/kaggle/input/datasets/dionisiusdh/indonesian-batik-motifs/batik-kawung/24.jpg,24.jpg,batik-kawung,207,1,test
/kaggle/input/datasets/dionisiusdh/indonesian-batik-motifs/batik-kawung/25.jpg,25.jpg,batik-kawung,412,1,train
/kaggle/input/datasets/dionisiusdh/indonesian-batik-motifs/batik-kawung/26.jpg,26.jpg,batik-kawung,413,1,train
/kaggle/input/datasets/dionisiusdh/indonesian-batik-motifs/batik-kawung/28.jpg,28.jpg,batik-kawung,414,1,train
/kaggle/input/datasets/dionisiusdh/indonesian-batik-motifs/batik-kawung/3.jpg,3.jpg,batik-kawung,415,1,train
/kaggle/input/datasets/dionisiusdh/indonesian-batik-motifs/batik-kawung/30.jpg,30.jpg,batik-kawung,416,1,train
/kaggle/input/datasets/dionisiusdh/indonesian-batik-motifs/batik-kawung/31.jpg,31.jpg,batik-kawung,417,1,train
/kaggle/input/datasets/dionisiusdh/indonesian-batik-motifs/batik-kawung/32.jpg,32.jpg,batik-kawung,418,1,test
/kaggle/input/datasets/dionisiusdh/indonesian-batik-motifs/batik-kawung/33.jpg,33.jpg,batik-kawung,419,1,test
/kaggle/input/datasets/dionisiusdh/indonesian-batik-motifs/batik-kawung/34.jpg,34.jpg,batik-kawung,420,1,train
/kaggle/input/datasets/dionisiusdh/indonesian-batik-motifs/batik-kawung/35.jpg,35.jpg,batik-kawung,421,1,train
/kaggle/input/datasets/dionisiusdh/indonesian-batik-motifs/batik-kawung/36.jpg,36.jpg,batik-kawung,422,1,train
/kaggle/input/datasets/dionisiusdh/indonesian-batik-motifs/batik-kawung/37.jpg,37.jpg,batik-kawung,415,1,train
/kaggle/input/datasets/dionisiusdh/indonesian-batik-motifs/batik-kawung/38.jpg,38.jpg,batik-kawung,424,1,train
/kaggle/input/datasets/dionisiusdh/indonesian-batik-motifs/batik-kawung/39.jpg,39.jpg,batik-kawung,214,1,train
/kaggle/input/datasets/dionisiusdh/indonesian-batik-motifs/batik-kawung/4.jpg,4.jpg,batik-kawung,204,1,test
/kaggle/input/datasets/dionisiusdh/indonesian-batik-motifs/batik-kawung/40.jpg,40.jpg,batik-kawung,427,1,train
/kaggle/input/datasets/dionisiusdh/indonesian-batik-motifs/batik-kawung/41.jpg,41.jpg,batik-kawung,428,1,train
/kaggle/input/datasets/dionisiusdh/indonesian-batik-motifs/batik-kawung/42.jpg,42.jpg,batik-kawung,429,1,train
/kaggle/input/datasets/dionisiusdh/indonesian-batik-motifs/batik-kawung/43.jpg,43.jpg,batik-kawung,430,1,train
/kaggle/input/datasets/dionisiusdh/indonesian-batik-motifs/batik-kawung/44.jpg,44.jpg,batik-kawung,431,1,train
/kaggle/input/datasets/dionisiusdh/indonesian-batik-motifs/batik-kawung/45.jpg,45.jpg,batik-kawung,235,1,train
/kaggle/input/datasets/dionisiusdh/indonesian-batik-motifs/batik-kawung/46.jpg,46.jpg,batik-kawung,433,1,train
/kaggle/input/datasets/dionisiusdh/indonesian-batik-motifs/batik-kawung/47.jpg,47.jpg,batik-kawung,434,1,train
/kaggle/input/datasets/dionisiusdh/indonesian-batik-motifs/batik-kawung/49.jpg,49.jpg,batik-kawung,435,1,train
/kaggle/input/datasets/dionisiusdh/indonesian-batik-motifs/batik-kawung/5.jpg,5.jpg,batik-kawung,436,1,test
/kaggle/input/datasets/dionisiusdh/indonesian-batik-motifs/batik-kawung/50.jpg,50.jpg,batik-kawung,437,1,train
/kaggle/input/datasets/dionisiusdh/indonesian-batik-motifs/batik-kawung/6.jpg,6.jpg,batik-kawung,438,1,test
/kaggle/input/datasets/dionisiusdh/indonesian-batik-motifs/batik-kawung/7.jpg,7.jpg,batik-kawung,439,1,test
/kaggle/input/datasets/dionisiusdh/indonesian-batik-motifs/batik-kawung/8.jpg,8.jpg,batik-kawung,209,1,test
/kaggle/input/datasets/dionisiusdh/indonesian-batik-motifs/batik-kawung/9.jpg,9.jpg,batik-kawung,441,1,train
/kaggle/input/datasets/dionisiusdh/indonesian-batik-motifs/batik-keraton/1.jpg,1.jpg,batik-keraton,442,1,test
/kaggle/input/datasets/dionisiusdh/indonesian-batik-motifs/batik-keraton/10.jpg,10.jpg,batik-keraton,443,1,train
/kaggle/input/datasets/dionisiusdh/indonesian-batik-motifs/batik-keraton/11.jpg,11.jpg,batik-keraton,444,1,train
/kaggle/input/datasets/dionisiusdh/indonesian-batik-motifs/batik-keraton/12.jpg,12.jpg,batik-keraton,445,1,test
/kaggle/input/datasets/dionisiusdh/indonesian-batik-motifs/batik-keraton/13.jpg,13.jpg,batik-keraton,446,1,train
/kaggle/input/datasets/dionisiusdh/indonesian-batik-motifs/batik-keraton/14.jpg,14.jpg,batik-keraton,447,1,test
/kaggle/input/datasets/dionisiusdh/indonesian-batik-motifs/batik-keraton/15.jpg,15.jpg,batik-keraton,448,1,test
/kaggle/input/datasets/dionisiusdh/indonesian-batik-motifs/batik-keraton/16.jpg,16.jpg,batik-keraton,449,1,train
/kaggle/input/datasets/dionisiusdh/indonesian-batik-motifs/batik-keraton/17.jpg,17.jpg,batik-keraton,450,1,train
/kaggle/input/datasets/dionisiusdh/indonesian-batik-motifs/batik-keraton/18.jpg,18.jpg,batik-keraton,451,1,test
/kaggle/input/datasets/dionisiusdh/indonesian-batik-motifs/batik-keraton/19.jpg,19.jpg,batik-keraton,452,1,train
/kaggle/input/datasets/dionisiusdh/indonesian-batik-motifs/batik-keraton/2.jpg,2.jpg,batik-keraton,453,1,train
/kaggle/input/datasets/dionisiusdh/indonesian-batik-motifs/batik-keraton/20.jpg,20.jpg,batik-keraton,454,1,test
/kaggle/input/datasets/dionisiusdh/indonesian-batik-motifs/batik-keraton/21.jpg,21.jpg,batik-keraton,455,1,train
/kaggle/input/datasets/dionisiusdh/indonesian-batik-motifs/batik-keraton/22.jpg,22.jpg,batik-keraton,456,1,train
/kaggle/input/datasets/dionisiusdh/indonesian-batik-motifs/batik-keraton/23.jpg,23.jpg,batik-keraton,457,1,train
/kaggle/input/datasets/dionisiusdh/indonesian-batik-motifs/batik-keraton/24.jpg,24.jpg,batik-keraton,458,1,train
/kaggle/input/datasets/dionisiusdh/indonesian-batik-motifs/batik-keraton/25.jpg,25.jpg,batik-keraton,459,1,train
/kaggle/input/datasets/dionisiusdh/indonesian-batik-motifs/batik-keraton/26.jpg,26.jpg,batik-keraton,460,1,train
/kaggle/input/datasets/dionisiusdh/indonesian-batik-motifs/batik-keraton/27.jpg,27.jpg,batik-keraton,461,1,train
/kaggle/input/datasets/dionisiusdh/indonesian-batik-motifs/batik-keraton/28.jpg,28.jpg,batik-keraton,462,1,train
/kaggle/input/datasets/dionisiusdh/indonesian-batik-motifs/batik-keraton/29.jpg,29.jpg,batik-keraton,463,1,train
/kaggle/input/datasets/dionisiusdh/indonesian-batik-motifs/batik-keraton/3.jpg,3.jpg,batik-keraton,464,1,test
/kaggle/input/datasets/dionisiusdh/indonesian-batik-motifs/batik-keraton/30.jpg,30.jpg,batik-keraton,36,1,train
/kaggle/input/datasets/dionisiusdh/indonesian-batik-motifs/batik-keraton/31.jpg,31.jpg,batik-keraton,466,1,test
/kaggle/input/datasets/dionisiusdh/indonesian-batik-motifs/batik-keraton/32.jpg,32.jpg,batik-keraton,467,1,test
/kaggle/input/datasets/dionisiusdh/indonesian-batik-motifs/batik-keraton/33.jpg,33.jpg,batik-keraton,468,1,train
/kaggle/input/datasets/dionisiusdh/indonesian-batik-motifs/batik-keraton/34.jpg,34.jpg,batik-keraton,469,1,train
/kaggle/input/datasets/dionisiusdh/indonesian-batik-motifs/batik-keraton/35.jpg,35.jpg,batik-keraton,470,1,train
/kaggle/input/datasets/dionisiusdh/indonesian-batik-motifs/batik-keraton/36.jpg,36.jpg,batik-keraton,471,1,train
/kaggle/input/datasets/dionisiusdh/indonesian-batik-motifs/batik-keraton/37.jpg,37.jpg,batik-keraton,472,1,train
/kaggle/input/datasets/dionisiusdh/indonesian-batik-motifs/batik-keraton/38.jpg,38.jpg,batik-keraton,473,1,test
/kaggle/input/datasets/dionisiusdh/indonesian-batik-motifs/batik-keraton/39.jpg,39.jpg,batik-keraton,474,1,train
/kaggle/input/datasets/dionisiusdh/indonesian-batik-motifs/batik-keraton/4.jpg,4.jpg,batik-keraton,475,1,test
/kaggle/input/datasets/dionisiusdh/indonesian-batik-motifs/batik-keraton/40.jpg,40.jpg,batik-keraton,476,1,train
/kaggle/input/datasets/dionisiusdh/indonesian-batik-motifs/batik-keraton/41.jpg,41.jpg,batik-keraton,477,1,train
/kaggle/input/datasets/dionisiusdh/indonesian-batik-motifs/batik-keraton/42.jpg,42.jpg,batik-keraton,478,1,train
/kaggle/input/datasets/dionisiusdh/indonesian-batik-motifs/batik-keraton/43.jpg,43.jpg,batik-keraton,479,1,train
/kaggle/input/datasets/dionisiusdh/indonesian-batik-motifs/batik-keraton/44.jpg,44.jpg,batik-keraton,480,1,train
/kaggle/input/datasets/dionisiusdh/indonesian-batik-motifs/batik-keraton/45.jpg,45.jpg,batik-keraton,481,1,test
/kaggle/input/datasets/dionisiusdh/indonesian-batik-motifs/batik-keraton/46.jpg,46.jpg,batik-keraton,482,1,train
/kaggle/input/datasets/dionisiusdh/indonesian-batik-motifs/batik-keraton/47.jpg,47.jpg,batik-keraton,483,1,train
/kaggle/input/datasets/dionisiusdh/indonesian-batik-motifs/batik-keraton/48.jpg,48.jpg,batik-keraton,484,1,test
/kaggle/input/datasets/dionisiusdh/indonesian-batik-motifs/batik-keraton/49.jpg,49.jpg,batik-keraton,374,1,train
/kaggle/input/datasets/dionisiusdh/indonesian-batik-motifs/batik-keraton/5.jpg,5.jpg,batik-keraton,486,1,train
/kaggle/input/datasets/dionisiusdh/indonesian-batik-motifs/batik-keraton/50.jpg,50.jpg,batik-keraton,487,1,test
/kaggle/input/datasets/dionisiusdh/indonesian-batik-motifs/batik-keraton/6.jpg,6.jpg,batik-keraton,225,1,train
/kaggle/input/datasets/dionisiusdh/indonesian-batik-motifs/batik-keraton/7.jpg,7.jpg,batik-keraton,489,1,train
/kaggle/input/datasets/dionisiusdh/indonesian-batik-motifs/batik-keraton/8.jpg,8.jpg,batik-keraton,490,1,test
/kaggle/input/datasets/dionisiusdh/indonesian-batik-motifs/batik-keraton/9.jpg,9.jpg,batik-keraton,491,1,test
/kaggle/input/datasets/dionisiusdh/indonesian-batik-motifs/batik-lasem/1.jpg,1.jpg,batik-lasem,492,1,test
/kaggle/input/datasets/dionisiusdh/indonesian-batik-motifs/batik-lasem/10.jpg,10.jpg,batik-lasem,493,1,test
/kaggle/input/datasets/dionisiusdh/indonesian-batik-motifs/batik-lasem/11.jpg,11.jpg,batik-lasem,494,1,train
/kaggle/input/datasets/dionisiusdh/indonesian-batik-motifs/batik-lasem/12.jpg,12.jpg,batik-lasem,495,1,train
/kaggle/input/datasets/dionisiusdh/indonesian-batik-motifs/batik-lasem/13.jpg,13.jpg,batik-lasem,496,1,train
/kaggle/input/datasets/dionisiusdh/indonesian-batik-motifs/batik-lasem/14.jpg,14.jpg,batik-lasem,497,1,test
/kaggle/input/datasets/dionisiusdh/indonesian-batik-motifs/batik-lasem/15.jpg,15.jpg,batik-lasem,498,1,train
/kaggle/input/datasets/dionisiusdh/indonesian-batik-motifs/batik-lasem/16.jpg,16.jpg,batik-lasem,499,1,test
/kaggle/input/datasets/dionisiusdh/indonesian-batik-motifs/batik-lasem/17.jpg,17.jpg,batik-lasem,500,1,train
/kaggle/input/datasets/dionisiusdh/indonesian-batik-motifs/batik-lasem/18.jpg,18.jpg,batik-lasem,501,1,train
/kaggle/input/datasets/dionisiusdh/indonesian-batik-motifs/batik-lasem/19.jpg,19.jpg,batik-lasem,502,1,train
/kaggle/input/datasets/dionisiusdh/indonesian-batik-motifs/batik-lasem/2.jpg,2.jpg,batik-lasem,503,1,train
/kaggle/input/datasets/dionisiusdh/indonesian-batik-motifs/batik-lasem/20.jpg,20.jpg,batik-lasem,504,1,train
/kaggle/input/datasets/dionisiusdh/indonesian-batik-motifs/batik-lasem/21.jpg,21.jpg,batik-lasem,505,1,train
/kaggle/input/datasets/dionisiusdh/indonesian-batik-motifs/batik-lasem/22.jpg,22.jpg,batik-lasem,506,1,train
/kaggle/input/datasets/dionisiusdh/indonesian-batik-motifs/batik-lasem/23.jpg,23.jpg,batik-lasem,507,1,test
/kaggle/input/datasets/dionisiusdh/indonesian-batik-motifs/batik-lasem/24.jpg,24.jpg,batik-lasem,508,1,train
/kaggle/input/datasets/dionisiusdh/indonesian-batik-motifs/batik-lasem/25.jpg,25.jpg,batik-lasem,509,1,test
/kaggle/input/datasets/dionisiusdh/indonesian-batik-motifs/batik-lasem/26.jpg,26.jpg,batik-lasem,510,1,train
/kaggle/input/datasets/dionisiusdh/indonesian-batik-motifs/batik-lasem/27.jpg,27.jpg,batik-lasem,511,1,train
/kaggle/input/datasets/dionisiusdh/indonesian-batik-motifs/batik-lasem/28.jpg,28.jpg,batik-lasem,512,1,train
/kaggle/input/datasets/dionisiusdh/indonesian-batik-motifs/batik-lasem/29.jpg,29.jpg,batik-lasem,513,1,train
/kaggle/input/datasets/dionisiusdh/indonesian-batik-motifs/batik-lasem/3.jpg,3.jpg,batik-lasem,514,1,test
/kaggle/input/datasets/dionisiusdh/indonesian-batik-motifs/batik-lasem/30.jpg,30.jpg,batik-lasem,515,1,train
/kaggle/input/datasets/dionisiusdh/indonesian-batik-motifs/batik-lasem/31.jpg,31.jpg,batik-lasem,516,1,train
/kaggle/input/datasets/dionisiusdh/indonesian-batik-motifs/batik-lasem/32.jpg,32.jpg,batik-lasem,517,1,train
/kaggle/input/datasets/dionisiusdh/indonesian-batik-motifs/batik-lasem/33.jpg,33.jpg,batik-lasem,518,1,train
/kaggle/input/datasets/dionisiusdh/indonesian-batik-motifs/batik-lasem/34.jpg,34.jpg,batik-lasem,519,1,train
/kaggle/input/datasets/dionisiusdh/indonesian-batik-motifs/batik-lasem/35.jpg,35.jpg,batik-lasem,520,1,train
/kaggle/input/datasets/dionisiusdh/indonesian-batik-motifs/batik-lasem/36.jpg,36.jpg,batik-lasem,521,1,train
/kaggle/input/datasets/dionisiusdh/indonesian-batik-motifs/batik-lasem/37.jpg,37.jpg,batik-lasem,522,1,train
/kaggle/input/datasets/dionisiusdh/indonesian-batik-motifs/batik-lasem/38.jpg,38.jpg,batik-lasem,523,1,train
/kaggle/input/datasets/dionisiusdh/indonesian-batik-motifs/batik-lasem/39.jpg,39.jpg,batik-lasem,524,1,train
/kaggle/input/datasets/dionisiusdh/indonesian-batik-motifs/batik-lasem/4.jpg,4.jpg,batik-lasem,525,1,train
/kaggle/input/datasets/dionisiusdh/indonesian-batik-motifs/batik-lasem/40.jpg,40.jpg,batik-lasem,526,1,train
/kaggle/input/datasets/dionisiusdh/indonesian-batik-motifs/batik-lasem/41.jpg,41.jpg,batik-lasem,527,1,test
/kaggle/input/datasets/dionisiusdh/indonesian-batik-motifs/batik-lasem/42.jpg,42.jpg,batik-lasem,528,1,train
/kaggle/input/datasets/dionisiusdh/indonesian-batik-motifs/batik-lasem/43.jpg,43.jpg,batik-lasem,529,1,test
/kaggle/input/datasets/dionisiusdh/indonesian-batik-motifs/batik-lasem/44.jpg,44.jpg,batik-lasem,530,1,test
/kaggle/input/datasets/dionisiusdh/indonesian-batik-motifs/batik-lasem/45.jpg,45.jpg,batik-lasem,531,1,test
/kaggle/input/datasets/dionisiusdh/indonesian-batik-motifs/batik-lasem/46.jpg,46.jpg,batik-lasem,532,1,train
/kaggle/input/datasets/dionisiusdh/indonesian-batik-motifs/batik-lasem/47.jpg,47.jpg,batik-lasem,533,1,test
/kaggle/input/datasets/dionisiusdh/indonesian-batik-motifs/batik-lasem/48.jpg,48.jpg,batik-lasem,534,1,train
/kaggle/input/datasets/dionisiusdh/indonesian-batik-motifs/batik-lasem/49.jpg,49.jpg,batik-lasem,514,1,test
/kaggle/input/datasets/dionisiusdh/indonesian-batik-motifs/batik-lasem/5.jpg,5.jpg,batik-lasem,536,1,train
/kaggle/input/datasets/dionisiusdh/indonesian-batik-motifs/batik-lasem/50.jpg,50.jpg,batik-lasem,537,1,train
/kaggle/input/datasets/dionisiusdh/indonesian-batik-motifs/batik-lasem/6.jpg,6.jpg,batik-lasem,538,1,test
/kaggle/input/datasets/dionisiusdh/indonesian-batik-motifs/batik-lasem/7.jpg,7.jpg,batik-lasem,539,1,test
/kaggle/input/datasets/dionisiusdh/indonesian-batik-motifs/batik-lasem/8.jpg,8.jpg,batik-lasem,540,1,train
/kaggle/input/datasets/dionisiusdh/indonesian-batik-motifs/batik-lasem/9.jpg,9.jpg,batik-lasem,541,1,test
/kaggle/input/datasets/dionisiusdh/indonesian-batik-motifs/batik-megamendung/1.jpg,1.jpg,batik-megamendung,542,1,test
/kaggle/input/datasets/dionisiusdh/indonesian-batik-motifs/batik-megamendung/10.jpg,10.jpg,batik-megamendung,543,1,train
/kaggle/input/datasets/dionisiusdh/indonesian-batik-motifs/batik-megamendung/12.jpg,12.jpg,batik-megamendung,544,1,train
/kaggle/input/datasets/dionisiusdh/indonesian-batik-motifs/batik-megamendung/13.jpg,13.jpg,batik-megamendung,545,1,train
/kaggle/input/datasets/dionisiusdh/indonesian-batik-motifs/batik-megamendung/14.jpg,14.jpg,batik-megamendung,546,1,test
/kaggle/input/datasets/dionisiusdh/indonesian-batik-motifs/batik-megamendung/15.jpg,15.jpg,batik-megamendung,547,1,train
/kaggle/input/datasets/dionisiusdh/indonesian-batik-motifs/batik-megamendung/16.jpg,16.jpg,batik-megamendung,548,1,train
/kaggle/input/datasets/dionisiusdh/indonesian-batik-motifs/batik-megamendung/17.jpg,17.jpg,batik-megamendung,549,1,train
/kaggle/input/datasets/dionisiusdh/indonesian-batik-motifs/batik-megamendung/18.jpg,18.jpg,batik-megamendung,550,1,train
/kaggle/input/datasets/dionisiusdh/indonesian-batik-motifs/batik-megamendung/19.jpg,19.jpg,batik-megamendung,551,1,test
/kaggle/input/datasets/dionisiusdh/indonesian-batik-motifs/batik-megamendung/2.jpg,2.jpg,batik-megamendung,552,1,train
/kaggle/input/datasets/dionisiusdh/indonesian-batik-motifs/batik-megamendung/20.jpg,20.jpg,batik-megamendung,553,1,train
/kaggle/input/datasets/dionisiusdh/indonesian-batik-motifs/batik-megamendung/21.jpg,21.jpg,batik-megamendung,554,1,train
/kaggle/input/datasets/dionisiusdh/indonesian-batik-motifs/batik-megamendung/22.jpg,22.jpg,batik-megamendung,543,1,train
/kaggle/input/datasets/dionisiusdh/indonesian-batik-motifs/batik-megamendung/23.jpg,23.jpg,batik-megamendung,550,1,train
/kaggle/input/datasets/dionisiusdh/indonesian-batik-motifs/batik-megamendung/24.jpg,24.jpg,batik-megamendung,557,1,test
/kaggle/input/datasets/dionisiusdh/indonesian-batik-motifs/batik-megamendung/25.jpg,25.jpg,batik-megamendung,557,1,test
/kaggle/input/datasets/dionisiusdh/indonesian-batik-motifs/batik-megamendung/26.jpg,26.jpg,batik-megamendung,559,1,train
/kaggle/input/datasets/dionisiusdh/indonesian-batik-motifs/batik-megamendung/27.jpg,27.jpg,batik-megamendung,560,1,train
/kaggle/input/datasets/dionisiusdh/indonesian-batik-motifs/batik-megamendung/28.jpg,28.jpg,batik-megamendung,561,1,train
/kaggle/input/datasets/dionisiusdh/indonesian-batik-motifs/batik-megamendung/29.jpg,29.jpg,batik-megamendung,562,1,train
/kaggle/input/datasets/dionisiusdh/indonesian-batik-motifs/batik-megamendung/3.jpg,3.jpg,batik-megamendung,544,1,train
/kaggle/input/datasets/dionisiusdh/indonesian-batik-motifs/batik-megamendung/30.jpg,30.jpg,batik-megamendung,564,1,train
/kaggle/input/datasets/dionisiusdh/indonesian-batik-motifs/batik-megamendung/31.jpg,31.jpg,batik-megamendung,565,1,train
/kaggle/input/datasets/dionisiusdh/indonesian-batik-motifs/batik-megamendung/32.jpg,32.jpg,batik-megamendung,565,1,train
/kaggle/input/datasets/dionisiusdh/indonesian-batik-motifs/batik-megamendung/33.jpg,33.jpg,batik-megamendung,567,1,train
/kaggle/input/datasets/dionisiusdh/indonesian-batik-motifs/batik-megamendung/34.jpg,34.jpg,batik-megamendung,568,1,test
/kaggle/input/datasets/dionisiusdh/indonesian-batik-motifs/batik-megamendung/36.jpg,36.jpg,batik-megamendung,569,1,train
/kaggle/input/datasets/dionisiusdh/indonesian-batik-motifs/batik-megamendung/37.jpg,37.jpg,batik-megamendung,570,1,train
/kaggle/input/datasets/dionisiusdh/indonesian-batik-motifs/batik-megamendung/38.jpg,38.jpg,batik-megamendung,569,1,train
/kaggle/input/datasets/dionisiusdh/indonesian-batik-motifs/batik-megamendung/39.jpg,39.jpg,batik-megamendung,572,1,test
/kaggle/input/datasets/dionisiusdh/indonesian-batik-motifs/batik-megamendung/4.jpg,4.jpg,batik-megamendung,573,1,test
/kaggle/input/datasets/dionisiusdh/indonesian-batik-motifs/batik-megamendung/40.jpg,40.jpg,batik-megamendung,574,1,train
/kaggle/input/datasets/dionisiusdh/indonesian-batik-motifs/batik-megamendung/41.jpg,41.jpg,batik-megamendung,575,1,train
/kaggle/input/datasets/dionisiusdh/indonesian-batik-motifs/batik-megamendung/42.jpg,42.jpg,batik-megamendung,576,1,test
/kaggle/input/datasets/dionisiusdh/indonesian-batik-motifs/batik-megamendung/43.jpg,43.jpg,batik-megamendung,577,1,test
/kaggle/input/datasets/dionisiusdh/indonesian-batik-motifs/batik-megamendung/44.jpg,44.jpg,batik-megamendung,578,1,test
/kaggle/input/datasets/dionisiusdh/indonesian-batik-motifs/batik-megamendung/45.jpg,45.jpg,batik-megamendung,579,1,train
/kaggle/input/datasets/dionisiusdh/indonesian-batik-motifs/batik-megamendung/46.jpg,46.jpg,batik-megamendung,580,1,test
/kaggle/input/datasets/dionisiusdh/indonesian-batik-motifs/batik-megamendung/47.jpg,47.jpg,batik-megamendung,581,1,test
/kaggle/input/datasets/dionisiusdh/indonesian-batik-motifs/batik-megamendung/48.jpg,48.jpg,batik-megamendung,582,1,train
/kaggle/input/datasets/dionisiusdh/indonesian-batik-motifs/batik-megamendung/5.jpg,5.jpg,batik-megamendung,544,1,train
/kaggle/input/datasets/dionisiusdh/indonesian-batik-motifs/batik-megamendung/6.jpg,6.jpg,batik-megamendung,580,1,test
/kaggle/input/datasets/dionisiusdh/indonesian-batik-motifs/batik-megamendung/7.jpg,7.jpg,batik-megamendung,543,1,train
/kaggle/input/datasets/dionisiusdh/indonesian-batik-motifs/batik-megamendung/8.jpg,8.jpg,batik-megamendung,586,1,train
/kaggle/input/datasets/dionisiusdh/indonesian-batik-motifs/batik-megamendung/9.jpg,9.jpg,batik-megamendung,587,1,train
/kaggle/input/datasets/dionisiusdh/indonesian-batik-motifs/batik-parang/1.jpg,1.jpg,batik-parang,588,1,train
/kaggle/input/datasets/dionisiusdh/indonesian-batik-motifs/batik-parang/10.jpg,10.jpg,batik-parang,589,1,train
/kaggle/input/datasets/dionisiusdh/indonesian-batik-motifs/batik-parang/11.jpg,11.jpg,batik-parang,590,1,train
/kaggle/input/datasets/dionisiusdh/indonesian-batik-motifs/batik-parang/12.jpg,12.jpg,batik-parang,591,1,test
/kaggle/input/datasets/dionisiusdh/indonesian-batik-motifs/batik-parang/13.jpg,13.jpg,batik-parang,592,1,test
/kaggle/input/datasets/dionisiusdh/indonesian-batik-motifs/batik-parang/14.jpg,14.jpg,batik-parang,593,1,train
/kaggle/input/datasets/dionisiusdh/indonesian-batik-motifs/batik-parang/15.jpg,15.jpg,batik-parang,594,1,train
/kaggle/input/datasets/dionisiusdh/indonesian-batik-motifs/batik-parang/16.jpg,16.jpg,batik-parang,595,1,test
/kaggle/input/datasets/dionisiusdh/indonesian-batik-motifs/batik-parang/17.jpg,17.jpg,batik-parang,596,1,train
/kaggle/input/datasets/dionisiusdh/indonesian-batik-motifs/batik-parang/18.jpg,18.jpg,batik-parang,244,1,train
/kaggle/input/datasets/dionisiusdh/indonesian-batik-motifs/batik-parang/19.jpg,19.jpg,batik-parang,598,1,test
/kaggle/input/datasets/dionisiusdh/indonesian-batik-motifs/batik-parang/2.jpg,2.jpg,batik-parang,599,1,test
/kaggle/input/datasets/dionisiusdh/indonesian-batik-motifs/batik-parang/20.jpg,20.jpg,batik-parang,600,1,test
/kaggle/input/datasets/dionisiusdh/indonesian-batik-motifs/batik-parang/21.jpg,21.jpg,batik-parang,601,1,train
/kaggle/input/datasets/dionisiusdh/indonesian-batik-motifs/batik-parang/22.jpg,22.jpg,batik-parang,602,1,test
/kaggle/input/datasets/dionisiusdh/indonesian-batik-motifs/batik-parang/23.jpg,23.jpg,batik-parang,603,1,train
/kaggle/input/datasets/dionisiusdh/indonesian-batik-motifs/batik-parang/24.jpg,24.jpg,batik-parang,405,1,test
/kaggle/input/datasets/dionisiusdh/indonesian-batik-motifs/batik-parang/25.jpg,25.jpg,batik-parang,605,1,train
/kaggle/input/datasets/dionisiusdh/indonesian-batik-motifs/batik-parang/26.jpg,26.jpg,batik-parang,606,1,train
/kaggle/input/datasets/dionisiusdh/indonesian-batik-motifs/batik-parang/27.jpg,27.jpg,batik-parang,607,1,train
/kaggle/input/datasets/dionisiusdh/indonesian-batik-motifs/batik-parang/28.jpg,28.jpg,batik-parang,608,1,train
/kaggle/input/datasets/dionisiusdh/indonesian-batik-motifs/batik-parang/29.jpg,29.jpg,batik-parang,609,1,train
/kaggle/input/datasets/dionisiusdh/indonesian-batik-motifs/batik-parang/3.jpg,3.jpg,batik-parang,605,1,train
/kaggle/input/datasets/dionisiusdh/indonesian-batik-motifs/batik-parang/30.jpg,30.jpg,batik-parang,611,1,train
/kaggle/input/datasets/dionisiusdh/indonesian-batik-motifs/batik-parang/31.jpg,31.jpg,batik-parang,612,1,train
/kaggle/input/datasets/dionisiusdh/indonesian-batik-motifs/batik-parang/32.jpg,32.jpg,batik-parang,18,1,train
/kaggle/input/datasets/dionisiusdh/indonesian-batik-motifs/batik-parang/33.jpg,33.jpg,batik-parang,614,1,test
/kaggle/input/datasets/dionisiusdh/indonesian-batik-motifs/batik-parang/34.jpg,34.jpg,batik-parang,615,1,train
/kaggle/input/datasets/dionisiusdh/indonesian-batik-motifs/batik-parang/35.jpg,35.jpg,batik-parang,616,1,train
/kaggle/input/datasets/dionisiusdh/indonesian-batik-motifs/batik-parang/36.jpg,36.jpg,batik-parang,617,1,train
/kaggle/input/datasets/dionisiusdh/indonesian-batik-motifs/batik-parang/37.jpg,37.jpg,batik-parang,2,1,train
/kaggle/input/datasets/dionisiusdh/indonesian-batik-motifs/batik-parang/38.jpg,38.jpg,batik-parang,619,1,train
/kaggle/input/datasets/dionisiusdh/indonesian-batik-motifs/batik-parang/39.jpg,39.jpg,batik-parang,620,1,test
/kaggle/input/datasets/dionisiusdh/indonesian-batik-motifs/batik-parang/4.jpg,4.jpg,batik-parang,621,1,train
/kaggle/input/datasets/dionisiusdh/indonesian-batik-motifs/batik-parang/40.jpg,40.jpg,batik-parang,206,1,test
/kaggle/input/datasets/dionisiusdh/indonesian-batik-motifs/batik-parang/41.jpg,41.jpg,batik-parang,623,1,train
/kaggle/input/datasets/dionisiusdh/indonesian-batik-motifs/batik-parang/42.jpg,42.jpg,batik-parang,624,1,test
/kaggle/input/datasets/dionisiusdh/indonesian-batik-motifs/batik-parang/43.jpg,43.jpg,batik-parang,625,1,train
/kaggle/input/datasets/dionisiusdh/indonesian-batik-motifs/batik-parang/44.jpg,44.jpg,batik-parang,626,1,test
/kaggle/input/datasets/dionisiusdh/indonesian-batik-motifs/batik-parang/45.jpg,45.jpg,batik-parang,627,1,train
/kaggle/input/datasets/dionisiusdh/indonesian-batik-motifs/batik-parang/46.jpg,46.jpg,batik-parang,628,1,train
/kaggle/input/datasets/dionisiusdh/indonesian-batik-motifs/batik-parang/47.jpg,47.jpg,batik-parang,629,1,train
/kaggle/input/datasets/dionisiusdh/indonesian-batik-motifs/batik-parang/48.jpg,48.jpg,batik-parang,630,1,train
/kaggle/input/datasets/dionisiusdh/indonesian-batik-motifs/batik-parang/49.jpg,49.jpg,batik-parang,631,1,test
/kaggle/input/datasets/dionisiusdh/indonesian-batik-motifs/batik-parang/5.jpg,5.jpg,batik-parang,632,1,train
/kaggle/input/datasets/dionisiusdh/indonesian-batik-motifs/batik-parang/50.jpg,50.jpg,batik-parang,633,1,train
/kaggle/input/datasets/dionisiusdh/indonesian-batik-motifs/batik-parang/6.jpg,6.jpg,batik-parang,634,1,test
/kaggle/input/datasets/dionisiusdh/indonesian-batik-motifs/batik-parang/7.jpg,7.jpg,batik-parang,635,1,train
/kaggle/input/datasets/dionisiusdh/indonesian-batik-motifs/batik-parang/8.jpg,8.jpg,batik-parang,636,1,test
/kaggle/input/datasets/dionisiusdh/indonesian-batik-motifs/batik-parang/9.jpg,9.jpg,batik-parang,637,1,train
/kaggle/input/datasets/dionisiusdh/indonesian-batik-motifs/batik-pekalongan/1.jpg,1.jpg,batik-pekalongan,490,1,test
/kaggle/input/datasets/dionisiusdh/indonesian-batik-motifs/batik-pekalongan/10.jpg,10.jpg,batik-pekalongan,490,1,test
/kaggle/input/datasets/dionisiusdh/indonesian-batik-motifs/batik-pekalongan/11.jpg,11.jpg,batik-pekalongan,640,1,train
/kaggle/input/datasets/dionisiusdh/indonesian-batik-motifs/batik-pekalongan/12.jpg,12.jpg,batik-pekalongan,641,1,train
/kaggle/input/datasets/dionisiusdh/indonesian-batik-motifs/batik-pekalongan/13.jpg,13.jpg,batik-pekalongan,642,1,train
/kaggle/input/datasets/dionisiusdh/indonesian-batik-motifs/batik-pekalongan/14.jpg,14.jpg,batik-pekalongan,643,1,train
/kaggle/input/datasets/dionisiusdh/indonesian-batik-motifs/batik-pekalongan/15.jpg,15.jpg,batik-pekalongan,644,1,train
/kaggle/input/datasets/dionisiusdh/indonesian-batik-motifs/batik-pekalongan/16.jpg,16.jpg,batik-pekalongan,645,1,test
/kaggle/input/datasets/dionisiusdh/indonesian-batik-motifs/batik-pekalongan/17.jpg,17.jpg,batik-pekalongan,646,1,train
/kaggle/input/datasets/dionisiusdh/indonesian-batik-motifs/batik-pekalongan/18.jpg,18.jpg,batik-pekalongan,647,1,test
/kaggle/input/datasets/dionisiusdh/indonesian-batik-motifs/batik-pekalongan/19.jpg,19.jpg,batik-pekalongan,648,1,train
/kaggle/input/datasets/dionisiusdh/indonesian-batik-motifs/batik-pekalongan/2.jpg,2.jpg,batik-pekalongan,649,1,train
/kaggle/input/datasets/dionisiusdh/indonesian-batik-motifs/batik-pekalongan/20.jpg,20.jpg,batik-pekalongan,650,1,train
/kaggle/input/datasets/dionisiusdh/indonesian-batik-motifs/batik-pekalongan/21.jpg,21.jpg,batik-pekalongan,651,1,test
/kaggle/input/datasets/dionisiusdh/indonesian-batik-motifs/batik-pekalongan/22.jpg,22.jpg,batik-pekalongan,652,1,train
/kaggle/input/datasets/dionisiusdh/indonesian-batik-motifs/batik-pekalongan/23.jpg,23.jpg,batik-pekalongan,653,1,test
/kaggle/input/datasets/dionisiusdh/indonesian-batik-motifs/batik-pekalongan/24.jpg,24.jpg,batik-pekalongan,642,1,train
/kaggle/input/datasets/dionisiusdh/indonesian-batik-motifs/batik-pekalongan/25.jpg,25.jpg,batik-pekalongan,655,1,test
/kaggle/input/datasets/dionisiusdh/indonesian-batik-motifs/batik-pekalongan/26.jpg,26.jpg,batik-pekalongan,656,1,train
/kaggle/input/datasets/dionisiusdh/indonesian-batik-motifs/batik-pekalongan/27.jpg,27.jpg,batik-pekalongan,588,1,train
/kaggle/input/datasets/dionisiusdh/indonesian-batik-motifs/batik-pekalongan/28.jpg,28.jpg,batik-pekalongan,658,1,train
/kaggle/input/datasets/dionisiusdh/indonesian-batik-motifs/batik-pekalongan/29.jpg,29.jpg,batik-pekalongan,659,1,train
/kaggle/input/datasets/dionisiusdh/indonesian-batik-motifs/batik-pekalongan/3.jpg,3.jpg,batik-pekalongan,660,1,train
/kaggle/input/datasets/dionisiusdh/indonesian-batik-motifs/batik-pekalongan/30.jpg,30.jpg,batik-pekalongan,661,1,train
/kaggle/input/datasets/dionisiusdh/indonesian-batik-motifs/batik-pekalongan/31.jpg,31.jpg,batik-pekalongan,662,1,train
/kaggle/input/datasets/dionisiusdh/indonesian-batik-motifs/batik-pekalongan/32.jpg,32.jpg,batik-pekalongan,663,1,train
/kaggle/input/datasets/dionisiusdh/indonesian-batik-motifs/batik-pekalongan/33.jpg,33.jpg,batik-pekalongan,664,1,train
/kaggle/input/datasets/dionisiusdh/indonesian-batik-motifs/batik-pekalongan/34.jpg,34.jpg,batik-pekalongan,665,1,test
/kaggle/input/datasets/dionisiusdh/indonesian-batik-motifs/batik-pekalongan/35.jpg,35.jpg,batik-pekalongan,666,1,train
/kaggle/input/datasets/dionisiusdh/indonesian-batik-motifs/batik-pekalongan/36.jpg,36.jpg,batik-pekalongan,667,1,train
/kaggle/input/datasets/dionisiusdh/indonesian-batik-motifs/batik-pekalongan/37.jpg,37.jpg,batik-pekalongan,14,1,train
/kaggle/input/datasets/dionisiusdh/indonesian-batik-motifs/batik-pekalongan/38.jpg,38.jpg,batik-pekalongan,669,1,train
/kaggle/input/datasets/dionisiusdh/indonesian-batik-motifs/batik-pekalongan/39.jpg,39.jpg,batik-pekalongan,670,1,train
/kaggle/input/datasets/dionisiusdh/indonesian-batik-motifs/batik-pekalongan/4.jpg,4.jpg,batik-pekalongan,671,1,train
/kaggle/input/datasets/dionisiusdh/indonesian-batik-motifs/batik-pekalongan/40.jpg,40.jpg,batik-pekalongan,672,1,test
/kaggle/input/datasets/dionisiusdh/indonesian-batik-motifs/batik-pekalongan/41.jpg,41.jpg,batik-pekalongan,673,1,train
/kaggle/input/datasets/dionisiusdh/indonesian-batik-motifs/batik-pekalongan/42.jpg,42.jpg,batik-pekalongan,674,1,test
/kaggle/input/datasets/dionisiusdh/indonesian-batik-motifs/batik-pekalongan/43.jpg,43.jpg,batik-pekalongan,675,1,train
/kaggle/input/datasets/dionisiusdh/indonesian-batik-motifs/batik-pekalongan/44.jpg,44.jpg,batik-pekalongan,676,1,train
/kaggle/input/datasets/dionisiusdh/indonesian-batik-motifs/batik-pekalongan/45.jpg,45.jpg,batik-pekalongan,677,1,train
/kaggle/input/datasets/dionisiusdh/indonesian-batik-motifs/batik-pekalongan/46.jpg,46.jpg,batik-pekalongan,678,1,train
/kaggle/input/datasets/dionisiusdh/indonesian-batik-motifs/batik-pekalongan/47.jpg,47.jpg,batik-pekalongan,679,1,test
/kaggle/input/datasets/dionisiusdh/indonesian-batik-motifs/batik-pekalongan/48.jpg,48.jpg,batik-pekalongan,680,1,test
/kaggle/input/datasets/dionisiusdh/indonesian-batik-motifs/batik-pekalongan/49.jpg,49.jpg,batik-pekalongan,681,1,train
/kaggle/input/datasets/dionisiusdh/indonesian-batik-motifs/batik-pekalongan/5.jpg,5.jpg,batik-pekalongan,249,1,train
/kaggle/input/datasets/dionisiusdh/indonesian-batik-motifs/batik-pekalongan/50.jpg,50.jpg,batik-pekalongan,683,1,train
/kaggle/input/datasets/dionisiusdh/indonesian-batik-motifs/batik-pekalongan/6.jpg,6.jpg,batik-pekalongan,684,1,test
/kaggle/input/datasets/dionisiusdh/indonesian-batik-motifs/batik-pekalongan/7.jpg,7.jpg,batik-pekalongan,685,1,test
/kaggle/input/datasets/dionisiusdh/indonesian-batik-motifs/batik-pekalongan/8.jpg,8.jpg,batik-pekalongan,686,1,train
/kaggle/input/datasets/dionisiusdh/indonesian-batik-motifs/batik-pekalongan/9.jpg,9.jpg,batik-pekalongan,687,1,train
/kaggle/input/datasets/dionisiusdh/indonesian-batik-motifs/batik-priangan/1.jpg,1.jpg,batik-priangan,688,1,train
/kaggle/input/datasets/dionisiusdh/indonesian-batik-motifs/batik-priangan/10.jpg,10.jpg,batik-priangan,274,1,train
/kaggle/input/datasets/dionisiusdh/indonesian-batik-motifs/batik-priangan/11.jpg,11.jpg,batik-priangan,690,1,train
/kaggle/input/datasets/dionisiusdh/indonesian-batik-motifs/batik-priangan/12.jpg,12.jpg,batik-priangan,691,1,train
/kaggle/input/datasets/dionisiusdh/indonesian-batik-motifs/batik-priangan/13.jpg,13.jpg,batik-priangan,692,1,train
/kaggle/input/datasets/dionisiusdh/indonesian-batik-motifs/batik-priangan/14.jpg,14.jpg,batik-priangan,693,1,test
/kaggle/input/datasets/dionisiusdh/indonesian-batik-motifs/batik-priangan/15.jpg,15.jpg,batik-priangan,694,1,train
/kaggle/input/datasets/dionisiusdh/indonesian-batik-motifs/batik-priangan/16.jpg,16.jpg,batik-priangan,695,1,test
/kaggle/input/datasets/dionisiusdh/indonesian-batik-motifs/batik-priangan/17.jpg,17.jpg,batik-priangan,696,1,train
/kaggle/input/datasets/dionisiusdh/indonesian-batik-motifs/batik-priangan/18.jpg,18.jpg,batik-priangan,255,1,test
/kaggle/input/datasets/dionisiusdh/indonesian-batik-motifs/batik-priangan/19.jpg,19.jpg,batik-priangan,698,1,test
/kaggle/input/datasets/dionisiusdh/indonesian-batik-motifs/batik-priangan/2.jpg,2.jpg,batik-priangan,699,1,test
/kaggle/input/datasets/dionisiusdh/indonesian-batik-motifs/batik-priangan/20.jpg,20.jpg,batik-priangan,700,1,train
/kaggle/input/datasets/dionisiusdh/indonesian-batik-motifs/batik-priangan/21.jpg,21.jpg,batik-priangan,301,1,train
/kaggle/input/datasets/dionisiusdh/indonesian-batik-motifs/batik-priangan/22.jpg,22.jpg,batik-priangan,702,1,train
/kaggle/input/datasets/dionisiusdh/indonesian-batik-motifs/batik-priangan/23.jpg,23.jpg,batik-priangan,703,1,train
/kaggle/input/datasets/dionisiusdh/indonesian-batik-motifs/batik-priangan/24.jpg,24.jpg,batik-priangan,308,1,test
/kaggle/input/datasets/dionisiusdh/indonesian-batik-motifs/batik-priangan/25.jpg,25.jpg,batik-priangan,705,1,train
/kaggle/input/datasets/dionisiusdh/indonesian-batik-motifs/batik-priangan/26.jpg,26.jpg,batik-priangan,706,1,train
/kaggle/input/datasets/dionisiusdh/indonesian-batik-motifs/batik-priangan/27.jpg,27.jpg,batik-priangan,707,1,test
/kaggle/input/datasets/dionisiusdh/indonesian-batik-motifs/batik-priangan/28.jpg,28.jpg,batik-priangan,708,1,train
/kaggle/input/datasets/dionisiusdh/indonesian-batik-motifs/batik-priangan/29.jpg,29.jpg,batik-priangan,709,1,test
/kaggle/input/datasets/dionisiusdh/indonesian-batik-motifs/batik-priangan/3.jpg,3.jpg,batik-priangan,710,1,test
/kaggle/input/datasets/dionisiusdh/indonesian-batik-motifs/batik-priangan/30.jpg,30.jpg,batik-priangan,711,1,train
/kaggle/input/datasets/dionisiusdh/indonesian-batik-motifs/batik-priangan/31.jpg,31.jpg,batik-priangan,712,1,test
/kaggle/input/datasets/dionisiusdh/indonesian-batik-motifs/batik-priangan/32.jpg,32.jpg,batik-priangan,713,1,train
/kaggle/input/datasets/dionisiusdh/indonesian-batik-motifs/batik-priangan/33.jpg,33.jpg,batik-priangan,714,1,test
/kaggle/input/datasets/dionisiusdh/indonesian-batik-motifs/batik-priangan/34.jpg,34.jpg,batik-priangan,715,1,train
/kaggle/input/datasets/dionisiusdh/indonesian-batik-motifs/batik-priangan/35.jpg,35.jpg,batik-priangan,374,1,train
/kaggle/input/datasets/dionisiusdh/indonesian-batik-motifs/batik-priangan/36.jpg,36.jpg,batik-priangan,717,1,train
/kaggle/input/datasets/dionisiusdh/indonesian-batik-motifs/batik-priangan/37.jpg,37.jpg,batik-priangan,718,1,test
/kaggle/input/datasets/dionisiusdh/indonesian-batik-motifs/batik-priangan/38.jpg,38.jpg,batik-priangan,719,1,train
/kaggle/input/datasets/dionisiusdh/indonesian-batik-motifs/batik-priangan/39.jpg,39.jpg,batik-priangan,720,1,train
/kaggle/input/datasets/dionisiusdh/indonesian-batik-motifs/batik-priangan/4.jpg,4.jpg,batik-priangan,721,1,train
/kaggle/input/datasets/dionisiusdh/indonesian-batik-motifs/batik-priangan/40.jpg,40.jpg,batik-priangan,722,1,train
/kaggle/input/datasets/dionisiusdh/indonesian-batik-motifs/batik-priangan/41.jpg,41.jpg,batik-priangan,723,1,train
/kaggle/input/datasets/dionisiusdh/indonesian-batik-motifs/batik-priangan/42.jpg,42.jpg,batik-priangan,724,1,test
/kaggle/input/datasets/dionisiusdh/indonesian-batik-motifs/batik-priangan/43.jpg,43.jpg,batik-priangan,725,1,train
/kaggle/input/datasets/dionisiusdh/indonesian-batik-motifs/batik-priangan/44.jpg,44.jpg,batik-priangan,726,1,train
/kaggle/input/datasets/dionisiusdh/indonesian-batik-motifs/batik-priangan/45.jpg,45.jpg,batik-priangan,727,1,train
/kaggle/input/datasets/dionisiusdh/indonesian-batik-motifs/batik-priangan/46.jpg,46.jpg,batik-priangan,728,1,train
/kaggle/input/datasets/dionisiusdh/indonesian-batik-motifs/batik-priangan/47.jpg,47.jpg,batik-priangan,729,1,train
/kaggle/input/datasets/dionisiusdh/indonesian-batik-motifs/batik-priangan/48.jpg,48.jpg,batik-priangan,730,1,train
/kaggle/input/datasets/dionisiusdh/indonesian-batik-motifs/batik-priangan/49.jpg,49.jpg,batik-priangan,731,1,test
/kaggle/input/datasets/dionisiusdh/indonesian-batik-motifs/batik-priangan/5.jpg,5.jpg,batik-priangan,732,1,test
/kaggle/input/datasets/dionisiusdh/indonesian-batik-motifs/batik-priangan/50.jpg,50.jpg,batik-priangan,733,1,train
/kaggle/input/datasets/dionisiusdh/indonesian-batik-motifs/batik-priangan/6.jpg,6.jpg,batik-priangan,734,1,train
/kaggle/input/datasets/dionisiusdh/indonesian-batik-motifs/batik-priangan/7.jpg,7.jpg,batik-priangan,735,1,train
/kaggle/input/datasets/dionisiusdh/indonesian-batik-motifs/batik-priangan/8.jpg,8.jpg,batik-priangan,736,1,train
/kaggle/input/datasets/dionisiusdh/indonesian-batik-motifs/batik-priangan/9.jpg,9.jpg,batik-priangan,737,1,train
/kaggle/input/datasets/dionisiusdh/indonesian-batik-motifs/batik-sekar/1.jpg,1.jpg,batik-sekar,738,1,train
/kaggle/input/datasets/dionisiusdh/indonesian-batik-motifs/batik-sekar/10.jpg,10.jpg,batik-sekar,739,1,train
/kaggle/input/datasets/dionisiusdh/indonesian-batik-motifs/batik-sekar/11.jpg,11.jpg,batik-sekar,740,1,train
/kaggle/input/datasets/dionisiusdh/indonesian-batik-motifs/batik-sekar/13.jpg,13.jpg,batik-sekar,741,1,train
/kaggle/input/datasets/dionisiusdh/indonesian-batik-motifs/batik-sekar/14.jpg,14.jpg,batik-sekar,742,1,train
/kaggle/input/datasets/dionisiusdh/indonesian-batik-motifs/batik-sekar/15.jpg,15.jpg,batik-sekar,743,1,train
/kaggle/input/datasets/dionisiusdh/indonesian-batik-motifs/batik-sekar/16.jpg,16.jpg,batik-sekar,744,1,train
/kaggle/input/datasets/dionisiusdh/indonesian-batik-motifs/batik-sekar/17.jpg,17.jpg,batik-sekar,745,1,test
/kaggle/input/datasets/dionisiusdh/indonesian-batik-motifs/batik-sekar/18.jpg,18.jpg,batik-sekar,746,1,train
/kaggle/input/datasets/dionisiusdh/indonesian-batik-motifs/batik-sekar/19.jpg,19.jpg,batik-sekar,747,1,test
/kaggle/input/datasets/dionisiusdh/indonesian-batik-motifs/batik-sekar/2.jpg,2.jpg,batik-sekar,748,1,train
/kaggle/input/datasets/dionisiusdh/indonesian-batik-motifs/batik-sekar/20.jpg,20.jpg,batik-sekar,749,1,test
/kaggle/input/datasets/dionisiusdh/indonesian-batik-motifs/batik-sekar/21.jpg,21.jpg,batik-sekar,750,1,test
/kaggle/input/datasets/dionisiusdh/indonesian-batik-motifs/batik-sekar/22.jpg,22.jpg,batik-sekar,751,1,test
/kaggle/input/datasets/dionisiusdh/indonesian-batik-motifs/batik-sekar/23.jpg,23.jpg,batik-sekar,749,1,test
/kaggle/input/datasets/dionisiusdh/indonesian-batik-motifs/batik-sekar/24.jpg,24.jpg,batik-sekar,756,1,train
/kaggle/input/datasets/dionisiusdh/indonesian-batik-motifs/batik-sekar/25.jpg,25.jpg,batik-sekar,754,1,train
/kaggle/input/datasets/dionisiusdh/indonesian-batik-motifs/batik-sekar/26.jpg,26.jpg,batik-sekar,755,1,test
/kaggle/input/datasets/dionisiusdh/indonesian-batik-motifs/batik-sekar/27.jpg,27.jpg,batik-sekar,756,1,train
/kaggle/input/datasets/dionisiusdh/indonesian-batik-motifs/batik-sekar/28.jpg,28.jpg,batik-sekar,756,1,train
/kaggle/input/datasets/dionisiusdh/indonesian-batik-motifs/batik-sekar/29.jpg,29.jpg,batik-sekar,758,1,test
/kaggle/input/datasets/dionisiusdh/indonesian-batik-motifs/batik-sekar/3.jpg,3.jpg,batik-sekar,759,1,train
/kaggle/input/datasets/dionisiusdh/indonesian-batik-motifs/batik-sekar/30.jpg,30.jpg,batik-sekar,760,1,train
/kaggle/input/datasets/dionisiusdh/indonesian-batik-motifs/batik-sekar/31.jpg,31.jpg,batik-sekar,232,1,test
/kaggle/input/datasets/dionisiusdh/indonesian-batik-motifs/batik-sekar/33.jpg,33.jpg,batik-sekar,762,1,train
/kaggle/input/datasets/dionisiusdh/indonesian-batik-motifs/batik-sekar/34.jpg,34.jpg,batik-sekar,763,1,train
/kaggle/input/datasets/dionisiusdh/indonesian-batik-motifs/batik-sekar/35.jpg,35.jpg,batik-sekar,764,1,test
/kaggle/input/datasets/dionisiusdh/indonesian-batik-motifs/batik-sekar/36.jpg,36.jpg,batik-sekar,765,1,train
/kaggle/input/datasets/dionisiusdh/indonesian-batik-motifs/batik-sekar/37.jpg,37.jpg,batik-sekar,663,1,train
/kaggle/input/datasets/dionisiusdh/indonesian-batik-motifs/batik-sekar/38.jpg,38.jpg,batik-sekar,767,1,test
/kaggle/input/datasets/dionisiusdh/indonesian-batik-motifs/batik-sekar/39.jpg,39.jpg,batik-sekar,756,1,train
/kaggle/input/datasets/dionisiusdh/indonesian-batik-motifs/batik-sekar/40.jpg,40.jpg,batik-sekar,769,1,train
/kaggle/input/datasets/dionisiusdh/indonesian-batik-motifs/batik-sekar/41.jpg,41.jpg,batik-sekar,770,1,train
/kaggle/input/datasets/dionisiusdh/indonesian-batik-motifs/batik-sekar/42.jpg,42.jpg,batik-sekar,744,1,train
/kaggle/input/datasets/dionisiusdh/indonesian-batik-motifs/batik-sekar/43.jpg,43.jpg,batik-sekar,772,1,test
/kaggle/input/datasets/dionisiusdh/indonesian-batik-motifs/batik-sekar/44.jpg,44.jpg,batik-sekar,756,1,train
/kaggle/input/datasets/dionisiusdh/indonesian-batik-motifs/batik-sekar/45.jpg,45.jpg,batik-sekar,774,1,train
/kaggle/input/datasets/dionisiusdh/indonesian-batik-motifs/batik-sekar/46.jpg,46.jpg,batik-sekar,775,1,train
/kaggle/input/datasets/dionisiusdh/indonesian-batik-motifs/batik-sekar/47.jpg,47.jpg,batik-sekar,776,1,test
/kaggle/input/datasets/dionisiusdh/indonesian-batik-motifs/batik-sekar/48.jpg,48.jpg,batik-sekar,777,1,train
/kaggle/input/datasets/dionisiusdh/indonesian-batik-motifs/batik-sekar/49.jpg,49.jpg,batik-sekar,778,1,train
/kaggle/input/datasets/dionisiusdh/indonesian-batik-motifs/batik-sekar/5.jpg,5.jpg,batik-sekar,779,1,train
/kaggle/input/datasets/dionisiusdh/indonesian-batik-motifs/batik-sekar/50.jpg,50.jpg,batik-sekar,772,1,test
/kaggle/input/datasets/dionisiusdh/indonesian-batik-motifs/batik-sekar/6.jpg,6.jpg,batik-sekar,738,1,train
/kaggle/input/datasets/dionisiusdh/indonesian-batik-motifs/batik-sekar/7.jpg,7.jpg,batik-sekar,782,1,test
/kaggle/input/datasets/dionisiusdh/indonesian-batik-motifs/batik-sekar/8.jpg,8.jpg,batik-sekar,783,1,test
/kaggle/input/datasets/dionisiusdh/indonesian-batik-motifs/batik-sekar/9.jpg,9.jpg,batik-sekar,784,1,test
/kaggle/input/datasets/dionisiusdh/indonesian-batik-motifs/batik-sidoluhur/1.jpg,1.jpg,batik-sidoluhur,785,1,train
/kaggle/input/datasets/dionisiusdh/indonesian-batik-motifs/batik-sidoluhur/10.jpg,10.jpg,batik-sidoluhur,786,1,train
/kaggle/input/datasets/dionisiusdh/indonesian-batik-motifs/batik-sidoluhur/11.jpg,11.jpg,batik-sidoluhur,787,1,test
/kaggle/input/datasets/dionisiusdh/indonesian-batik-motifs/batik-sidoluhur/12.jpg,12.jpg,batik-sidoluhur,482,1,train
/kaggle/input/datasets/dionisiusdh/indonesian-batik-motifs/batik-sidoluhur/13.jpg,13.jpg,batik-sidoluhur,789,1,test
/kaggle/input/datasets/dionisiusdh/indonesian-batik-motifs/batik-sidoluhur/14.jpg,14.jpg,batik-sidoluhur,790,1,train
/kaggle/input/datasets/dionisiusdh/indonesian-batik-motifs/batik-sidoluhur/15.jpg,15.jpg,batik-sidoluhur,791,1,test
/kaggle/input/datasets/dionisiusdh/indonesian-batik-motifs/batik-sidoluhur/16.jpg,16.jpg,batik-sidoluhur,792,1,test
/kaggle/input/datasets/dionisiusdh/indonesian-batik-motifs/batik-sidoluhur/17.jpg,17.jpg,batik-sidoluhur,793,1,train
/kaggle/input/datasets/dionisiusdh/indonesian-batik-motifs/batik-sidoluhur/18.jpg,18.jpg,batik-sidoluhur,794,1,train
/kaggle/input/datasets/dionisiusdh/indonesian-batik-motifs/batik-sidoluhur/19.jpg,19.jpg,batik-sidoluhur,795,1,train
/kaggle/input/datasets/dionisiusdh/indonesian-batik-motifs/batik-sidoluhur/2.jpg,2.jpg,batik-sidoluhur,785,1,train
/kaggle/input/datasets/dionisiusdh/indonesian-batik-motifs/batik-sidoluhur/20.jpg,20.jpg,batik-sidoluhur,797,1,train
/kaggle/input/datasets/dionisiusdh/indonesian-batik-motifs/batik-sidoluhur/21.jpg,21.jpg,batik-sidoluhur,798,1,train
/kaggle/input/datasets/dionisiusdh/indonesian-batik-motifs/batik-sidoluhur/22.jpg,22.jpg,batik-sidoluhur,799,1,test
/kaggle/input/datasets/dionisiusdh/indonesian-batik-motifs/batik-sidoluhur/23.jpg,23.jpg,batik-sidoluhur,800,1,train
/kaggle/input/datasets/dionisiusdh/indonesian-batik-motifs/batik-sidoluhur/24.jpg,24.jpg,batik-sidoluhur,801,1,test
/kaggle/input/datasets/dionisiusdh/indonesian-batik-motifs/batik-sidoluhur/25.jpg,25.jpg,batik-sidoluhur,802,1,train
/kaggle/input/datasets/dionisiusdh/indonesian-batik-motifs/batik-sidoluhur/26.jpg,26.jpg,batik-sidoluhur,803,1,train
/kaggle/input/datasets/dionisiusdh/indonesian-batik-motifs/batik-sidoluhur/27.jpg,27.jpg,batik-sidoluhur,804,1,train
/kaggle/input/datasets/dionisiusdh/indonesian-batik-motifs/batik-sidoluhur/28.jpg,28.jpg,batik-sidoluhur,805,1,train
/kaggle/input/datasets/dionisiusdh/indonesian-batik-motifs/batik-sidoluhur/29.jpg,29.jpg,batik-sidoluhur,806,1,train
/kaggle/input/datasets/dionisiusdh/indonesian-batik-motifs/batik-sidoluhur/3.jpg,3.jpg,batik-sidoluhur,807,1,train
/kaggle/input/datasets/dionisiusdh/indonesian-batik-motifs/batik-sidoluhur/30.jpg,30.jpg,batik-sidoluhur,808,1,test
/kaggle/input/datasets/dionisiusdh/indonesian-batik-motifs/batik-sidoluhur/31.jpg,31.jpg,batik-sidoluhur,809,1,train
/kaggle/input/datasets/dionisiusdh/indonesian-batik-motifs/batik-sidoluhur/32.jpg,32.jpg,batik-sidoluhur,810,1,train
/kaggle/input/datasets/dionisiusdh/indonesian-batik-motifs/batik-sidoluhur/33.jpg,33.jpg,batik-sidoluhur,811,1,train
/kaggle/input/datasets/dionisiusdh/indonesian-batik-motifs/batik-sidoluhur/34.jpg,34.jpg,batik-sidoluhur,812,1,test
/kaggle/input/datasets/dionisiusdh/indonesian-batik-motifs/batik-sidoluhur/35.jpg,35.jpg,batik-sidoluhur,813,1,train
/kaggle/input/datasets/dionisiusdh/indonesian-batik-motifs/batik-sidoluhur/36.jpg,36.jpg,batik-sidoluhur,814,1,train
/kaggle/input/datasets/dionisiusdh/indonesian-batik-motifs/batik-sidoluhur/37.jpg,37.jpg,batik-sidoluhur,815,1,train
/kaggle/input/datasets/dionisiusdh/indonesian-batik-motifs/batik-sidoluhur/38.jpg,38.jpg,batik-sidoluhur,816,1,train
/kaggle/input/datasets/dionisiusdh/indonesian-batik-motifs/batik-sidoluhur/39.jpg,39.jpg,batik-sidoluhur,817,1,test
/kaggle/input/datasets/dionisiusdh/indonesian-batik-motifs/batik-sidoluhur/4.jpg,4.jpg,batik-sidoluhur,818,1,test
/kaggle/input/datasets/dionisiusdh/indonesian-batik-motifs/batik-sidoluhur/40.jpg,40.jpg,batik-sidoluhur,819,1,train
/kaggle/input/datasets/dionisiusdh/indonesian-batik-motifs/batik-sidoluhur/41.jpg,41.jpg,batik-sidoluhur,820,1,train
/kaggle/input/datasets/dionisiusdh/indonesian-batik-motifs/batik-sidoluhur/42.jpg,42.jpg,batik-sidoluhur,821,1,test
/kaggle/input/datasets/dionisiusdh/indonesian-batik-motifs/batik-sidoluhur/43.jpg,43.jpg,batik-sidoluhur,732,1,test
/kaggle/input/datasets/dionisiusdh/indonesian-batik-motifs/batik-sidoluhur/44.jpg,44.jpg,batik-sidoluhur,823,1,train
/kaggle/input/datasets/dionisiusdh/indonesian-batik-motifs/batik-sidoluhur/45.jpg,45.jpg,batik-sidoluhur,824,1,test
/kaggle/input/datasets/dionisiusdh/indonesian-batik-motifs/batik-sidoluhur/46.jpg,46.jpg,batik-sidoluhur,825,1,train
/kaggle/input/datasets/dionisiusdh/indonesian-batik-motifs/batik-sidoluhur/47.jpg,47.jpg,batik-sidoluhur,826,1,train
/kaggle/input/datasets/dionisiusdh/indonesian-batik-motifs/batik-sidoluhur/48.jpg,48.jpg,batik-sidoluhur,827,1,train
/kaggle/input/datasets/dionisiusdh/indonesian-batik-motifs/batik-sidoluhur/49.jpg,49.jpg,batik-sidoluhur,828,1,test
/kaggle/input/datasets/dionisiusdh/indonesian-batik-motifs/batik-sidoluhur/5.jpg,5.jpg,batik-sidoluhur,829,1,train
/kaggle/input/datasets/dionisiusdh/indonesian-batik-motifs/batik-sidoluhur/50.jpg,50.jpg,batik-sidoluhur,830,1,test
/kaggle/input/datasets/dionisiusdh/indonesian-batik-motifs/batik-sidoluhur/6.jpg,6.jpg,batik-sidoluhur,831,1,train
/kaggle/input/datasets/dionisiusdh/indonesian-batik-motifs/batik-sidoluhur/7.jpg,7.jpg,batik-sidoluhur,832,1,train
/kaggle/input/datasets/dionisiusdh/indonesian-batik-motifs/batik-sidoluhur/8.jpg,8.jpg,batik-sidoluhur,833,1,train
/kaggle/input/datasets/dionisiusdh/indonesian-batik-motifs/batik-sidoluhur/9.jpg,9.jpg,batik-sidoluhur,834,1,train
/kaggle/input/datasets/dionisiusdh/indonesian-batik-motifs/batik-sidomukti/1.jpg,1.jpg,batik-sidomukti,835,1,train
/kaggle/input/datasets/dionisiusdh/indonesian-batik-motifs/batik-sidomukti/10.jpg,10.jpg,batik-sidomukti,836,1,test
/kaggle/input/datasets/dionisiusdh/indonesian-batik-motifs/batik-sidomukti/11.jpg,11.jpg,batik-sidomukti,837,1,test
/kaggle/input/datasets/dionisiusdh/indonesian-batik-motifs/batik-sidomukti/12.jpg,12.jpg,batik-sidomukti,838,1,train
/kaggle/input/datasets/dionisiusdh/indonesian-batik-motifs/batik-sidomukti/13.jpg,13.jpg,batik-sidomukti,839,1,train
/kaggle/input/datasets/dionisiusdh/indonesian-batik-motifs/batik-sidomukti/14.jpg,14.jpg,batik-sidomukti,840,1,train
/kaggle/input/datasets/dionisiusdh/indonesian-batik-motifs/batik-sidomukti/15.jpg,15.jpg,batik-sidomukti,841,1,train
/kaggle/input/datasets/dionisiusdh/indonesian-batik-motifs/batik-sidomukti/16.jpg,16.jpg,batik-sidomukti,842,1,test
/kaggle/input/datasets/dionisiusdh/indonesian-batik-motifs/batik-sidomukti/17.jpg,17.jpg,batik-sidomukti,843,1,train
/kaggle/input/datasets/dionisiusdh/indonesian-batik-motifs/batik-sidomukti/18.jpg,18.jpg,batik-sidomukti,844,1,test
/kaggle/input/datasets/dionisiusdh/indonesian-batik-motifs/batik-sidomukti/19.jpg,19.jpg,batik-sidomukti,845,1,train
/kaggle/input/datasets/dionisiusdh/indonesian-batik-motifs/batik-sidomukti/2.jpg,2.jpg,batik-sidomukti,846,1,train
/kaggle/input/datasets/dionisiusdh/indonesian-batik-motifs/batik-sidomukti/20.jpg,20.jpg,batik-sidomukti,847,1,train
/kaggle/input/datasets/dionisiusdh/indonesian-batik-motifs/batik-sidomukti/21.jpg,21.jpg,batik-sidomukti,848,1,train
/kaggle/input/datasets/dionisiusdh/indonesian-batik-motifs/batik-sidomukti/22.jpg,22.jpg,batik-sidomukti,807,1,train
/kaggle/input/datasets/dionisiusdh/indonesian-batik-motifs/batik-sidomukti/23.jpg,23.jpg,batik-sidomukti,850,1,test
/kaggle/input/datasets/dionisiusdh/indonesian-batik-motifs/batik-sidomukti/24.jpg,24.jpg,batik-sidomukti,482,1,train
/kaggle/input/datasets/dionisiusdh/indonesian-batik-motifs/batik-sidomukti/25.jpg,25.jpg,batik-sidomukti,852,1,train
/kaggle/input/datasets/dionisiusdh/indonesian-batik-motifs/batik-sidomukti/26.jpg,26.jpg,batik-sidomukti,853,1,test
/kaggle/input/datasets/dionisiusdh/indonesian-batik-motifs/batik-sidomukti/27.jpg,27.jpg,batik-sidomukti,854,1,test
/kaggle/input/datasets/dionisiusdh/indonesian-batik-motifs/batik-sidomukti/28.jpg,28.jpg,batik-sidomukti,855,1,train
/kaggle/input/datasets/dionisiusdh/indonesian-batik-motifs/batik-sidomukti/29.jpg,29.jpg,batik-sidomukti,856,1,train
/kaggle/input/datasets/dionisiusdh/indonesian-batik-motifs/batik-sidomukti/3.jpg,3.jpg,batik-sidomukti,857,1,train
/kaggle/input/datasets/dionisiusdh/indonesian-batik-motifs/batik-sidomukti/30.jpg,30.jpg,batik-sidomukti,858,1,test
/kaggle/input/datasets/dionisiusdh/indonesian-batik-motifs/batik-sidomukti/31.jpg,31.jpg,batik-sidomukti,859,1,train
/kaggle/input/datasets/dionisiusdh/indonesian-batik-motifs/batik-sidomukti/32.jpg,32.jpg,batik-sidomukti,860,1,train
/kaggle/input/datasets/dionisiusdh/indonesian-batik-motifs/batik-sidomukti/33.jpg,33.jpg,batik-sidomukti,861,1,train
/kaggle/input/datasets/dionisiusdh/indonesian-batik-motifs/batik-sidomukti/34.jpg,34.jpg,batik-sidomukti,862,1,test
/kaggle/input/datasets/dionisiusdh/indonesian-batik-motifs/batik-sidomukti/35.jpg,35.jpg,batik-sidomukti,863,1,train
/kaggle/input/datasets/dionisiusdh/indonesian-batik-motifs/batik-sidomukti/36.jpg,36.jpg,batik-sidomukti,469,1,train
/kaggle/input/datasets/dionisiusdh/indonesian-batik-motifs/batik-sidomukti/37.jpg,37.jpg,batik-sidomukti,865,1,train
/kaggle/input/datasets/dionisiusdh/indonesian-batik-motifs/batik-sidomukti/38.jpg,38.jpg,batik-sidomukti,866,1,train
/kaggle/input/datasets/dionisiusdh/indonesian-batik-motifs/batik-sidomukti/39.jpg,39.jpg,batik-sidomukti,867,1,train
/kaggle/input/datasets/dionisiusdh/indonesian-batik-motifs/batik-sidomukti/40.jpg,40.jpg,batik-sidomukti,868,1,train
/kaggle/input/datasets/dionisiusdh/indonesian-batik-motifs/batik-sidomukti/41.jpg,41.jpg,batik-sidomukti,869,1,train
/kaggle/input/datasets/dionisiusdh/indonesian-batik-motifs/batik-sidomukti/42.jpg,42.jpg,batik-sidomukti,870,1,train
/kaggle/input/datasets/dionisiusdh/indonesian-batik-motifs/batik-sidomukti/43.jpg,43.jpg,batik-sidomukti,871,1,train
/kaggle/input/datasets/dionisiusdh/indonesian-batik-motifs/batik-sidomukti/45.jpg,45.jpg,batik-sidomukti,872,1,test
/kaggle/input/datasets/dionisiusdh/indonesian-batik-motifs/batik-sidomukti/47.jpg,47.jpg,batik-sidomukti,873,1,test
/kaggle/input/datasets/dionisiusdh/indonesian-batik-motifs/batik-sidomukti/48.jpg,48.jpg,batik-sidomukti,874,1,train
/kaggle/input/datasets/dionisiusdh/indonesian-batik-motifs/batik-sidomukti/5.jpg,5.jpg,batik-sidomukti,875,1,train
/kaggle/input/datasets/dionisiusdh/indonesian-batik-motifs/batik-sidomukti/50.jpg,50.jpg,batik-sidomukti,876,1,train
/kaggle/input/datasets/dionisiusdh/indonesian-batik-motifs/batik-sidomukti/6.jpg,6.jpg,batik-sidomukti,877,1,test
/kaggle/input/datasets/dionisiusdh/indonesian-batik-motifs/batik-sidomukti/7.jpg,7.jpg,batik-sidomukti,878,1,test
/kaggle/input/datasets/dionisiusdh/indonesian-batik-motifs/batik-sidomukti/8.jpg,8.jpg,batik-sidomukti,879,1,train
/kaggle/input/datasets/dionisiusdh/indonesian-batik-motifs/batik-sidomukti/9.jpg,9.jpg,batik-sidomukti,789,1,test
/kaggle/input/datasets/dionisiusdh/indonesian-batik-motifs/batik-sogan/1.jpg,1.jpg,batik-sogan,881,1,test
/kaggle/input/datasets/dionisiusdh/indonesian-batik-motifs/batik-sogan/10.jpg,10.jpg,batik-sogan,882,1,test
/kaggle/input/datasets/dionisiusdh/indonesian-batik-motifs/batik-sogan/11.jpg,11.jpg,batik-sogan,883,1,test
/kaggle/input/datasets/dionisiusdh/indonesian-batik-motifs/batik-sogan/12.jpg,12.jpg,batik-sogan,884,1,train
/kaggle/input/datasets/dionisiusdh/indonesian-batik-motifs/batik-sogan/13.jpg,13.jpg,batik-sogan,885,1,train
/kaggle/input/datasets/dionisiusdh/indonesian-batik-motifs/batik-sogan/14.jpg,14.jpg,batik-sogan,886,1,train
/kaggle/input/datasets/dionisiusdh/indonesian-batik-motifs/batik-sogan/15.jpg,15.jpg,batik-sogan,887,1,train
/kaggle/input/datasets/dionisiusdh/indonesian-batik-motifs/batik-sogan/16.jpg,16.jpg,batik-sogan,888,1,train
/kaggle/input/datasets/dionisiusdh/indonesian-batik-motifs/batik-sogan/17.jpg,17.jpg,batik-sogan,889,1,train
/kaggle/input/datasets/dionisiusdh/indonesian-batik-motifs/batik-sogan/18.jpg,18.jpg,batik-sogan,13,1,test
/kaggle/input/datasets/dionisiusdh/indonesian-batik-motifs/batik-sogan/19.jpg,19.jpg,batik-sogan,891,1,test
/kaggle/input/datasets/dionisiusdh/indonesian-batik-motifs/batik-sogan/2.jpg,2.jpg,batik-sogan,892,1,train
/kaggle/input/datasets/dionisiusdh/indonesian-batik-motifs/batik-sogan/20.jpg,20.jpg,batik-sogan,893,1,train
/kaggle/input/datasets/dionisiusdh/indonesian-batik-motifs/batik-sogan/21.jpg,21.jpg,batik-sogan,894,1,train
/kaggle/input/datasets/dionisiusdh/indonesian-batik-motifs/batik-sogan/22.jpg,22.jpg,batik-sogan,895,1,test
/kaggle/input/datasets/dionisiusdh/indonesian-batik-motifs/batik-sogan/23.jpg,23.jpg,batik-sogan,896,1,test
/kaggle/input/datasets/dionisiusdh/indonesian-batik-motifs/batik-sogan/24.jpg,24.jpg,batik-sogan,897,1,train
/kaggle/input/datasets/dionisiusdh/indonesian-batik-motifs/batik-sogan/25.jpg,25.jpg,batik-sogan,898,1,test
/kaggle/input/datasets/dionisiusdh/indonesian-batik-motifs/batik-sogan/26.jpg,26.jpg,batik-sogan,899,1,train
/kaggle/input/datasets/dionisiusdh/indonesian-batik-motifs/batik-sogan/27.jpg,27.jpg,batik-sogan,900,1,train
/kaggle/input/datasets/dionisiusdh/indonesian-batik-motifs/batik-sogan/28.jpg,28.jpg,batik-sogan,901,1,train
/kaggle/input/datasets/dionisiusdh/indonesian-batik-motifs/batik-sogan/29.jpg,29.jpg,batik-sogan,902,1,train
/kaggle/input/datasets/dionisiusdh/indonesian-batik-motifs/batik-sogan/3.jpg,3.jpg,batik-sogan,903,1,test
/kaggle/input/datasets/dionisiusdh/indonesian-batik-motifs/batik-sogan/30.jpg,30.jpg,batik-sogan,904,1,train
/kaggle/input/datasets/dionisiusdh/indonesian-batik-motifs/batik-sogan/31.jpg,31.jpg,batik-sogan,905,1,train
/kaggle/input/datasets/dionisiusdh/indonesian-batik-motifs/batik-sogan/32.jpg,32.jpg,batik-sogan,906,1,train
/kaggle/input/datasets/dionisiusdh/indonesian-batik-motifs/batik-sogan/33.jpg,33.jpg,batik-sogan,907,1,train
/kaggle/input/datasets/dionisiusdh/indonesian-batik-motifs/batik-sogan/34.jpg,34.jpg,batik-sogan,908,1,train
/kaggle/input/datasets/dionisiusdh/indonesian-batik-motifs/batik-sogan/35.jpg,35.jpg,batik-sogan,909,1,train
/kaggle/input/datasets/dionisiusdh/indonesian-batik-motifs/batik-sogan/36.jpg,36.jpg,batik-sogan,910,1,test
/kaggle/input/datasets/dionisiusdh/indonesian-batik-motifs/batik-sogan/37.jpg,37.jpg,batik-sogan,911,1,train
/kaggle/input/datasets/dionisiusdh/indonesian-batik-motifs/batik-sogan/38.jpg,38.jpg,batik-sogan,912,1,train
/kaggle/input/datasets/dionisiusdh/indonesian-batik-motifs/batik-sogan/39.jpg,39.jpg,batik-sogan,913,1,train
/kaggle/input/datasets/dionisiusdh/indonesian-batik-motifs/batik-sogan/4.jpg,4.jpg,batik-sogan,914,1,train
/kaggle/input/datasets/dionisiusdh/indonesian-batik-motifs/batik-sogan/40.jpg,40.jpg,batik-sogan,915,1,train
/kaggle/input/datasets/dionisiusdh/indonesian-batik-motifs/batik-sogan/41.jpg,41.jpg,batik-sogan,916,1,train
/kaggle/input/datasets/dionisiusdh/indonesian-batik-motifs/batik-sogan/42.jpg,42.jpg,batik-sogan,917,1,train
/kaggle/input/datasets/dionisiusdh/indonesian-batik-motifs/batik-sogan/43.jpg,43.jpg,batik-sogan,918,1,test
/kaggle/input/datasets/dionisiusdh/indonesian-batik-motifs/batik-sogan/44.jpg,44.jpg,batik-sogan,919,1,train
/kaggle/input/datasets/dionisiusdh/indonesian-batik-motifs/batik-sogan/45.jpg,45.jpg,batik-sogan,920,1,train
/kaggle/input/datasets/dionisiusdh/indonesian-batik-motifs/batik-sogan/46.jpg,46.jpg,batik-sogan,921,1,test
/kaggle/input/datasets/dionisiusdh/indonesian-batik-motifs/batik-sogan/47.jpg,47.jpg,batik-sogan,922,1,test
/kaggle/input/datasets/dionisiusdh/indonesian-batik-motifs/batik-sogan/48.jpg,48.jpg,batik-sogan,923,1,train
/kaggle/input/datasets/dionisiusdh/indonesian-batik-motifs/batik-sogan/49.jpg,49.jpg,batik-sogan,924,1,train
/kaggle/input/datasets/dionisiusdh/indonesian-batik-motifs/batik-sogan/5.jpg,5.jpg,batik-sogan,925,1,train
/kaggle/input/datasets/dionisiusdh/indonesian-batik-motifs/batik-sogan/50.jpg,50.jpg,batik-sogan,926,1,test
/kaggle/input/datasets/dionisiusdh/indonesian-batik-motifs/batik-sogan/6.jpg,6.jpg,batik-sogan,927,1,train
/kaggle/input/datasets/dionisiusdh/indonesian-batik-motifs/batik-sogan/7.jpg,7.jpg,batik-sogan,928,1,test
/kaggle/input/datasets/dionisiusdh/indonesian-batik-motifs/batik-sogan/8.jpg,8.jpg,batik-sogan,929,1,train
/kaggle/input/datasets/dionisiusdh/indonesian-batik-motifs/batik-sogan/9.jpg,9.jpg,batik-sogan,930,1,test
/kaggle/input/datasets/dionisiusdh/indonesian-batik-motifs/batik-tambal/1.jpg,1.jpg,batik-tambal,931,1,train
/kaggle/input/datasets/dionisiusdh/indonesian-batik-motifs/batik-tambal/10.jpg,10.jpg,batik-tambal,932,1,train
/kaggle/input/datasets/dionisiusdh/indonesian-batik-motifs/batik-tambal/11.jpg,11.jpg,batik-tambal,933,1,train
/kaggle/input/datasets/dionisiusdh/indonesian-batik-motifs/batik-tambal/12.jpg,12.jpg,batik-tambal,934,1,train
/kaggle/input/datasets/dionisiusdh/indonesian-batik-motifs/batik-tambal/13.jpg,13.jpg,batik-tambal,935,1,train
/kaggle/input/datasets/dionisiusdh/indonesian-batik-motifs/batik-tambal/14.jpg,14.jpg,batik-tambal,936,1,test
/kaggle/input/datasets/dionisiusdh/indonesian-batik-motifs/batik-tambal/15.jpg,15.jpg,batik-tambal,937,1,test
/kaggle/input/datasets/dionisiusdh/indonesian-batik-motifs/batik-tambal/16.jpg,16.jpg,batik-tambal,938,1,train
/kaggle/input/datasets/dionisiusdh/indonesian-batik-motifs/batik-tambal/17.jpg,17.jpg,batik-tambal,939,1,test
/kaggle/input/datasets/dionisiusdh/indonesian-batik-motifs/batik-tambal/18.jpg,18.jpg,batik-tambal,940,1,train
/kaggle/input/datasets/dionisiusdh/indonesian-batik-motifs/batik-tambal/19.jpg,19.jpg,batik-tambal,941,1,train
/kaggle/input/datasets/dionisiusdh/indonesian-batik-motifs/batik-tambal/2.jpg,2.jpg,batik-tambal,942,1,train
/kaggle/input/datasets/dionisiusdh/indonesian-batik-motifs/batik-tambal/20.jpg,20.jpg,batik-tambal,943,1,test
/kaggle/input/datasets/dionisiusdh/indonesian-batik-motifs/batik-tambal/21.jpg,21.jpg,batik-tambal,944,1,test
/kaggle/input/datasets/dionisiusdh/indonesian-batik-motifs/batik-tambal/22.jpg,22.jpg,batik-tambal,945,1,test
/kaggle/input/datasets/dionisiusdh/indonesian-batik-motifs/batik-tambal/23.jpg,23.jpg,batik-tambal,946,1,train
/kaggle/input/datasets/dionisiusdh/indonesian-batik-motifs/batik-tambal/24.jpg,24.jpg,batik-tambal,947,1,train
/kaggle/input/datasets/dionisiusdh/indonesian-batik-motifs/batik-tambal/25.jpg,25.jpg,batik-tambal,948,1,test
/kaggle/input/datasets/dionisiusdh/indonesian-batik-motifs/batik-tambal/26.jpg,26.jpg,batik-tambal,949,1,train
/kaggle/input/datasets/dionisiusdh/indonesian-batik-motifs/batik-tambal/27.jpg,27.jpg,batik-tambal,950,1,train
/kaggle/input/datasets/dionisiusdh/indonesian-batik-motifs/batik-tambal/28.jpg,28.jpg,batik-tambal,951,1,train
/kaggle/input/datasets/dionisiusdh/indonesian-batik-motifs/batik-tambal/29.jpg,29.jpg,batik-tambal,952,1,train
/kaggle/input/datasets/dionisiusdh/indonesian-batik-motifs/batik-tambal/3.jpg,3.jpg,batik-tambal,953,1,train
/kaggle/input/datasets/dionisiusdh/indonesian-batik-motifs/batik-tambal/30.jpg,30.jpg,batik-tambal,954,1,train
/kaggle/input/datasets/dionisiusdh/indonesian-batik-motifs/batik-tambal/31.jpg,31.jpg,batik-tambal,955,1,test
/kaggle/input/datasets/dionisiusdh/indonesian-batik-motifs/batik-tambal/32.jpg,32.jpg,batik-tambal,956,1,train
/kaggle/input/datasets/dionisiusdh/indonesian-batik-motifs/batik-tambal/33.jpg,33.jpg,batik-tambal,957,1,train
/kaggle/input/datasets/dionisiusdh/indonesian-batik-motifs/batik-tambal/34.jpg,34.jpg,batik-tambal,958,1,test
/kaggle/input/datasets/dionisiusdh/indonesian-batik-motifs/batik-tambal/35.jpg,35.jpg,batik-tambal,959,1,train
/kaggle/input/datasets/dionisiusdh/indonesian-batik-motifs/batik-tambal/36.jpg,36.jpg,batik-tambal,960,1,train
/kaggle/input/datasets/dionisiusdh/indonesian-batik-motifs/batik-tambal/37.jpg,37.jpg,batik-tambal,961,1,test
/kaggle/input/datasets/dionisiusdh/indonesian-batik-motifs/batik-tambal/38.jpg,38.jpg,batik-tambal,962,1,train
/kaggle/input/datasets/dionisiusdh/indonesian-batik-motifs/batik-tambal/39.jpg,39.jpg,batik-tambal,963,1,train
/kaggle/input/datasets/dionisiusdh/indonesian-batik-motifs/batik-tambal/4.jpg,4.jpg,batik-tambal,964,1,train
/kaggle/input/datasets/dionisiusdh/indonesian-batik-motifs/batik-tambal/40.jpg,40.jpg,batik-tambal,965,1,train
/kaggle/input/datasets/dionisiusdh/indonesian-batik-motifs/batik-tambal/41.jpg,41.jpg,batik-tambal,966,1,test
/kaggle/input/datasets/dionisiusdh/indonesian-batik-motifs/batik-tambal/42.jpg,42.jpg,batik-tambal,967,1,test
/kaggle/input/datasets/dionisiusdh/indonesian-batik-motifs/batik-tambal/43.jpg,43.jpg,batik-tambal,968,1,train
/kaggle/input/datasets/dionisiusdh/indonesian-batik-motifs/batik-tambal/44.jpg,44.jpg,batik-tambal,969,1,train
/kaggle/input/datasets/dionisiusdh/indonesian-batik-motifs/batik-tambal/45.jpg,45.jpg,batik-tambal,970,1,train
/kaggle/input/datasets/dionisiusdh/indonesian-batik-motifs/batik-tambal/46.jpg,46.jpg,batik-tambal,971,1,train
/kaggle/input/datasets/dionisiusdh/indonesian-batik-motifs/batik-tambal/47.jpg,47.jpg,batik-tambal,972,1,train
/kaggle/input/datasets/dionisiusdh/indonesian-batik-motifs/batik-tambal/48.jpg,48.jpg,batik-tambal,973,1,train
/kaggle/input/datasets/dionisiusdh/indonesian-batik-motifs/batik-tambal/49.jpg,49.jpg,batik-tambal,974,1,test
/kaggle/input/datasets/dionisiusdh/indonesian-batik-motifs/batik-tambal/5.jpg,5.jpg,batik-tambal,975,1,test
/kaggle/input/datasets/dionisiusdh/indonesian-batik-motifs/batik-tambal/50.jpg,50.jpg,batik-tambal,976,1,train
/kaggle/input/datasets/dionisiusdh/indonesian-batik-motifs/batik-tambal/6.jpg,6.jpg,batik-tambal,977,1,train
/kaggle/input/datasets/dionisiusdh/indonesian-batik-motifs/batik-tambal/7.jpg,7.jpg,batik-tambal,978,1,test
/kaggle/input/datasets/dionisiusdh/indonesian-batik-motifs/batik-tambal/8.jpg,8.jpg,batik-tambal,979,1,train
/kaggle/input/datasets/dionisiusdh/indonesian-batik-motifs/batik-tambal/9.jpg,9.jpg,batik-tambal,980,1,train
/kaggle/input/datasets/dionisiusdh/indonesian-batik-motifs/batik-bali/1.jpg,1.jpg,batik-bali,0,2,train
/kaggle/input/datasets/dionisiusdh/indonesian-batik-motifs/batik-bali/10.jpg,10.jpg,batik-bali,1,2,test
/kaggle/input/datasets/dionisiusdh/indonesian-batik-motifs/batik-bali/11.jpg,11.jpg,batik-bali,2,2,test
/kaggle/input/datasets/dionisiusdh/indonesian-batik-motifs/batik-bali/12.jpg,12.jpg,batik-bali,3,2,train
/kaggle/input/datasets/dionisiusdh/indonesian-batik-motifs/batik-bali/13.jpg,13.jpg,batik-bali,4,2,test
/kaggle/input/datasets/dionisiusdh/indonesian-batik-motifs/batik-bali/14.jpg,14.jpg,batik-bali,5,2,train
/kaggle/input/datasets/dionisiusdh/indonesian-batik-motifs/batik-bali/15.jpg,15.jpg,batik-bali,6,2,test
/kaggle/input/datasets/dionisiusdh/indonesian-batik-motifs/batik-bali/16.jpg,16.jpg,batik-bali,7,2,test
/kaggle/input/datasets/dionisiusdh/indonesian-batik-motifs/batik-bali/17.jpg,17.jpg,batik-bali,8,2,train
/kaggle/input/datasets/dionisiusdh/indonesian-batik-motifs/batik-bali/18.jpg,18.jpg,batik-bali,9,2,train
/kaggle/input/datasets/dionisiusdh/indonesian-batik-motifs/batik-bali/19.jpg,19.jpg,batik-bali,10,2,train
/kaggle/input/datasets/dionisiusdh/indonesian-batik-motifs/batik-bali/2.jpg,2.jpg,batik-bali,11,2,test
/kaggle/input/datasets/dionisiusdh/indonesian-batik-motifs/batik-bali/20.jpg,20.jpg,batik-bali,12,2,test
/kaggle/input/datasets/dionisiusdh/indonesian-batik-motifs/batik-bali/21.jpg,21.jpg,batik-bali,13,2,train
/kaggle/input/datasets/dionisiusdh/indonesian-batik-motifs/batik-bali/22.jpg,22.jpg,batik-bali,14,2,train
/kaggle/input/datasets/dionisiusdh/indonesian-batik-motifs/batik-bali/23.jpg,23.jpg,batik-bali,15,2,train
/kaggle/input/datasets/dionisiusdh/indonesian-batik-motifs/batik-bali/24.jpg,24.jpg,batik-bali,16,2,train
/kaggle/input/datasets/dionisiusdh/indonesian-batik-motifs/batik-bali/25.jpg,25.jpg,batik-bali,17,2,train
/kaggle/input/datasets/dionisiusdh/indonesian-batik-motifs/batik-bali/26.jpg,26.jpg,batik-bali,18,2,train
/kaggle/input/datasets/dionisiusdh/indonesian-batik-motifs/batik-bali/27.jpg,27.jpg,batik-bali,19,2,train
/kaggle/input/datasets/dionisiusdh/indonesian-batik-motifs/batik-bali/28.jpg,28.jpg,batik-bali,20,2,test
/kaggle/input/datasets/dionisiusdh/indonesian-batik-motifs/batik-bali/29.jpg,29.jpg,batik-bali,21,2,test
/kaggle/input/datasets/dionisiusdh/indonesian-batik-motifs/batik-bali/3.jpg,3.jpg,batik-bali,22,2,train
/kaggle/input/datasets/dionisiusdh/indonesian-batik-motifs/batik-bali/30.jpg,30.jpg,batik-bali,23,2,train
/kaggle/input/datasets/dionisiusdh/indonesian-batik-motifs/batik-bali/31.jpg,31.jpg,batik-bali,24,2,train
/kaggle/input/datasets/dionisiusdh/indonesian-batik-motifs/batik-bali/32.jpg,32.jpg,batik-bali,25,2,train
/kaggle/input/datasets/dionisiusdh/indonesian-batik-motifs/batik-bali/33.jpg,33.jpg,batik-bali,26,2,train
/kaggle/input/datasets/dionisiusdh/indonesian-batik-motifs/batik-bali/34.jpg,34.jpg,batik-bali,27,2,train
/kaggle/input/datasets/dionisiusdh/indonesian-batik-motifs/batik-bali/35.jpg,35.jpg,batik-bali,28,2,test
/kaggle/input/datasets/dionisiusdh/indonesian-batik-motifs/batik-bali/36.jpg,36.jpg,batik-bali,29,2,train
/kaggle/input/datasets/dionisiusdh/indonesian-batik-motifs/batik-bali/37.jpg,37.jpg,batik-bali,30,2,train
/kaggle/input/datasets/dionisiusdh/indonesian-batik-motifs/batik-bali/38.jpg,38.jpg,batik-bali,31,2,train
/kaggle/input/datasets/dionisiusdh/indonesian-batik-motifs/batik-bali/39.jpg,39.jpg,batik-bali,32,2,train
/kaggle/input/datasets/dionisiusdh/indonesian-batik-motifs/batik-bali/4.jpg,4.jpg,batik-bali,33,2,train
/kaggle/input/datasets/dionisiusdh/indonesian-batik-motifs/batik-bali/40.jpg,40.jpg,batik-bali,34,2,test
/kaggle/input/datasets/dionisiusdh/indonesian-batik-motifs/batik-bali/41.jpg,41.jpg,batik-bali,35,2,train
/kaggle/input/datasets/dionisiusdh/indonesian-batik-motifs/batik-bali/42.jpg,42.jpg,batik-bali,36,2,train
/kaggle/input/datasets/dionisiusdh/indonesian-batik-motifs/batik-bali/43.jpg,43.jpg,batik-bali,37,2,train
/kaggle/input/datasets/dionisiusdh/indonesian-batik-motifs/batik-bali/44.jpg,44.jpg,batik-bali,38,2,train
/kaggle/input/datasets/dionisiusdh/indonesian-batik-motifs/batik-bali/45.jpg,45.jpg,batik-bali,39,2,test
/kaggle/input/datasets/dionisiusdh/indonesian-batik-motifs/batik-bali/46.jpg,46.jpg,batik-bali,40,2,train
/kaggle/input/datasets/dionisiusdh/indonesian-batik-motifs/batik-bali/47.jpg,47.jpg,batik-bali,41,2,train
/kaggle/input/datasets/dionisiusdh/indonesian-batik-motifs/batik-bali/48.jpg,48.jpg,batik-bali,42,2,test
/kaggle/input/datasets/dionisiusdh/indonesian-batik-motifs/batik-bali/49.jpg,49.jpg,batik-bali,43,2,train
/kaggle/input/datasets/dionisiusdh/indonesian-batik-motifs/batik-bali/5.jpg,5.jpg,batik-bali,44,2,train
/kaggle/input/datasets/dionisiusdh/indonesian-batik-motifs/batik-bali/50.jpg,50.jpg,batik-bali,45,2,test
/kaggle/input/datasets/dionisiusdh/indonesian-batik-motifs/batik-bali/6.jpg,6.jpg,batik-bali,46,2,train
/kaggle/input/datasets/dionisiusdh/indonesian-batik-motifs/batik-bali/7.jpg,7.jpg,batik-bali,47,2,train
/kaggle/input/datasets/dionisiusdh/indonesian-batik-motifs/batik-bali/8.jpg,8.jpg,batik-bali,48,2,train
/kaggle/input/datasets/dionisiusdh/indonesian-batik-motifs/batik-bali/9.jpg,9.jpg,batik-bali,49,2,train
/kaggle/input/datasets/dionisiusdh/indonesian-batik-motifs/batik-betawi/1.jpg,1.jpg,batik-betawi,50,2,train
/kaggle/input/datasets/dionisiusdh/indonesian-batik-motifs/batik-betawi/10.jpg,10.jpg,batik-betawi,51,2,train
/kaggle/input/datasets/dionisiusdh/indonesian-batik-motifs/batik-betawi/11.jpg,11.jpg,batik-betawi,52,2,test
/kaggle/input/datasets/dionisiusdh/indonesian-batik-motifs/batik-betawi/12.jpg,12.jpg,batik-betawi,53,2,train
/kaggle/input/datasets/dionisiusdh/indonesian-batik-motifs/batik-betawi/13.jpg,13.jpg,batik-betawi,54,2,train
/kaggle/input/datasets/dionisiusdh/indonesian-batik-motifs/batik-betawi/14.jpg,14.jpg,batik-betawi,55,2,train
/kaggle/input/datasets/dionisiusdh/indonesian-batik-motifs/batik-betawi/15.jpg,15.jpg,batik-betawi,56,2,train
/kaggle/input/datasets/dionisiusdh/indonesian-batik-motifs/batik-betawi/16.jpg,16.jpg,batik-betawi,57,2,train
/kaggle/input/datasets/dionisiusdh/indonesian-batik-motifs/batik-betawi/17.jpg,17.jpg,batik-betawi,58,2,train
/kaggle/input/datasets/dionisiusdh/indonesian-batik-motifs/batik-betawi/18.jpg,18.jpg,batik-betawi,59,2,test
/kaggle/input/datasets/dionisiusdh/indonesian-batik-motifs/batik-betawi/19.jpg,19.jpg,batik-betawi,60,2,train
/kaggle/input/datasets/dionisiusdh/indonesian-batik-motifs/batik-betawi/2.jpg,2.jpg,batik-betawi,61,2,train
/kaggle/input/datasets/dionisiusdh/indonesian-batik-motifs/batik-betawi/20.jpg,20.jpg,batik-betawi,62,2,train
/kaggle/input/datasets/dionisiusdh/indonesian-batik-motifs/batik-betawi/21.jpg,21.jpg,batik-betawi,63,2,train
/kaggle/input/datasets/dionisiusdh/indonesian-batik-motifs/batik-betawi/22.jpg,22.jpg,batik-betawi,64,2,train
/kaggle/input/datasets/dionisiusdh/indonesian-batik-motifs/batik-betawi/23.jpg,23.jpg,batik-betawi,65,2,train
/kaggle/input/datasets/dionisiusdh/indonesian-batik-motifs/batik-betawi/24.jpg,24.jpg,batik-betawi,66,2,train
/kaggle/input/datasets/dionisiusdh/indonesian-batik-motifs/batik-betawi/25.jpg,25.jpg,batik-betawi,67,2,test
/kaggle/input/datasets/dionisiusdh/indonesian-batik-motifs/batik-betawi/26.jpg,26.jpg,batik-betawi,68,2,train
/kaggle/input/datasets/dionisiusdh/indonesian-batik-motifs/batik-betawi/27.jpg,27.jpg,batik-betawi,69,2,train
/kaggle/input/datasets/dionisiusdh/indonesian-batik-motifs/batik-betawi/28.jpg,28.jpg,batik-betawi,70,2,train
/kaggle/input/datasets/dionisiusdh/indonesian-batik-motifs/batik-betawi/29.jpg,29.jpg,batik-betawi,71,2,test
/kaggle/input/datasets/dionisiusdh/indonesian-batik-motifs/batik-betawi/3.jpg,3.jpg,batik-betawi,72,2,train
/kaggle/input/datasets/dionisiusdh/indonesian-batik-motifs/batik-betawi/30.jpg,30.jpg,batik-betawi,73,2,train
/kaggle/input/datasets/dionisiusdh/indonesian-batik-motifs/batik-betawi/31.jpg,31.jpg,batik-betawi,74,2,train
/kaggle/input/datasets/dionisiusdh/indonesian-batik-motifs/batik-betawi/32.jpg,32.jpg,batik-betawi,75,2,train
/kaggle/input/datasets/dionisiusdh/indonesian-batik-motifs/batik-betawi/33.jpg,33.jpg,batik-betawi,4,2,test
/kaggle/input/datasets/dionisiusdh/indonesian-batik-motifs/batik-betawi/34.jpg,34.jpg,batik-betawi,77,2,test
/kaggle/input/datasets/dionisiusdh/indonesian-batik-motifs/batik-betawi/35.jpg,35.jpg,batik-betawi,54,2,train
/kaggle/input/datasets/dionisiusdh/indonesian-batik-motifs/batik-betawi/36.jpg,36.jpg,batik-betawi,79,2,test
/kaggle/input/datasets/dionisiusdh/indonesian-batik-motifs/batik-betawi/37.jpg,37.jpg,batik-betawi,80,2,test
/kaggle/input/datasets/dionisiusdh/indonesian-batik-motifs/batik-betawi/38.jpg,38.jpg,batik-betawi,81,2,train
/kaggle/input/datasets/dionisiusdh/indonesian-batik-motifs/batik-betawi/39.jpg,39.jpg,batik-betawi,82,2,train
/kaggle/input/datasets/dionisiusdh/indonesian-batik-motifs/batik-betawi/4.jpg,4.jpg,batik-betawi,83,2,test
/kaggle/input/datasets/dionisiusdh/indonesian-batik-motifs/batik-betawi/40.jpg,40.jpg,batik-betawi,84,2,test
/kaggle/input/datasets/dionisiusdh/indonesian-batik-motifs/batik-betawi/41.jpg,41.jpg,batik-betawi,85,2,train
/kaggle/input/datasets/dionisiusdh/indonesian-batik-motifs/batik-betawi/42.jpg,42.jpg,batik-betawi,86,2,train
/kaggle/input/datasets/dionisiusdh/indonesian-batik-motifs/batik-betawi/43.jpg,43.jpg,batik-betawi,87,2,train
/kaggle/input/datasets/dionisiusdh/indonesian-batik-motifs/batik-betawi/44.jpg,44.jpg,batik-betawi,88,2,test
/kaggle/input/datasets/dionisiusdh/indonesian-batik-motifs/batik-betawi/45.jpg,45.jpg,batik-betawi,89,2,test
/kaggle/input/datasets/dionisiusdh/indonesian-batik-motifs/batik-betawi/46.jpg,46.jpg,batik-betawi,90,2,test
/kaggle/input/datasets/dionisiusdh/indonesian-batik-motifs/batik-betawi/47.jpg,47.jpg,batik-betawi,91,2,train
/kaggle/input/datasets/dionisiusdh/indonesian-batik-motifs/batik-betawi/48.jpg,48.jpg,batik-betawi,92,2,train
/kaggle/input/datasets/dionisiusdh/indonesian-batik-motifs/batik-betawi/49.jpg,49.jpg,batik-betawi,93,2,test
/kaggle/input/datasets/dionisiusdh/indonesian-batik-motifs/batik-betawi/5.jpg,5.jpg,batik-betawi,55,2,train
/kaggle/input/datasets/dionisiusdh/indonesian-batik-motifs/batik-betawi/50.jpg,50.jpg,batik-betawi,95,2,train
/kaggle/input/datasets/dionisiusdh/indonesian-batik-motifs/batik-betawi/6.jpg,6.jpg,batik-betawi,96,2,test
/kaggle/input/datasets/dionisiusdh/indonesian-batik-motifs/batik-betawi/7.jpg,7.jpg,batik-betawi,97,2,train
/kaggle/input/datasets/dionisiusdh/indonesian-batik-motifs/batik-betawi/8.jpg,8.jpg,batik-betawi,98,2,test
/kaggle/input/datasets/dionisiusdh/indonesian-batik-motifs/batik-betawi/9.jpg,9.jpg,batik-betawi,99,2,test
/kaggle/input/datasets/dionisiusdh/indonesian-batik-motifs/batik-celup/1.jpg,1.jpg,batik-celup,100,2,train
/kaggle/input/datasets/dionisiusdh/indonesian-batik-motifs/batik-celup/10.jpg,10.jpg,batik-celup,101,2,test
/kaggle/input/datasets/dionisiusdh/indonesian-batik-motifs/batik-celup/11.jpg,11.jpg,batik-celup,102,2,train
/kaggle/input/datasets/dionisiusdh/indonesian-batik-motifs/batik-celup/12.jpg,12.jpg,batik-celup,103,2,train
/kaggle/input/datasets/dionisiusdh/indonesian-batik-motifs/batik-celup/13.jpg,13.jpg,batik-celup,104,2,train
/kaggle/input/datasets/dionisiusdh/indonesian-batik-motifs/batik-celup/14.jpg,14.jpg,batik-celup,105,2,train
/kaggle/input/datasets/dionisiusdh/indonesian-batik-motifs/batik-celup/15.jpg,15.jpg,batik-celup,106,2,train
/kaggle/input/datasets/dionisiusdh/indonesian-batik-motifs/batik-celup/16.jpg,16.jpg,batik-celup,107,2,train
/kaggle/input/datasets/dionisiusdh/indonesian-batik-motifs/batik-celup/17.jpg,17.jpg,batik-celup,108,2,test
/kaggle/input/datasets/dionisiusdh/indonesian-batik-motifs/batik-celup/18.jpg,18.jpg,batik-celup,109,2,train
/kaggle/input/datasets/dionisiusdh/indonesian-batik-motifs/batik-celup/19.jpg,19.jpg,batik-celup,110,2,test
/kaggle/input/datasets/dionisiusdh/indonesian-batik-motifs/batik-celup/2.jpg,2.jpg,batik-celup,111,2,train
/kaggle/input/datasets/dionisiusdh/indonesian-batik-motifs/batik-celup/20.jpg,20.jpg,batik-celup,112,2,test
/kaggle/input/datasets/dionisiusdh/indonesian-batik-motifs/batik-celup/21.jpg,21.jpg,batik-celup,114,2,train
/kaggle/input/datasets/dionisiusdh/indonesian-batik-motifs/batik-celup/22.jpg,22.jpg,batik-celup,114,2,train
/kaggle/input/datasets/dionisiusdh/indonesian-batik-motifs/batik-celup/23.jpg,23.jpg,batik-celup,114,2,train
/kaggle/input/datasets/dionisiusdh/indonesian-batik-motifs/batik-celup/24.jpg,24.jpg,batik-celup,116,2,train
/kaggle/input/datasets/dionisiusdh/indonesian-batik-motifs/batik-celup/25.jpg,25.jpg,batik-celup,117,2,train
/kaggle/input/datasets/dionisiusdh/indonesian-batik-motifs/batik-celup/26.jpg,26.jpg,batik-celup,118,2,train
/kaggle/input/datasets/dionisiusdh/indonesian-batik-motifs/batik-celup/27.jpg,27.jpg,batik-celup,119,2,train
/kaggle/input/datasets/dionisiusdh/indonesian-batik-motifs/batik-celup/28.jpg,28.jpg,batik-celup,120,2,train
/kaggle/input/datasets/dionisiusdh/indonesian-batik-motifs/batik-celup/29.jpg,29.jpg,batik-celup,114,2,train
/kaggle/input/datasets/dionisiusdh/indonesian-batik-motifs/batik-celup/3.jpg,3.jpg,batik-celup,122,2,train
/kaggle/input/datasets/dionisiusdh/indonesian-batik-motifs/batik-celup/30.jpg,30.jpg,batik-celup,123,2,train
/kaggle/input/datasets/dionisiusdh/indonesian-batik-motifs/batik-celup/31.jpg,31.jpg,batik-celup,124,2,test
/kaggle/input/datasets/dionisiusdh/indonesian-batik-motifs/batik-celup/32.jpg,32.jpg,batik-celup,125,2,train
/kaggle/input/datasets/dionisiusdh/indonesian-batik-motifs/batik-celup/33.jpg,33.jpg,batik-celup,126,2,train
/kaggle/input/datasets/dionisiusdh/indonesian-batik-motifs/batik-celup/34.jpg,34.jpg,batik-celup,127,2,test
/kaggle/input/datasets/dionisiusdh/indonesian-batik-motifs/batik-celup/35.jpg,35.jpg,batik-celup,128,2,test
/kaggle/input/datasets/dionisiusdh/indonesian-batik-motifs/batik-celup/36.jpg,36.jpg,batik-celup,129,2,train
/kaggle/input/datasets/dionisiusdh/indonesian-batik-motifs/batik-celup/37.jpg,37.jpg,batik-celup,130,2,test
/kaggle/input/datasets/dionisiusdh/indonesian-batik-motifs/batik-celup/38.jpg,38.jpg,batik-celup,131,2,test
/kaggle/input/datasets/dionisiusdh/indonesian-batik-motifs/batik-celup/39.jpg,39.jpg,batik-celup,132,2,train
/kaggle/input/datasets/dionisiusdh/indonesian-batik-motifs/batik-celup/4.jpg,4.jpg,batik-celup,133,2,train
/kaggle/input/datasets/dionisiusdh/indonesian-batik-motifs/batik-celup/40.jpg,40.jpg,batik-celup,134,2,test
/kaggle/input/datasets/dionisiusdh/indonesian-batik-motifs/batik-celup/41.jpg,41.jpg,batik-celup,135,2,test
/kaggle/input/datasets/dionisiusdh/indonesian-batik-motifs/batik-celup/42.jpg,42.jpg,batik-celup,136,2,train
/kaggle/input/datasets/dionisiusdh/indonesian-batik-motifs/batik-celup/43.jpg,43.jpg,batik-celup,137,2,train
/kaggle/input/datasets/dionisiusdh/indonesian-batik-motifs/batik-celup/44.jpg,44.jpg,batik-celup,138,2,test
/kaggle/input/datasets/dionisiusdh/indonesian-batik-motifs/batik-celup/45.jpg,45.jpg,batik-celup,139,2,train
/kaggle/input/datasets/dionisiusdh/indonesian-batik-motifs/batik-celup/46.jpg,46.jpg,batik-celup,140,2,train
/kaggle/input/datasets/dionisiusdh/indonesian-batik-motifs/batik-celup/47.jpg,47.jpg,batik-celup,141,2,train
/kaggle/input/datasets/dionisiusdh/indonesian-batik-motifs/batik-celup/48.jpg,48.jpg,batik-celup,142,2,train
/kaggle/input/datasets/dionisiusdh/indonesian-batik-motifs/batik-celup/49.jpg,49.jpg,batik-celup,143,2,train
/kaggle/input/datasets/dionisiusdh/indonesian-batik-motifs/batik-celup/5.jpg,5.jpg,batik-celup,144,2,test
/kaggle/input/datasets/dionisiusdh/indonesian-batik-motifs/batik-celup/50.jpg,50.jpg,batik-celup,145,2,test
/kaggle/input/datasets/dionisiusdh/indonesian-batik-motifs/batik-celup/6.jpg,6.jpg,batik-celup,146,2,train
/kaggle/input/datasets/dionisiusdh/indonesian-batik-motifs/batik-celup/7.jpg,7.jpg,batik-celup,147,2,train
/kaggle/input/datasets/dionisiusdh/indonesian-batik-motifs/batik-celup/8.jpg,8.jpg,batik-celup,148,2,test
/kaggle/input/datasets/dionisiusdh/indonesian-batik-motifs/batik-celup/9.jpg,9.jpg,batik-celup,149,2,train
/kaggle/input/datasets/dionisiusdh/indonesian-batik-motifs/batik-cendrawasih/1.jpg,1.jpg,batik-cendrawasih,150,2,train
/kaggle/input/datasets/dionisiusdh/indonesian-batik-motifs/batik-cendrawasih/10.jpg,10.jpg,batik-cendrawasih,151,2,train
/kaggle/input/datasets/dionisiusdh/indonesian-batik-motifs/batik-cendrawasih/11.jpg,11.jpg,batik-cendrawasih,152,2,train
/kaggle/input/datasets/dionisiusdh/indonesian-batik-motifs/batik-cendrawasih/12.jpg,12.jpg,batik-cendrawasih,153,2,test
/kaggle/input/datasets/dionisiusdh/indonesian-batik-motifs/batik-cendrawasih/13.jpg,13.jpg,batik-cendrawasih,154,2,test
/kaggle/input/datasets/dionisiusdh/indonesian-batik-motifs/batik-cendrawasih/14.jpg,14.jpg,batik-cendrawasih,155,2,train
/kaggle/input/datasets/dionisiusdh/indonesian-batik-motifs/batik-cendrawasih/15.jpg,15.jpg,batik-cendrawasih,156,2,test
/kaggle/input/datasets/dionisiusdh/indonesian-batik-motifs/batik-cendrawasih/16.jpg,16.jpg,batik-cendrawasih,157,2,train
/kaggle/input/datasets/dionisiusdh/indonesian-batik-motifs/batik-cendrawasih/17.jpg,17.jpg,batik-cendrawasih,158,2,test
/kaggle/input/datasets/dionisiusdh/indonesian-batik-motifs/batik-cendrawasih/19.jpg,19.jpg,batik-cendrawasih,159,2,train
/kaggle/input/datasets/dionisiusdh/indonesian-batik-motifs/batik-cendrawasih/2.jpg,2.jpg,batik-cendrawasih,160,2,train
/kaggle/input/datasets/dionisiusdh/indonesian-batik-motifs/batik-cendrawasih/20.jpg,20.jpg,batik-cendrawasih,161,2,train
/kaggle/input/datasets/dionisiusdh/indonesian-batik-motifs/batik-cendrawasih/21.jpg,21.jpg,batik-cendrawasih,162,2,test
/kaggle/input/datasets/dionisiusdh/indonesian-batik-motifs/batik-cendrawasih/22.jpg,22.jpg,batik-cendrawasih,163,2,train
/kaggle/input/datasets/dionisiusdh/indonesian-batik-motifs/batik-cendrawasih/23.jpg,23.jpg,batik-cendrawasih,164,2,test
/kaggle/input/datasets/dionisiusdh/indonesian-batik-motifs/batik-cendrawasih/24.jpg,24.jpg,batik-cendrawasih,165,2,train
/kaggle/input/datasets/dionisiusdh/indonesian-batik-motifs/batik-cendrawasih/25.jpg,25.jpg,batik-cendrawasih,166,2,train
/kaggle/input/datasets/dionisiusdh/indonesian-batik-motifs/batik-cendrawasih/26.jpg,26.jpg,batik-cendrawasih,167,2,train
/kaggle/input/datasets/dionisiusdh/indonesian-batik-motifs/batik-cendrawasih/27.jpg,27.jpg,batik-cendrawasih,168,2,train
/kaggle/input/datasets/dionisiusdh/indonesian-batik-motifs/batik-cendrawasih/28.jpg,28.jpg,batik-cendrawasih,169,2,train
/kaggle/input/datasets/dionisiusdh/indonesian-batik-motifs/batik-cendrawasih/29.jpg,29.jpg,batik-cendrawasih,170,2,train
/kaggle/input/datasets/dionisiusdh/indonesian-batik-motifs/batik-cendrawasih/3.jpg,3.jpg,batik-cendrawasih,171,2,train
/kaggle/input/datasets/dionisiusdh/indonesian-batik-motifs/batik-cendrawasih/30.jpg,30.jpg,batik-cendrawasih,172,2,train
/kaggle/input/datasets/dionisiusdh/indonesian-batik-motifs/batik-cendrawasih/31.jpg,31.jpg,batik-cendrawasih,173,2,train
/kaggle/input/datasets/dionisiusdh/indonesian-batik-motifs/batik-cendrawasih/32.jpg,32.jpg,batik-cendrawasih,174,2,train
/kaggle/input/datasets/dionisiusdh/indonesian-batik-motifs/batik-cendrawasih/33.jpg,33.jpg,batik-cendrawasih,175,2,test
/kaggle/input/datasets/dionisiusdh/indonesian-batik-motifs/batik-cendrawasih/34.jpg,34.jpg,batik-cendrawasih,176,2,train
/kaggle/input/datasets/dionisiusdh/indonesian-batik-motifs/batik-cendrawasih/35.jpg,35.jpg,batik-cendrawasih,177,2,test
/kaggle/input/datasets/dionisiusdh/indonesian-batik-motifs/batik-cendrawasih/36.jpg,36.jpg,batik-cendrawasih,178,2,train
/kaggle/input/datasets/dionisiusdh/indonesian-batik-motifs/batik-cendrawasih/37.jpg,37.jpg,batik-cendrawasih,179,2,train
/kaggle/input/datasets/dionisiusdh/indonesian-batik-motifs/batik-cendrawasih/38.jpg,38.jpg,batik-cendrawasih,180,2,train
/kaggle/input/datasets/dionisiusdh/indonesian-batik-motifs/batik-cendrawasih/39.jpg,39.jpg,batik-cendrawasih,181,2,train
/kaggle/input/datasets/dionisiusdh/indonesian-batik-motifs/batik-cendrawasih/4.jpg,4.jpg,batik-cendrawasih,182,2,test
/kaggle/input/datasets/dionisiusdh/indonesian-batik-motifs/batik-cendrawasih/40.jpg,40.jpg,batik-cendrawasih,183,2,train
/kaggle/input/datasets/dionisiusdh/indonesian-batik-motifs/batik-cendrawasih/41.jpg,41.jpg,batik-cendrawasih,184,2,train
/kaggle/input/datasets/dionisiusdh/indonesian-batik-motifs/batik-cendrawasih/42.jpg,42.jpg,batik-cendrawasih,185,2,train
/kaggle/input/datasets/dionisiusdh/indonesian-batik-motifs/batik-cendrawasih/43.jpg,43.jpg,batik-cendrawasih,186,2,train
/kaggle/input/datasets/dionisiusdh/indonesian-batik-motifs/batik-cendrawasih/44.jpg,44.jpg,batik-cendrawasih,187,2,train
/kaggle/input/datasets/dionisiusdh/indonesian-batik-motifs/batik-cendrawasih/45.jpg,45.jpg,batik-cendrawasih,188,2,test
/kaggle/input/datasets/dionisiusdh/indonesian-batik-motifs/batik-cendrawasih/46.jpg,46.jpg,batik-cendrawasih,189,2,train
/kaggle/input/datasets/dionisiusdh/indonesian-batik-motifs/batik-cendrawasih/47.jpg,47.jpg,batik-cendrawasih,190,2,test
/kaggle/input/datasets/dionisiusdh/indonesian-batik-motifs/batik-cendrawasih/48.jpg,48.jpg,batik-cendrawasih,191,2,train
/kaggle/input/datasets/dionisiusdh/indonesian-batik-motifs/batik-cendrawasih/49.jpg,49.jpg,batik-cendrawasih,192,2,train
/kaggle/input/datasets/dionisiusdh/indonesian-batik-motifs/batik-cendrawasih/5.jpg,5.jpg,batik-cendrawasih,193,2,test
/kaggle/input/datasets/dionisiusdh/indonesian-batik-motifs/batik-cendrawasih/50.jpg,50.jpg,batik-cendrawasih,194,2,test
/kaggle/input/datasets/dionisiusdh/indonesian-batik-motifs/batik-cendrawasih/6.jpg,6.jpg,batik-cendrawasih,195,2,train
/kaggle/input/datasets/dionisiusdh/indonesian-batik-motifs/batik-cendrawasih/7.jpg,7.jpg,batik-cendrawasih,196,2,train
/kaggle/input/datasets/dionisiusdh/indonesian-batik-motifs/batik-cendrawasih/8.jpg,8.jpg,batik-cendrawasih,197,2,test
/kaggle/input/datasets/dionisiusdh/indonesian-batik-motifs/batik-cendrawasih/9.jpg,9.jpg,batik-cendrawasih,198,2,test
/kaggle/input/datasets/dionisiusdh/indonesian-batik-motifs/batik-ceplok/10.jpg,10.jpg,batik-ceplok,199,2,test
/kaggle/input/datasets/dionisiusdh/indonesian-batik-motifs/batik-ceplok/11.jpg,11.jpg,batik-ceplok,200,2,train
/kaggle/input/datasets/dionisiusdh/indonesian-batik-motifs/batik-ceplok/12.jpg,12.jpg,batik-ceplok,201,2,test
/kaggle/input/datasets/dionisiusdh/indonesian-batik-motifs/batik-ceplok/13.jpg,13.jpg,batik-ceplok,7,2,test
/kaggle/input/datasets/dionisiusdh/indonesian-batik-motifs/batik-ceplok/14.jpg,14.jpg,batik-ceplok,203,2,train
/kaggle/input/datasets/dionisiusdh/indonesian-batik-motifs/batik-ceplok/15.jpg,15.jpg,batik-ceplok,204,2,train
/kaggle/input/datasets/dionisiusdh/indonesian-batik-motifs/batik-ceplok/17.jpg,17.jpg,batik-ceplok,205,2,train
/kaggle/input/datasets/dionisiusdh/indonesian-batik-motifs/batik-ceplok/18.jpg,18.jpg,batik-ceplok,206,2,train
/kaggle/input/datasets/dionisiusdh/indonesian-batik-motifs/batik-ceplok/19.jpg,19.jpg,batik-ceplok,207,2,test
/kaggle/input/datasets/dionisiusdh/indonesian-batik-motifs/batik-ceplok/2.jpg,2.jpg,batik-ceplok,208,2,test
/kaggle/input/datasets/dionisiusdh/indonesian-batik-motifs/batik-ceplok/20.jpg,20.jpg,batik-ceplok,209,2,test
/kaggle/input/datasets/dionisiusdh/indonesian-batik-motifs/batik-ceplok/21.jpg,21.jpg,batik-ceplok,210,2,train
/kaggle/input/datasets/dionisiusdh/indonesian-batik-motifs/batik-ceplok/22.jpg,22.jpg,batik-ceplok,211,2,train
/kaggle/input/datasets/dionisiusdh/indonesian-batik-motifs/batik-ceplok/23.jpg,23.jpg,batik-ceplok,212,2,test
/kaggle/input/datasets/dionisiusdh/indonesian-batik-motifs/batik-ceplok/24.jpg,24.jpg,batik-ceplok,213,2,train
/kaggle/input/datasets/dionisiusdh/indonesian-batik-motifs/batik-ceplok/25.jpg,25.jpg,batik-ceplok,214,2,train
/kaggle/input/datasets/dionisiusdh/indonesian-batik-motifs/batik-ceplok/26.jpg,26.jpg,batik-ceplok,215,2,train
/kaggle/input/datasets/dionisiusdh/indonesian-batik-motifs/batik-ceplok/27.jpg,27.jpg,batik-ceplok,215,2,train
/kaggle/input/datasets/dionisiusdh/indonesian-batik-motifs/batik-ceplok/28.jpg,28.jpg,batik-ceplok,217,2,test
/kaggle/input/datasets/dionisiusdh/indonesian-batik-motifs/batik-ceplok/29.jpg,29.jpg,batik-ceplok,218,2,test
/kaggle/input/datasets/dionisiusdh/indonesian-batik-motifs/batik-ceplok/3.jpg,3.jpg,batik-ceplok,219,2,test
/kaggle/input/datasets/dionisiusdh/indonesian-batik-motifs/batik-ceplok/30.jpg,30.jpg,batik-ceplok,220,2,test
/kaggle/input/datasets/dionisiusdh/indonesian-batik-motifs/batik-ceplok/31.jpg,31.jpg,batik-ceplok,221,2,train
/kaggle/input/datasets/dionisiusdh/indonesian-batik-motifs/batik-ceplok/32.jpg,32.jpg,batik-ceplok,222,2,train
/kaggle/input/datasets/dionisiusdh/indonesian-batik-motifs/batik-ceplok/33.jpg,33.jpg,batik-ceplok,223,2,train
/kaggle/input/datasets/dionisiusdh/indonesian-batik-motifs/batik-ceplok/34.jpg,34.jpg,batik-ceplok,224,2,train
/kaggle/input/datasets/dionisiusdh/indonesian-batik-motifs/batik-ceplok/35.jpg,35.jpg,batik-ceplok,225,2,train
/kaggle/input/datasets/dionisiusdh/indonesian-batik-motifs/batik-ceplok/36.jpg,36.jpg,batik-ceplok,226,2,train
/kaggle/input/datasets/dionisiusdh/indonesian-batik-motifs/batik-ceplok/37.jpg,37.jpg,batik-ceplok,227,2,train
/kaggle/input/datasets/dionisiusdh/indonesian-batik-motifs/batik-ceplok/38.jpg,38.jpg,batik-ceplok,228,2,test
/kaggle/input/datasets/dionisiusdh/indonesian-batik-motifs/batik-ceplok/39.jpg,39.jpg,batik-ceplok,229,2,train
/kaggle/input/datasets/dionisiusdh/indonesian-batik-motifs/batik-ceplok/4.jpg,4.jpg,batik-ceplok,230,2,train
/kaggle/input/datasets/dionisiusdh/indonesian-batik-motifs/batik-ceplok/40.jpg,40.jpg,batik-ceplok,231,2,train
/kaggle/input/datasets/dionisiusdh/indonesian-batik-motifs/batik-ceplok/41.jpg,41.jpg,batik-ceplok,232,2,test
/kaggle/input/datasets/dionisiusdh/indonesian-batik-motifs/batik-ceplok/42.jpg,42.jpg,batik-ceplok,233,2,train
/kaggle/input/datasets/dionisiusdh/indonesian-batik-motifs/batik-ceplok/43.jpg,43.jpg,batik-ceplok,756,2,train
/kaggle/input/datasets/dionisiusdh/indonesian-batik-motifs/batik-ceplok/44.jpg,44.jpg,batik-ceplok,235,2,train
/kaggle/input/datasets/dionisiusdh/indonesian-batik-motifs/batik-ceplok/45.jpg,45.jpg,batik-ceplok,236,2,train
/kaggle/input/datasets/dionisiusdh/indonesian-batik-motifs/batik-ceplok/46.jpg,46.jpg,batik-ceplok,237,2,test
/kaggle/input/datasets/dionisiusdh/indonesian-batik-motifs/batik-ceplok/47.jpg,47.jpg,batik-ceplok,756,2,train
/kaggle/input/datasets/dionisiusdh/indonesian-batik-motifs/batik-ceplok/48.jpg,48.jpg,batik-ceplok,239,2,train
/kaggle/input/datasets/dionisiusdh/indonesian-batik-motifs/batik-ceplok/49.jpg,49.jpg,batik-ceplok,240,2,train
/kaggle/input/datasets/dionisiusdh/indonesian-batik-motifs/batik-ceplok/5.jpg,5.jpg,batik-ceplok,241,2,test
/kaggle/input/datasets/dionisiusdh/indonesian-batik-motifs/batik-ceplok/50.jpg,50.jpg,batik-ceplok,242,2,train
/kaggle/input/datasets/dionisiusdh/indonesian-batik-motifs/batik-ceplok/6.jpg,6.jpg,batik-ceplok,243,2,train
/kaggle/input/datasets/dionisiusdh/indonesian-batik-motifs/batik-ceplok/7.jpg,7.jpg,batik-ceplok,244,2,train
/kaggle/input/datasets/dionisiusdh/indonesian-batik-motifs/batik-ceplok/8.jpg,8.jpg,batik-ceplok,245,2,test
/kaggle/input/datasets/dionisiusdh/indonesian-batik-motifs/batik-ceplok/9.jpg,9.jpg,batik-ceplok,246,2,train
/kaggle/input/datasets/dionisiusdh/indonesian-batik-motifs/batik-ciamis/1.jpg,1.jpg,batik-ciamis,92,2,train
/kaggle/input/datasets/dionisiusdh/indonesian-batik-motifs/batik-ciamis/10.jpg,10.jpg,batik-ciamis,248,2,train
/kaggle/input/datasets/dionisiusdh/indonesian-batik-motifs/batik-ciamis/11.jpg,11.jpg,batik-ciamis,249,2,train
/kaggle/input/datasets/dionisiusdh/indonesian-batik-motifs/batik-ciamis/12.jpg,12.jpg,batik-ciamis,250,2,train
/kaggle/input/datasets/dionisiusdh/indonesian-batik-motifs/batik-ciamis/13.jpg,13.jpg,batik-ciamis,251,2,train
/kaggle/input/datasets/dionisiusdh/indonesian-batik-motifs/batik-ciamis/14.jpg,14.jpg,batik-ciamis,252,2,train
/kaggle/input/datasets/dionisiusdh/indonesian-batik-motifs/batik-ciamis/15.jpg,15.jpg,batik-ciamis,253,2,train
/kaggle/input/datasets/dionisiusdh/indonesian-batik-motifs/batik-ciamis/16.jpg,16.jpg,batik-ciamis,254,2,test
/kaggle/input/datasets/dionisiusdh/indonesian-batik-motifs/batik-ciamis/17.jpg,17.jpg,batik-ciamis,255,2,train
/kaggle/input/datasets/dionisiusdh/indonesian-batik-motifs/batik-ciamis/18.jpg,18.jpg,batik-ciamis,256,2,train
/kaggle/input/datasets/dionisiusdh/indonesian-batik-motifs/batik-ciamis/19.jpg,19.jpg,batik-ciamis,257,2,train
/kaggle/input/datasets/dionisiusdh/indonesian-batik-motifs/batik-ciamis/2.jpg,2.jpg,batik-ciamis,258,2,train
/kaggle/input/datasets/dionisiusdh/indonesian-batik-motifs/batik-ciamis/20.jpg,20.jpg,batik-ciamis,259,2,test
/kaggle/input/datasets/dionisiusdh/indonesian-batik-motifs/batik-ciamis/21.jpg,21.jpg,batik-ciamis,260,2,test
/kaggle/input/datasets/dionisiusdh/indonesian-batik-motifs/batik-ciamis/22.jpg,22.jpg,batik-ciamis,261,2,train
/kaggle/input/datasets/dionisiusdh/indonesian-batik-motifs/batik-ciamis/23.jpg,23.jpg,batik-ciamis,262,2,train
/kaggle/input/datasets/dionisiusdh/indonesian-batik-motifs/batik-ciamis/24.jpg,24.jpg,batik-ciamis,263,2,test
/kaggle/input/datasets/dionisiusdh/indonesian-batik-motifs/batik-ciamis/25.jpg,25.jpg,batik-ciamis,264,2,train
/kaggle/input/datasets/dionisiusdh/indonesian-batik-motifs/batik-ciamis/26.jpg,26.jpg,batik-ciamis,265,2,train
/kaggle/input/datasets/dionisiusdh/indonesian-batik-motifs/batik-ciamis/27.jpg,27.jpg,batik-ciamis,266,2,train
/kaggle/input/datasets/dionisiusdh/indonesian-batik-motifs/batik-ciamis/28.jpg,28.jpg,batik-ciamis,267,2,train
/kaggle/input/datasets/dionisiusdh/indonesian-batik-motifs/batik-ciamis/29.jpg,29.jpg,batik-ciamis,268,2,train
/kaggle/input/datasets/dionisiusdh/indonesian-batik-motifs/batik-ciamis/3.jpg,3.jpg,batik-ciamis,255,2,train
/kaggle/input/datasets/dionisiusdh/indonesian-batik-motifs/batik-ciamis/30.jpg,30.jpg,batik-ciamis,270,2,train
/kaggle/input/datasets/dionisiusdh/indonesian-batik-motifs/batik-ciamis/31.jpg,31.jpg,batik-ciamis,271,2,train
/kaggle/input/datasets/dionisiusdh/indonesian-batik-motifs/batik-ciamis/32.jpg,32.jpg,batik-ciamis,272,2,train
/kaggle/input/datasets/dionisiusdh/indonesian-batik-motifs/batik-ciamis/33.jpg,33.jpg,batik-ciamis,273,2,train
/kaggle/input/datasets/dionisiusdh/indonesian-batik-motifs/batik-ciamis/34.jpg,34.jpg,batik-ciamis,274,2,train
/kaggle/input/datasets/dionisiusdh/indonesian-batik-motifs/batik-ciamis/35.jpg,35.jpg,batik-ciamis,275,2,test
/kaggle/input/datasets/dionisiusdh/indonesian-batik-motifs/batik-ciamis/36.jpg,36.jpg,batik-ciamis,276,2,train
/kaggle/input/datasets/dionisiusdh/indonesian-batik-motifs/batik-ciamis/37.jpg,37.jpg,batik-ciamis,277,2,test
/kaggle/input/datasets/dionisiusdh/indonesian-batik-motifs/batik-ciamis/38.jpg,38.jpg,batik-ciamis,278,2,test
/kaggle/input/datasets/dionisiusdh/indonesian-batik-motifs/batik-ciamis/39.jpg,39.jpg,batik-ciamis,279,2,test
/kaggle/input/datasets/dionisiusdh/indonesian-batik-motifs/batik-ciamis/4.jpg,4.jpg,batik-ciamis,280,2,train
/kaggle/input/datasets/dionisiusdh/indonesian-batik-motifs/batik-ciamis/40.jpg,40.jpg,batik-ciamis,281,2,train
/kaggle/input/datasets/dionisiusdh/indonesian-batik-motifs/batik-ciamis/41.jpg,41.jpg,batik-ciamis,282,2,train
/kaggle/input/datasets/dionisiusdh/indonesian-batik-motifs/batik-ciamis/42.jpg,42.jpg,batik-ciamis,283,2,test
/kaggle/input/datasets/dionisiusdh/indonesian-batik-motifs/batik-ciamis/43.jpg,43.jpg,batik-ciamis,284,2,train
/kaggle/input/datasets/dionisiusdh/indonesian-batik-motifs/batik-ciamis/44.jpg,44.jpg,batik-ciamis,285,2,train
/kaggle/input/datasets/dionisiusdh/indonesian-batik-motifs/batik-ciamis/45.jpg,45.jpg,batik-ciamis,286,2,train
/kaggle/input/datasets/dionisiusdh/indonesian-batik-motifs/batik-ciamis/46.jpg,46.jpg,batik-ciamis,283,2,test
/kaggle/input/datasets/dionisiusdh/indonesian-batik-motifs/batik-ciamis/47.jpg,47.jpg,batik-ciamis,288,2,test
/kaggle/input/datasets/dionisiusdh/indonesian-batik-motifs/batik-ciamis/48.jpg,48.jpg,batik-ciamis,289,2,test
/kaggle/input/datasets/dionisiusdh/indonesian-batik-motifs/batik-ciamis/49.jpg,49.jpg,batik-ciamis,290,2,test
/kaggle/input/datasets/dionisiusdh/indonesian-batik-motifs/batik-ciamis/5.jpg,5.jpg,batik-ciamis,291,2,train
/kaggle/input/datasets/dionisiusdh/indonesian-batik-motifs/batik-ciamis/50.jpg,50.jpg,batik-ciamis,280,2,train
/kaggle/input/datasets/dionisiusdh/indonesian-batik-motifs/batik-ciamis/6.jpg,6.jpg,batik-ciamis,293,2,train
/kaggle/input/datasets/dionisiusdh/indonesian-batik-motifs/batik-ciamis/7.jpg,7.jpg,batik-ciamis,294,2,test
/kaggle/input/datasets/dionisiusdh/indonesian-batik-motifs/batik-ciamis/8.jpg,8.jpg,batik-ciamis,295,2,test
/kaggle/input/datasets/dionisiusdh/indonesian-batik-motifs/batik-ciamis/9.jpg,9.jpg,batik-ciamis,296,2,test
/kaggle/input/datasets/dionisiusdh/indonesian-batik-motifs/batik-garutan/1.jpg,1.jpg,batik-garutan,297,2,train
/kaggle/input/datasets/dionisiusdh/indonesian-batik-motifs/batik-garutan/10.jpg,10.jpg,batik-garutan,298,2,test
/kaggle/input/datasets/dionisiusdh/indonesian-batik-motifs/batik-garutan/11.jpg,11.jpg,batik-garutan,299,2,train
/kaggle/input/datasets/dionisiusdh/indonesian-batik-motifs/batik-garutan/12.jpg,12.jpg,batik-garutan,300,2,train
/kaggle/input/datasets/dionisiusdh/indonesian-batik-motifs/batik-garutan/13.jpg,13.jpg,batik-garutan,301,2,test
/kaggle/input/datasets/dionisiusdh/indonesian-batik-motifs/batik-garutan/14.jpg,14.jpg,batik-garutan,302,2,train
/kaggle/input/datasets/dionisiusdh/indonesian-batik-motifs/batik-garutan/15.jpg,15.jpg,batik-garutan,303,2,test
/kaggle/input/datasets/dionisiusdh/indonesian-batik-motifs/batik-garutan/16.jpg,16.jpg,batik-garutan,304,2,train
/kaggle/input/datasets/dionisiusdh/indonesian-batik-motifs/batik-garutan/17.jpg,17.jpg,batik-garutan,305,2,train
/kaggle/input/datasets/dionisiusdh/indonesian-batik-motifs/batik-garutan/18.jpg,18.jpg,batik-garutan,306,2,train
/kaggle/input/datasets/dionisiusdh/indonesian-batik-motifs/batik-garutan/19.jpg,19.jpg,batik-garutan,307,2,train
/kaggle/input/datasets/dionisiusdh/indonesian-batik-motifs/batik-garutan/2.jpg,2.jpg,batik-garutan,308,2,test
/kaggle/input/datasets/dionisiusdh/indonesian-batik-motifs/batik-garutan/20.jpg,20.jpg,batik-garutan,309,2,train
/kaggle/input/datasets/dionisiusdh/indonesian-batik-motifs/batik-garutan/21.jpg,21.jpg,batik-garutan,310,2,test
/kaggle/input/datasets/dionisiusdh/indonesian-batik-motifs/batik-garutan/22.jpg,22.jpg,batik-garutan,311,2,train
/kaggle/input/datasets/dionisiusdh/indonesian-batik-motifs/batik-garutan/23.jpg,23.jpg,batik-garutan,312,2,train
/kaggle/input/datasets/dionisiusdh/indonesian-batik-motifs/batik-garutan/24.jpg,24.jpg,batik-garutan,313,2,test
/kaggle/input/datasets/dionisiusdh/indonesian-batik-motifs/batik-garutan/25.jpg,25.jpg,batik-garutan,314,2,train
/kaggle/input/datasets/dionisiusdh/indonesian-batik-motifs/batik-garutan/26.jpg,26.jpg,batik-garutan,315,2,test
/kaggle/input/datasets/dionisiusdh/indonesian-batik-motifs/batik-garutan/27.jpg,27.jpg,batik-garutan,316,2,train
/kaggle/input/datasets/dionisiusdh/indonesian-batik-motifs/batik-garutan/28.jpg,28.jpg,batik-garutan,317,2,test
/kaggle/input/datasets/dionisiusdh/indonesian-batik-motifs/batik-garutan/29.jpg,29.jpg,batik-garutan,318,2,train
/kaggle/input/datasets/dionisiusdh/indonesian-batik-motifs/batik-garutan/3.jpg,3.jpg,batik-garutan,319,2,train
/kaggle/input/datasets/dionisiusdh/indonesian-batik-motifs/batik-garutan/30.jpg,30.jpg,batik-garutan,320,2,train
/kaggle/input/datasets/dionisiusdh/indonesian-batik-motifs/batik-garutan/31.jpg,31.jpg,batik-garutan,321,2,train
/kaggle/input/datasets/dionisiusdh/indonesian-batik-motifs/batik-garutan/32.jpg,32.jpg,batik-garutan,322,2,train
/kaggle/input/datasets/dionisiusdh/indonesian-batik-motifs/batik-garutan/33.jpg,33.jpg,batik-garutan,323,2,train
/kaggle/input/datasets/dionisiusdh/indonesian-batik-motifs/batik-garutan/34.jpg,34.jpg,batik-garutan,324,2,train
/kaggle/input/datasets/dionisiusdh/indonesian-batik-motifs/batik-garutan/35.jpg,35.jpg,batik-garutan,325,2,test
/kaggle/input/datasets/dionisiusdh/indonesian-batik-motifs/batik-garutan/36.jpg,36.jpg,batik-garutan,326,2,train
/kaggle/input/datasets/dionisiusdh/indonesian-batik-motifs/batik-garutan/37.jpg,37.jpg,batik-garutan,327,2,train
/kaggle/input/datasets/dionisiusdh/indonesian-batik-motifs/batik-garutan/38.jpg,38.jpg,batik-garutan,328,2,test
/kaggle/input/datasets/dionisiusdh/indonesian-batik-motifs/batik-garutan/39.jpg,39.jpg,batik-garutan,253,2,train
/kaggle/input/datasets/dionisiusdh/indonesian-batik-motifs/batik-garutan/4.jpg,4.jpg,batik-garutan,92,2,train
/kaggle/input/datasets/dionisiusdh/indonesian-batik-motifs/batik-garutan/40.jpg,40.jpg,batik-garutan,331,2,train
/kaggle/input/datasets/dionisiusdh/indonesian-batik-motifs/batik-garutan/41.jpg,41.jpg,batik-garutan,332,2,test
/kaggle/input/datasets/dionisiusdh/indonesian-batik-motifs/batik-garutan/42.jpg,42.jpg,batik-garutan,333,2,train
/kaggle/input/datasets/dionisiusdh/indonesian-batik-motifs/batik-garutan/43.jpg,43.jpg,batik-garutan,334,2,train
/kaggle/input/datasets/dionisiusdh/indonesian-batik-motifs/batik-garutan/44.jpg,44.jpg,batik-garutan,335,2,train
/kaggle/input/datasets/dionisiusdh/indonesian-batik-motifs/batik-garutan/45.jpg,45.jpg,batik-garutan,336,2,test
/kaggle/input/datasets/dionisiusdh/indonesian-batik-motifs/batik-garutan/46.jpg,46.jpg,batik-garutan,337,2,test
/kaggle/input/datasets/dionisiusdh/indonesian-batik-motifs/batik-garutan/47.jpg,47.jpg,batik-garutan,338,2,train
/kaggle/input/datasets/dionisiusdh/indonesian-batik-motifs/batik-garutan/48.jpg,48.jpg,batik-garutan,339,2,train
/kaggle/input/datasets/dionisiusdh/indonesian-batik-motifs/batik-garutan/49.jpg,49.jpg,batik-garutan,340,2,train
/kaggle/input/datasets/dionisiusdh/indonesian-batik-motifs/batik-garutan/5.jpg,5.jpg,batik-garutan,341,2,train
/kaggle/input/datasets/dionisiusdh/indonesian-batik-motifs/batik-garutan/50.jpg,50.jpg,batik-garutan,342,2,train
/kaggle/input/datasets/dionisiusdh/indonesian-batik-motifs/batik-garutan/6.jpg,6.jpg,batik-garutan,343,2,train
/kaggle/input/datasets/dionisiusdh/indonesian-batik-motifs/batik-garutan/7.jpg,7.jpg,batik-garutan,344,2,train
/kaggle/input/datasets/dionisiusdh/indonesian-batik-motifs/batik-garutan/8.jpg,8.jpg,batik-garutan,345,2,train
/kaggle/input/datasets/dionisiusdh/indonesian-batik-motifs/batik-garutan/9.jpg,9.jpg,batik-garutan,346,2,train
/kaggle/input/datasets/dionisiusdh/indonesian-batik-motifs/batik-gentongan/1.jpg,1.jpg,batik-gentongan,347,2,train
/kaggle/input/datasets/dionisiusdh/indonesian-batik-motifs/batik-gentongan/10.jpg,10.jpg,batik-gentongan,348,2,train
/kaggle/input/datasets/dionisiusdh/indonesian-batik-motifs/batik-gentongan/11.jpg,11.jpg,batik-gentongan,349,2,test
/kaggle/input/datasets/dionisiusdh/indonesian-batik-motifs/batik-gentongan/12.jpg,12.jpg,batik-gentongan,350,2,test
/kaggle/input/datasets/dionisiusdh/indonesian-batik-motifs/batik-gentongan/13.jpg,13.jpg,batik-gentongan,351,2,train
/kaggle/input/datasets/dionisiusdh/indonesian-batik-motifs/batik-gentongan/14.jpg,14.jpg,batik-gentongan,352,2,train
/kaggle/input/datasets/dionisiusdh/indonesian-batik-motifs/batik-gentongan/15.jpg,15.jpg,batik-gentongan,353,2,test
/kaggle/input/datasets/dionisiusdh/indonesian-batik-motifs/batik-gentongan/16.jpg,16.jpg,batik-gentongan,354,2,train
/kaggle/input/datasets/dionisiusdh/indonesian-batik-motifs/batik-gentongan/17.jpg,17.jpg,batik-gentongan,355,2,train
/kaggle/input/datasets/dionisiusdh/indonesian-batik-motifs/batik-gentongan/18.jpg,18.jpg,batik-gentongan,356,2,test
/kaggle/input/datasets/dionisiusdh/indonesian-batik-motifs/batik-gentongan/19.jpg,19.jpg,batik-gentongan,357,2,test
/kaggle/input/datasets/dionisiusdh/indonesian-batik-motifs/batik-gentongan/2.jpg,2.jpg,batik-gentongan,358,2,train
/kaggle/input/datasets/dionisiusdh/indonesian-batik-motifs/batik-gentongan/20.jpg,20.jpg,batik-gentongan,359,2,train
/kaggle/input/datasets/dionisiusdh/indonesian-batik-motifs/batik-gentongan/21.jpg,21.jpg,batik-gentongan,360,2,train
/kaggle/input/datasets/dionisiusdh/indonesian-batik-motifs/batik-gentongan/22.jpg,22.jpg,batik-gentongan,361,2,test
/kaggle/input/datasets/dionisiusdh/indonesian-batik-motifs/batik-gentongan/23.jpg,23.jpg,batik-gentongan,362,2,train
/kaggle/input/datasets/dionisiusdh/indonesian-batik-motifs/batik-gentongan/24.jpg,24.jpg,batik-gentongan,363,2,train
/kaggle/input/datasets/dionisiusdh/indonesian-batik-motifs/batik-gentongan/25.jpg,25.jpg,batik-gentongan,364,2,train
/kaggle/input/datasets/dionisiusdh/indonesian-batik-motifs/batik-gentongan/26.jpg,26.jpg,batik-gentongan,365,2,train
/kaggle/input/datasets/dionisiusdh/indonesian-batik-motifs/batik-gentongan/27.jpg,27.jpg,batik-gentongan,366,2,test
/kaggle/input/datasets/dionisiusdh/indonesian-batik-motifs/batik-gentongan/28.jpg,28.jpg,batik-gentongan,367,2,train
/kaggle/input/datasets/dionisiusdh/indonesian-batik-motifs/batik-gentongan/29.jpg,29.jpg,batik-gentongan,368,2,test
/kaggle/input/datasets/dionisiusdh/indonesian-batik-motifs/batik-gentongan/3.jpg,3.jpg,batik-gentongan,369,2,test
/kaggle/input/datasets/dionisiusdh/indonesian-batik-motifs/batik-gentongan/30.jpg,30.jpg,batik-gentongan,370,2,train
/kaggle/input/datasets/dionisiusdh/indonesian-batik-motifs/batik-gentongan/31.jpg,31.jpg,batik-gentongan,371,2,test
/kaggle/input/datasets/dionisiusdh/indonesian-batik-motifs/batik-gentongan/32.jpg,32.jpg,batik-gentongan,372,2,train
/kaggle/input/datasets/dionisiusdh/indonesian-batik-motifs/batik-gentongan/33.jpg,33.jpg,batik-gentongan,373,2,test
/kaggle/input/datasets/dionisiusdh/indonesian-batik-motifs/batik-gentongan/34.jpg,34.jpg,batik-gentongan,374,2,train
/kaggle/input/datasets/dionisiusdh/indonesian-batik-motifs/batik-gentongan/35.jpg,35.jpg,batik-gentongan,375,2,test
/kaggle/input/datasets/dionisiusdh/indonesian-batik-motifs/batik-gentongan/36.jpg,36.jpg,batik-gentongan,376,2,train
/kaggle/input/datasets/dionisiusdh/indonesian-batik-motifs/batik-gentongan/37.jpg,37.jpg,batik-gentongan,377,2,train
/kaggle/input/datasets/dionisiusdh/indonesian-batik-motifs/batik-gentongan/38.jpg,38.jpg,batik-gentongan,378,2,train
/kaggle/input/datasets/dionisiusdh/indonesian-batik-motifs/batik-gentongan/39.jpg,39.jpg,batik-gentongan,379,2,train
/kaggle/input/datasets/dionisiusdh/indonesian-batik-motifs/batik-gentongan/4.jpg,4.jpg,batik-gentongan,380,2,train
/kaggle/input/datasets/dionisiusdh/indonesian-batik-motifs/batik-gentongan/40.jpg,40.jpg,batik-gentongan,381,2,train
/kaggle/input/datasets/dionisiusdh/indonesian-batik-motifs/batik-gentongan/41.jpg,41.jpg,batik-gentongan,382,2,train
/kaggle/input/datasets/dionisiusdh/indonesian-batik-motifs/batik-gentongan/42.jpg,42.jpg,batik-gentongan,383,2,train
/kaggle/input/datasets/dionisiusdh/indonesian-batik-motifs/batik-gentongan/43.jpg,43.jpg,batik-gentongan,384,2,train
/kaggle/input/datasets/dionisiusdh/indonesian-batik-motifs/batik-gentongan/44.jpg,44.jpg,batik-gentongan,385,2,test
/kaggle/input/datasets/dionisiusdh/indonesian-batik-motifs/batik-gentongan/45.jpg,45.jpg,batik-gentongan,386,2,train
/kaggle/input/datasets/dionisiusdh/indonesian-batik-motifs/batik-gentongan/46.jpg,46.jpg,batik-gentongan,387,2,train
/kaggle/input/datasets/dionisiusdh/indonesian-batik-motifs/batik-gentongan/47.jpg,47.jpg,batik-gentongan,388,2,train
/kaggle/input/datasets/dionisiusdh/indonesian-batik-motifs/batik-gentongan/48.jpg,48.jpg,batik-gentongan,389,2,test
/kaggle/input/datasets/dionisiusdh/indonesian-batik-motifs/batik-gentongan/49.jpg,49.jpg,batik-gentongan,390,2,train
/kaggle/input/datasets/dionisiusdh/indonesian-batik-motifs/batik-gentongan/5.jpg,5.jpg,batik-gentongan,391,2,test
/kaggle/input/datasets/dionisiusdh/indonesian-batik-motifs/batik-gentongan/50.jpg,50.jpg,batik-gentongan,392,2,train
/kaggle/input/datasets/dionisiusdh/indonesian-batik-motifs/batik-gentongan/6.jpg,6.jpg,batik-gentongan,393,2,train
/kaggle/input/datasets/dionisiusdh/indonesian-batik-motifs/batik-gentongan/7.jpg,7.jpg,batik-gentongan,394,2,train
/kaggle/input/datasets/dionisiusdh/indonesian-batik-motifs/batik-gentongan/8.jpg,8.jpg,batik-gentongan,395,2,test
/kaggle/input/datasets/dionisiusdh/indonesian-batik-motifs/batik-gentongan/9.jpg,9.jpg,batik-gentongan,396,2,train
/kaggle/input/datasets/dionisiusdh/indonesian-batik-motifs/batik-kawung/1.jpg,1.jpg,batik-kawung,19,2,train
/kaggle/input/datasets/dionisiusdh/indonesian-batik-motifs/batik-kawung/10.jpg,10.jpg,batik-kawung,398,2,test
/kaggle/input/datasets/dionisiusdh/indonesian-batik-motifs/batik-kawung/11.jpg,11.jpg,batik-kawung,399,2,test
/kaggle/input/datasets/dionisiusdh/indonesian-batik-motifs/batik-kawung/12.jpg,12.jpg,batik-kawung,400,2,test
/kaggle/input/datasets/dionisiusdh/indonesian-batik-motifs/batik-kawung/13.jpg,13.jpg,batik-kawung,20,2,test
/kaggle/input/datasets/dionisiusdh/indonesian-batik-motifs/batik-kawung/14.jpg,14.jpg,batik-kawung,402,2,train
/kaggle/input/datasets/dionisiusdh/indonesian-batik-motifs/batik-kawung/15.jpg,15.jpg,batik-kawung,403,2,train
/kaggle/input/datasets/dionisiusdh/indonesian-batik-motifs/batik-kawung/17.jpg,17.jpg,batik-kawung,404,2,test
/kaggle/input/datasets/dionisiusdh/indonesian-batik-motifs/batik-kawung/18.jpg,18.jpg,batik-kawung,405,2,train
/kaggle/input/datasets/dionisiusdh/indonesian-batik-motifs/batik-kawung/19.jpg,19.jpg,batik-kawung,207,2,test
/kaggle/input/datasets/dionisiusdh/indonesian-batik-motifs/batik-kawung/20.jpg,20.jpg,batik-kawung,407,2,train
/kaggle/input/datasets/dionisiusdh/indonesian-batik-motifs/batik-kawung/21.jpg,21.jpg,batik-kawung,408,2,train
/kaggle/input/datasets/dionisiusdh/indonesian-batik-motifs/batik-kawung/22.jpg,22.jpg,batik-kawung,409,2,train
/kaggle/input/datasets/dionisiusdh/indonesian-batik-motifs/batik-kawung/23.jpg,23.jpg,batik-kawung,410,2,test
/kaggle/input/datasets/dionisiusdh/indonesian-batik-motifs/batik-kawung/24.jpg,24.jpg,batik-kawung,207,2,test
/kaggle/input/datasets/dionisiusdh/indonesian-batik-motifs/batik-kawung/25.jpg,25.jpg,batik-kawung,412,2,train
/kaggle/input/datasets/dionisiusdh/indonesian-batik-motifs/batik-kawung/26.jpg,26.jpg,batik-kawung,413,2,train
/kaggle/input/datasets/dionisiusdh/indonesian-batik-motifs/batik-kawung/28.jpg,28.jpg,batik-kawung,414,2,train
/kaggle/input/datasets/dionisiusdh/indonesian-batik-motifs/batik-kawung/3.jpg,3.jpg,batik-kawung,415,2,train
/kaggle/input/datasets/dionisiusdh/indonesian-batik-motifs/batik-kawung/30.jpg,30.jpg,batik-kawung,416,2,test
/kaggle/input/datasets/dionisiusdh/indonesian-batik-motifs/batik-kawung/31.jpg,31.jpg,batik-kawung,417,2,train
/kaggle/input/datasets/dionisiusdh/indonesian-batik-motifs/batik-kawung/32.jpg,32.jpg,batik-kawung,418,2,train
/kaggle/input/datasets/dionisiusdh/indonesian-batik-motifs/batik-kawung/33.jpg,33.jpg,batik-kawung,419,2,train
/kaggle/input/datasets/dionisiusdh/indonesian-batik-motifs/batik-kawung/34.jpg,34.jpg,batik-kawung,420,2,train
/kaggle/input/datasets/dionisiusdh/indonesian-batik-motifs/batik-kawung/35.jpg,35.jpg,batik-kawung,421,2,train
/kaggle/input/datasets/dionisiusdh/indonesian-batik-motifs/batik-kawung/36.jpg,36.jpg,batik-kawung,422,2,train
/kaggle/input/datasets/dionisiusdh/indonesian-batik-motifs/batik-kawung/37.jpg,37.jpg,batik-kawung,415,2,train
/kaggle/input/datasets/dionisiusdh/indonesian-batik-motifs/batik-kawung/38.jpg,38.jpg,batik-kawung,424,2,test
/kaggle/input/datasets/dionisiusdh/indonesian-batik-motifs/batik-kawung/39.jpg,39.jpg,batik-kawung,214,2,train
/kaggle/input/datasets/dionisiusdh/indonesian-batik-motifs/batik-kawung/4.jpg,4.jpg,batik-kawung,204,2,train
/kaggle/input/datasets/dionisiusdh/indonesian-batik-motifs/batik-kawung/40.jpg,40.jpg,batik-kawung,427,2,train
/kaggle/input/datasets/dionisiusdh/indonesian-batik-motifs/batik-kawung/41.jpg,41.jpg,batik-kawung,428,2,train
/kaggle/input/datasets/dionisiusdh/indonesian-batik-motifs/batik-kawung/42.jpg,42.jpg,batik-kawung,429,2,train
/kaggle/input/datasets/dionisiusdh/indonesian-batik-motifs/batik-kawung/43.jpg,43.jpg,batik-kawung,430,2,test
/kaggle/input/datasets/dionisiusdh/indonesian-batik-motifs/batik-kawung/44.jpg,44.jpg,batik-kawung,431,2,train
/kaggle/input/datasets/dionisiusdh/indonesian-batik-motifs/batik-kawung/45.jpg,45.jpg,batik-kawung,235,2,train
/kaggle/input/datasets/dionisiusdh/indonesian-batik-motifs/batik-kawung/46.jpg,46.jpg,batik-kawung,433,2,train
/kaggle/input/datasets/dionisiusdh/indonesian-batik-motifs/batik-kawung/47.jpg,47.jpg,batik-kawung,434,2,train
/kaggle/input/datasets/dionisiusdh/indonesian-batik-motifs/batik-kawung/49.jpg,49.jpg,batik-kawung,435,2,train
/kaggle/input/datasets/dionisiusdh/indonesian-batik-motifs/batik-kawung/5.jpg,5.jpg,batik-kawung,436,2,test
/kaggle/input/datasets/dionisiusdh/indonesian-batik-motifs/batik-kawung/50.jpg,50.jpg,batik-kawung,437,2,train
/kaggle/input/datasets/dionisiusdh/indonesian-batik-motifs/batik-kawung/6.jpg,6.jpg,batik-kawung,438,2,train
/kaggle/input/datasets/dionisiusdh/indonesian-batik-motifs/batik-kawung/7.jpg,7.jpg,batik-kawung,439,2,train
/kaggle/input/datasets/dionisiusdh/indonesian-batik-motifs/batik-kawung/8.jpg,8.jpg,batik-kawung,209,2,test
/kaggle/input/datasets/dionisiusdh/indonesian-batik-motifs/batik-kawung/9.jpg,9.jpg,batik-kawung,441,2,test
/kaggle/input/datasets/dionisiusdh/indonesian-batik-motifs/batik-keraton/1.jpg,1.jpg,batik-keraton,442,2,train
/kaggle/input/datasets/dionisiusdh/indonesian-batik-motifs/batik-keraton/10.jpg,10.jpg,batik-keraton,443,2,test
/kaggle/input/datasets/dionisiusdh/indonesian-batik-motifs/batik-keraton/11.jpg,11.jpg,batik-keraton,444,2,train
/kaggle/input/datasets/dionisiusdh/indonesian-batik-motifs/batik-keraton/12.jpg,12.jpg,batik-keraton,445,2,train
/kaggle/input/datasets/dionisiusdh/indonesian-batik-motifs/batik-keraton/13.jpg,13.jpg,batik-keraton,446,2,train
/kaggle/input/datasets/dionisiusdh/indonesian-batik-motifs/batik-keraton/14.jpg,14.jpg,batik-keraton,447,2,train
/kaggle/input/datasets/dionisiusdh/indonesian-batik-motifs/batik-keraton/15.jpg,15.jpg,batik-keraton,448,2,train
/kaggle/input/datasets/dionisiusdh/indonesian-batik-motifs/batik-keraton/16.jpg,16.jpg,batik-keraton,449,2,train
/kaggle/input/datasets/dionisiusdh/indonesian-batik-motifs/batik-keraton/17.jpg,17.jpg,batik-keraton,450,2,test
/kaggle/input/datasets/dionisiusdh/indonesian-batik-motifs/batik-keraton/18.jpg,18.jpg,batik-keraton,451,2,test
/kaggle/input/datasets/dionisiusdh/indonesian-batik-motifs/batik-keraton/19.jpg,19.jpg,batik-keraton,452,2,train
/kaggle/input/datasets/dionisiusdh/indonesian-batik-motifs/batik-keraton/2.jpg,2.jpg,batik-keraton,453,2,train
/kaggle/input/datasets/dionisiusdh/indonesian-batik-motifs/batik-keraton/20.jpg,20.jpg,batik-keraton,454,2,train
/kaggle/input/datasets/dionisiusdh/indonesian-batik-motifs/batik-keraton/21.jpg,21.jpg,batik-keraton,455,2,train
/kaggle/input/datasets/dionisiusdh/indonesian-batik-motifs/batik-keraton/22.jpg,22.jpg,batik-keraton,456,2,test
/kaggle/input/datasets/dionisiusdh/indonesian-batik-motifs/batik-keraton/23.jpg,23.jpg,batik-keraton,457,2,train
/kaggle/input/datasets/dionisiusdh/indonesian-batik-motifs/batik-keraton/24.jpg,24.jpg,batik-keraton,458,2,train
/kaggle/input/datasets/dionisiusdh/indonesian-batik-motifs/batik-keraton/25.jpg,25.jpg,batik-keraton,459,2,test
/kaggle/input/datasets/dionisiusdh/indonesian-batik-motifs/batik-keraton/26.jpg,26.jpg,batik-keraton,460,2,train
/kaggle/input/datasets/dionisiusdh/indonesian-batik-motifs/batik-keraton/27.jpg,27.jpg,batik-keraton,461,2,train
/kaggle/input/datasets/dionisiusdh/indonesian-batik-motifs/batik-keraton/28.jpg,28.jpg,batik-keraton,462,2,test
/kaggle/input/datasets/dionisiusdh/indonesian-batik-motifs/batik-keraton/29.jpg,29.jpg,batik-keraton,463,2,train
/kaggle/input/datasets/dionisiusdh/indonesian-batik-motifs/batik-keraton/3.jpg,3.jpg,batik-keraton,464,2,train
/kaggle/input/datasets/dionisiusdh/indonesian-batik-motifs/batik-keraton/30.jpg,30.jpg,batik-keraton,36,2,train
/kaggle/input/datasets/dionisiusdh/indonesian-batik-motifs/batik-keraton/31.jpg,31.jpg,batik-keraton,466,2,train
/kaggle/input/datasets/dionisiusdh/indonesian-batik-motifs/batik-keraton/32.jpg,32.jpg,batik-keraton,467,2,test
/kaggle/input/datasets/dionisiusdh/indonesian-batik-motifs/batik-keraton/33.jpg,33.jpg,batik-keraton,468,2,train
/kaggle/input/datasets/dionisiusdh/indonesian-batik-motifs/batik-keraton/34.jpg,34.jpg,batik-keraton,469,2,test
/kaggle/input/datasets/dionisiusdh/indonesian-batik-motifs/batik-keraton/35.jpg,35.jpg,batik-keraton,470,2,train
/kaggle/input/datasets/dionisiusdh/indonesian-batik-motifs/batik-keraton/36.jpg,36.jpg,batik-keraton,471,2,train
/kaggle/input/datasets/dionisiusdh/indonesian-batik-motifs/batik-keraton/37.jpg,37.jpg,batik-keraton,472,2,test
/kaggle/input/datasets/dionisiusdh/indonesian-batik-motifs/batik-keraton/38.jpg,38.jpg,batik-keraton,473,2,test
/kaggle/input/datasets/dionisiusdh/indonesian-batik-motifs/batik-keraton/39.jpg,39.jpg,batik-keraton,474,2,test
/kaggle/input/datasets/dionisiusdh/indonesian-batik-motifs/batik-keraton/4.jpg,4.jpg,batik-keraton,475,2,train
/kaggle/input/datasets/dionisiusdh/indonesian-batik-motifs/batik-keraton/40.jpg,40.jpg,batik-keraton,476,2,test
/kaggle/input/datasets/dionisiusdh/indonesian-batik-motifs/batik-keraton/41.jpg,41.jpg,batik-keraton,477,2,train
/kaggle/input/datasets/dionisiusdh/indonesian-batik-motifs/batik-keraton/42.jpg,42.jpg,batik-keraton,478,2,train
/kaggle/input/datasets/dionisiusdh/indonesian-batik-motifs/batik-keraton/43.jpg,43.jpg,batik-keraton,479,2,train
/kaggle/input/datasets/dionisiusdh/indonesian-batik-motifs/batik-keraton/44.jpg,44.jpg,batik-keraton,480,2,train
/kaggle/input/datasets/dionisiusdh/indonesian-batik-motifs/batik-keraton/45.jpg,45.jpg,batik-keraton,481,2,train
/kaggle/input/datasets/dionisiusdh/indonesian-batik-motifs/batik-keraton/46.jpg,46.jpg,batik-keraton,482,2,train
/kaggle/input/datasets/dionisiusdh/indonesian-batik-motifs/batik-keraton/47.jpg,47.jpg,batik-keraton,483,2,train
/kaggle/input/datasets/dionisiusdh/indonesian-batik-motifs/batik-keraton/48.jpg,48.jpg,batik-keraton,484,2,train
/kaggle/input/datasets/dionisiusdh/indonesian-batik-motifs/batik-keraton/49.jpg,49.jpg,batik-keraton,374,2,train
/kaggle/input/datasets/dionisiusdh/indonesian-batik-motifs/batik-keraton/5.jpg,5.jpg,batik-keraton,486,2,test
/kaggle/input/datasets/dionisiusdh/indonesian-batik-motifs/batik-keraton/50.jpg,50.jpg,batik-keraton,487,2,train
/kaggle/input/datasets/dionisiusdh/indonesian-batik-motifs/batik-keraton/6.jpg,6.jpg,batik-keraton,225,2,train
/kaggle/input/datasets/dionisiusdh/indonesian-batik-motifs/batik-keraton/7.jpg,7.jpg,batik-keraton,489,2,train
/kaggle/input/datasets/dionisiusdh/indonesian-batik-motifs/batik-keraton/8.jpg,8.jpg,batik-keraton,490,2,train
/kaggle/input/datasets/dionisiusdh/indonesian-batik-motifs/batik-keraton/9.jpg,9.jpg,batik-keraton,491,2,test
/kaggle/input/datasets/dionisiusdh/indonesian-batik-motifs/batik-lasem/1.jpg,1.jpg,batik-lasem,492,2,train
/kaggle/input/datasets/dionisiusdh/indonesian-batik-motifs/batik-lasem/10.jpg,10.jpg,batik-lasem,493,2,train
/kaggle/input/datasets/dionisiusdh/indonesian-batik-motifs/batik-lasem/11.jpg,11.jpg,batik-lasem,494,2,test
/kaggle/input/datasets/dionisiusdh/indonesian-batik-motifs/batik-lasem/12.jpg,12.jpg,batik-lasem,495,2,train
/kaggle/input/datasets/dionisiusdh/indonesian-batik-motifs/batik-lasem/13.jpg,13.jpg,batik-lasem,496,2,train
/kaggle/input/datasets/dionisiusdh/indonesian-batik-motifs/batik-lasem/14.jpg,14.jpg,batik-lasem,497,2,train
/kaggle/input/datasets/dionisiusdh/indonesian-batik-motifs/batik-lasem/15.jpg,15.jpg,batik-lasem,498,2,train
/kaggle/input/datasets/dionisiusdh/indonesian-batik-motifs/batik-lasem/16.jpg,16.jpg,batik-lasem,499,2,test
/kaggle/input/datasets/dionisiusdh/indonesian-batik-motifs/batik-lasem/17.jpg,17.jpg,batik-lasem,500,2,test
/kaggle/input/datasets/dionisiusdh/indonesian-batik-motifs/batik-lasem/18.jpg,18.jpg,batik-lasem,501,2,train
/kaggle/input/datasets/dionisiusdh/indonesian-batik-motifs/batik-lasem/19.jpg,19.jpg,batik-lasem,502,2,test
/kaggle/input/datasets/dionisiusdh/indonesian-batik-motifs/batik-lasem/2.jpg,2.jpg,batik-lasem,503,2,train
/kaggle/input/datasets/dionisiusdh/indonesian-batik-motifs/batik-lasem/20.jpg,20.jpg,batik-lasem,504,2,train
/kaggle/input/datasets/dionisiusdh/indonesian-batik-motifs/batik-lasem/21.jpg,21.jpg,batik-lasem,505,2,test
/kaggle/input/datasets/dionisiusdh/indonesian-batik-motifs/batik-lasem/22.jpg,22.jpg,batik-lasem,506,2,train
/kaggle/input/datasets/dionisiusdh/indonesian-batik-motifs/batik-lasem/23.jpg,23.jpg,batik-lasem,507,2,train
/kaggle/input/datasets/dionisiusdh/indonesian-batik-motifs/batik-lasem/24.jpg,24.jpg,batik-lasem,508,2,train
/kaggle/input/datasets/dionisiusdh/indonesian-batik-motifs/batik-lasem/25.jpg,25.jpg,batik-lasem,509,2,train
/kaggle/input/datasets/dionisiusdh/indonesian-batik-motifs/batik-lasem/26.jpg,26.jpg,batik-lasem,510,2,train
/kaggle/input/datasets/dionisiusdh/indonesian-batik-motifs/batik-lasem/27.jpg,27.jpg,batik-lasem,511,2,test
/kaggle/input/datasets/dionisiusdh/indonesian-batik-motifs/batik-lasem/28.jpg,28.jpg,batik-lasem,512,2,train
/kaggle/input/datasets/dionisiusdh/indonesian-batik-motifs/batik-lasem/29.jpg,29.jpg,batik-lasem,513,2,train
/kaggle/input/datasets/dionisiusdh/indonesian-batik-motifs/batik-lasem/3.jpg,3.jpg,batik-lasem,514,2,test
/kaggle/input/datasets/dionisiusdh/indonesian-batik-motifs/batik-lasem/30.jpg,30.jpg,batik-lasem,515,2,train
/kaggle/input/datasets/dionisiusdh/indonesian-batik-motifs/batik-lasem/31.jpg,31.jpg,batik-lasem,516,2,train
/kaggle/input/datasets/dionisiusdh/indonesian-batik-motifs/batik-lasem/32.jpg,32.jpg,batik-lasem,517,2,test
/kaggle/input/datasets/dionisiusdh/indonesian-batik-motifs/batik-lasem/33.jpg,33.jpg,batik-lasem,518,2,train
/kaggle/input/datasets/dionisiusdh/indonesian-batik-motifs/batik-lasem/34.jpg,34.jpg,batik-lasem,519,2,train
/kaggle/input/datasets/dionisiusdh/indonesian-batik-motifs/batik-lasem/35.jpg,35.jpg,batik-lasem,520,2,train
/kaggle/input/datasets/dionisiusdh/indonesian-batik-motifs/batik-lasem/36.jpg,36.jpg,batik-lasem,521,2,train
/kaggle/input/datasets/dionisiusdh/indonesian-batik-motifs/batik-lasem/37.jpg,37.jpg,batik-lasem,522,2,test
/kaggle/input/datasets/dionisiusdh/indonesian-batik-motifs/batik-lasem/38.jpg,38.jpg,batik-lasem,523,2,train
/kaggle/input/datasets/dionisiusdh/indonesian-batik-motifs/batik-lasem/39.jpg,39.jpg,batik-lasem,524,2,train
/kaggle/input/datasets/dionisiusdh/indonesian-batik-motifs/batik-lasem/4.jpg,4.jpg,batik-lasem,525,2,train
/kaggle/input/datasets/dionisiusdh/indonesian-batik-motifs/batik-lasem/40.jpg,40.jpg,batik-lasem,526,2,test
/kaggle/input/datasets/dionisiusdh/indonesian-batik-motifs/batik-lasem/41.jpg,41.jpg,batik-lasem,527,2,train
/kaggle/input/datasets/dionisiusdh/indonesian-batik-motifs/batik-lasem/42.jpg,42.jpg,batik-lasem,528,2,train
/kaggle/input/datasets/dionisiusdh/indonesian-batik-motifs/batik-lasem/43.jpg,43.jpg,batik-lasem,529,2,train
/kaggle/input/datasets/dionisiusdh/indonesian-batik-motifs/batik-lasem/44.jpg,44.jpg,batik-lasem,530,2,test
/kaggle/input/datasets/dionisiusdh/indonesian-batik-motifs/batik-lasem/45.jpg,45.jpg,batik-lasem,531,2,train
/kaggle/input/datasets/dionisiusdh/indonesian-batik-motifs/batik-lasem/46.jpg,46.jpg,batik-lasem,532,2,train
/kaggle/input/datasets/dionisiusdh/indonesian-batik-motifs/batik-lasem/47.jpg,47.jpg,batik-lasem,533,2,train
/kaggle/input/datasets/dionisiusdh/indonesian-batik-motifs/batik-lasem/48.jpg,48.jpg,batik-lasem,534,2,test
/kaggle/input/datasets/dionisiusdh/indonesian-batik-motifs/batik-lasem/49.jpg,49.jpg,batik-lasem,514,2,test
/kaggle/input/datasets/dionisiusdh/indonesian-batik-motifs/batik-lasem/5.jpg,5.jpg,batik-lasem,536,2,test
/kaggle/input/datasets/dionisiusdh/indonesian-batik-motifs/batik-lasem/50.jpg,50.jpg,batik-lasem,537,2,train
/kaggle/input/datasets/dionisiusdh/indonesian-batik-motifs/batik-lasem/6.jpg,6.jpg,batik-lasem,538,2,train
/kaggle/input/datasets/dionisiusdh/indonesian-batik-motifs/batik-lasem/7.jpg,7.jpg,batik-lasem,539,2,test
/kaggle/input/datasets/dionisiusdh/indonesian-batik-motifs/batik-lasem/8.jpg,8.jpg,batik-lasem,540,2,train
/kaggle/input/datasets/dionisiusdh/indonesian-batik-motifs/batik-lasem/9.jpg,9.jpg,batik-lasem,541,2,train
/kaggle/input/datasets/dionisiusdh/indonesian-batik-motifs/batik-megamendung/1.jpg,1.jpg,batik-megamendung,542,2,train
/kaggle/input/datasets/dionisiusdh/indonesian-batik-motifs/batik-megamendung/10.jpg,10.jpg,batik-megamendung,543,2,train
/kaggle/input/datasets/dionisiusdh/indonesian-batik-motifs/batik-megamendung/12.jpg,12.jpg,batik-megamendung,544,2,test
/kaggle/input/datasets/dionisiusdh/indonesian-batik-motifs/batik-megamendung/13.jpg,13.jpg,batik-megamendung,545,2,train
/kaggle/input/datasets/dionisiusdh/indonesian-batik-motifs/batik-megamendung/14.jpg,14.jpg,batik-megamendung,546,2,train
/kaggle/input/datasets/dionisiusdh/indonesian-batik-motifs/batik-megamendung/15.jpg,15.jpg,batik-megamendung,547,2,train
/kaggle/input/datasets/dionisiusdh/indonesian-batik-motifs/batik-megamendung/16.jpg,16.jpg,batik-megamendung,548,2,test
/kaggle/input/datasets/dionisiusdh/indonesian-batik-motifs/batik-megamendung/17.jpg,17.jpg,batik-megamendung,549,2,train
/kaggle/input/datasets/dionisiusdh/indonesian-batik-motifs/batik-megamendung/18.jpg,18.jpg,batik-megamendung,550,2,train
/kaggle/input/datasets/dionisiusdh/indonesian-batik-motifs/batik-megamendung/19.jpg,19.jpg,batik-megamendung,551,2,test
/kaggle/input/datasets/dionisiusdh/indonesian-batik-motifs/batik-megamendung/2.jpg,2.jpg,batik-megamendung,552,2,train
/kaggle/input/datasets/dionisiusdh/indonesian-batik-motifs/batik-megamendung/20.jpg,20.jpg,batik-megamendung,553,2,test
/kaggle/input/datasets/dionisiusdh/indonesian-batik-motifs/batik-megamendung/21.jpg,21.jpg,batik-megamendung,554,2,train
/kaggle/input/datasets/dionisiusdh/indonesian-batik-motifs/batik-megamendung/22.jpg,22.jpg,batik-megamendung,543,2,train
/kaggle/input/datasets/dionisiusdh/indonesian-batik-motifs/batik-megamendung/23.jpg,23.jpg,batik-megamendung,550,2,train
/kaggle/input/datasets/dionisiusdh/indonesian-batik-motifs/batik-megamendung/24.jpg,24.jpg,batik-megamendung,557,2,train
/kaggle/input/datasets/dionisiusdh/indonesian-batik-motifs/batik-megamendung/25.jpg,25.jpg,batik-megamendung,557,2,train
/kaggle/input/datasets/dionisiusdh/indonesian-batik-motifs/batik-megamendung/26.jpg,26.jpg,batik-megamendung,559,2,test
/kaggle/input/datasets/dionisiusdh/indonesian-batik-motifs/batik-megamendung/27.jpg,27.jpg,batik-megamendung,560,2,test
/kaggle/input/datasets/dionisiusdh/indonesian-batik-motifs/batik-megamendung/28.jpg,28.jpg,batik-megamendung,561,2,train
/kaggle/input/datasets/dionisiusdh/indonesian-batik-motifs/batik-megamendung/29.jpg,29.jpg,batik-megamendung,562,2,train
/kaggle/input/datasets/dionisiusdh/indonesian-batik-motifs/batik-megamendung/3.jpg,3.jpg,batik-megamendung,544,2,test
/kaggle/input/datasets/dionisiusdh/indonesian-batik-motifs/batik-megamendung/30.jpg,30.jpg,batik-megamendung,564,2,train
/kaggle/input/datasets/dionisiusdh/indonesian-batik-motifs/batik-megamendung/31.jpg,31.jpg,batik-megamendung,565,2,test
/kaggle/input/datasets/dionisiusdh/indonesian-batik-motifs/batik-megamendung/32.jpg,32.jpg,batik-megamendung,565,2,test
/kaggle/input/datasets/dionisiusdh/indonesian-batik-motifs/batik-megamendung/33.jpg,33.jpg,batik-megamendung,567,2,train
/kaggle/input/datasets/dionisiusdh/indonesian-batik-motifs/batik-megamendung/34.jpg,34.jpg,batik-megamendung,568,2,test
/kaggle/input/datasets/dionisiusdh/indonesian-batik-motifs/batik-megamendung/36.jpg,36.jpg,batik-megamendung,569,2,train
/kaggle/input/datasets/dionisiusdh/indonesian-batik-motifs/batik-megamendung/37.jpg,37.jpg,batik-megamendung,570,2,train
/kaggle/input/datasets/dionisiusdh/indonesian-batik-motifs/batik-megamendung/38.jpg,38.jpg,batik-megamendung,569,2,train
/kaggle/input/datasets/dionisiusdh/indonesian-batik-motifs/batik-megamendung/39.jpg,39.jpg,batik-megamendung,572,2,train
/kaggle/input/datasets/dionisiusdh/indonesian-batik-motifs/batik-megamendung/4.jpg,4.jpg,batik-megamendung,573,2,train
/kaggle/input/datasets/dionisiusdh/indonesian-batik-motifs/batik-megamendung/40.jpg,40.jpg,batik-megamendung,574,2,test
/kaggle/input/datasets/dionisiusdh/indonesian-batik-motifs/batik-megamendung/41.jpg,41.jpg,batik-megamendung,575,2,train
/kaggle/input/datasets/dionisiusdh/indonesian-batik-motifs/batik-megamendung/42.jpg,42.jpg,batik-megamendung,576,2,train
/kaggle/input/datasets/dionisiusdh/indonesian-batik-motifs/batik-megamendung/43.jpg,43.jpg,batik-megamendung,577,2,test
/kaggle/input/datasets/dionisiusdh/indonesian-batik-motifs/batik-megamendung/44.jpg,44.jpg,batik-megamendung,578,2,train
/kaggle/input/datasets/dionisiusdh/indonesian-batik-motifs/batik-megamendung/45.jpg,45.jpg,batik-megamendung,579,2,train
/kaggle/input/datasets/dionisiusdh/indonesian-batik-motifs/batik-megamendung/46.jpg,46.jpg,batik-megamendung,580,2,train
/kaggle/input/datasets/dionisiusdh/indonesian-batik-motifs/batik-megamendung/47.jpg,47.jpg,batik-megamendung,581,2,test
/kaggle/input/datasets/dionisiusdh/indonesian-batik-motifs/batik-megamendung/48.jpg,48.jpg,batik-megamendung,582,2,train
/kaggle/input/datasets/dionisiusdh/indonesian-batik-motifs/batik-megamendung/5.jpg,5.jpg,batik-megamendung,544,2,test
/kaggle/input/datasets/dionisiusdh/indonesian-batik-motifs/batik-megamendung/6.jpg,6.jpg,batik-megamendung,580,2,train
/kaggle/input/datasets/dionisiusdh/indonesian-batik-motifs/batik-megamendung/7.jpg,7.jpg,batik-megamendung,543,2,train
/kaggle/input/datasets/dionisiusdh/indonesian-batik-motifs/batik-megamendung/8.jpg,8.jpg,batik-megamendung,586,2,train
/kaggle/input/datasets/dionisiusdh/indonesian-batik-motifs/batik-megamendung/9.jpg,9.jpg,batik-megamendung,587,2,train
/kaggle/input/datasets/dionisiusdh/indonesian-batik-motifs/batik-parang/1.jpg,1.jpg,batik-parang,588,2,train
/kaggle/input/datasets/dionisiusdh/indonesian-batik-motifs/batik-parang/10.jpg,10.jpg,batik-parang,589,2,test
/kaggle/input/datasets/dionisiusdh/indonesian-batik-motifs/batik-parang/11.jpg,11.jpg,batik-parang,590,2,train
/kaggle/input/datasets/dionisiusdh/indonesian-batik-motifs/batik-parang/12.jpg,12.jpg,batik-parang,591,2,train
/kaggle/input/datasets/dionisiusdh/indonesian-batik-motifs/batik-parang/13.jpg,13.jpg,batik-parang,592,2,train
/kaggle/input/datasets/dionisiusdh/indonesian-batik-motifs/batik-parang/14.jpg,14.jpg,batik-parang,593,2,train
/kaggle/input/datasets/dionisiusdh/indonesian-batik-motifs/batik-parang/15.jpg,15.jpg,batik-parang,594,2,test
/kaggle/input/datasets/dionisiusdh/indonesian-batik-motifs/batik-parang/16.jpg,16.jpg,batik-parang,595,2,train
/kaggle/input/datasets/dionisiusdh/indonesian-batik-motifs/batik-parang/17.jpg,17.jpg,batik-parang,596,2,test
/kaggle/input/datasets/dionisiusdh/indonesian-batik-motifs/batik-parang/18.jpg,18.jpg,batik-parang,244,2,train
/kaggle/input/datasets/dionisiusdh/indonesian-batik-motifs/batik-parang/19.jpg,19.jpg,batik-parang,598,2,train
/kaggle/input/datasets/dionisiusdh/indonesian-batik-motifs/batik-parang/2.jpg,2.jpg,batik-parang,599,2,train
/kaggle/input/datasets/dionisiusdh/indonesian-batik-motifs/batik-parang/20.jpg,20.jpg,batik-parang,600,2,train
/kaggle/input/datasets/dionisiusdh/indonesian-batik-motifs/batik-parang/21.jpg,21.jpg,batik-parang,601,2,test
/kaggle/input/datasets/dionisiusdh/indonesian-batik-motifs/batik-parang/22.jpg,22.jpg,batik-parang,602,2,train
/kaggle/input/datasets/dionisiusdh/indonesian-batik-motifs/batik-parang/23.jpg,23.jpg,batik-parang,603,2,train
/kaggle/input/datasets/dionisiusdh/indonesian-batik-motifs/batik-parang/24.jpg,24.jpg,batik-parang,405,2,train
/kaggle/input/datasets/dionisiusdh/indonesian-batik-motifs/batik-parang/25.jpg,25.jpg,batik-parang,605,2,train
/kaggle/input/datasets/dionisiusdh/indonesian-batik-motifs/batik-parang/26.jpg,26.jpg,batik-parang,606,2,train
/kaggle/input/datasets/dionisiusdh/indonesian-batik-motifs/batik-parang/27.jpg,27.jpg,batik-parang,607,2,train
/kaggle/input/datasets/dionisiusdh/indonesian-batik-motifs/batik-parang/28.jpg,28.jpg,batik-parang,608,2,test
/kaggle/input/datasets/dionisiusdh/indonesian-batik-motifs/batik-parang/29.jpg,29.jpg,batik-parang,609,2,train
/kaggle/input/datasets/dionisiusdh/indonesian-batik-motifs/batik-parang/3.jpg,3.jpg,batik-parang,605,2,train
/kaggle/input/datasets/dionisiusdh/indonesian-batik-motifs/batik-parang/30.jpg,30.jpg,batik-parang,611,2,train
/kaggle/input/datasets/dionisiusdh/indonesian-batik-motifs/batik-parang/31.jpg,31.jpg,batik-parang,612,2,train
/kaggle/input/datasets/dionisiusdh/indonesian-batik-motifs/batik-parang/32.jpg,32.jpg,batik-parang,18,2,train
/kaggle/input/datasets/dionisiusdh/indonesian-batik-motifs/batik-parang/33.jpg,33.jpg,batik-parang,614,2,train
/kaggle/input/datasets/dionisiusdh/indonesian-batik-motifs/batik-parang/34.jpg,34.jpg,batik-parang,615,2,train
/kaggle/input/datasets/dionisiusdh/indonesian-batik-motifs/batik-parang/35.jpg,35.jpg,batik-parang,616,2,test
/kaggle/input/datasets/dionisiusdh/indonesian-batik-motifs/batik-parang/36.jpg,36.jpg,batik-parang,617,2,train
/kaggle/input/datasets/dionisiusdh/indonesian-batik-motifs/batik-parang/37.jpg,37.jpg,batik-parang,2,2,test
/kaggle/input/datasets/dionisiusdh/indonesian-batik-motifs/batik-parang/38.jpg,38.jpg,batik-parang,619,2,train
/kaggle/input/datasets/dionisiusdh/indonesian-batik-motifs/batik-parang/39.jpg,39.jpg,batik-parang,620,2,train
/kaggle/input/datasets/dionisiusdh/indonesian-batik-motifs/batik-parang/4.jpg,4.jpg,batik-parang,621,2,test
/kaggle/input/datasets/dionisiusdh/indonesian-batik-motifs/batik-parang/40.jpg,40.jpg,batik-parang,206,2,train
/kaggle/input/datasets/dionisiusdh/indonesian-batik-motifs/batik-parang/41.jpg,41.jpg,batik-parang,623,2,train
/kaggle/input/datasets/dionisiusdh/indonesian-batik-motifs/batik-parang/42.jpg,42.jpg,batik-parang,624,2,train
/kaggle/input/datasets/dionisiusdh/indonesian-batik-motifs/batik-parang/43.jpg,43.jpg,batik-parang,625,2,test
/kaggle/input/datasets/dionisiusdh/indonesian-batik-motifs/batik-parang/44.jpg,44.jpg,batik-parang,626,2,test
/kaggle/input/datasets/dionisiusdh/indonesian-batik-motifs/batik-parang/45.jpg,45.jpg,batik-parang,627,2,test
/kaggle/input/datasets/dionisiusdh/indonesian-batik-motifs/batik-parang/46.jpg,46.jpg,batik-parang,628,2,train
/kaggle/input/datasets/dionisiusdh/indonesian-batik-motifs/batik-parang/47.jpg,47.jpg,batik-parang,629,2,test
/kaggle/input/datasets/dionisiusdh/indonesian-batik-motifs/batik-parang/48.jpg,48.jpg,batik-parang,630,2,train
/kaggle/input/datasets/dionisiusdh/indonesian-batik-motifs/batik-parang/49.jpg,49.jpg,batik-parang,631,2,train
/kaggle/input/datasets/dionisiusdh/indonesian-batik-motifs/batik-parang/5.jpg,5.jpg,batik-parang,632,2,train
/kaggle/input/datasets/dionisiusdh/indonesian-batik-motifs/batik-parang/50.jpg,50.jpg,batik-parang,633,2,test
/kaggle/input/datasets/dionisiusdh/indonesian-batik-motifs/batik-parang/6.jpg,6.jpg,batik-parang,634,2,test
/kaggle/input/datasets/dionisiusdh/indonesian-batik-motifs/batik-parang/7.jpg,7.jpg,batik-parang,635,2,train
/kaggle/input/datasets/dionisiusdh/indonesian-batik-motifs/batik-parang/8.jpg,8.jpg,batik-parang,636,2,test
/kaggle/input/datasets/dionisiusdh/indonesian-batik-motifs/batik-parang/9.jpg,9.jpg,batik-parang,637,2,train
/kaggle/input/datasets/dionisiusdh/indonesian-batik-motifs/batik-pekalongan/1.jpg,1.jpg,batik-pekalongan,490,2,train
/kaggle/input/datasets/dionisiusdh/indonesian-batik-motifs/batik-pekalongan/10.jpg,10.jpg,batik-pekalongan,490,2,train
/kaggle/input/datasets/dionisiusdh/indonesian-batik-motifs/batik-pekalongan/11.jpg,11.jpg,batik-pekalongan,640,2,test
/kaggle/input/datasets/dionisiusdh/indonesian-batik-motifs/batik-pekalongan/12.jpg,12.jpg,batik-pekalongan,641,2,train
/kaggle/input/datasets/dionisiusdh/indonesian-batik-motifs/batik-pekalongan/13.jpg,13.jpg,batik-pekalongan,642,2,train
/kaggle/input/datasets/dionisiusdh/indonesian-batik-motifs/batik-pekalongan/14.jpg,14.jpg,batik-pekalongan,643,2,test
/kaggle/input/datasets/dionisiusdh/indonesian-batik-motifs/batik-pekalongan/15.jpg,15.jpg,batik-pekalongan,644,2,train
/kaggle/input/datasets/dionisiusdh/indonesian-batik-motifs/batik-pekalongan/16.jpg,16.jpg,batik-pekalongan,645,2,test
/kaggle/input/datasets/dionisiusdh/indonesian-batik-motifs/batik-pekalongan/17.jpg,17.jpg,batik-pekalongan,646,2,test
/kaggle/input/datasets/dionisiusdh/indonesian-batik-motifs/batik-pekalongan/18.jpg,18.jpg,batik-pekalongan,647,2,train
/kaggle/input/datasets/dionisiusdh/indonesian-batik-motifs/batik-pekalongan/19.jpg,19.jpg,batik-pekalongan,648,2,train
/kaggle/input/datasets/dionisiusdh/indonesian-batik-motifs/batik-pekalongan/2.jpg,2.jpg,batik-pekalongan,649,2,train
/kaggle/input/datasets/dionisiusdh/indonesian-batik-motifs/batik-pekalongan/20.jpg,20.jpg,batik-pekalongan,650,2,train
/kaggle/input/datasets/dionisiusdh/indonesian-batik-motifs/batik-pekalongan/21.jpg,21.jpg,batik-pekalongan,651,2,train
/kaggle/input/datasets/dionisiusdh/indonesian-batik-motifs/batik-pekalongan/22.jpg,22.jpg,batik-pekalongan,652,2,train
/kaggle/input/datasets/dionisiusdh/indonesian-batik-motifs/batik-pekalongan/23.jpg,23.jpg,batik-pekalongan,653,2,test
/kaggle/input/datasets/dionisiusdh/indonesian-batik-motifs/batik-pekalongan/24.jpg,24.jpg,batik-pekalongan,642,2,train
/kaggle/input/datasets/dionisiusdh/indonesian-batik-motifs/batik-pekalongan/25.jpg,25.jpg,batik-pekalongan,655,2,test
/kaggle/input/datasets/dionisiusdh/indonesian-batik-motifs/batik-pekalongan/26.jpg,26.jpg,batik-pekalongan,656,2,train
/kaggle/input/datasets/dionisiusdh/indonesian-batik-motifs/batik-pekalongan/27.jpg,27.jpg,batik-pekalongan,588,2,train
/kaggle/input/datasets/dionisiusdh/indonesian-batik-motifs/batik-pekalongan/28.jpg,28.jpg,batik-pekalongan,658,2,train
/kaggle/input/datasets/dionisiusdh/indonesian-batik-motifs/batik-pekalongan/29.jpg,29.jpg,batik-pekalongan,659,2,test
/kaggle/input/datasets/dionisiusdh/indonesian-batik-motifs/batik-pekalongan/3.jpg,3.jpg,batik-pekalongan,660,2,train
/kaggle/input/datasets/dionisiusdh/indonesian-batik-motifs/batik-pekalongan/30.jpg,30.jpg,batik-pekalongan,661,2,train
/kaggle/input/datasets/dionisiusdh/indonesian-batik-motifs/batik-pekalongan/31.jpg,31.jpg,batik-pekalongan,662,2,train
/kaggle/input/datasets/dionisiusdh/indonesian-batik-motifs/batik-pekalongan/32.jpg,32.jpg,batik-pekalongan,663,2,train
/kaggle/input/datasets/dionisiusdh/indonesian-batik-motifs/batik-pekalongan/33.jpg,33.jpg,batik-pekalongan,664,2,test
/kaggle/input/datasets/dionisiusdh/indonesian-batik-motifs/batik-pekalongan/34.jpg,34.jpg,batik-pekalongan,665,2,test
/kaggle/input/datasets/dionisiusdh/indonesian-batik-motifs/batik-pekalongan/35.jpg,35.jpg,batik-pekalongan,666,2,train
/kaggle/input/datasets/dionisiusdh/indonesian-batik-motifs/batik-pekalongan/36.jpg,36.jpg,batik-pekalongan,667,2,train
/kaggle/input/datasets/dionisiusdh/indonesian-batik-motifs/batik-pekalongan/37.jpg,37.jpg,batik-pekalongan,14,2,train
/kaggle/input/datasets/dionisiusdh/indonesian-batik-motifs/batik-pekalongan/38.jpg,38.jpg,batik-pekalongan,669,2,train
/kaggle/input/datasets/dionisiusdh/indonesian-batik-motifs/batik-pekalongan/39.jpg,39.jpg,batik-pekalongan,670,2,test
/kaggle/input/datasets/dionisiusdh/indonesian-batik-motifs/batik-pekalongan/4.jpg,4.jpg,batik-pekalongan,671,2,test
/kaggle/input/datasets/dionisiusdh/indonesian-batik-motifs/batik-pekalongan/40.jpg,40.jpg,batik-pekalongan,672,2,test
/kaggle/input/datasets/dionisiusdh/indonesian-batik-motifs/batik-pekalongan/41.jpg,41.jpg,batik-pekalongan,673,2,train
/kaggle/input/datasets/dionisiusdh/indonesian-batik-motifs/batik-pekalongan/42.jpg,42.jpg,batik-pekalongan,674,2,train
/kaggle/input/datasets/dionisiusdh/indonesian-batik-motifs/batik-pekalongan/43.jpg,43.jpg,batik-pekalongan,675,2,train
/kaggle/input/datasets/dionisiusdh/indonesian-batik-motifs/batik-pekalongan/44.jpg,44.jpg,batik-pekalongan,676,2,train
/kaggle/input/datasets/dionisiusdh/indonesian-batik-motifs/batik-pekalongan/45.jpg,45.jpg,batik-pekalongan,677,2,test
/kaggle/input/datasets/dionisiusdh/indonesian-batik-motifs/batik-pekalongan/46.jpg,46.jpg,batik-pekalongan,678,2,test
/kaggle/input/datasets/dionisiusdh/indonesian-batik-motifs/batik-pekalongan/47.jpg,47.jpg,batik-pekalongan,679,2,test
/kaggle/input/datasets/dionisiusdh/indonesian-batik-motifs/batik-pekalongan/48.jpg,48.jpg,batik-pekalongan,680,2,train
/kaggle/input/datasets/dionisiusdh/indonesian-batik-motifs/batik-pekalongan/49.jpg,49.jpg,batik-pekalongan,681,2,train
/kaggle/input/datasets/dionisiusdh/indonesian-batik-motifs/batik-pekalongan/5.jpg,5.jpg,batik-pekalongan,249,2,train
/kaggle/input/datasets/dionisiusdh/indonesian-batik-motifs/batik-pekalongan/50.jpg,50.jpg,batik-pekalongan,683,2,train
/kaggle/input/datasets/dionisiusdh/indonesian-batik-motifs/batik-pekalongan/6.jpg,6.jpg,batik-pekalongan,684,2,train
/kaggle/input/datasets/dionisiusdh/indonesian-batik-motifs/batik-pekalongan/7.jpg,7.jpg,batik-pekalongan,685,2,train
/kaggle/input/datasets/dionisiusdh/indonesian-batik-motifs/batik-pekalongan/8.jpg,8.jpg,batik-pekalongan,686,2,train
/kaggle/input/datasets/dionisiusdh/indonesian-batik-motifs/batik-pekalongan/9.jpg,9.jpg,batik-pekalongan,687,2,train
/kaggle/input/datasets/dionisiusdh/indonesian-batik-motifs/batik-priangan/1.jpg,1.jpg,batik-priangan,688,2,train
/kaggle/input/datasets/dionisiusdh/indonesian-batik-motifs/batik-priangan/10.jpg,10.jpg,batik-priangan,274,2,train
/kaggle/input/datasets/dionisiusdh/indonesian-batik-motifs/batik-priangan/11.jpg,11.jpg,batik-priangan,690,2,train
/kaggle/input/datasets/dionisiusdh/indonesian-batik-motifs/batik-priangan/12.jpg,12.jpg,batik-priangan,691,2,train
/kaggle/input/datasets/dionisiusdh/indonesian-batik-motifs/batik-priangan/13.jpg,13.jpg,batik-priangan,692,2,train
/kaggle/input/datasets/dionisiusdh/indonesian-batik-motifs/batik-priangan/14.jpg,14.jpg,batik-priangan,693,2,train
/kaggle/input/datasets/dionisiusdh/indonesian-batik-motifs/batik-priangan/15.jpg,15.jpg,batik-priangan,694,2,test
/kaggle/input/datasets/dionisiusdh/indonesian-batik-motifs/batik-priangan/16.jpg,16.jpg,batik-priangan,695,2,test
/kaggle/input/datasets/dionisiusdh/indonesian-batik-motifs/batik-priangan/17.jpg,17.jpg,batik-priangan,696,2,train
/kaggle/input/datasets/dionisiusdh/indonesian-batik-motifs/batik-priangan/18.jpg,18.jpg,batik-priangan,255,2,train
/kaggle/input/datasets/dionisiusdh/indonesian-batik-motifs/batik-priangan/19.jpg,19.jpg,batik-priangan,698,2,test
/kaggle/input/datasets/dionisiusdh/indonesian-batik-motifs/batik-priangan/2.jpg,2.jpg,batik-priangan,699,2,train
/kaggle/input/datasets/dionisiusdh/indonesian-batik-motifs/batik-priangan/20.jpg,20.jpg,batik-priangan,700,2,train
/kaggle/input/datasets/dionisiusdh/indonesian-batik-motifs/batik-priangan/21.jpg,21.jpg,batik-priangan,301,2,test
/kaggle/input/datasets/dionisiusdh/indonesian-batik-motifs/batik-priangan/22.jpg,22.jpg,batik-priangan,702,2,train
/kaggle/input/datasets/dionisiusdh/indonesian-batik-motifs/batik-priangan/23.jpg,23.jpg,batik-priangan,703,2,test
/kaggle/input/datasets/dionisiusdh/indonesian-batik-motifs/batik-priangan/24.jpg,24.jpg,batik-priangan,308,2,test
/kaggle/input/datasets/dionisiusdh/indonesian-batik-motifs/batik-priangan/25.jpg,25.jpg,batik-priangan,705,2,train
/kaggle/input/datasets/dionisiusdh/indonesian-batik-motifs/batik-priangan/26.jpg,26.jpg,batik-priangan,706,2,train
/kaggle/input/datasets/dionisiusdh/indonesian-batik-motifs/batik-priangan/27.jpg,27.jpg,batik-priangan,707,2,train
/kaggle/input/datasets/dionisiusdh/indonesian-batik-motifs/batik-priangan/28.jpg,28.jpg,batik-priangan,708,2,train
/kaggle/input/datasets/dionisiusdh/indonesian-batik-motifs/batik-priangan/29.jpg,29.jpg,batik-priangan,709,2,test
/kaggle/input/datasets/dionisiusdh/indonesian-batik-motifs/batik-priangan/3.jpg,3.jpg,batik-priangan,710,2,train
/kaggle/input/datasets/dionisiusdh/indonesian-batik-motifs/batik-priangan/30.jpg,30.jpg,batik-priangan,711,2,train
/kaggle/input/datasets/dionisiusdh/indonesian-batik-motifs/batik-priangan/31.jpg,31.jpg,batik-priangan,712,2,train
/kaggle/input/datasets/dionisiusdh/indonesian-batik-motifs/batik-priangan/32.jpg,32.jpg,batik-priangan,713,2,train
/kaggle/input/datasets/dionisiusdh/indonesian-batik-motifs/batik-priangan/33.jpg,33.jpg,batik-priangan,714,2,test
/kaggle/input/datasets/dionisiusdh/indonesian-batik-motifs/batik-priangan/34.jpg,34.jpg,batik-priangan,715,2,train
/kaggle/input/datasets/dionisiusdh/indonesian-batik-motifs/batik-priangan/35.jpg,35.jpg,batik-priangan,374,2,train
/kaggle/input/datasets/dionisiusdh/indonesian-batik-motifs/batik-priangan/36.jpg,36.jpg,batik-priangan,717,2,train
/kaggle/input/datasets/dionisiusdh/indonesian-batik-motifs/batik-priangan/37.jpg,37.jpg,batik-priangan,718,2,test
/kaggle/input/datasets/dionisiusdh/indonesian-batik-motifs/batik-priangan/38.jpg,38.jpg,batik-priangan,719,2,train
/kaggle/input/datasets/dionisiusdh/indonesian-batik-motifs/batik-priangan/39.jpg,39.jpg,batik-priangan,720,2,test
/kaggle/input/datasets/dionisiusdh/indonesian-batik-motifs/batik-priangan/4.jpg,4.jpg,batik-priangan,721,2,train
/kaggle/input/datasets/dionisiusdh/indonesian-batik-motifs/batik-priangan/40.jpg,40.jpg,batik-priangan,722,2,train
/kaggle/input/datasets/dionisiusdh/indonesian-batik-motifs/batik-priangan/41.jpg,41.jpg,batik-priangan,723,2,train
/kaggle/input/datasets/dionisiusdh/indonesian-batik-motifs/batik-priangan/42.jpg,42.jpg,batik-priangan,724,2,train
/kaggle/input/datasets/dionisiusdh/indonesian-batik-motifs/batik-priangan/43.jpg,43.jpg,batik-priangan,725,2,test
/kaggle/input/datasets/dionisiusdh/indonesian-batik-motifs/batik-priangan/44.jpg,44.jpg,batik-priangan,726,2,train
/kaggle/input/datasets/dionisiusdh/indonesian-batik-motifs/batik-priangan/45.jpg,45.jpg,batik-priangan,727,2,test
/kaggle/input/datasets/dionisiusdh/indonesian-batik-motifs/batik-priangan/46.jpg,46.jpg,batik-priangan,728,2,train
/kaggle/input/datasets/dionisiusdh/indonesian-batik-motifs/batik-priangan/47.jpg,47.jpg,batik-priangan,729,2,train
/kaggle/input/datasets/dionisiusdh/indonesian-batik-motifs/batik-priangan/48.jpg,48.jpg,batik-priangan,730,2,test
/kaggle/input/datasets/dionisiusdh/indonesian-batik-motifs/batik-priangan/49.jpg,49.jpg,batik-priangan,731,2,train
/kaggle/input/datasets/dionisiusdh/indonesian-batik-motifs/batik-priangan/5.jpg,5.jpg,batik-priangan,732,2,train
/kaggle/input/datasets/dionisiusdh/indonesian-batik-motifs/batik-priangan/50.jpg,50.jpg,batik-priangan,733,2,test
/kaggle/input/datasets/dionisiusdh/indonesian-batik-motifs/batik-priangan/6.jpg,6.jpg,batik-priangan,734,2,test
/kaggle/input/datasets/dionisiusdh/indonesian-batik-motifs/batik-priangan/7.jpg,7.jpg,batik-priangan,735,2,test
/kaggle/input/datasets/dionisiusdh/indonesian-batik-motifs/batik-priangan/8.jpg,8.jpg,batik-priangan,736,2,train
/kaggle/input/datasets/dionisiusdh/indonesian-batik-motifs/batik-priangan/9.jpg,9.jpg,batik-priangan,737,2,train
/kaggle/input/datasets/dionisiusdh/indonesian-batik-motifs/batik-sekar/1.jpg,1.jpg,batik-sekar,738,2,test
/kaggle/input/datasets/dionisiusdh/indonesian-batik-motifs/batik-sekar/10.jpg,10.jpg,batik-sekar,739,2,train
/kaggle/input/datasets/dionisiusdh/indonesian-batik-motifs/batik-sekar/11.jpg,11.jpg,batik-sekar,740,2,train
/kaggle/input/datasets/dionisiusdh/indonesian-batik-motifs/batik-sekar/13.jpg,13.jpg,batik-sekar,741,2,test
/kaggle/input/datasets/dionisiusdh/indonesian-batik-motifs/batik-sekar/14.jpg,14.jpg,batik-sekar,742,2,train
/kaggle/input/datasets/dionisiusdh/indonesian-batik-motifs/batik-sekar/15.jpg,15.jpg,batik-sekar,743,2,train
/kaggle/input/datasets/dionisiusdh/indonesian-batik-motifs/batik-sekar/16.jpg,16.jpg,batik-sekar,744,2,test
/kaggle/input/datasets/dionisiusdh/indonesian-batik-motifs/batik-sekar/17.jpg,17.jpg,batik-sekar,745,2,train
/kaggle/input/datasets/dionisiusdh/indonesian-batik-motifs/batik-sekar/18.jpg,18.jpg,batik-sekar,746,2,test
/kaggle/input/datasets/dionisiusdh/indonesian-batik-motifs/batik-sekar/19.jpg,19.jpg,batik-sekar,747,2,train
/kaggle/input/datasets/dionisiusdh/indonesian-batik-motifs/batik-sekar/2.jpg,2.jpg,batik-sekar,748,2,train
/kaggle/input/datasets/dionisiusdh/indonesian-batik-motifs/batik-sekar/20.jpg,20.jpg,batik-sekar,749,2,test
/kaggle/input/datasets/dionisiusdh/indonesian-batik-motifs/batik-sekar/21.jpg,21.jpg,batik-sekar,750,2,train
/kaggle/input/datasets/dionisiusdh/indonesian-batik-motifs/batik-sekar/22.jpg,22.jpg,batik-sekar,751,2,train
/kaggle/input/datasets/dionisiusdh/indonesian-batik-motifs/batik-sekar/23.jpg,23.jpg,batik-sekar,749,2,test
/kaggle/input/datasets/dionisiusdh/indonesian-batik-motifs/batik-sekar/24.jpg,24.jpg,batik-sekar,756,2,train
/kaggle/input/datasets/dionisiusdh/indonesian-batik-motifs/batik-sekar/25.jpg,25.jpg,batik-sekar,754,2,test
/kaggle/input/datasets/dionisiusdh/indonesian-batik-motifs/batik-sekar/26.jpg,26.jpg,batik-sekar,755,2,train
/kaggle/input/datasets/dionisiusdh/indonesian-batik-motifs/batik-sekar/27.jpg,27.jpg,batik-sekar,756,2,train
/kaggle/input/datasets/dionisiusdh/indonesian-batik-motifs/batik-sekar/28.jpg,28.jpg,batik-sekar,756,2,train
/kaggle/input/datasets/dionisiusdh/indonesian-batik-motifs/batik-sekar/29.jpg,29.jpg,batik-sekar,758,2,train
/kaggle/input/datasets/dionisiusdh/indonesian-batik-motifs/batik-sekar/3.jpg,3.jpg,batik-sekar,759,2,test
/kaggle/input/datasets/dionisiusdh/indonesian-batik-motifs/batik-sekar/30.jpg,30.jpg,batik-sekar,760,2,train
/kaggle/input/datasets/dionisiusdh/indonesian-batik-motifs/batik-sekar/31.jpg,31.jpg,batik-sekar,232,2,test
/kaggle/input/datasets/dionisiusdh/indonesian-batik-motifs/batik-sekar/33.jpg,33.jpg,batik-sekar,762,2,train
/kaggle/input/datasets/dionisiusdh/indonesian-batik-motifs/batik-sekar/34.jpg,34.jpg,batik-sekar,763,2,test
/kaggle/input/datasets/dionisiusdh/indonesian-batik-motifs/batik-sekar/35.jpg,35.jpg,batik-sekar,764,2,train
/kaggle/input/datasets/dionisiusdh/indonesian-batik-motifs/batik-sekar/36.jpg,36.jpg,batik-sekar,765,2,test
/kaggle/input/datasets/dionisiusdh/indonesian-batik-motifs/batik-sekar/37.jpg,37.jpg,batik-sekar,663,2,train
/kaggle/input/datasets/dionisiusdh/indonesian-batik-motifs/batik-sekar/38.jpg,38.jpg,batik-sekar,767,2,train
/kaggle/input/datasets/dionisiusdh/indonesian-batik-motifs/batik-sekar/39.jpg,39.jpg,batik-sekar,756,2,train
/kaggle/input/datasets/dionisiusdh/indonesian-batik-motifs/batik-sekar/40.jpg,40.jpg,batik-sekar,769,2,train
/kaggle/input/datasets/dionisiusdh/indonesian-batik-motifs/batik-sekar/41.jpg,41.jpg,batik-sekar,770,2,test
/kaggle/input/datasets/dionisiusdh/indonesian-batik-motifs/batik-sekar/42.jpg,42.jpg,batik-sekar,744,2,test
/kaggle/input/datasets/dionisiusdh/indonesian-batik-motifs/batik-sekar/43.jpg,43.jpg,batik-sekar,772,2,test
/kaggle/input/datasets/dionisiusdh/indonesian-batik-motifs/batik-sekar/44.jpg,44.jpg,batik-sekar,756,2,train
/kaggle/input/datasets/dionisiusdh/indonesian-batik-motifs/batik-sekar/45.jpg,45.jpg,batik-sekar,774,2,train
/kaggle/input/datasets/dionisiusdh/indonesian-batik-motifs/batik-sekar/46.jpg,46.jpg,batik-sekar,775,2,train
/kaggle/input/datasets/dionisiusdh/indonesian-batik-motifs/batik-sekar/47.jpg,47.jpg,batik-sekar,776,2,train
/kaggle/input/datasets/dionisiusdh/indonesian-batik-motifs/batik-sekar/48.jpg,48.jpg,batik-sekar,777,2,train
/kaggle/input/datasets/dionisiusdh/indonesian-batik-motifs/batik-sekar/49.jpg,49.jpg,batik-sekar,778,2,train
/kaggle/input/datasets/dionisiusdh/indonesian-batik-motifs/batik-sekar/5.jpg,5.jpg,batik-sekar,779,2,train
/kaggle/input/datasets/dionisiusdh/indonesian-batik-motifs/batik-sekar/50.jpg,50.jpg,batik-sekar,772,2,test
/kaggle/input/datasets/dionisiusdh/indonesian-batik-motifs/batik-sekar/6.jpg,6.jpg,batik-sekar,738,2,test
/kaggle/input/datasets/dionisiusdh/indonesian-batik-motifs/batik-sekar/7.jpg,7.jpg,batik-sekar,782,2,train
/kaggle/input/datasets/dionisiusdh/indonesian-batik-motifs/batik-sekar/8.jpg,8.jpg,batik-sekar,783,2,train
/kaggle/input/datasets/dionisiusdh/indonesian-batik-motifs/batik-sekar/9.jpg,9.jpg,batik-sekar,784,2,train
/kaggle/input/datasets/dionisiusdh/indonesian-batik-motifs/batik-sidoluhur/1.jpg,1.jpg,batik-sidoluhur,785,2,train
/kaggle/input/datasets/dionisiusdh/indonesian-batik-motifs/batik-sidoluhur/10.jpg,10.jpg,batik-sidoluhur,786,2,test
/kaggle/input/datasets/dionisiusdh/indonesian-batik-motifs/batik-sidoluhur/11.jpg,11.jpg,batik-sidoluhur,787,2,train
/kaggle/input/datasets/dionisiusdh/indonesian-batik-motifs/batik-sidoluhur/12.jpg,12.jpg,batik-sidoluhur,482,2,train
/kaggle/input/datasets/dionisiusdh/indonesian-batik-motifs/batik-sidoluhur/13.jpg,13.jpg,batik-sidoluhur,789,2,train
/kaggle/input/datasets/dionisiusdh/indonesian-batik-motifs/batik-sidoluhur/14.jpg,14.jpg,batik-sidoluhur,790,2,train
/kaggle/input/datasets/dionisiusdh/indonesian-batik-motifs/batik-sidoluhur/15.jpg,15.jpg,batik-sidoluhur,791,2,test
/kaggle/input/datasets/dionisiusdh/indonesian-batik-motifs/batik-sidoluhur/16.jpg,16.jpg,batik-sidoluhur,792,2,train
/kaggle/input/datasets/dionisiusdh/indonesian-batik-motifs/batik-sidoluhur/17.jpg,17.jpg,batik-sidoluhur,793,2,train
/kaggle/input/datasets/dionisiusdh/indonesian-batik-motifs/batik-sidoluhur/18.jpg,18.jpg,batik-sidoluhur,794,2,train
/kaggle/input/datasets/dionisiusdh/indonesian-batik-motifs/batik-sidoluhur/19.jpg,19.jpg,batik-sidoluhur,795,2,train
/kaggle/input/datasets/dionisiusdh/indonesian-batik-motifs/batik-sidoluhur/2.jpg,2.jpg,batik-sidoluhur,785,2,train
/kaggle/input/datasets/dionisiusdh/indonesian-batik-motifs/batik-sidoluhur/20.jpg,20.jpg,batik-sidoluhur,797,2,train
/kaggle/input/datasets/dionisiusdh/indonesian-batik-motifs/batik-sidoluhur/21.jpg,21.jpg,batik-sidoluhur,798,2,test
/kaggle/input/datasets/dionisiusdh/indonesian-batik-motifs/batik-sidoluhur/22.jpg,22.jpg,batik-sidoluhur,799,2,train
/kaggle/input/datasets/dionisiusdh/indonesian-batik-motifs/batik-sidoluhur/23.jpg,23.jpg,batik-sidoluhur,800,2,train
/kaggle/input/datasets/dionisiusdh/indonesian-batik-motifs/batik-sidoluhur/24.jpg,24.jpg,batik-sidoluhur,801,2,train
/kaggle/input/datasets/dionisiusdh/indonesian-batik-motifs/batik-sidoluhur/25.jpg,25.jpg,batik-sidoluhur,802,2,train
/kaggle/input/datasets/dionisiusdh/indonesian-batik-motifs/batik-sidoluhur/26.jpg,26.jpg,batik-sidoluhur,803,2,test
/kaggle/input/datasets/dionisiusdh/indonesian-batik-motifs/batik-sidoluhur/27.jpg,27.jpg,batik-sidoluhur,804,2,train
/kaggle/input/datasets/dionisiusdh/indonesian-batik-motifs/batik-sidoluhur/28.jpg,28.jpg,batik-sidoluhur,805,2,train
/kaggle/input/datasets/dionisiusdh/indonesian-batik-motifs/batik-sidoluhur/29.jpg,29.jpg,batik-sidoluhur,806,2,train
/kaggle/input/datasets/dionisiusdh/indonesian-batik-motifs/batik-sidoluhur/3.jpg,3.jpg,batik-sidoluhur,807,2,train
/kaggle/input/datasets/dionisiusdh/indonesian-batik-motifs/batik-sidoluhur/30.jpg,30.jpg,batik-sidoluhur,808,2,train
/kaggle/input/datasets/dionisiusdh/indonesian-batik-motifs/batik-sidoluhur/31.jpg,31.jpg,batik-sidoluhur,809,2,train
/kaggle/input/datasets/dionisiusdh/indonesian-batik-motifs/batik-sidoluhur/32.jpg,32.jpg,batik-sidoluhur,810,2,test
/kaggle/input/datasets/dionisiusdh/indonesian-batik-motifs/batik-sidoluhur/33.jpg,33.jpg,batik-sidoluhur,811,2,train
/kaggle/input/datasets/dionisiusdh/indonesian-batik-motifs/batik-sidoluhur/34.jpg,34.jpg,batik-sidoluhur,812,2,test
/kaggle/input/datasets/dionisiusdh/indonesian-batik-motifs/batik-sidoluhur/35.jpg,35.jpg,batik-sidoluhur,813,2,train
/kaggle/input/datasets/dionisiusdh/indonesian-batik-motifs/batik-sidoluhur/36.jpg,36.jpg,batik-sidoluhur,814,2,train
/kaggle/input/datasets/dionisiusdh/indonesian-batik-motifs/batik-sidoluhur/37.jpg,37.jpg,batik-sidoluhur,815,2,train
/kaggle/input/datasets/dionisiusdh/indonesian-batik-motifs/batik-sidoluhur/38.jpg,38.jpg,batik-sidoluhur,816,2,train
/kaggle/input/datasets/dionisiusdh/indonesian-batik-motifs/batik-sidoluhur/39.jpg,39.jpg,batik-sidoluhur,817,2,test
/kaggle/input/datasets/dionisiusdh/indonesian-batik-motifs/batik-sidoluhur/4.jpg,4.jpg,batik-sidoluhur,818,2,train
/kaggle/input/datasets/dionisiusdh/indonesian-batik-motifs/batik-sidoluhur/40.jpg,40.jpg,batik-sidoluhur,819,2,train
/kaggle/input/datasets/dionisiusdh/indonesian-batik-motifs/batik-sidoluhur/41.jpg,41.jpg,batik-sidoluhur,820,2,test
/kaggle/input/datasets/dionisiusdh/indonesian-batik-motifs/batik-sidoluhur/42.jpg,42.jpg,batik-sidoluhur,821,2,train
/kaggle/input/datasets/dionisiusdh/indonesian-batik-motifs/batik-sidoluhur/43.jpg,43.jpg,batik-sidoluhur,732,2,train
/kaggle/input/datasets/dionisiusdh/indonesian-batik-motifs/batik-sidoluhur/44.jpg,44.jpg,batik-sidoluhur,823,2,test
/kaggle/input/datasets/dionisiusdh/indonesian-batik-motifs/batik-sidoluhur/45.jpg,45.jpg,batik-sidoluhur,824,2,test
/kaggle/input/datasets/dionisiusdh/indonesian-batik-motifs/batik-sidoluhur/46.jpg,46.jpg,batik-sidoluhur,825,2,test
/kaggle/input/datasets/dionisiusdh/indonesian-batik-motifs/batik-sidoluhur/47.jpg,47.jpg,batik-sidoluhur,826,2,train
/kaggle/input/datasets/dionisiusdh/indonesian-batik-motifs/batik-sidoluhur/48.jpg,48.jpg,batik-sidoluhur,827,2,test
/kaggle/input/datasets/dionisiusdh/indonesian-batik-motifs/batik-sidoluhur/49.jpg,49.jpg,batik-sidoluhur,828,2,test
/kaggle/input/datasets/dionisiusdh/indonesian-batik-motifs/batik-sidoluhur/5.jpg,5.jpg,batik-sidoluhur,829,2,train
/kaggle/input/datasets/dionisiusdh/indonesian-batik-motifs/batik-sidoluhur/50.jpg,50.jpg,batik-sidoluhur,830,2,test
/kaggle/input/datasets/dionisiusdh/indonesian-batik-motifs/batik-sidoluhur/6.jpg,6.jpg,batik-sidoluhur,831,2,test
/kaggle/input/datasets/dionisiusdh/indonesian-batik-motifs/batik-sidoluhur/7.jpg,7.jpg,batik-sidoluhur,832,2,train
/kaggle/input/datasets/dionisiusdh/indonesian-batik-motifs/batik-sidoluhur/8.jpg,8.jpg,batik-sidoluhur,833,2,train
/kaggle/input/datasets/dionisiusdh/indonesian-batik-motifs/batik-sidoluhur/9.jpg,9.jpg,batik-sidoluhur,834,2,train
/kaggle/input/datasets/dionisiusdh/indonesian-batik-motifs/batik-sidomukti/1.jpg,1.jpg,batik-sidomukti,835,2,train
/kaggle/input/datasets/dionisiusdh/indonesian-batik-motifs/batik-sidomukti/10.jpg,10.jpg,batik-sidomukti,836,2,test
/kaggle/input/datasets/dionisiusdh/indonesian-batik-motifs/batik-sidomukti/11.jpg,11.jpg,batik-sidomukti,837,2,test
/kaggle/input/datasets/dionisiusdh/indonesian-batik-motifs/batik-sidomukti/12.jpg,12.jpg,batik-sidomukti,838,2,train
/kaggle/input/datasets/dionisiusdh/indonesian-batik-motifs/batik-sidomukti/13.jpg,13.jpg,batik-sidomukti,839,2,test
/kaggle/input/datasets/dionisiusdh/indonesian-batik-motifs/batik-sidomukti/14.jpg,14.jpg,batik-sidomukti,840,2,train
/kaggle/input/datasets/dionisiusdh/indonesian-batik-motifs/batik-sidomukti/15.jpg,15.jpg,batik-sidomukti,841,2,train
/kaggle/input/datasets/dionisiusdh/indonesian-batik-motifs/batik-sidomukti/16.jpg,16.jpg,batik-sidomukti,842,2,train
/kaggle/input/datasets/dionisiusdh/indonesian-batik-motifs/batik-sidomukti/17.jpg,17.jpg,batik-sidomukti,843,2,train
/kaggle/input/datasets/dionisiusdh/indonesian-batik-motifs/batik-sidomukti/18.jpg,18.jpg,batik-sidomukti,844,2,test
/kaggle/input/datasets/dionisiusdh/indonesian-batik-motifs/batik-sidomukti/19.jpg,19.jpg,batik-sidomukti,845,2,train
/kaggle/input/datasets/dionisiusdh/indonesian-batik-motifs/batik-sidomukti/2.jpg,2.jpg,batik-sidomukti,846,2,train
/kaggle/input/datasets/dionisiusdh/indonesian-batik-motifs/batik-sidomukti/20.jpg,20.jpg,batik-sidomukti,847,2,test
/kaggle/input/datasets/dionisiusdh/indonesian-batik-motifs/batik-sidomukti/21.jpg,21.jpg,batik-sidomukti,848,2,train
/kaggle/input/datasets/dionisiusdh/indonesian-batik-motifs/batik-sidomukti/22.jpg,22.jpg,batik-sidomukti,807,2,train
/kaggle/input/datasets/dionisiusdh/indonesian-batik-motifs/batik-sidomukti/23.jpg,23.jpg,batik-sidomukti,850,2,train
/kaggle/input/datasets/dionisiusdh/indonesian-batik-motifs/batik-sidomukti/24.jpg,24.jpg,batik-sidomukti,482,2,train
/kaggle/input/datasets/dionisiusdh/indonesian-batik-motifs/batik-sidomukti/25.jpg,25.jpg,batik-sidomukti,852,2,train
/kaggle/input/datasets/dionisiusdh/indonesian-batik-motifs/batik-sidomukti/26.jpg,26.jpg,batik-sidomukti,853,2,train
/kaggle/input/datasets/dionisiusdh/indonesian-batik-motifs/batik-sidomukti/27.jpg,27.jpg,batik-sidomukti,854,2,test
/kaggle/input/datasets/dionisiusdh/indonesian-batik-motifs/batik-sidomukti/28.jpg,28.jpg,batik-sidomukti,855,2,train
/kaggle/input/datasets/dionisiusdh/indonesian-batik-motifs/batik-sidomukti/29.jpg,29.jpg,batik-sidomukti,856,2,train
/kaggle/input/datasets/dionisiusdh/indonesian-batik-motifs/batik-sidomukti/3.jpg,3.jpg,batik-sidomukti,857,2,train
/kaggle/input/datasets/dionisiusdh/indonesian-batik-motifs/batik-sidomukti/30.jpg,30.jpg,batik-sidomukti,858,2,train
/kaggle/input/datasets/dionisiusdh/indonesian-batik-motifs/batik-sidomukti/31.jpg,31.jpg,batik-sidomukti,859,2,test
/kaggle/input/datasets/dionisiusdh/indonesian-batik-motifs/batik-sidomukti/32.jpg,32.jpg,batik-sidomukti,860,2,train
/kaggle/input/datasets/dionisiusdh/indonesian-batik-motifs/batik-sidomukti/33.jpg,33.jpg,batik-sidomukti,861,2,train
/kaggle/input/datasets/dionisiusdh/indonesian-batik-motifs/batik-sidomukti/34.jpg,34.jpg,batik-sidomukti,862,2,train
/kaggle/input/datasets/dionisiusdh/indonesian-batik-motifs/batik-sidomukti/35.jpg,35.jpg,batik-sidomukti,863,2,train
/kaggle/input/datasets/dionisiusdh/indonesian-batik-motifs/batik-sidomukti/36.jpg,36.jpg,batik-sidomukti,469,2,test
/kaggle/input/datasets/dionisiusdh/indonesian-batik-motifs/batik-sidomukti/37.jpg,37.jpg,batik-sidomukti,865,2,test
/kaggle/input/datasets/dionisiusdh/indonesian-batik-motifs/batik-sidomukti/38.jpg,38.jpg,batik-sidomukti,866,2,train
/kaggle/input/datasets/dionisiusdh/indonesian-batik-motifs/batik-sidomukti/39.jpg,39.jpg,batik-sidomukti,867,2,train
/kaggle/input/datasets/dionisiusdh/indonesian-batik-motifs/batik-sidomukti/40.jpg,40.jpg,batik-sidomukti,868,2,test
/kaggle/input/datasets/dionisiusdh/indonesian-batik-motifs/batik-sidomukti/41.jpg,41.jpg,batik-sidomukti,869,2,train
/kaggle/input/datasets/dionisiusdh/indonesian-batik-motifs/batik-sidomukti/42.jpg,42.jpg,batik-sidomukti,870,2,test
/kaggle/input/datasets/dionisiusdh/indonesian-batik-motifs/batik-sidomukti/43.jpg,43.jpg,batik-sidomukti,871,2,train
/kaggle/input/datasets/dionisiusdh/indonesian-batik-motifs/batik-sidomukti/45.jpg,45.jpg,batik-sidomukti,872,2,train
/kaggle/input/datasets/dionisiusdh/indonesian-batik-motifs/batik-sidomukti/47.jpg,47.jpg,batik-sidomukti,873,2,train
/kaggle/input/datasets/dionisiusdh/indonesian-batik-motifs/batik-sidomukti/48.jpg,48.jpg,batik-sidomukti,874,2,test
/kaggle/input/datasets/dionisiusdh/indonesian-batik-motifs/batik-sidomukti/5.jpg,5.jpg,batik-sidomukti,875,2,test
/kaggle/input/datasets/dionisiusdh/indonesian-batik-motifs/batik-sidomukti/50.jpg,50.jpg,batik-sidomukti,876,2,train
/kaggle/input/datasets/dionisiusdh/indonesian-batik-motifs/batik-sidomukti/6.jpg,6.jpg,batik-sidomukti,877,2,test
/kaggle/input/datasets/dionisiusdh/indonesian-batik-motifs/batik-sidomukti/7.jpg,7.jpg,batik-sidomukti,878,2,train
/kaggle/input/datasets/dionisiusdh/indonesian-batik-motifs/batik-sidomukti/8.jpg,8.jpg,batik-sidomukti,879,2,train
/kaggle/input/datasets/dionisiusdh/indonesian-batik-motifs/batik-sidomukti/9.jpg,9.jpg,batik-sidomukti,789,2,train
/kaggle/input/datasets/dionisiusdh/indonesian-batik-motifs/batik-sogan/1.jpg,1.jpg,batik-sogan,881,2,train
/kaggle/input/datasets/dionisiusdh/indonesian-batik-motifs/batik-sogan/10.jpg,10.jpg,batik-sogan,882,2,test
/kaggle/input/datasets/dionisiusdh/indonesian-batik-motifs/batik-sogan/11.jpg,11.jpg,batik-sogan,883,2,train
/kaggle/input/datasets/dionisiusdh/indonesian-batik-motifs/batik-sogan/12.jpg,12.jpg,batik-sogan,884,2,train
/kaggle/input/datasets/dionisiusdh/indonesian-batik-motifs/batik-sogan/13.jpg,13.jpg,batik-sogan,885,2,test
/kaggle/input/datasets/dionisiusdh/indonesian-batik-motifs/batik-sogan/14.jpg,14.jpg,batik-sogan,886,2,train
/kaggle/input/datasets/dionisiusdh/indonesian-batik-motifs/batik-sogan/15.jpg,15.jpg,batik-sogan,887,2,train
/kaggle/input/datasets/dionisiusdh/indonesian-batik-motifs/batik-sogan/16.jpg,16.jpg,batik-sogan,888,2,train
/kaggle/input/datasets/dionisiusdh/indonesian-batik-motifs/batik-sogan/17.jpg,17.jpg,batik-sogan,889,2,train
/kaggle/input/datasets/dionisiusdh/indonesian-batik-motifs/batik-sogan/18.jpg,18.jpg,batik-sogan,13,2,train
/kaggle/input/datasets/dionisiusdh/indonesian-batik-motifs/batik-sogan/19.jpg,19.jpg,batik-sogan,891,2,test
/kaggle/input/datasets/dionisiusdh/indonesian-batik-motifs/batik-sogan/2.jpg,2.jpg,batik-sogan,892,2,train
/kaggle/input/datasets/dionisiusdh/indonesian-batik-motifs/batik-sogan/20.jpg,20.jpg,batik-sogan,893,2,test
/kaggle/input/datasets/dionisiusdh/indonesian-batik-motifs/batik-sogan/21.jpg,21.jpg,batik-sogan,894,2,train
/kaggle/input/datasets/dionisiusdh/indonesian-batik-motifs/batik-sogan/22.jpg,22.jpg,batik-sogan,895,2,train
/kaggle/input/datasets/dionisiusdh/indonesian-batik-motifs/batik-sogan/23.jpg,23.jpg,batik-sogan,896,2,train
/kaggle/input/datasets/dionisiusdh/indonesian-batik-motifs/batik-sogan/24.jpg,24.jpg,batik-sogan,897,2,test
/kaggle/input/datasets/dionisiusdh/indonesian-batik-motifs/batik-sogan/25.jpg,25.jpg,batik-sogan,898,2,train
/kaggle/input/datasets/dionisiusdh/indonesian-batik-motifs/batik-sogan/26.jpg,26.jpg,batik-sogan,899,2,train
/kaggle/input/datasets/dionisiusdh/indonesian-batik-motifs/batik-sogan/27.jpg,27.jpg,batik-sogan,900,2,test
/kaggle/input/datasets/dionisiusdh/indonesian-batik-motifs/batik-sogan/28.jpg,28.jpg,batik-sogan,901,2,test
/kaggle/input/datasets/dionisiusdh/indonesian-batik-motifs/batik-sogan/29.jpg,29.jpg,batik-sogan,902,2,train
/kaggle/input/datasets/dionisiusdh/indonesian-batik-motifs/batik-sogan/3.jpg,3.jpg,batik-sogan,903,2,test
/kaggle/input/datasets/dionisiusdh/indonesian-batik-motifs/batik-sogan/30.jpg,30.jpg,batik-sogan,904,2,train
/kaggle/input/datasets/dionisiusdh/indonesian-batik-motifs/batik-sogan/31.jpg,31.jpg,batik-sogan,905,2,train
/kaggle/input/datasets/dionisiusdh/indonesian-batik-motifs/batik-sogan/32.jpg,32.jpg,batik-sogan,906,2,train
/kaggle/input/datasets/dionisiusdh/indonesian-batik-motifs/batik-sogan/33.jpg,33.jpg,batik-sogan,907,2,test
/kaggle/input/datasets/dionisiusdh/indonesian-batik-motifs/batik-sogan/34.jpg,34.jpg,batik-sogan,908,2,train
/kaggle/input/datasets/dionisiusdh/indonesian-batik-motifs/batik-sogan/35.jpg,35.jpg,batik-sogan,909,2,test
/kaggle/input/datasets/dionisiusdh/indonesian-batik-motifs/batik-sogan/36.jpg,36.jpg,batik-sogan,910,2,train
/kaggle/input/datasets/dionisiusdh/indonesian-batik-motifs/batik-sogan/37.jpg,37.jpg,batik-sogan,911,2,train
/kaggle/input/datasets/dionisiusdh/indonesian-batik-motifs/batik-sogan/38.jpg,38.jpg,batik-sogan,912,2,train
/kaggle/input/datasets/dionisiusdh/indonesian-batik-motifs/batik-sogan/39.jpg,39.jpg,batik-sogan,913,2,train
/kaggle/input/datasets/dionisiusdh/indonesian-batik-motifs/batik-sogan/4.jpg,4.jpg,batik-sogan,914,2,train
/kaggle/input/datasets/dionisiusdh/indonesian-batik-motifs/batik-sogan/40.jpg,40.jpg,batik-sogan,915,2,train
/kaggle/input/datasets/dionisiusdh/indonesian-batik-motifs/batik-sogan/41.jpg,41.jpg,batik-sogan,916,2,train
/kaggle/input/datasets/dionisiusdh/indonesian-batik-motifs/batik-sogan/42.jpg,42.jpg,batik-sogan,917,2,train
/kaggle/input/datasets/dionisiusdh/indonesian-batik-motifs/batik-sogan/43.jpg,43.jpg,batik-sogan,918,2,train
/kaggle/input/datasets/dionisiusdh/indonesian-batik-motifs/batik-sogan/44.jpg,44.jpg,batik-sogan,919,2,train
/kaggle/input/datasets/dionisiusdh/indonesian-batik-motifs/batik-sogan/45.jpg,45.jpg,batik-sogan,920,2,test
/kaggle/input/datasets/dionisiusdh/indonesian-batik-motifs/batik-sogan/46.jpg,46.jpg,batik-sogan,921,2,train
/kaggle/input/datasets/dionisiusdh/indonesian-batik-motifs/batik-sogan/47.jpg,47.jpg,batik-sogan,922,2,test
/kaggle/input/datasets/dionisiusdh/indonesian-batik-motifs/batik-sogan/48.jpg,48.jpg,batik-sogan,923,2,train
/kaggle/input/datasets/dionisiusdh/indonesian-batik-motifs/batik-sogan/49.jpg,49.jpg,batik-sogan,924,2,train
/kaggle/input/datasets/dionisiusdh/indonesian-batik-motifs/batik-sogan/5.jpg,5.jpg,batik-sogan,925,2,test
/kaggle/input/datasets/dionisiusdh/indonesian-batik-motifs/batik-sogan/50.jpg,50.jpg,batik-sogan,926,2,test
/kaggle/input/datasets/dionisiusdh/indonesian-batik-motifs/batik-sogan/6.jpg,6.jpg,batik-sogan,927,2,test
/kaggle/input/datasets/dionisiusdh/indonesian-batik-motifs/batik-sogan/7.jpg,7.jpg,batik-sogan,928,2,train
/kaggle/input/datasets/dionisiusdh/indonesian-batik-motifs/batik-sogan/8.jpg,8.jpg,batik-sogan,929,2,train
/kaggle/input/datasets/dionisiusdh/indonesian-batik-motifs/batik-sogan/9.jpg,9.jpg,batik-sogan,930,2,train
/kaggle/input/datasets/dionisiusdh/indonesian-batik-motifs/batik-tambal/1.jpg,1.jpg,batik-tambal,931,2,train
/kaggle/input/datasets/dionisiusdh/indonesian-batik-motifs/batik-tambal/10.jpg,10.jpg,batik-tambal,932,2,test
/kaggle/input/datasets/dionisiusdh/indonesian-batik-motifs/batik-tambal/11.jpg,11.jpg,batik-tambal,933,2,test
/kaggle/input/datasets/dionisiusdh/indonesian-batik-motifs/batik-tambal/12.jpg,12.jpg,batik-tambal,934,2,train
/kaggle/input/datasets/dionisiusdh/indonesian-batik-motifs/batik-tambal/13.jpg,13.jpg,batik-tambal,935,2,test
/kaggle/input/datasets/dionisiusdh/indonesian-batik-motifs/batik-tambal/14.jpg,14.jpg,batik-tambal,936,2,train
/kaggle/input/datasets/dionisiusdh/indonesian-batik-motifs/batik-tambal/15.jpg,15.jpg,batik-tambal,937,2,test
/kaggle/input/datasets/dionisiusdh/indonesian-batik-motifs/batik-tambal/16.jpg,16.jpg,batik-tambal,938,2,test
/kaggle/input/datasets/dionisiusdh/indonesian-batik-motifs/batik-tambal/17.jpg,17.jpg,batik-tambal,939,2,test
/kaggle/input/datasets/dionisiusdh/indonesian-batik-motifs/batik-tambal/18.jpg,18.jpg,batik-tambal,940,2,train
/kaggle/input/datasets/dionisiusdh/indonesian-batik-motifs/batik-tambal/19.jpg,19.jpg,batik-tambal,941,2,train
/kaggle/input/datasets/dionisiusdh/indonesian-batik-motifs/batik-tambal/2.jpg,2.jpg,batik-tambal,942,2,train
/kaggle/input/datasets/dionisiusdh/indonesian-batik-motifs/batik-tambal/20.jpg,20.jpg,batik-tambal,943,2,train
/kaggle/input/datasets/dionisiusdh/indonesian-batik-motifs/batik-tambal/21.jpg,21.jpg,batik-tambal,944,2,train
/kaggle/input/datasets/dionisiusdh/indonesian-batik-motifs/batik-tambal/22.jpg,22.jpg,batik-tambal,945,2,train
/kaggle/input/datasets/dionisiusdh/indonesian-batik-motifs/batik-tambal/23.jpg,23.jpg,batik-tambal,946,2,train
/kaggle/input/datasets/dionisiusdh/indonesian-batik-motifs/batik-tambal/24.jpg,24.jpg,batik-tambal,947,2,train
/kaggle/input/datasets/dionisiusdh/indonesian-batik-motifs/batik-tambal/25.jpg,25.jpg,batik-tambal,948,2,train
/kaggle/input/datasets/dionisiusdh/indonesian-batik-motifs/batik-tambal/26.jpg,26.jpg,batik-tambal,949,2,test
/kaggle/input/datasets/dionisiusdh/indonesian-batik-motifs/batik-tambal/27.jpg,27.jpg,batik-tambal,950,2,train
/kaggle/input/datasets/dionisiusdh/indonesian-batik-motifs/batik-tambal/28.jpg,28.jpg,batik-tambal,951,2,train
/kaggle/input/datasets/dionisiusdh/indonesian-batik-motifs/batik-tambal/29.jpg,29.jpg,batik-tambal,952,2,test
/kaggle/input/datasets/dionisiusdh/indonesian-batik-motifs/batik-tambal/3.jpg,3.jpg,batik-tambal,953,2,train
/kaggle/input/datasets/dionisiusdh/indonesian-batik-motifs/batik-tambal/30.jpg,30.jpg,batik-tambal,954,2,train
/kaggle/input/datasets/dionisiusdh/indonesian-batik-motifs/batik-tambal/31.jpg,31.jpg,batik-tambal,955,2,train
/kaggle/input/datasets/dionisiusdh/indonesian-batik-motifs/batik-tambal/32.jpg,32.jpg,batik-tambal,956,2,train
/kaggle/input/datasets/dionisiusdh/indonesian-batik-motifs/batik-tambal/33.jpg,33.jpg,batik-tambal,957,2,train
/kaggle/input/datasets/dionisiusdh/indonesian-batik-motifs/batik-tambal/34.jpg,34.jpg,batik-tambal,958,2,test
/kaggle/input/datasets/dionisiusdh/indonesian-batik-motifs/batik-tambal/35.jpg,35.jpg,batik-tambal,959,2,train
/kaggle/input/datasets/dionisiusdh/indonesian-batik-motifs/batik-tambal/36.jpg,36.jpg,batik-tambal,960,2,train
/kaggle/input/datasets/dionisiusdh/indonesian-batik-motifs/batik-tambal/37.jpg,37.jpg,batik-tambal,961,2,train
/kaggle/input/datasets/dionisiusdh/indonesian-batik-motifs/batik-tambal/38.jpg,38.jpg,batik-tambal,962,2,train
/kaggle/input/datasets/dionisiusdh/indonesian-batik-motifs/batik-tambal/39.jpg,39.jpg,batik-tambal,963,2,train
/kaggle/input/datasets/dionisiusdh/indonesian-batik-motifs/batik-tambal/4.jpg,4.jpg,batik-tambal,964,2,train
/kaggle/input/datasets/dionisiusdh/indonesian-batik-motifs/batik-tambal/40.jpg,40.jpg,batik-tambal,965,2,test
/kaggle/input/datasets/dionisiusdh/indonesian-batik-motifs/batik-tambal/41.jpg,41.jpg,batik-tambal,966,2,train
/kaggle/input/datasets/dionisiusdh/indonesian-batik-motifs/batik-tambal/42.jpg,42.jpg,batik-tambal,967,2,test
/kaggle/input/datasets/dionisiusdh/indonesian-batik-motifs/batik-tambal/43.jpg,43.jpg,batik-tambal,968,2,train
/kaggle/input/datasets/dionisiusdh/indonesian-batik-motifs/batik-tambal/44.jpg,44.jpg,batik-tambal,969,2,train
/kaggle/input/datasets/dionisiusdh/indonesian-batik-motifs/batik-tambal/45.jpg,45.jpg,batik-tambal,970,2,train
/kaggle/input/datasets/dionisiusdh/indonesian-batik-motifs/batik-tambal/46.jpg,46.jpg,batik-tambal,971,2,test
/kaggle/input/datasets/dionisiusdh/indonesian-batik-motifs/batik-tambal/47.jpg,47.jpg,batik-tambal,972,2,train
/kaggle/input/datasets/dionisiusdh/indonesian-batik-motifs/batik-tambal/48.jpg,48.jpg,batik-tambal,973,2,train
/kaggle/input/datasets/dionisiusdh/indonesian-batik-motifs/batik-tambal/49.jpg,49.jpg,batik-tambal,974,2,train
/kaggle/input/datasets/dionisiusdh/indonesian-batik-motifs/batik-tambal/5.jpg,5.jpg,batik-tambal,975,2,test
/kaggle/input/datasets/dionisiusdh/indonesian-batik-motifs/batik-tambal/50.jpg,50.jpg,batik-tambal,976,2,train
/kaggle/input/datasets/dionisiusdh/indonesian-batik-motifs/batik-tambal/6.jpg,6.jpg,batik-tambal,977,2,test
/kaggle/input/datasets/dionisiusdh/indonesian-batik-motifs/batik-tambal/7.jpg,7.jpg,batik-tambal,978,2,test
/kaggle/input/datasets/dionisiusdh/indonesian-batik-motifs/batik-tambal/8.jpg,8.jpg,batik-tambal,979,2,train
/kaggle/input/datasets/dionisiusdh/indonesian-batik-motifs/batik-tambal/9.jpg,9.jpg,batik-tambal,980,2,train
/kaggle/input/datasets/dionisiusdh/indonesian-batik-motifs/batik-bali/1.jpg,1.jpg,batik-bali,0,3,train
/kaggle/input/datasets/dionisiusdh/indonesian-batik-motifs/batik-bali/10.jpg,10.jpg,batik-bali,1,3,train
/kaggle/input/datasets/dionisiusdh/indonesian-batik-motifs/batik-bali/11.jpg,11.jpg,batik-bali,2,3,train
/kaggle/input/datasets/dionisiusdh/indonesian-batik-motifs/batik-bali/12.jpg,12.jpg,batik-bali,3,3,train
/kaggle/input/datasets/dionisiusdh/indonesian-batik-motifs/batik-bali/13.jpg,13.jpg,batik-bali,4,3,test
/kaggle/input/datasets/dionisiusdh/indonesian-batik-motifs/batik-bali/14.jpg,14.jpg,batik-bali,5,3,train
/kaggle/input/datasets/dionisiusdh/indonesian-batik-motifs/batik-bali/15.jpg,15.jpg,batik-bali,6,3,test
/kaggle/input/datasets/dionisiusdh/indonesian-batik-motifs/batik-bali/16.jpg,16.jpg,batik-bali,7,3,train
/kaggle/input/datasets/dionisiusdh/indonesian-batik-motifs/batik-bali/17.jpg,17.jpg,batik-bali,8,3,train
/kaggle/input/datasets/dionisiusdh/indonesian-batik-motifs/batik-bali/18.jpg,18.jpg,batik-bali,9,3,train
/kaggle/input/datasets/dionisiusdh/indonesian-batik-motifs/batik-bali/19.jpg,19.jpg,batik-bali,10,3,train
/kaggle/input/datasets/dionisiusdh/indonesian-batik-motifs/batik-bali/2.jpg,2.jpg,batik-bali,11,3,test
/kaggle/input/datasets/dionisiusdh/indonesian-batik-motifs/batik-bali/20.jpg,20.jpg,batik-bali,12,3,test
/kaggle/input/datasets/dionisiusdh/indonesian-batik-motifs/batik-bali/21.jpg,21.jpg,batik-bali,13,3,train
/kaggle/input/datasets/dionisiusdh/indonesian-batik-motifs/batik-bali/22.jpg,22.jpg,batik-bali,14,3,train
/kaggle/input/datasets/dionisiusdh/indonesian-batik-motifs/batik-bali/23.jpg,23.jpg,batik-bali,15,3,test
/kaggle/input/datasets/dionisiusdh/indonesian-batik-motifs/batik-bali/24.jpg,24.jpg,batik-bali,16,3,test
/kaggle/input/datasets/dionisiusdh/indonesian-batik-motifs/batik-bali/25.jpg,25.jpg,batik-bali,17,3,train
/kaggle/input/datasets/dionisiusdh/indonesian-batik-motifs/batik-bali/26.jpg,26.jpg,batik-bali,18,3,test
/kaggle/input/datasets/dionisiusdh/indonesian-batik-motifs/batik-bali/27.jpg,27.jpg,batik-bali,19,3,train
/kaggle/input/datasets/dionisiusdh/indonesian-batik-motifs/batik-bali/28.jpg,28.jpg,batik-bali,20,3,test
/kaggle/input/datasets/dionisiusdh/indonesian-batik-motifs/batik-bali/29.jpg,29.jpg,batik-bali,21,3,train
/kaggle/input/datasets/dionisiusdh/indonesian-batik-motifs/batik-bali/3.jpg,3.jpg,batik-bali,22,3,test
/kaggle/input/datasets/dionisiusdh/indonesian-batik-motifs/batik-bali/30.jpg,30.jpg,batik-bali,23,3,train
/kaggle/input/datasets/dionisiusdh/indonesian-batik-motifs/batik-bali/31.jpg,31.jpg,batik-bali,24,3,test
/kaggle/input/datasets/dionisiusdh/indonesian-batik-motifs/batik-bali/32.jpg,32.jpg,batik-bali,25,3,test
/kaggle/input/datasets/dionisiusdh/indonesian-batik-motifs/batik-bali/33.jpg,33.jpg,batik-bali,26,3,train
/kaggle/input/datasets/dionisiusdh/indonesian-batik-motifs/batik-bali/34.jpg,34.jpg,batik-bali,27,3,train
/kaggle/input/datasets/dionisiusdh/indonesian-batik-motifs/batik-bali/35.jpg,35.jpg,batik-bali,28,3,train
/kaggle/input/datasets/dionisiusdh/indonesian-batik-motifs/batik-bali/36.jpg,36.jpg,batik-bali,29,3,train
/kaggle/input/datasets/dionisiusdh/indonesian-batik-motifs/batik-bali/37.jpg,37.jpg,batik-bali,30,3,test
/kaggle/input/datasets/dionisiusdh/indonesian-batik-motifs/batik-bali/38.jpg,38.jpg,batik-bali,31,3,train
/kaggle/input/datasets/dionisiusdh/indonesian-batik-motifs/batik-bali/39.jpg,39.jpg,batik-bali,32,3,train
/kaggle/input/datasets/dionisiusdh/indonesian-batik-motifs/batik-bali/4.jpg,4.jpg,batik-bali,33,3,train
/kaggle/input/datasets/dionisiusdh/indonesian-batik-motifs/batik-bali/40.jpg,40.jpg,batik-bali,34,3,train
/kaggle/input/datasets/dionisiusdh/indonesian-batik-motifs/batik-bali/41.jpg,41.jpg,batik-bali,35,3,test
/kaggle/input/datasets/dionisiusdh/indonesian-batik-motifs/batik-bali/42.jpg,42.jpg,batik-bali,36,3,train
/kaggle/input/datasets/dionisiusdh/indonesian-batik-motifs/batik-bali/43.jpg,43.jpg,batik-bali,37,3,train
/kaggle/input/datasets/dionisiusdh/indonesian-batik-motifs/batik-bali/44.jpg,44.jpg,batik-bali,38,3,test
/kaggle/input/datasets/dionisiusdh/indonesian-batik-motifs/batik-bali/45.jpg,45.jpg,batik-bali,39,3,train
/kaggle/input/datasets/dionisiusdh/indonesian-batik-motifs/batik-bali/46.jpg,46.jpg,batik-bali,40,3,test
/kaggle/input/datasets/dionisiusdh/indonesian-batik-motifs/batik-bali/47.jpg,47.jpg,batik-bali,41,3,train
/kaggle/input/datasets/dionisiusdh/indonesian-batik-motifs/batik-bali/48.jpg,48.jpg,batik-bali,42,3,train
/kaggle/input/datasets/dionisiusdh/indonesian-batik-motifs/batik-bali/49.jpg,49.jpg,batik-bali,43,3,train
/kaggle/input/datasets/dionisiusdh/indonesian-batik-motifs/batik-bali/5.jpg,5.jpg,batik-bali,44,3,train
/kaggle/input/datasets/dionisiusdh/indonesian-batik-motifs/batik-bali/50.jpg,50.jpg,batik-bali,45,3,train
/kaggle/input/datasets/dionisiusdh/indonesian-batik-motifs/batik-bali/6.jpg,6.jpg,batik-bali,46,3,train
/kaggle/input/datasets/dionisiusdh/indonesian-batik-motifs/batik-bali/7.jpg,7.jpg,batik-bali,47,3,train
/kaggle/input/datasets/dionisiusdh/indonesian-batik-motifs/batik-bali/8.jpg,8.jpg,batik-bali,48,3,train
/kaggle/input/datasets/dionisiusdh/indonesian-batik-motifs/batik-bali/9.jpg,9.jpg,batik-bali,49,3,test
/kaggle/input/datasets/dionisiusdh/indonesian-batik-motifs/batik-betawi/1.jpg,1.jpg,batik-betawi,50,3,train
/kaggle/input/datasets/dionisiusdh/indonesian-batik-motifs/batik-betawi/10.jpg,10.jpg,batik-betawi,51,3,train
/kaggle/input/datasets/dionisiusdh/indonesian-batik-motifs/batik-betawi/11.jpg,11.jpg,batik-betawi,52,3,train
/kaggle/input/datasets/dionisiusdh/indonesian-batik-motifs/batik-betawi/12.jpg,12.jpg,batik-betawi,53,3,test
/kaggle/input/datasets/dionisiusdh/indonesian-batik-motifs/batik-betawi/13.jpg,13.jpg,batik-betawi,54,3,train
/kaggle/input/datasets/dionisiusdh/indonesian-batik-motifs/batik-betawi/14.jpg,14.jpg,batik-betawi,55,3,train
/kaggle/input/datasets/dionisiusdh/indonesian-batik-motifs/batik-betawi/15.jpg,15.jpg,batik-betawi,56,3,train
/kaggle/input/datasets/dionisiusdh/indonesian-batik-motifs/batik-betawi/16.jpg,16.jpg,batik-betawi,57,3,train
/kaggle/input/datasets/dionisiusdh/indonesian-batik-motifs/batik-betawi/17.jpg,17.jpg,batik-betawi,58,3,test
/kaggle/input/datasets/dionisiusdh/indonesian-batik-motifs/batik-betawi/18.jpg,18.jpg,batik-betawi,59,3,test
/kaggle/input/datasets/dionisiusdh/indonesian-batik-motifs/batik-betawi/19.jpg,19.jpg,batik-betawi,60,3,test
/kaggle/input/datasets/dionisiusdh/indonesian-batik-motifs/batik-betawi/2.jpg,2.jpg,batik-betawi,61,3,test
/kaggle/input/datasets/dionisiusdh/indonesian-batik-motifs/batik-betawi/20.jpg,20.jpg,batik-betawi,62,3,train
/kaggle/input/datasets/dionisiusdh/indonesian-batik-motifs/batik-betawi/21.jpg,21.jpg,batik-betawi,63,3,test
/kaggle/input/datasets/dionisiusdh/indonesian-batik-motifs/batik-betawi/22.jpg,22.jpg,batik-betawi,64,3,train
/kaggle/input/datasets/dionisiusdh/indonesian-batik-motifs/batik-betawi/23.jpg,23.jpg,batik-betawi,65,3,train
/kaggle/input/datasets/dionisiusdh/indonesian-batik-motifs/batik-betawi/24.jpg,24.jpg,batik-betawi,66,3,train
/kaggle/input/datasets/dionisiusdh/indonesian-batik-motifs/batik-betawi/25.jpg,25.jpg,batik-betawi,67,3,test
/kaggle/input/datasets/dionisiusdh/indonesian-batik-motifs/batik-betawi/26.jpg,26.jpg,batik-betawi,68,3,train
/kaggle/input/datasets/dionisiusdh/indonesian-batik-motifs/batik-betawi/27.jpg,27.jpg,batik-betawi,69,3,test
/kaggle/input/datasets/dionisiusdh/indonesian-batik-motifs/batik-betawi/28.jpg,28.jpg,batik-betawi,70,3,train
/kaggle/input/datasets/dionisiusdh/indonesian-batik-motifs/batik-betawi/29.jpg,29.jpg,batik-betawi,71,3,train
/kaggle/input/datasets/dionisiusdh/indonesian-batik-motifs/batik-betawi/3.jpg,3.jpg,batik-betawi,72,3,train
/kaggle/input/datasets/dionisiusdh/indonesian-batik-motifs/batik-betawi/30.jpg,30.jpg,batik-betawi,73,3,train
/kaggle/input/datasets/dionisiusdh/indonesian-batik-motifs/batik-betawi/31.jpg,31.jpg,batik-betawi,74,3,train
/kaggle/input/datasets/dionisiusdh/indonesian-batik-motifs/batik-betawi/32.jpg,32.jpg,batik-betawi,75,3,train
/kaggle/input/datasets/dionisiusdh/indonesian-batik-motifs/batik-betawi/33.jpg,33.jpg,batik-betawi,4,3,test
/kaggle/input/datasets/dionisiusdh/indonesian-batik-motifs/batik-betawi/34.jpg,34.jpg,batik-betawi,77,3,train
/kaggle/input/datasets/dionisiusdh/indonesian-batik-motifs/batik-betawi/35.jpg,35.jpg,batik-betawi,54,3,train
/kaggle/input/datasets/dionisiusdh/indonesian-batik-motifs/batik-betawi/36.jpg,36.jpg,batik-betawi,79,3,train
/kaggle/input/datasets/dionisiusdh/indonesian-batik-motifs/batik-betawi/37.jpg,37.jpg,batik-betawi,80,3,train
/kaggle/input/datasets/dionisiusdh/indonesian-batik-motifs/batik-betawi/38.jpg,38.jpg,batik-betawi,81,3,train
/kaggle/input/datasets/dionisiusdh/indonesian-batik-motifs/batik-betawi/39.jpg,39.jpg,batik-betawi,82,3,test
/kaggle/input/datasets/dionisiusdh/indonesian-batik-motifs/batik-betawi/4.jpg,4.jpg,batik-betawi,83,3,train
/kaggle/input/datasets/dionisiusdh/indonesian-batik-motifs/batik-betawi/40.jpg,40.jpg,batik-betawi,84,3,test
/kaggle/input/datasets/dionisiusdh/indonesian-batik-motifs/batik-betawi/41.jpg,41.jpg,batik-betawi,85,3,test
/kaggle/input/datasets/dionisiusdh/indonesian-batik-motifs/batik-betawi/42.jpg,42.jpg,batik-betawi,86,3,train
/kaggle/input/datasets/dionisiusdh/indonesian-batik-motifs/batik-betawi/43.jpg,43.jpg,batik-betawi,87,3,train
/kaggle/input/datasets/dionisiusdh/indonesian-batik-motifs/batik-betawi/44.jpg,44.jpg,batik-betawi,88,3,test
/kaggle/input/datasets/dionisiusdh/indonesian-batik-motifs/batik-betawi/45.jpg,45.jpg,batik-betawi,89,3,test
/kaggle/input/datasets/dionisiusdh/indonesian-batik-motifs/batik-betawi/46.jpg,46.jpg,batik-betawi,90,3,test
/kaggle/input/datasets/dionisiusdh/indonesian-batik-motifs/batik-betawi/47.jpg,47.jpg,batik-betawi,91,3,test
/kaggle/input/datasets/dionisiusdh/indonesian-batik-motifs/batik-betawi/48.jpg,48.jpg,batik-betawi,92,3,train
/kaggle/input/datasets/dionisiusdh/indonesian-batik-motifs/batik-betawi/49.jpg,49.jpg,batik-betawi,93,3,train
/kaggle/input/datasets/dionisiusdh/indonesian-batik-motifs/batik-betawi/5.jpg,5.jpg,batik-betawi,55,3,train
/kaggle/input/datasets/dionisiusdh/indonesian-batik-motifs/batik-betawi/50.jpg,50.jpg,batik-betawi,95,3,train
/kaggle/input/datasets/dionisiusdh/indonesian-batik-motifs/batik-betawi/6.jpg,6.jpg,batik-betawi,96,3,test
/kaggle/input/datasets/dionisiusdh/indonesian-batik-motifs/batik-betawi/7.jpg,7.jpg,batik-betawi,97,3,train
/kaggle/input/datasets/dionisiusdh/indonesian-batik-motifs/batik-betawi/8.jpg,8.jpg,batik-betawi,98,3,train
/kaggle/input/datasets/dionisiusdh/indonesian-batik-motifs/batik-betawi/9.jpg,9.jpg,batik-betawi,99,3,train
/kaggle/input/datasets/dionisiusdh/indonesian-batik-motifs/batik-celup/1.jpg,1.jpg,batik-celup,100,3,train
/kaggle/input/datasets/dionisiusdh/indonesian-batik-motifs/batik-celup/10.jpg,10.jpg,batik-celup,101,3,train
/kaggle/input/datasets/dionisiusdh/indonesian-batik-motifs/batik-celup/11.jpg,11.jpg,batik-celup,102,3,train
/kaggle/input/datasets/dionisiusdh/indonesian-batik-motifs/batik-celup/12.jpg,12.jpg,batik-celup,103,3,train
/kaggle/input/datasets/dionisiusdh/indonesian-batik-motifs/batik-celup/13.jpg,13.jpg,batik-celup,104,3,train
/kaggle/input/datasets/dionisiusdh/indonesian-batik-motifs/batik-celup/14.jpg,14.jpg,batik-celup,105,3,test
/kaggle/input/datasets/dionisiusdh/indonesian-batik-motifs/batik-celup/15.jpg,15.jpg,batik-celup,106,3,test
/kaggle/input/datasets/dionisiusdh/indonesian-batik-motifs/batik-celup/16.jpg,16.jpg,batik-celup,107,3,test
/kaggle/input/datasets/dionisiusdh/indonesian-batik-motifs/batik-celup/17.jpg,17.jpg,batik-celup,108,3,train
/kaggle/input/datasets/dionisiusdh/indonesian-batik-motifs/batik-celup/18.jpg,18.jpg,batik-celup,109,3,train
/kaggle/input/datasets/dionisiusdh/indonesian-batik-motifs/batik-celup/19.jpg,19.jpg,batik-celup,110,3,test
/kaggle/input/datasets/dionisiusdh/indonesian-batik-motifs/batik-celup/2.jpg,2.jpg,batik-celup,111,3,train
/kaggle/input/datasets/dionisiusdh/indonesian-batik-motifs/batik-celup/20.jpg,20.jpg,batik-celup,112,3,test
/kaggle/input/datasets/dionisiusdh/indonesian-batik-motifs/batik-celup/21.jpg,21.jpg,batik-celup,114,3,train
/kaggle/input/datasets/dionisiusdh/indonesian-batik-motifs/batik-celup/22.jpg,22.jpg,batik-celup,114,3,train
/kaggle/input/datasets/dionisiusdh/indonesian-batik-motifs/batik-celup/23.jpg,23.jpg,batik-celup,114,3,train
/kaggle/input/datasets/dionisiusdh/indonesian-batik-motifs/batik-celup/24.jpg,24.jpg,batik-celup,116,3,train
/kaggle/input/datasets/dionisiusdh/indonesian-batik-motifs/batik-celup/25.jpg,25.jpg,batik-celup,117,3,train
/kaggle/input/datasets/dionisiusdh/indonesian-batik-motifs/batik-celup/26.jpg,26.jpg,batik-celup,118,3,train
/kaggle/input/datasets/dionisiusdh/indonesian-batik-motifs/batik-celup/27.jpg,27.jpg,batik-celup,119,3,test
/kaggle/input/datasets/dionisiusdh/indonesian-batik-motifs/batik-celup/28.jpg,28.jpg,batik-celup,120,3,train
/kaggle/input/datasets/dionisiusdh/indonesian-batik-motifs/batik-celup/29.jpg,29.jpg,batik-celup,114,3,train
/kaggle/input/datasets/dionisiusdh/indonesian-batik-motifs/batik-celup/3.jpg,3.jpg,batik-celup,122,3,train
/kaggle/input/datasets/dionisiusdh/indonesian-batik-motifs/batik-celup/30.jpg,30.jpg,batik-celup,123,3,train
/kaggle/input/datasets/dionisiusdh/indonesian-batik-motifs/batik-celup/31.jpg,31.jpg,batik-celup,124,3,train
/kaggle/input/datasets/dionisiusdh/indonesian-batik-motifs/batik-celup/32.jpg,32.jpg,batik-celup,125,3,train
/kaggle/input/datasets/dionisiusdh/indonesian-batik-motifs/batik-celup/33.jpg,33.jpg,batik-celup,126,3,test
/kaggle/input/datasets/dionisiusdh/indonesian-batik-motifs/batik-celup/34.jpg,34.jpg,batik-celup,127,3,train
/kaggle/input/datasets/dionisiusdh/indonesian-batik-motifs/batik-celup/35.jpg,35.jpg,batik-celup,128,3,train
/kaggle/input/datasets/dionisiusdh/indonesian-batik-motifs/batik-celup/36.jpg,36.jpg,batik-celup,129,3,test
/kaggle/input/datasets/dionisiusdh/indonesian-batik-motifs/batik-celup/37.jpg,37.jpg,batik-celup,130,3,test
/kaggle/input/datasets/dionisiusdh/indonesian-batik-motifs/batik-celup/38.jpg,38.jpg,batik-celup,131,3,train
/kaggle/input/datasets/dionisiusdh/indonesian-batik-motifs/batik-celup/39.jpg,39.jpg,batik-celup,132,3,train
/kaggle/input/datasets/dionisiusdh/indonesian-batik-motifs/batik-celup/4.jpg,4.jpg,batik-celup,133,3,train
/kaggle/input/datasets/dionisiusdh/indonesian-batik-motifs/batik-celup/40.jpg,40.jpg,batik-celup,134,3,test
/kaggle/input/datasets/dionisiusdh/indonesian-batik-motifs/batik-celup/41.jpg,41.jpg,batik-celup,135,3,train
/kaggle/input/datasets/dionisiusdh/indonesian-batik-motifs/batik-celup/42.jpg,42.jpg,batik-celup,136,3,train
/kaggle/input/datasets/dionisiusdh/indonesian-batik-motifs/batik-celup/43.jpg,43.jpg,batik-celup,137,3,test
/kaggle/input/datasets/dionisiusdh/indonesian-batik-motifs/batik-celup/44.jpg,44.jpg,batik-celup,138,3,train
/kaggle/input/datasets/dionisiusdh/indonesian-batik-motifs/batik-celup/45.jpg,45.jpg,batik-celup,139,3,train
/kaggle/input/datasets/dionisiusdh/indonesian-batik-motifs/batik-celup/46.jpg,46.jpg,batik-celup,140,3,test
/kaggle/input/datasets/dionisiusdh/indonesian-batik-motifs/batik-celup/47.jpg,47.jpg,batik-celup,141,3,train
/kaggle/input/datasets/dionisiusdh/indonesian-batik-motifs/batik-celup/48.jpg,48.jpg,batik-celup,142,3,train
/kaggle/input/datasets/dionisiusdh/indonesian-batik-motifs/batik-celup/49.jpg,49.jpg,batik-celup,143,3,test
/kaggle/input/datasets/dionisiusdh/indonesian-batik-motifs/batik-celup/5.jpg,5.jpg,batik-celup,144,3,train
/kaggle/input/datasets/dionisiusdh/indonesian-batik-motifs/batik-celup/50.jpg,50.jpg,batik-celup,145,3,test
/kaggle/input/datasets/dionisiusdh/indonesian-batik-motifs/batik-celup/6.jpg,6.jpg,batik-celup,146,3,train
/kaggle/input/datasets/dionisiusdh/indonesian-batik-motifs/batik-celup/7.jpg,7.jpg,batik-celup,147,3,train
/kaggle/input/datasets/dionisiusdh/indonesian-batik-motifs/batik-celup/8.jpg,8.jpg,batik-celup,148,3,train
/kaggle/input/datasets/dionisiusdh/indonesian-batik-motifs/batik-celup/9.jpg,9.jpg,batik-celup,149,3,test
/kaggle/input/datasets/dionisiusdh/indonesian-batik-motifs/batik-cendrawasih/1.jpg,1.jpg,batik-cendrawasih,150,3,train
/kaggle/input/datasets/dionisiusdh/indonesian-batik-motifs/batik-cendrawasih/10.jpg,10.jpg,batik-cendrawasih,151,3,train
/kaggle/input/datasets/dionisiusdh/indonesian-batik-motifs/batik-cendrawasih/11.jpg,11.jpg,batik-cendrawasih,152,3,train
/kaggle/input/datasets/dionisiusdh/indonesian-batik-motifs/batik-cendrawasih/12.jpg,12.jpg,batik-cendrawasih,153,3,test
/kaggle/input/datasets/dionisiusdh/indonesian-batik-motifs/batik-cendrawasih/13.jpg,13.jpg,batik-cendrawasih,154,3,test
/kaggle/input/datasets/dionisiusdh/indonesian-batik-motifs/batik-cendrawasih/14.jpg,14.jpg,batik-cendrawasih,155,3,train
/kaggle/input/datasets/dionisiusdh/indonesian-batik-motifs/batik-cendrawasih/15.jpg,15.jpg,batik-cendrawasih,156,3,test
/kaggle/input/datasets/dionisiusdh/indonesian-batik-motifs/batik-cendrawasih/16.jpg,16.jpg,batik-cendrawasih,157,3,test
/kaggle/input/datasets/dionisiusdh/indonesian-batik-motifs/batik-cendrawasih/17.jpg,17.jpg,batik-cendrawasih,158,3,train
/kaggle/input/datasets/dionisiusdh/indonesian-batik-motifs/batik-cendrawasih/19.jpg,19.jpg,batik-cendrawasih,159,3,train
/kaggle/input/datasets/dionisiusdh/indonesian-batik-motifs/batik-cendrawasih/2.jpg,2.jpg,batik-cendrawasih,160,3,train
/kaggle/input/datasets/dionisiusdh/indonesian-batik-motifs/batik-cendrawasih/20.jpg,20.jpg,batik-cendrawasih,161,3,test
/kaggle/input/datasets/dionisiusdh/indonesian-batik-motifs/batik-cendrawasih/21.jpg,21.jpg,batik-cendrawasih,162,3,train
/kaggle/input/datasets/dionisiusdh/indonesian-batik-motifs/batik-cendrawasih/22.jpg,22.jpg,batik-cendrawasih,163,3,test
/kaggle/input/datasets/dionisiusdh/indonesian-batik-motifs/batik-cendrawasih/23.jpg,23.jpg,batik-cendrawasih,164,3,test
/kaggle/input/datasets/dionisiusdh/indonesian-batik-motifs/batik-cendrawasih/24.jpg,24.jpg,batik-cendrawasih,165,3,train
/kaggle/input/datasets/dionisiusdh/indonesian-batik-motifs/batik-cendrawasih/25.jpg,25.jpg,batik-cendrawasih,166,3,train
/kaggle/input/datasets/dionisiusdh/indonesian-batik-motifs/batik-cendrawasih/26.jpg,26.jpg,batik-cendrawasih,167,3,train
/kaggle/input/datasets/dionisiusdh/indonesian-batik-motifs/batik-cendrawasih/27.jpg,27.jpg,batik-cendrawasih,168,3,train
/kaggle/input/datasets/dionisiusdh/indonesian-batik-motifs/batik-cendrawasih/28.jpg,28.jpg,batik-cendrawasih,169,3,test
/kaggle/input/datasets/dionisiusdh/indonesian-batik-motifs/batik-cendrawasih/29.jpg,29.jpg,batik-cendrawasih,170,3,test
/kaggle/input/datasets/dionisiusdh/indonesian-batik-motifs/batik-cendrawasih/3.jpg,3.jpg,batik-cendrawasih,171,3,train
/kaggle/input/datasets/dionisiusdh/indonesian-batik-motifs/batik-cendrawasih/30.jpg,30.jpg,batik-cendrawasih,172,3,train
/kaggle/input/datasets/dionisiusdh/indonesian-batik-motifs/batik-cendrawasih/31.jpg,31.jpg,batik-cendrawasih,173,3,test
/kaggle/input/datasets/dionisiusdh/indonesian-batik-motifs/batik-cendrawasih/32.jpg,32.jpg,batik-cendrawasih,174,3,train
/kaggle/input/datasets/dionisiusdh/indonesian-batik-motifs/batik-cendrawasih/33.jpg,33.jpg,batik-cendrawasih,175,3,test
/kaggle/input/datasets/dionisiusdh/indonesian-batik-motifs/batik-cendrawasih/34.jpg,34.jpg,batik-cendrawasih,176,3,train
/kaggle/input/datasets/dionisiusdh/indonesian-batik-motifs/batik-cendrawasih/35.jpg,35.jpg,batik-cendrawasih,177,3,train
/kaggle/input/datasets/dionisiusdh/indonesian-batik-motifs/batik-cendrawasih/36.jpg,36.jpg,batik-cendrawasih,178,3,train
/kaggle/input/datasets/dionisiusdh/indonesian-batik-motifs/batik-cendrawasih/37.jpg,37.jpg,batik-cendrawasih,179,3,train
/kaggle/input/datasets/dionisiusdh/indonesian-batik-motifs/batik-cendrawasih/38.jpg,38.jpg,batik-cendrawasih,180,3,train
/kaggle/input/datasets/dionisiusdh/indonesian-batik-motifs/batik-cendrawasih/39.jpg,39.jpg,batik-cendrawasih,181,3,test
/kaggle/input/datasets/dionisiusdh/indonesian-batik-motifs/batik-cendrawasih/4.jpg,4.jpg,batik-cendrawasih,182,3,train
/kaggle/input/datasets/dionisiusdh/indonesian-batik-motifs/batik-cendrawasih/40.jpg,40.jpg,batik-cendrawasih,183,3,train
/kaggle/input/datasets/dionisiusdh/indonesian-batik-motifs/batik-cendrawasih/41.jpg,41.jpg,batik-cendrawasih,184,3,train
/kaggle/input/datasets/dionisiusdh/indonesian-batik-motifs/batik-cendrawasih/42.jpg,42.jpg,batik-cendrawasih,185,3,train
/kaggle/input/datasets/dionisiusdh/indonesian-batik-motifs/batik-cendrawasih/43.jpg,43.jpg,batik-cendrawasih,186,3,train
/kaggle/input/datasets/dionisiusdh/indonesian-batik-motifs/batik-cendrawasih/44.jpg,44.jpg,batik-cendrawasih,187,3,train
/kaggle/input/datasets/dionisiusdh/indonesian-batik-motifs/batik-cendrawasih/45.jpg,45.jpg,batik-cendrawasih,188,3,train
/kaggle/input/datasets/dionisiusdh/indonesian-batik-motifs/batik-cendrawasih/46.jpg,46.jpg,batik-cendrawasih,189,3,train
/kaggle/input/datasets/dionisiusdh/indonesian-batik-motifs/batik-cendrawasih/47.jpg,47.jpg,batik-cendrawasih,190,3,test
/kaggle/input/datasets/dionisiusdh/indonesian-batik-motifs/batik-cendrawasih/48.jpg,48.jpg,batik-cendrawasih,191,3,train
/kaggle/input/datasets/dionisiusdh/indonesian-batik-motifs/batik-cendrawasih/49.jpg,49.jpg,batik-cendrawasih,192,3,train
/kaggle/input/datasets/dionisiusdh/indonesian-batik-motifs/batik-cendrawasih/5.jpg,5.jpg,batik-cendrawasih,193,3,train
/kaggle/input/datasets/dionisiusdh/indonesian-batik-motifs/batik-cendrawasih/50.jpg,50.jpg,batik-cendrawasih,194,3,train
/kaggle/input/datasets/dionisiusdh/indonesian-batik-motifs/batik-cendrawasih/6.jpg,6.jpg,batik-cendrawasih,195,3,train
/kaggle/input/datasets/dionisiusdh/indonesian-batik-motifs/batik-cendrawasih/7.jpg,7.jpg,batik-cendrawasih,196,3,test
/kaggle/input/datasets/dionisiusdh/indonesian-batik-motifs/batik-cendrawasih/8.jpg,8.jpg,batik-cendrawasih,197,3,train
/kaggle/input/datasets/dionisiusdh/indonesian-batik-motifs/batik-cendrawasih/9.jpg,9.jpg,batik-cendrawasih,198,3,test
/kaggle/input/datasets/dionisiusdh/indonesian-batik-motifs/batik-ceplok/10.jpg,10.jpg,batik-ceplok,199,3,train
/kaggle/input/datasets/dionisiusdh/indonesian-batik-motifs/batik-ceplok/11.jpg,11.jpg,batik-ceplok,200,3,train
/kaggle/input/datasets/dionisiusdh/indonesian-batik-motifs/batik-ceplok/12.jpg,12.jpg,batik-ceplok,201,3,test
/kaggle/input/datasets/dionisiusdh/indonesian-batik-motifs/batik-ceplok/13.jpg,13.jpg,batik-ceplok,7,3,train
/kaggle/input/datasets/dionisiusdh/indonesian-batik-motifs/batik-ceplok/14.jpg,14.jpg,batik-ceplok,203,3,train
/kaggle/input/datasets/dionisiusdh/indonesian-batik-motifs/batik-ceplok/15.jpg,15.jpg,batik-ceplok,204,3,train
/kaggle/input/datasets/dionisiusdh/indonesian-batik-motifs/batik-ceplok/17.jpg,17.jpg,batik-ceplok,205,3,test
/kaggle/input/datasets/dionisiusdh/indonesian-batik-motifs/batik-ceplok/18.jpg,18.jpg,batik-ceplok,206,3,test
/kaggle/input/datasets/dionisiusdh/indonesian-batik-motifs/batik-ceplok/19.jpg,19.jpg,batik-ceplok,207,3,train
/kaggle/input/datasets/dionisiusdh/indonesian-batik-motifs/batik-ceplok/2.jpg,2.jpg,batik-ceplok,208,3,test
/kaggle/input/datasets/dionisiusdh/indonesian-batik-motifs/batik-ceplok/20.jpg,20.jpg,batik-ceplok,209,3,train
/kaggle/input/datasets/dionisiusdh/indonesian-batik-motifs/batik-ceplok/21.jpg,21.jpg,batik-ceplok,210,3,test
/kaggle/input/datasets/dionisiusdh/indonesian-batik-motifs/batik-ceplok/22.jpg,22.jpg,batik-ceplok,211,3,train
/kaggle/input/datasets/dionisiusdh/indonesian-batik-motifs/batik-ceplok/23.jpg,23.jpg,batik-ceplok,212,3,train
/kaggle/input/datasets/dionisiusdh/indonesian-batik-motifs/batik-ceplok/24.jpg,24.jpg,batik-ceplok,213,3,train
/kaggle/input/datasets/dionisiusdh/indonesian-batik-motifs/batik-ceplok/25.jpg,25.jpg,batik-ceplok,214,3,train
/kaggle/input/datasets/dionisiusdh/indonesian-batik-motifs/batik-ceplok/26.jpg,26.jpg,batik-ceplok,215,3,train
/kaggle/input/datasets/dionisiusdh/indonesian-batik-motifs/batik-ceplok/27.jpg,27.jpg,batik-ceplok,215,3,train
/kaggle/input/datasets/dionisiusdh/indonesian-batik-motifs/batik-ceplok/28.jpg,28.jpg,batik-ceplok,217,3,train
/kaggle/input/datasets/dionisiusdh/indonesian-batik-motifs/batik-ceplok/29.jpg,29.jpg,batik-ceplok,218,3,train
/kaggle/input/datasets/dionisiusdh/indonesian-batik-motifs/batik-ceplok/3.jpg,3.jpg,batik-ceplok,219,3,train
/kaggle/input/datasets/dionisiusdh/indonesian-batik-motifs/batik-ceplok/30.jpg,30.jpg,batik-ceplok,220,3,train
/kaggle/input/datasets/dionisiusdh/indonesian-batik-motifs/batik-ceplok/31.jpg,31.jpg,batik-ceplok,221,3,train
/kaggle/input/datasets/dionisiusdh/indonesian-batik-motifs/batik-ceplok/32.jpg,32.jpg,batik-ceplok,222,3,test
/kaggle/input/datasets/dionisiusdh/indonesian-batik-motifs/batik-ceplok/33.jpg,33.jpg,batik-ceplok,223,3,train
/kaggle/input/datasets/dionisiusdh/indonesian-batik-motifs/batik-ceplok/34.jpg,34.jpg,batik-ceplok,224,3,train
/kaggle/input/datasets/dionisiusdh/indonesian-batik-motifs/batik-ceplok/35.jpg,35.jpg,batik-ceplok,225,3,train
/kaggle/input/datasets/dionisiusdh/indonesian-batik-motifs/batik-ceplok/36.jpg,36.jpg,batik-ceplok,226,3,train
/kaggle/input/datasets/dionisiusdh/indonesian-batik-motifs/batik-ceplok/37.jpg,37.jpg,batik-ceplok,227,3,train
/kaggle/input/datasets/dionisiusdh/indonesian-batik-motifs/batik-ceplok/38.jpg,38.jpg,batik-ceplok,228,3,test
/kaggle/input/datasets/dionisiusdh/indonesian-batik-motifs/batik-ceplok/39.jpg,39.jpg,batik-ceplok,229,3,test
/kaggle/input/datasets/dionisiusdh/indonesian-batik-motifs/batik-ceplok/4.jpg,4.jpg,batik-ceplok,230,3,train
/kaggle/input/datasets/dionisiusdh/indonesian-batik-motifs/batik-ceplok/40.jpg,40.jpg,batik-ceplok,231,3,train
/kaggle/input/datasets/dionisiusdh/indonesian-batik-motifs/batik-ceplok/41.jpg,41.jpg,batik-ceplok,232,3,test
/kaggle/input/datasets/dionisiusdh/indonesian-batik-motifs/batik-ceplok/42.jpg,42.jpg,batik-ceplok,233,3,test
/kaggle/input/datasets/dionisiusdh/indonesian-batik-motifs/batik-ceplok/43.jpg,43.jpg,batik-ceplok,756,3,test
/kaggle/input/datasets/dionisiusdh/indonesian-batik-motifs/batik-ceplok/44.jpg,44.jpg,batik-ceplok,235,3,test
/kaggle/input/datasets/dionisiusdh/indonesian-batik-motifs/batik-ceplok/45.jpg,45.jpg,batik-ceplok,236,3,train
/kaggle/input/datasets/dionisiusdh/indonesian-batik-motifs/batik-ceplok/46.jpg,46.jpg,batik-ceplok,237,3,train
/kaggle/input/datasets/dionisiusdh/indonesian-batik-motifs/batik-ceplok/47.jpg,47.jpg,batik-ceplok,756,3,test
/kaggle/input/datasets/dionisiusdh/indonesian-batik-motifs/batik-ceplok/48.jpg,48.jpg,batik-ceplok,239,3,test
/kaggle/input/datasets/dionisiusdh/indonesian-batik-motifs/batik-ceplok/49.jpg,49.jpg,batik-ceplok,240,3,train
/kaggle/input/datasets/dionisiusdh/indonesian-batik-motifs/batik-ceplok/5.jpg,5.jpg,batik-ceplok,241,3,train
/kaggle/input/datasets/dionisiusdh/indonesian-batik-motifs/batik-ceplok/50.jpg,50.jpg,batik-ceplok,242,3,test
/kaggle/input/datasets/dionisiusdh/indonesian-batik-motifs/batik-ceplok/6.jpg,6.jpg,batik-ceplok,243,3,train
/kaggle/input/datasets/dionisiusdh/indonesian-batik-motifs/batik-ceplok/7.jpg,7.jpg,batik-ceplok,244,3,train
/kaggle/input/datasets/dionisiusdh/indonesian-batik-motifs/batik-ceplok/8.jpg,8.jpg,batik-ceplok,245,3,train
/kaggle/input/datasets/dionisiusdh/indonesian-batik-motifs/batik-ceplok/9.jpg,9.jpg,batik-ceplok,246,3,test
/kaggle/input/datasets/dionisiusdh/indonesian-batik-motifs/batik-ciamis/1.jpg,1.jpg,batik-ciamis,92,3,train
/kaggle/input/datasets/dionisiusdh/indonesian-batik-motifs/batik-ciamis/10.jpg,10.jpg,batik-ciamis,248,3,train
/kaggle/input/datasets/dionisiusdh/indonesian-batik-motifs/batik-ciamis/11.jpg,11.jpg,batik-ciamis,249,3,train
/kaggle/input/datasets/dionisiusdh/indonesian-batik-motifs/batik-ciamis/12.jpg,12.jpg,batik-ciamis,250,3,train
/kaggle/input/datasets/dionisiusdh/indonesian-batik-motifs/batik-ciamis/13.jpg,13.jpg,batik-ciamis,251,3,train
/kaggle/input/datasets/dionisiusdh/indonesian-batik-motifs/batik-ciamis/14.jpg,14.jpg,batik-ciamis,252,3,train
/kaggle/input/datasets/dionisiusdh/indonesian-batik-motifs/batik-ciamis/15.jpg,15.jpg,batik-ciamis,253,3,train
/kaggle/input/datasets/dionisiusdh/indonesian-batik-motifs/batik-ciamis/16.jpg,16.jpg,batik-ciamis,254,3,train
/kaggle/input/datasets/dionisiusdh/indonesian-batik-motifs/batik-ciamis/17.jpg,17.jpg,batik-ciamis,255,3,train
/kaggle/input/datasets/dionisiusdh/indonesian-batik-motifs/batik-ciamis/18.jpg,18.jpg,batik-ciamis,256,3,train
/kaggle/input/datasets/dionisiusdh/indonesian-batik-motifs/batik-ciamis/19.jpg,19.jpg,batik-ciamis,257,3,train
/kaggle/input/datasets/dionisiusdh/indonesian-batik-motifs/batik-ciamis/2.jpg,2.jpg,batik-ciamis,258,3,train
/kaggle/input/datasets/dionisiusdh/indonesian-batik-motifs/batik-ciamis/20.jpg,20.jpg,batik-ciamis,259,3,test
/kaggle/input/datasets/dionisiusdh/indonesian-batik-motifs/batik-ciamis/21.jpg,21.jpg,batik-ciamis,260,3,train
/kaggle/input/datasets/dionisiusdh/indonesian-batik-motifs/batik-ciamis/22.jpg,22.jpg,batik-ciamis,261,3,train
/kaggle/input/datasets/dionisiusdh/indonesian-batik-motifs/batik-ciamis/23.jpg,23.jpg,batik-ciamis,262,3,test
/kaggle/input/datasets/dionisiusdh/indonesian-batik-motifs/batik-ciamis/24.jpg,24.jpg,batik-ciamis,263,3,train
/kaggle/input/datasets/dionisiusdh/indonesian-batik-motifs/batik-ciamis/25.jpg,25.jpg,batik-ciamis,264,3,train
/kaggle/input/datasets/dionisiusdh/indonesian-batik-motifs/batik-ciamis/26.jpg,26.jpg,batik-ciamis,265,3,train
/kaggle/input/datasets/dionisiusdh/indonesian-batik-motifs/batik-ciamis/27.jpg,27.jpg,batik-ciamis,266,3,test
/kaggle/input/datasets/dionisiusdh/indonesian-batik-motifs/batik-ciamis/28.jpg,28.jpg,batik-ciamis,267,3,test
/kaggle/input/datasets/dionisiusdh/indonesian-batik-motifs/batik-ciamis/29.jpg,29.jpg,batik-ciamis,268,3,train
/kaggle/input/datasets/dionisiusdh/indonesian-batik-motifs/batik-ciamis/3.jpg,3.jpg,batik-ciamis,255,3,train
/kaggle/input/datasets/dionisiusdh/indonesian-batik-motifs/batik-ciamis/30.jpg,30.jpg,batik-ciamis,270,3,train
/kaggle/input/datasets/dionisiusdh/indonesian-batik-motifs/batik-ciamis/31.jpg,31.jpg,batik-ciamis,271,3,train
/kaggle/input/datasets/dionisiusdh/indonesian-batik-motifs/batik-ciamis/32.jpg,32.jpg,batik-ciamis,272,3,train
/kaggle/input/datasets/dionisiusdh/indonesian-batik-motifs/batik-ciamis/33.jpg,33.jpg,batik-ciamis,273,3,train
/kaggle/input/datasets/dionisiusdh/indonesian-batik-motifs/batik-ciamis/34.jpg,34.jpg,batik-ciamis,274,3,test
/kaggle/input/datasets/dionisiusdh/indonesian-batik-motifs/batik-ciamis/35.jpg,35.jpg,batik-ciamis,275,3,train
/kaggle/input/datasets/dionisiusdh/indonesian-batik-motifs/batik-ciamis/36.jpg,36.jpg,batik-ciamis,276,3,test
/kaggle/input/datasets/dionisiusdh/indonesian-batik-motifs/batik-ciamis/37.jpg,37.jpg,batik-ciamis,277,3,train
/kaggle/input/datasets/dionisiusdh/indonesian-batik-motifs/batik-ciamis/38.jpg,38.jpg,batik-ciamis,278,3,train
/kaggle/input/datasets/dionisiusdh/indonesian-batik-motifs/batik-ciamis/39.jpg,39.jpg,batik-ciamis,279,3,test
/kaggle/input/datasets/dionisiusdh/indonesian-batik-motifs/batik-ciamis/4.jpg,4.jpg,batik-ciamis,280,3,train
/kaggle/input/datasets/dionisiusdh/indonesian-batik-motifs/batik-ciamis/40.jpg,40.jpg,batik-ciamis,281,3,train
/kaggle/input/datasets/dionisiusdh/indonesian-batik-motifs/batik-ciamis/41.jpg,41.jpg,batik-ciamis,282,3,train
/kaggle/input/datasets/dionisiusdh/indonesian-batik-motifs/batik-ciamis/42.jpg,42.jpg,batik-ciamis,283,3,test
/kaggle/input/datasets/dionisiusdh/indonesian-batik-motifs/batik-ciamis/43.jpg,43.jpg,batik-ciamis,284,3,test
/kaggle/input/datasets/dionisiusdh/indonesian-batik-motifs/batik-ciamis/44.jpg,44.jpg,batik-ciamis,285,3,train
/kaggle/input/datasets/dionisiusdh/indonesian-batik-motifs/batik-ciamis/45.jpg,45.jpg,batik-ciamis,286,3,test
/kaggle/input/datasets/dionisiusdh/indonesian-batik-motifs/batik-ciamis/46.jpg,46.jpg,batik-ciamis,283,3,test
/kaggle/input/datasets/dionisiusdh/indonesian-batik-motifs/batik-ciamis/47.jpg,47.jpg,batik-ciamis,288,3,train
/kaggle/input/datasets/dionisiusdh/indonesian-batik-motifs/batik-ciamis/48.jpg,48.jpg,batik-ciamis,289,3,test
/kaggle/input/datasets/dionisiusdh/indonesian-batik-motifs/batik-ciamis/49.jpg,49.jpg,batik-ciamis,290,3,train
/kaggle/input/datasets/dionisiusdh/indonesian-batik-motifs/batik-ciamis/5.jpg,5.jpg,batik-ciamis,291,3,train
/kaggle/input/datasets/dionisiusdh/indonesian-batik-motifs/batik-ciamis/50.jpg,50.jpg,batik-ciamis,280,3,train
/kaggle/input/datasets/dionisiusdh/indonesian-batik-motifs/batik-ciamis/6.jpg,6.jpg,batik-ciamis,293,3,train
/kaggle/input/datasets/dionisiusdh/indonesian-batik-motifs/batik-ciamis/7.jpg,7.jpg,batik-ciamis,294,3,test
/kaggle/input/datasets/dionisiusdh/indonesian-batik-motifs/batik-ciamis/8.jpg,8.jpg,batik-ciamis,295,3,test
/kaggle/input/datasets/dionisiusdh/indonesian-batik-motifs/batik-ciamis/9.jpg,9.jpg,batik-ciamis,296,3,test
/kaggle/input/datasets/dionisiusdh/indonesian-batik-motifs/batik-garutan/1.jpg,1.jpg,batik-garutan,297,3,train
/kaggle/input/datasets/dionisiusdh/indonesian-batik-motifs/batik-garutan/10.jpg,10.jpg,batik-garutan,298,3,train
/kaggle/input/datasets/dionisiusdh/indonesian-batik-motifs/batik-garutan/11.jpg,11.jpg,batik-garutan,299,3,test
/kaggle/input/datasets/dionisiusdh/indonesian-batik-motifs/batik-garutan/12.jpg,12.jpg,batik-garutan,300,3,test
/kaggle/input/datasets/dionisiusdh/indonesian-batik-motifs/batik-garutan/13.jpg,13.jpg,batik-garutan,301,3,test
/kaggle/input/datasets/dionisiusdh/indonesian-batik-motifs/batik-garutan/14.jpg,14.jpg,batik-garutan,302,3,train
/kaggle/input/datasets/dionisiusdh/indonesian-batik-motifs/batik-garutan/15.jpg,15.jpg,batik-garutan,303,3,train
/kaggle/input/datasets/dionisiusdh/indonesian-batik-motifs/batik-garutan/16.jpg,16.jpg,batik-garutan,304,3,train
/kaggle/input/datasets/dionisiusdh/indonesian-batik-motifs/batik-garutan/17.jpg,17.jpg,batik-garutan,305,3,test
/kaggle/input/datasets/dionisiusdh/indonesian-batik-motifs/batik-garutan/18.jpg,18.jpg,batik-garutan,306,3,test
/kaggle/input/datasets/dionisiusdh/indonesian-batik-motifs/batik-garutan/19.jpg,19.jpg,batik-garutan,307,3,test
/kaggle/input/datasets/dionisiusdh/indonesian-batik-motifs/batik-garutan/2.jpg,2.jpg,batik-garutan,308,3,train
/kaggle/input/datasets/dionisiusdh/indonesian-batik-motifs/batik-garutan/20.jpg,20.jpg,batik-garutan,309,3,train
/kaggle/input/datasets/dionisiusdh/indonesian-batik-motifs/batik-garutan/21.jpg,21.jpg,batik-garutan,310,3,train
/kaggle/input/datasets/dionisiusdh/indonesian-batik-motifs/batik-garutan/22.jpg,22.jpg,batik-garutan,311,3,test
/kaggle/input/datasets/dionisiusdh/indonesian-batik-motifs/batik-garutan/23.jpg,23.jpg,batik-garutan,312,3,train
/kaggle/input/datasets/dionisiusdh/indonesian-batik-motifs/batik-garutan/24.jpg,24.jpg,batik-garutan,313,3,train
/kaggle/input/datasets/dionisiusdh/indonesian-batik-motifs/batik-garutan/25.jpg,25.jpg,batik-garutan,314,3,test
/kaggle/input/datasets/dionisiusdh/indonesian-batik-motifs/batik-garutan/26.jpg,26.jpg,batik-garutan,315,3,train
/kaggle/input/datasets/dionisiusdh/indonesian-batik-motifs/batik-garutan/27.jpg,27.jpg,batik-garutan,316,3,train
/kaggle/input/datasets/dionisiusdh/indonesian-batik-motifs/batik-garutan/28.jpg,28.jpg,batik-garutan,317,3,train
/kaggle/input/datasets/dionisiusdh/indonesian-batik-motifs/batik-garutan/29.jpg,29.jpg,batik-garutan,318,3,test
/kaggle/input/datasets/dionisiusdh/indonesian-batik-motifs/batik-garutan/3.jpg,3.jpg,batik-garutan,319,3,train
/kaggle/input/datasets/dionisiusdh/indonesian-batik-motifs/batik-garutan/30.jpg,30.jpg,batik-garutan,320,3,train
/kaggle/input/datasets/dionisiusdh/indonesian-batik-motifs/batik-garutan/31.jpg,31.jpg,batik-garutan,321,3,train
/kaggle/input/datasets/dionisiusdh/indonesian-batik-motifs/batik-garutan/32.jpg,32.jpg,batik-garutan,322,3,test
/kaggle/input/datasets/dionisiusdh/indonesian-batik-motifs/batik-garutan/33.jpg,33.jpg,batik-garutan,323,3,test
/kaggle/input/datasets/dionisiusdh/indonesian-batik-motifs/batik-garutan/34.jpg,34.jpg,batik-garutan,324,3,test
/kaggle/input/datasets/dionisiusdh/indonesian-batik-motifs/batik-garutan/35.jpg,35.jpg,batik-garutan,325,3,train
/kaggle/input/datasets/dionisiusdh/indonesian-batik-motifs/batik-garutan/36.jpg,36.jpg,batik-garutan,326,3,train
/kaggle/input/datasets/dionisiusdh/indonesian-batik-motifs/batik-garutan/37.jpg,37.jpg,batik-garutan,327,3,train
/kaggle/input/datasets/dionisiusdh/indonesian-batik-motifs/batik-garutan/38.jpg,38.jpg,batik-garutan,328,3,train
/kaggle/input/datasets/dionisiusdh/indonesian-batik-motifs/batik-garutan/39.jpg,39.jpg,batik-garutan,253,3,train
/kaggle/input/datasets/dionisiusdh/indonesian-batik-motifs/batik-garutan/4.jpg,4.jpg,batik-garutan,92,3,train
/kaggle/input/datasets/dionisiusdh/indonesian-batik-motifs/batik-garutan/40.jpg,40.jpg,batik-garutan,331,3,train
/kaggle/input/datasets/dionisiusdh/indonesian-batik-motifs/batik-garutan/41.jpg,41.jpg,batik-garutan,332,3,train
/kaggle/input/datasets/dionisiusdh/indonesian-batik-motifs/batik-garutan/42.jpg,42.jpg,batik-garutan,333,3,test
/kaggle/input/datasets/dionisiusdh/indonesian-batik-motifs/batik-garutan/43.jpg,43.jpg,batik-garutan,334,3,train
/kaggle/input/datasets/dionisiusdh/indonesian-batik-motifs/batik-garutan/44.jpg,44.jpg,batik-garutan,335,3,train
/kaggle/input/datasets/dionisiusdh/indonesian-batik-motifs/batik-garutan/45.jpg,45.jpg,batik-garutan,336,3,test
/kaggle/input/datasets/dionisiusdh/indonesian-batik-motifs/batik-garutan/46.jpg,46.jpg,batik-garutan,337,3,train
/kaggle/input/datasets/dionisiusdh/indonesian-batik-motifs/batik-garutan/47.jpg,47.jpg,batik-garutan,338,3,train
/kaggle/input/datasets/dionisiusdh/indonesian-batik-motifs/batik-garutan/48.jpg,48.jpg,batik-garutan,339,3,train
/kaggle/input/datasets/dionisiusdh/indonesian-batik-motifs/batik-garutan/49.jpg,49.jpg,batik-garutan,340,3,train
/kaggle/input/datasets/dionisiusdh/indonesian-batik-motifs/batik-garutan/5.jpg,5.jpg,batik-garutan,341,3,train
/kaggle/input/datasets/dionisiusdh/indonesian-batik-motifs/batik-garutan/50.jpg,50.jpg,batik-garutan,342,3,train
/kaggle/input/datasets/dionisiusdh/indonesian-batik-motifs/batik-garutan/6.jpg,6.jpg,batik-garutan,343,3,train
/kaggle/input/datasets/dionisiusdh/indonesian-batik-motifs/batik-garutan/7.jpg,7.jpg,batik-garutan,344,3,train
/kaggle/input/datasets/dionisiusdh/indonesian-batik-motifs/batik-garutan/8.jpg,8.jpg,batik-garutan,345,3,train
/kaggle/input/datasets/dionisiusdh/indonesian-batik-motifs/batik-garutan/9.jpg,9.jpg,batik-garutan,346,3,train
/kaggle/input/datasets/dionisiusdh/indonesian-batik-motifs/batik-gentongan/1.jpg,1.jpg,batik-gentongan,347,3,train
/kaggle/input/datasets/dionisiusdh/indonesian-batik-motifs/batik-gentongan/10.jpg,10.jpg,batik-gentongan,348,3,train
/kaggle/input/datasets/dionisiusdh/indonesian-batik-motifs/batik-gentongan/11.jpg,11.jpg,batik-gentongan,349,3,test
/kaggle/input/datasets/dionisiusdh/indonesian-batik-motifs/batik-gentongan/12.jpg,12.jpg,batik-gentongan,350,3,train
/kaggle/input/datasets/dionisiusdh/indonesian-batik-motifs/batik-gentongan/13.jpg,13.jpg,batik-gentongan,351,3,train
/kaggle/input/datasets/dionisiusdh/indonesian-batik-motifs/batik-gentongan/14.jpg,14.jpg,batik-gentongan,352,3,test
/kaggle/input/datasets/dionisiusdh/indonesian-batik-motifs/batik-gentongan/15.jpg,15.jpg,batik-gentongan,353,3,train
/kaggle/input/datasets/dionisiusdh/indonesian-batik-motifs/batik-gentongan/16.jpg,16.jpg,batik-gentongan,354,3,train
/kaggle/input/datasets/dionisiusdh/indonesian-batik-motifs/batik-gentongan/17.jpg,17.jpg,batik-gentongan,355,3,train
/kaggle/input/datasets/dionisiusdh/indonesian-batik-motifs/batik-gentongan/18.jpg,18.jpg,batik-gentongan,356,3,train
/kaggle/input/datasets/dionisiusdh/indonesian-batik-motifs/batik-gentongan/19.jpg,19.jpg,batik-gentongan,357,3,train
/kaggle/input/datasets/dionisiusdh/indonesian-batik-motifs/batik-gentongan/2.jpg,2.jpg,batik-gentongan,358,3,test
/kaggle/input/datasets/dionisiusdh/indonesian-batik-motifs/batik-gentongan/20.jpg,20.jpg,batik-gentongan,359,3,train
/kaggle/input/datasets/dionisiusdh/indonesian-batik-motifs/batik-gentongan/21.jpg,21.jpg,batik-gentongan,360,3,train
/kaggle/input/datasets/dionisiusdh/indonesian-batik-motifs/batik-gentongan/22.jpg,22.jpg,batik-gentongan,361,3,train
/kaggle/input/datasets/dionisiusdh/indonesian-batik-motifs/batik-gentongan/23.jpg,23.jpg,batik-gentongan,362,3,train
/kaggle/input/datasets/dionisiusdh/indonesian-batik-motifs/batik-gentongan/24.jpg,24.jpg,batik-gentongan,363,3,test
/kaggle/input/datasets/dionisiusdh/indonesian-batik-motifs/batik-gentongan/25.jpg,25.jpg,batik-gentongan,364,3,train
/kaggle/input/datasets/dionisiusdh/indonesian-batik-motifs/batik-gentongan/26.jpg,26.jpg,batik-gentongan,365,3,test
/kaggle/input/datasets/dionisiusdh/indonesian-batik-motifs/batik-gentongan/27.jpg,27.jpg,batik-gentongan,366,3,test
/kaggle/input/datasets/dionisiusdh/indonesian-batik-motifs/batik-gentongan/28.jpg,28.jpg,batik-gentongan,367,3,train
/kaggle/input/datasets/dionisiusdh/indonesian-batik-motifs/batik-gentongan/29.jpg,29.jpg,batik-gentongan,368,3,test
/kaggle/input/datasets/dionisiusdh/indonesian-batik-motifs/batik-gentongan/3.jpg,3.jpg,batik-gentongan,369,3,train
/kaggle/input/datasets/dionisiusdh/indonesian-batik-motifs/batik-gentongan/30.jpg,30.jpg,batik-gentongan,370,3,train
/kaggle/input/datasets/dionisiusdh/indonesian-batik-motifs/batik-gentongan/31.jpg,31.jpg,batik-gentongan,371,3,train
/kaggle/input/datasets/dionisiusdh/indonesian-batik-motifs/batik-gentongan/32.jpg,32.jpg,batik-gentongan,372,3,train
/kaggle/input/datasets/dionisiusdh/indonesian-batik-motifs/batik-gentongan/33.jpg,33.jpg,batik-gentongan,373,3,test
/kaggle/input/datasets/dionisiusdh/indonesian-batik-motifs/batik-gentongan/34.jpg,34.jpg,batik-gentongan,374,3,train
/kaggle/input/datasets/dionisiusdh/indonesian-batik-motifs/batik-gentongan/35.jpg,35.jpg,batik-gentongan,375,3,train
/kaggle/input/datasets/dionisiusdh/indonesian-batik-motifs/batik-gentongan/36.jpg,36.jpg,batik-gentongan,376,3,train
/kaggle/input/datasets/dionisiusdh/indonesian-batik-motifs/batik-gentongan/37.jpg,37.jpg,batik-gentongan,377,3,train
/kaggle/input/datasets/dionisiusdh/indonesian-batik-motifs/batik-gentongan/38.jpg,38.jpg,batik-gentongan,378,3,test
/kaggle/input/datasets/dionisiusdh/indonesian-batik-motifs/batik-gentongan/39.jpg,39.jpg,batik-gentongan,379,3,train
/kaggle/input/datasets/dionisiusdh/indonesian-batik-motifs/batik-gentongan/4.jpg,4.jpg,batik-gentongan,380,3,test
/kaggle/input/datasets/dionisiusdh/indonesian-batik-motifs/batik-gentongan/40.jpg,40.jpg,batik-gentongan,381,3,test
/kaggle/input/datasets/dionisiusdh/indonesian-batik-motifs/batik-gentongan/41.jpg,41.jpg,batik-gentongan,382,3,test
/kaggle/input/datasets/dionisiusdh/indonesian-batik-motifs/batik-gentongan/42.jpg,42.jpg,batik-gentongan,383,3,train
/kaggle/input/datasets/dionisiusdh/indonesian-batik-motifs/batik-gentongan/43.jpg,43.jpg,batik-gentongan,384,3,test
/kaggle/input/datasets/dionisiusdh/indonesian-batik-motifs/batik-gentongan/44.jpg,44.jpg,batik-gentongan,385,3,train
/kaggle/input/datasets/dionisiusdh/indonesian-batik-motifs/batik-gentongan/45.jpg,45.jpg,batik-gentongan,386,3,train
/kaggle/input/datasets/dionisiusdh/indonesian-batik-motifs/batik-gentongan/46.jpg,46.jpg,batik-gentongan,387,3,train
/kaggle/input/datasets/dionisiusdh/indonesian-batik-motifs/batik-gentongan/47.jpg,47.jpg,batik-gentongan,388,3,train
/kaggle/input/datasets/dionisiusdh/indonesian-batik-motifs/batik-gentongan/48.jpg,48.jpg,batik-gentongan,389,3,train
/kaggle/input/datasets/dionisiusdh/indonesian-batik-motifs/batik-gentongan/49.jpg,49.jpg,batik-gentongan,390,3,test
/kaggle/input/datasets/dionisiusdh/indonesian-batik-motifs/batik-gentongan/5.jpg,5.jpg,batik-gentongan,391,3,train
/kaggle/input/datasets/dionisiusdh/indonesian-batik-motifs/batik-gentongan/50.jpg,50.jpg,batik-gentongan,392,3,test
/kaggle/input/datasets/dionisiusdh/indonesian-batik-motifs/batik-gentongan/6.jpg,6.jpg,batik-gentongan,393,3,train
/kaggle/input/datasets/dionisiusdh/indonesian-batik-motifs/batik-gentongan/7.jpg,7.jpg,batik-gentongan,394,3,train
/kaggle/input/datasets/dionisiusdh/indonesian-batik-motifs/batik-gentongan/8.jpg,8.jpg,batik-gentongan,395,3,test
/kaggle/input/datasets/dionisiusdh/indonesian-batik-motifs/batik-gentongan/9.jpg,9.jpg,batik-gentongan,396,3,train
/kaggle/input/datasets/dionisiusdh/indonesian-batik-motifs/batik-kawung/1.jpg,1.jpg,batik-kawung,19,3,train
/kaggle/input/datasets/dionisiusdh/indonesian-batik-motifs/batik-kawung/10.jpg,10.jpg,batik-kawung,398,3,test
/kaggle/input/datasets/dionisiusdh/indonesian-batik-motifs/batik-kawung/11.jpg,11.jpg,batik-kawung,399,3,test
/kaggle/input/datasets/dionisiusdh/indonesian-batik-motifs/batik-kawung/12.jpg,12.jpg,batik-kawung,400,3,train
/kaggle/input/datasets/dionisiusdh/indonesian-batik-motifs/batik-kawung/13.jpg,13.jpg,batik-kawung,20,3,test
/kaggle/input/datasets/dionisiusdh/indonesian-batik-motifs/batik-kawung/14.jpg,14.jpg,batik-kawung,402,3,test
/kaggle/input/datasets/dionisiusdh/indonesian-batik-motifs/batik-kawung/15.jpg,15.jpg,batik-kawung,403,3,train
/kaggle/input/datasets/dionisiusdh/indonesian-batik-motifs/batik-kawung/17.jpg,17.jpg,batik-kawung,404,3,train
/kaggle/input/datasets/dionisiusdh/indonesian-batik-motifs/batik-kawung/18.jpg,18.jpg,batik-kawung,405,3,test
/kaggle/input/datasets/dionisiusdh/indonesian-batik-motifs/batik-kawung/19.jpg,19.jpg,batik-kawung,207,3,train
/kaggle/input/datasets/dionisiusdh/indonesian-batik-motifs/batik-kawung/20.jpg,20.jpg,batik-kawung,407,3,train
/kaggle/input/datasets/dionisiusdh/indonesian-batik-motifs/batik-kawung/21.jpg,21.jpg,batik-kawung,408,3,train
/kaggle/input/datasets/dionisiusdh/indonesian-batik-motifs/batik-kawung/22.jpg,22.jpg,batik-kawung,409,3,train
/kaggle/input/datasets/dionisiusdh/indonesian-batik-motifs/batik-kawung/23.jpg,23.jpg,batik-kawung,410,3,test
/kaggle/input/datasets/dionisiusdh/indonesian-batik-motifs/batik-kawung/24.jpg,24.jpg,batik-kawung,207,3,train
/kaggle/input/datasets/dionisiusdh/indonesian-batik-motifs/batik-kawung/25.jpg,25.jpg,batik-kawung,412,3,train
/kaggle/input/datasets/dionisiusdh/indonesian-batik-motifs/batik-kawung/26.jpg,26.jpg,batik-kawung,413,3,train
/kaggle/input/datasets/dionisiusdh/indonesian-batik-motifs/batik-kawung/28.jpg,28.jpg,batik-kawung,414,3,test
/kaggle/input/datasets/dionisiusdh/indonesian-batik-motifs/batik-kawung/3.jpg,3.jpg,batik-kawung,415,3,test
/kaggle/input/datasets/dionisiusdh/indonesian-batik-motifs/batik-kawung/30.jpg,30.jpg,batik-kawung,416,3,train
/kaggle/input/datasets/dionisiusdh/indonesian-batik-motifs/batik-kawung/31.jpg,31.jpg,batik-kawung,417,3,train
/kaggle/input/datasets/dionisiusdh/indonesian-batik-motifs/batik-kawung/32.jpg,32.jpg,batik-kawung,418,3,train
/kaggle/input/datasets/dionisiusdh/indonesian-batik-motifs/batik-kawung/33.jpg,33.jpg,batik-kawung,419,3,train
/kaggle/input/datasets/dionisiusdh/indonesian-batik-motifs/batik-kawung/34.jpg,34.jpg,batik-kawung,420,3,train
/kaggle/input/datasets/dionisiusdh/indonesian-batik-motifs/batik-kawung/35.jpg,35.jpg,batik-kawung,421,3,test
/kaggle/input/datasets/dionisiusdh/indonesian-batik-motifs/batik-kawung/36.jpg,36.jpg,batik-kawung,422,3,train
/kaggle/input/datasets/dionisiusdh/indonesian-batik-motifs/batik-kawung/37.jpg,37.jpg,batik-kawung,415,3,test
/kaggle/input/datasets/dionisiusdh/indonesian-batik-motifs/batik-kawung/38.jpg,38.jpg,batik-kawung,424,3,train
/kaggle/input/datasets/dionisiusdh/indonesian-batik-motifs/batik-kawung/39.jpg,39.jpg,batik-kawung,214,3,train
/kaggle/input/datasets/dionisiusdh/indonesian-batik-motifs/batik-kawung/4.jpg,4.jpg,batik-kawung,204,3,train
/kaggle/input/datasets/dionisiusdh/indonesian-batik-motifs/batik-kawung/40.jpg,40.jpg,batik-kawung,427,3,train
/kaggle/input/datasets/dionisiusdh/indonesian-batik-motifs/batik-kawung/41.jpg,41.jpg,batik-kawung,428,3,train
/kaggle/input/datasets/dionisiusdh/indonesian-batik-motifs/batik-kawung/42.jpg,42.jpg,batik-kawung,429,3,train
/kaggle/input/datasets/dionisiusdh/indonesian-batik-motifs/batik-kawung/43.jpg,43.jpg,batik-kawung,430,3,train
/kaggle/input/datasets/dionisiusdh/indonesian-batik-motifs/batik-kawung/44.jpg,44.jpg,batik-kawung,431,3,train
/kaggle/input/datasets/dionisiusdh/indonesian-batik-motifs/batik-kawung/45.jpg,45.jpg,batik-kawung,235,3,test
/kaggle/input/datasets/dionisiusdh/indonesian-batik-motifs/batik-kawung/46.jpg,46.jpg,batik-kawung,433,3,train
/kaggle/input/datasets/dionisiusdh/indonesian-batik-motifs/batik-kawung/47.jpg,47.jpg,batik-kawung,434,3,test
/kaggle/input/datasets/dionisiusdh/indonesian-batik-motifs/batik-kawung/49.jpg,49.jpg,batik-kawung,435,3,train
/kaggle/input/datasets/dionisiusdh/indonesian-batik-motifs/batik-kawung/5.jpg,5.jpg,batik-kawung,436,3,test
/kaggle/input/datasets/dionisiusdh/indonesian-batik-motifs/batik-kawung/50.jpg,50.jpg,batik-kawung,437,3,train
/kaggle/input/datasets/dionisiusdh/indonesian-batik-motifs/batik-kawung/6.jpg,6.jpg,batik-kawung,438,3,train
/kaggle/input/datasets/dionisiusdh/indonesian-batik-motifs/batik-kawung/7.jpg,7.jpg,batik-kawung,439,3,test
/kaggle/input/datasets/dionisiusdh/indonesian-batik-motifs/batik-kawung/8.jpg,8.jpg,batik-kawung,209,3,train
/kaggle/input/datasets/dionisiusdh/indonesian-batik-motifs/batik-kawung/9.jpg,9.jpg,batik-kawung,441,3,train
/kaggle/input/datasets/dionisiusdh/indonesian-batik-motifs/batik-keraton/1.jpg,1.jpg,batik-keraton,442,3,test
/kaggle/input/datasets/dionisiusdh/indonesian-batik-motifs/batik-keraton/10.jpg,10.jpg,batik-keraton,443,3,test
/kaggle/input/datasets/dionisiusdh/indonesian-batik-motifs/batik-keraton/11.jpg,11.jpg,batik-keraton,444,3,train
/kaggle/input/datasets/dionisiusdh/indonesian-batik-motifs/batik-keraton/12.jpg,12.jpg,batik-keraton,445,3,train
/kaggle/input/datasets/dionisiusdh/indonesian-batik-motifs/batik-keraton/13.jpg,13.jpg,batik-keraton,446,3,train
/kaggle/input/datasets/dionisiusdh/indonesian-batik-motifs/batik-keraton/14.jpg,14.jpg,batik-keraton,447,3,train
/kaggle/input/datasets/dionisiusdh/indonesian-batik-motifs/batik-keraton/15.jpg,15.jpg,batik-keraton,448,3,train
/kaggle/input/datasets/dionisiusdh/indonesian-batik-motifs/batik-keraton/16.jpg,16.jpg,batik-keraton,449,3,test
/kaggle/input/datasets/dionisiusdh/indonesian-batik-motifs/batik-keraton/17.jpg,17.jpg,batik-keraton,450,3,train
/kaggle/input/datasets/dionisiusdh/indonesian-batik-motifs/batik-keraton/18.jpg,18.jpg,batik-keraton,451,3,train
/kaggle/input/datasets/dionisiusdh/indonesian-batik-motifs/batik-keraton/19.jpg,19.jpg,batik-keraton,452,3,test
/kaggle/input/datasets/dionisiusdh/indonesian-batik-motifs/batik-keraton/2.jpg,2.jpg,batik-keraton,453,3,test
/kaggle/input/datasets/dionisiusdh/indonesian-batik-motifs/batik-keraton/20.jpg,20.jpg,batik-keraton,454,3,train
/kaggle/input/datasets/dionisiusdh/indonesian-batik-motifs/batik-keraton/21.jpg,21.jpg,batik-keraton,455,3,test
/kaggle/input/datasets/dionisiusdh/indonesian-batik-motifs/batik-keraton/22.jpg,22.jpg,batik-keraton,456,3,train
/kaggle/input/datasets/dionisiusdh/indonesian-batik-motifs/batik-keraton/23.jpg,23.jpg,batik-keraton,457,3,train
/kaggle/input/datasets/dionisiusdh/indonesian-batik-motifs/batik-keraton/24.jpg,24.jpg,batik-keraton,458,3,train
/kaggle/input/datasets/dionisiusdh/indonesian-batik-motifs/batik-keraton/25.jpg,25.jpg,batik-keraton,459,3,train
/kaggle/input/datasets/dionisiusdh/indonesian-batik-motifs/batik-keraton/26.jpg,26.jpg,batik-keraton,460,3,train
/kaggle/input/datasets/dionisiusdh/indonesian-batik-motifs/batik-keraton/27.jpg,27.jpg,batik-keraton,461,3,test
/kaggle/input/datasets/dionisiusdh/indonesian-batik-motifs/batik-keraton/28.jpg,28.jpg,batik-keraton,462,3,train
/kaggle/input/datasets/dionisiusdh/indonesian-batik-motifs/batik-keraton/29.jpg,29.jpg,batik-keraton,463,3,train
/kaggle/input/datasets/dionisiusdh/indonesian-batik-motifs/batik-keraton/3.jpg,3.jpg,batik-keraton,464,3,train
/kaggle/input/datasets/dionisiusdh/indonesian-batik-motifs/batik-keraton/30.jpg,30.jpg,batik-keraton,36,3,train
/kaggle/input/datasets/dionisiusdh/indonesian-batik-motifs/batik-keraton/31.jpg,31.jpg,batik-keraton,466,3,train
/kaggle/input/datasets/dionisiusdh/indonesian-batik-motifs/batik-keraton/32.jpg,32.jpg,batik-keraton,467,3,test
/kaggle/input/datasets/dionisiusdh/indonesian-batik-motifs/batik-keraton/33.jpg,33.jpg,batik-keraton,468,3,train
/kaggle/input/datasets/dionisiusdh/indonesian-batik-motifs/batik-keraton/34.jpg,34.jpg,batik-keraton,469,3,train
/kaggle/input/datasets/dionisiusdh/indonesian-batik-motifs/batik-keraton/35.jpg,35.jpg,batik-keraton,470,3,train
/kaggle/input/datasets/dionisiusdh/indonesian-batik-motifs/batik-keraton/36.jpg,36.jpg,batik-keraton,471,3,train
/kaggle/input/datasets/dionisiusdh/indonesian-batik-motifs/batik-keraton/37.jpg,37.jpg,batik-keraton,472,3,train
/kaggle/input/datasets/dionisiusdh/indonesian-batik-motifs/batik-keraton/38.jpg,38.jpg,batik-keraton,473,3,train
/kaggle/input/datasets/dionisiusdh/indonesian-batik-motifs/batik-keraton/39.jpg,39.jpg,batik-keraton,474,3,train
/kaggle/input/datasets/dionisiusdh/indonesian-batik-motifs/batik-keraton/4.jpg,4.jpg,batik-keraton,475,3,train
/kaggle/input/datasets/dionisiusdh/indonesian-batik-motifs/batik-keraton/40.jpg,40.jpg,batik-keraton,476,3,train
/kaggle/input/datasets/dionisiusdh/indonesian-batik-motifs/batik-keraton/41.jpg,41.jpg,batik-keraton,477,3,train
/kaggle/input/datasets/dionisiusdh/indonesian-batik-motifs/batik-keraton/42.jpg,42.jpg,batik-keraton,478,3,test
/kaggle/input/datasets/dionisiusdh/indonesian-batik-motifs/batik-keraton/43.jpg,43.jpg,batik-keraton,479,3,train
/kaggle/input/datasets/dionisiusdh/indonesian-batik-motifs/batik-keraton/44.jpg,44.jpg,batik-keraton,480,3,train
/kaggle/input/datasets/dionisiusdh/indonesian-batik-motifs/batik-keraton/45.jpg,45.jpg,batik-keraton,481,3,train
/kaggle/input/datasets/dionisiusdh/indonesian-batik-motifs/batik-keraton/46.jpg,46.jpg,batik-keraton,482,3,test
/kaggle/input/datasets/dionisiusdh/indonesian-batik-motifs/batik-keraton/47.jpg,47.jpg,batik-keraton,483,3,train
/kaggle/input/datasets/dionisiusdh/indonesian-batik-motifs/batik-keraton/48.jpg,48.jpg,batik-keraton,484,3,test
/kaggle/input/datasets/dionisiusdh/indonesian-batik-motifs/batik-keraton/49.jpg,49.jpg,batik-keraton,374,3,train
/kaggle/input/datasets/dionisiusdh/indonesian-batik-motifs/batik-keraton/5.jpg,5.jpg,batik-keraton,486,3,test
/kaggle/input/datasets/dionisiusdh/indonesian-batik-motifs/batik-keraton/50.jpg,50.jpg,batik-keraton,487,3,test
/kaggle/input/datasets/dionisiusdh/indonesian-batik-motifs/batik-keraton/6.jpg,6.jpg,batik-keraton,225,3,train
/kaggle/input/datasets/dionisiusdh/indonesian-batik-motifs/batik-keraton/7.jpg,7.jpg,batik-keraton,489,3,train
/kaggle/input/datasets/dionisiusdh/indonesian-batik-motifs/batik-keraton/8.jpg,8.jpg,batik-keraton,490,3,test
/kaggle/input/datasets/dionisiusdh/indonesian-batik-motifs/batik-keraton/9.jpg,9.jpg,batik-keraton,491,3,train
/kaggle/input/datasets/dionisiusdh/indonesian-batik-motifs/batik-lasem/1.jpg,1.jpg,batik-lasem,492,3,train
/kaggle/input/datasets/dionisiusdh/indonesian-batik-motifs/batik-lasem/10.jpg,10.jpg,batik-lasem,493,3,train
/kaggle/input/datasets/dionisiusdh/indonesian-batik-motifs/batik-lasem/11.jpg,11.jpg,batik-lasem,494,3,train
/kaggle/input/datasets/dionisiusdh/indonesian-batik-motifs/batik-lasem/12.jpg,12.jpg,batik-lasem,495,3,test
/kaggle/input/datasets/dionisiusdh/indonesian-batik-motifs/batik-lasem/13.jpg,13.jpg,batik-lasem,496,3,test
/kaggle/input/datasets/dionisiusdh/indonesian-batik-motifs/batik-lasem/14.jpg,14.jpg,batik-lasem,497,3,train
/kaggle/input/datasets/dionisiusdh/indonesian-batik-motifs/batik-lasem/15.jpg,15.jpg,batik-lasem,498,3,test
/kaggle/input/datasets/dionisiusdh/indonesian-batik-motifs/batik-lasem/16.jpg,16.jpg,batik-lasem,499,3,train
/kaggle/input/datasets/dionisiusdh/indonesian-batik-motifs/batik-lasem/17.jpg,17.jpg,batik-lasem,500,3,train
/kaggle/input/datasets/dionisiusdh/indonesian-batik-motifs/batik-lasem/18.jpg,18.jpg,batik-lasem,501,3,train
/kaggle/input/datasets/dionisiusdh/indonesian-batik-motifs/batik-lasem/19.jpg,19.jpg,batik-lasem,502,3,train
/kaggle/input/datasets/dionisiusdh/indonesian-batik-motifs/batik-lasem/2.jpg,2.jpg,batik-lasem,503,3,train
/kaggle/input/datasets/dionisiusdh/indonesian-batik-motifs/batik-lasem/20.jpg,20.jpg,batik-lasem,504,3,test
/kaggle/input/datasets/dionisiusdh/indonesian-batik-motifs/batik-lasem/21.jpg,21.jpg,batik-lasem,505,3,train
/kaggle/input/datasets/dionisiusdh/indonesian-batik-motifs/batik-lasem/22.jpg,22.jpg,batik-lasem,506,3,test
/kaggle/input/datasets/dionisiusdh/indonesian-batik-motifs/batik-lasem/23.jpg,23.jpg,batik-lasem,507,3,train
/kaggle/input/datasets/dionisiusdh/indonesian-batik-motifs/batik-lasem/24.jpg,24.jpg,batik-lasem,508,3,train
/kaggle/input/datasets/dionisiusdh/indonesian-batik-motifs/batik-lasem/25.jpg,25.jpg,batik-lasem,509,3,train
/kaggle/input/datasets/dionisiusdh/indonesian-batik-motifs/batik-lasem/26.jpg,26.jpg,batik-lasem,510,3,train
/kaggle/input/datasets/dionisiusdh/indonesian-batik-motifs/batik-lasem/27.jpg,27.jpg,batik-lasem,511,3,train
/kaggle/input/datasets/dionisiusdh/indonesian-batik-motifs/batik-lasem/28.jpg,28.jpg,batik-lasem,512,3,train
/kaggle/input/datasets/dionisiusdh/indonesian-batik-motifs/batik-lasem/29.jpg,29.jpg,batik-lasem,513,3,train
/kaggle/input/datasets/dionisiusdh/indonesian-batik-motifs/batik-lasem/3.jpg,3.jpg,batik-lasem,514,3,test
/kaggle/input/datasets/dionisiusdh/indonesian-batik-motifs/batik-lasem/30.jpg,30.jpg,batik-lasem,515,3,train
/kaggle/input/datasets/dionisiusdh/indonesian-batik-motifs/batik-lasem/31.jpg,31.jpg,batik-lasem,516,3,test
/kaggle/input/datasets/dionisiusdh/indonesian-batik-motifs/batik-lasem/32.jpg,32.jpg,batik-lasem,517,3,test
/kaggle/input/datasets/dionisiusdh/indonesian-batik-motifs/batik-lasem/33.jpg,33.jpg,batik-lasem,518,3,train
/kaggle/input/datasets/dionisiusdh/indonesian-batik-motifs/batik-lasem/34.jpg,34.jpg,batik-lasem,519,3,train
/kaggle/input/datasets/dionisiusdh/indonesian-batik-motifs/batik-lasem/35.jpg,35.jpg,batik-lasem,520,3,train
/kaggle/input/datasets/dionisiusdh/indonesian-batik-motifs/batik-lasem/36.jpg,36.jpg,batik-lasem,521,3,train
/kaggle/input/datasets/dionisiusdh/indonesian-batik-motifs/batik-lasem/37.jpg,37.jpg,batik-lasem,522,3,train
/kaggle/input/datasets/dionisiusdh/indonesian-batik-motifs/batik-lasem/38.jpg,38.jpg,batik-lasem,523,3,test
/kaggle/input/datasets/dionisiusdh/indonesian-batik-motifs/batik-lasem/39.jpg,39.jpg,batik-lasem,524,3,train
/kaggle/input/datasets/dionisiusdh/indonesian-batik-motifs/batik-lasem/4.jpg,4.jpg,batik-lasem,525,3,train
/kaggle/input/datasets/dionisiusdh/indonesian-batik-motifs/batik-lasem/40.jpg,40.jpg,batik-lasem,526,3,train
/kaggle/input/datasets/dionisiusdh/indonesian-batik-motifs/batik-lasem/41.jpg,41.jpg,batik-lasem,527,3,train
/kaggle/input/datasets/dionisiusdh/indonesian-batik-motifs/batik-lasem/42.jpg,42.jpg,batik-lasem,528,3,train
/kaggle/input/datasets/dionisiusdh/indonesian-batik-motifs/batik-lasem/43.jpg,43.jpg,batik-lasem,529,3,train
/kaggle/input/datasets/dionisiusdh/indonesian-batik-motifs/batik-lasem/44.jpg,44.jpg,batik-lasem,530,3,train
/kaggle/input/datasets/dionisiusdh/indonesian-batik-motifs/batik-lasem/45.jpg,45.jpg,batik-lasem,531,3,train
/kaggle/input/datasets/dionisiusdh/indonesian-batik-motifs/batik-lasem/46.jpg,46.jpg,batik-lasem,532,3,test
/kaggle/input/datasets/dionisiusdh/indonesian-batik-motifs/batik-lasem/47.jpg,47.jpg,batik-lasem,533,3,train
/kaggle/input/datasets/dionisiusdh/indonesian-batik-motifs/batik-lasem/48.jpg,48.jpg,batik-lasem,534,3,test
/kaggle/input/datasets/dionisiusdh/indonesian-batik-motifs/batik-lasem/49.jpg,49.jpg,batik-lasem,514,3,test
/kaggle/input/datasets/dionisiusdh/indonesian-batik-motifs/batik-lasem/5.jpg,5.jpg,batik-lasem,536,3,train
/kaggle/input/datasets/dionisiusdh/indonesian-batik-motifs/batik-lasem/50.jpg,50.jpg,batik-lasem,537,3,test
/kaggle/input/datasets/dionisiusdh/indonesian-batik-motifs/batik-lasem/6.jpg,6.jpg,batik-lasem,538,3,train
/kaggle/input/datasets/dionisiusdh/indonesian-batik-motifs/batik-lasem/7.jpg,7.jpg,batik-lasem,539,3,test
/kaggle/input/datasets/dionisiusdh/indonesian-batik-motifs/batik-lasem/8.jpg,8.jpg,batik-lasem,540,3,test
/kaggle/input/datasets/dionisiusdh/indonesian-batik-motifs/batik-lasem/9.jpg,9.jpg,batik-lasem,541,3,train
/kaggle/input/datasets/dionisiusdh/indonesian-batik-motifs/batik-megamendung/1.jpg,1.jpg,batik-megamendung,542,3,train
/kaggle/input/datasets/dionisiusdh/indonesian-batik-motifs/batik-megamendung/10.jpg,10.jpg,batik-megamendung,543,3,test
/kaggle/input/datasets/dionisiusdh/indonesian-batik-motifs/batik-megamendung/12.jpg,12.jpg,batik-megamendung,544,3,train
/kaggle/input/datasets/dionisiusdh/indonesian-batik-motifs/batik-megamendung/13.jpg,13.jpg,batik-megamendung,545,3,train
/kaggle/input/datasets/dionisiusdh/indonesian-batik-motifs/batik-megamendung/14.jpg,14.jpg,batik-megamendung,546,3,train
/kaggle/input/datasets/dionisiusdh/indonesian-batik-motifs/batik-megamendung/15.jpg,15.jpg,batik-megamendung,547,3,train
/kaggle/input/datasets/dionisiusdh/indonesian-batik-motifs/batik-megamendung/16.jpg,16.jpg,batik-megamendung,548,3,train
/kaggle/input/datasets/dionisiusdh/indonesian-batik-motifs/batik-megamendung/17.jpg,17.jpg,batik-megamendung,549,3,train
/kaggle/input/datasets/dionisiusdh/indonesian-batik-motifs/batik-megamendung/18.jpg,18.jpg,batik-megamendung,550,3,test
/kaggle/input/datasets/dionisiusdh/indonesian-batik-motifs/batik-megamendung/19.jpg,19.jpg,batik-megamendung,551,3,train
/kaggle/input/datasets/dionisiusdh/indonesian-batik-motifs/batik-megamendung/2.jpg,2.jpg,batik-megamendung,552,3,train
/kaggle/input/datasets/dionisiusdh/indonesian-batik-motifs/batik-megamendung/20.jpg,20.jpg,batik-megamendung,553,3,train
/kaggle/input/datasets/dionisiusdh/indonesian-batik-motifs/batik-megamendung/21.jpg,21.jpg,batik-megamendung,554,3,test
/kaggle/input/datasets/dionisiusdh/indonesian-batik-motifs/batik-megamendung/22.jpg,22.jpg,batik-megamendung,543,3,test
/kaggle/input/datasets/dionisiusdh/indonesian-batik-motifs/batik-megamendung/23.jpg,23.jpg,batik-megamendung,550,3,test
/kaggle/input/datasets/dionisiusdh/indonesian-batik-motifs/batik-megamendung/24.jpg,24.jpg,batik-megamendung,557,3,test
/kaggle/input/datasets/dionisiusdh/indonesian-batik-motifs/batik-megamendung/25.jpg,25.jpg,batik-megamendung,557,3,test
/kaggle/input/datasets/dionisiusdh/indonesian-batik-motifs/batik-megamendung/26.jpg,26.jpg,batik-megamendung,559,3,test
/kaggle/input/datasets/dionisiusdh/indonesian-batik-motifs/batik-megamendung/27.jpg,27.jpg,batik-megamendung,560,3,test
/kaggle/input/datasets/dionisiusdh/indonesian-batik-motifs/batik-megamendung/28.jpg,28.jpg,batik-megamendung,561,3,train
/kaggle/input/datasets/dionisiusdh/indonesian-batik-motifs/batik-megamendung/29.jpg,29.jpg,batik-megamendung,562,3,train
/kaggle/input/datasets/dionisiusdh/indonesian-batik-motifs/batik-megamendung/3.jpg,3.jpg,batik-megamendung,544,3,train
/kaggle/input/datasets/dionisiusdh/indonesian-batik-motifs/batik-megamendung/30.jpg,30.jpg,batik-megamendung,564,3,train
/kaggle/input/datasets/dionisiusdh/indonesian-batik-motifs/batik-megamendung/31.jpg,31.jpg,batik-megamendung,565,3,train
/kaggle/input/datasets/dionisiusdh/indonesian-batik-motifs/batik-megamendung/32.jpg,32.jpg,batik-megamendung,565,3,train
/kaggle/input/datasets/dionisiusdh/indonesian-batik-motifs/batik-megamendung/33.jpg,33.jpg,batik-megamendung,567,3,train
/kaggle/input/datasets/dionisiusdh/indonesian-batik-motifs/batik-megamendung/34.jpg,34.jpg,batik-megamendung,568,3,train
/kaggle/input/datasets/dionisiusdh/indonesian-batik-motifs/batik-megamendung/36.jpg,36.jpg,batik-megamendung,569,3,test
/kaggle/input/datasets/dionisiusdh/indonesian-batik-motifs/batik-megamendung/37.jpg,37.jpg,batik-megamendung,570,3,test
/kaggle/input/datasets/dionisiusdh/indonesian-batik-motifs/batik-megamendung/38.jpg,38.jpg,batik-megamendung,569,3,test
/kaggle/input/datasets/dionisiusdh/indonesian-batik-motifs/batik-megamendung/39.jpg,39.jpg,batik-megamendung,572,3,train
/kaggle/input/datasets/dionisiusdh/indonesian-batik-motifs/batik-megamendung/4.jpg,4.jpg,batik-megamendung,573,3,train
/kaggle/input/datasets/dionisiusdh/indonesian-batik-motifs/batik-megamendung/40.jpg,40.jpg,batik-megamendung,574,3,test
/kaggle/input/datasets/dionisiusdh/indonesian-batik-motifs/batik-megamendung/41.jpg,41.jpg,batik-megamendung,575,3,train
/kaggle/input/datasets/dionisiusdh/indonesian-batik-motifs/batik-megamendung/42.jpg,42.jpg,batik-megamendung,576,3,train
/kaggle/input/datasets/dionisiusdh/indonesian-batik-motifs/batik-megamendung/43.jpg,43.jpg,batik-megamendung,577,3,train
/kaggle/input/datasets/dionisiusdh/indonesian-batik-motifs/batik-megamendung/44.jpg,44.jpg,batik-megamendung,578,3,train
/kaggle/input/datasets/dionisiusdh/indonesian-batik-motifs/batik-megamendung/45.jpg,45.jpg,batik-megamendung,579,3,train
/kaggle/input/datasets/dionisiusdh/indonesian-batik-motifs/batik-megamendung/46.jpg,46.jpg,batik-megamendung,580,3,train
/kaggle/input/datasets/dionisiusdh/indonesian-batik-motifs/batik-megamendung/47.jpg,47.jpg,batik-megamendung,581,3,train
/kaggle/input/datasets/dionisiusdh/indonesian-batik-motifs/batik-megamendung/48.jpg,48.jpg,batik-megamendung,582,3,train
/kaggle/input/datasets/dionisiusdh/indonesian-batik-motifs/batik-megamendung/5.jpg,5.jpg,batik-megamendung,544,3,train
/kaggle/input/datasets/dionisiusdh/indonesian-batik-motifs/batik-megamendung/6.jpg,6.jpg,batik-megamendung,580,3,train
/kaggle/input/datasets/dionisiusdh/indonesian-batik-motifs/batik-megamendung/7.jpg,7.jpg,batik-megamendung,543,3,test
/kaggle/input/datasets/dionisiusdh/indonesian-batik-motifs/batik-megamendung/8.jpg,8.jpg,batik-megamendung,586,3,train
/kaggle/input/datasets/dionisiusdh/indonesian-batik-motifs/batik-megamendung/9.jpg,9.jpg,batik-megamendung,587,3,train
/kaggle/input/datasets/dionisiusdh/indonesian-batik-motifs/batik-parang/1.jpg,1.jpg,batik-parang,588,3,test
/kaggle/input/datasets/dionisiusdh/indonesian-batik-motifs/batik-parang/10.jpg,10.jpg,batik-parang,589,3,test
/kaggle/input/datasets/dionisiusdh/indonesian-batik-motifs/batik-parang/11.jpg,11.jpg,batik-parang,590,3,train
/kaggle/input/datasets/dionisiusdh/indonesian-batik-motifs/batik-parang/12.jpg,12.jpg,batik-parang,591,3,train
/kaggle/input/datasets/dionisiusdh/indonesian-batik-motifs/batik-parang/13.jpg,13.jpg,batik-parang,592,3,train
/kaggle/input/datasets/dionisiusdh/indonesian-batik-motifs/batik-parang/14.jpg,14.jpg,batik-parang,593,3,train
/kaggle/input/datasets/dionisiusdh/indonesian-batik-motifs/batik-parang/15.jpg,15.jpg,batik-parang,594,3,test
/kaggle/input/datasets/dionisiusdh/indonesian-batik-motifs/batik-parang/16.jpg,16.jpg,batik-parang,595,3,train
/kaggle/input/datasets/dionisiusdh/indonesian-batik-motifs/batik-parang/17.jpg,17.jpg,batik-parang,596,3,test
/kaggle/input/datasets/dionisiusdh/indonesian-batik-motifs/batik-parang/18.jpg,18.jpg,batik-parang,244,3,train
/kaggle/input/datasets/dionisiusdh/indonesian-batik-motifs/batik-parang/19.jpg,19.jpg,batik-parang,598,3,test
/kaggle/input/datasets/dionisiusdh/indonesian-batik-motifs/batik-parang/2.jpg,2.jpg,batik-parang,599,3,train
/kaggle/input/datasets/dionisiusdh/indonesian-batik-motifs/batik-parang/20.jpg,20.jpg,batik-parang,600,3,train
/kaggle/input/datasets/dionisiusdh/indonesian-batik-motifs/batik-parang/21.jpg,21.jpg,batik-parang,601,3,train
/kaggle/input/datasets/dionisiusdh/indonesian-batik-motifs/batik-parang/22.jpg,22.jpg,batik-parang,602,3,test
/kaggle/input/datasets/dionisiusdh/indonesian-batik-motifs/batik-parang/23.jpg,23.jpg,batik-parang,603,3,train
/kaggle/input/datasets/dionisiusdh/indonesian-batik-motifs/batik-parang/24.jpg,24.jpg,batik-parang,405,3,test
/kaggle/input/datasets/dionisiusdh/indonesian-batik-motifs/batik-parang/25.jpg,25.jpg,batik-parang,605,3,train
/kaggle/input/datasets/dionisiusdh/indonesian-batik-motifs/batik-parang/26.jpg,26.jpg,batik-parang,606,3,train
/kaggle/input/datasets/dionisiusdh/indonesian-batik-motifs/batik-parang/27.jpg,27.jpg,batik-parang,607,3,train
/kaggle/input/datasets/dionisiusdh/indonesian-batik-motifs/batik-parang/28.jpg,28.jpg,batik-parang,608,3,test
/kaggle/input/datasets/dionisiusdh/indonesian-batik-motifs/batik-parang/29.jpg,29.jpg,batik-parang,609,3,train
/kaggle/input/datasets/dionisiusdh/indonesian-batik-motifs/batik-parang/3.jpg,3.jpg,batik-parang,605,3,train
/kaggle/input/datasets/dionisiusdh/indonesian-batik-motifs/batik-parang/30.jpg,30.jpg,batik-parang,611,3,train
/kaggle/input/datasets/dionisiusdh/indonesian-batik-motifs/batik-parang/31.jpg,31.jpg,batik-parang,612,3,train
/kaggle/input/datasets/dionisiusdh/indonesian-batik-motifs/batik-parang/32.jpg,32.jpg,batik-parang,18,3,test
/kaggle/input/datasets/dionisiusdh/indonesian-batik-motifs/batik-parang/33.jpg,33.jpg,batik-parang,614,3,train
/kaggle/input/datasets/dionisiusdh/indonesian-batik-motifs/batik-parang/34.jpg,34.jpg,batik-parang,615,3,test
/kaggle/input/datasets/dionisiusdh/indonesian-batik-motifs/batik-parang/35.jpg,35.jpg,batik-parang,616,3,train
/kaggle/input/datasets/dionisiusdh/indonesian-batik-motifs/batik-parang/36.jpg,36.jpg,batik-parang,617,3,train
/kaggle/input/datasets/dionisiusdh/indonesian-batik-motifs/batik-parang/37.jpg,37.jpg,batik-parang,2,3,train
/kaggle/input/datasets/dionisiusdh/indonesian-batik-motifs/batik-parang/38.jpg,38.jpg,batik-parang,619,3,train
/kaggle/input/datasets/dionisiusdh/indonesian-batik-motifs/batik-parang/39.jpg,39.jpg,batik-parang,620,3,train
/kaggle/input/datasets/dionisiusdh/indonesian-batik-motifs/batik-parang/4.jpg,4.jpg,batik-parang,621,3,train
/kaggle/input/datasets/dionisiusdh/indonesian-batik-motifs/batik-parang/40.jpg,40.jpg,batik-parang,206,3,test
/kaggle/input/datasets/dionisiusdh/indonesian-batik-motifs/batik-parang/41.jpg,41.jpg,batik-parang,623,3,train
/kaggle/input/datasets/dionisiusdh/indonesian-batik-motifs/batik-parang/42.jpg,42.jpg,batik-parang,624,3,test
/kaggle/input/datasets/dionisiusdh/indonesian-batik-motifs/batik-parang/43.jpg,43.jpg,batik-parang,625,3,test
/kaggle/input/datasets/dionisiusdh/indonesian-batik-motifs/batik-parang/44.jpg,44.jpg,batik-parang,626,3,test
/kaggle/input/datasets/dionisiusdh/indonesian-batik-motifs/batik-parang/45.jpg,45.jpg,batik-parang,627,3,train
/kaggle/input/datasets/dionisiusdh/indonesian-batik-motifs/batik-parang/46.jpg,46.jpg,batik-parang,628,3,train
/kaggle/input/datasets/dionisiusdh/indonesian-batik-motifs/batik-parang/47.jpg,47.jpg,batik-parang,629,3,train
/kaggle/input/datasets/dionisiusdh/indonesian-batik-motifs/batik-parang/48.jpg,48.jpg,batik-parang,630,3,train
/kaggle/input/datasets/dionisiusdh/indonesian-batik-motifs/batik-parang/49.jpg,49.jpg,batik-parang,631,3,train
/kaggle/input/datasets/dionisiusdh/indonesian-batik-motifs/batik-parang/5.jpg,5.jpg,batik-parang,632,3,train
/kaggle/input/datasets/dionisiusdh/indonesian-batik-motifs/batik-parang/50.jpg,50.jpg,batik-parang,633,3,train
/kaggle/input/datasets/dionisiusdh/indonesian-batik-motifs/batik-parang/6.jpg,6.jpg,batik-parang,634,3,train
/kaggle/input/datasets/dionisiusdh/indonesian-batik-motifs/batik-parang/7.jpg,7.jpg,batik-parang,635,3,test
/kaggle/input/datasets/dionisiusdh/indonesian-batik-motifs/batik-parang/8.jpg,8.jpg,batik-parang,636,3,train
/kaggle/input/datasets/dionisiusdh/indonesian-batik-motifs/batik-parang/9.jpg,9.jpg,batik-parang,637,3,test
/kaggle/input/datasets/dionisiusdh/indonesian-batik-motifs/batik-pekalongan/1.jpg,1.jpg,batik-pekalongan,490,3,test
/kaggle/input/datasets/dionisiusdh/indonesian-batik-motifs/batik-pekalongan/10.jpg,10.jpg,batik-pekalongan,490,3,test
/kaggle/input/datasets/dionisiusdh/indonesian-batik-motifs/batik-pekalongan/11.jpg,11.jpg,batik-pekalongan,640,3,train
/kaggle/input/datasets/dionisiusdh/indonesian-batik-motifs/batik-pekalongan/12.jpg,12.jpg,batik-pekalongan,641,3,train
/kaggle/input/datasets/dionisiusdh/indonesian-batik-motifs/batik-pekalongan/13.jpg,13.jpg,batik-pekalongan,642,3,train
/kaggle/input/datasets/dionisiusdh/indonesian-batik-motifs/batik-pekalongan/14.jpg,14.jpg,batik-pekalongan,643,3,train
/kaggle/input/datasets/dionisiusdh/indonesian-batik-motifs/batik-pekalongan/15.jpg,15.jpg,batik-pekalongan,644,3,test
/kaggle/input/datasets/dionisiusdh/indonesian-batik-motifs/batik-pekalongan/16.jpg,16.jpg,batik-pekalongan,645,3,train
/kaggle/input/datasets/dionisiusdh/indonesian-batik-motifs/batik-pekalongan/17.jpg,17.jpg,batik-pekalongan,646,3,train
/kaggle/input/datasets/dionisiusdh/indonesian-batik-motifs/batik-pekalongan/18.jpg,18.jpg,batik-pekalongan,647,3,train
/kaggle/input/datasets/dionisiusdh/indonesian-batik-motifs/batik-pekalongan/19.jpg,19.jpg,batik-pekalongan,648,3,test
/kaggle/input/datasets/dionisiusdh/indonesian-batik-motifs/batik-pekalongan/2.jpg,2.jpg,batik-pekalongan,649,3,train
/kaggle/input/datasets/dionisiusdh/indonesian-batik-motifs/batik-pekalongan/20.jpg,20.jpg,batik-pekalongan,650,3,train
/kaggle/input/datasets/dionisiusdh/indonesian-batik-motifs/batik-pekalongan/21.jpg,21.jpg,batik-pekalongan,651,3,train
/kaggle/input/datasets/dionisiusdh/indonesian-batik-motifs/batik-pekalongan/22.jpg,22.jpg,batik-pekalongan,652,3,train
/kaggle/input/datasets/dionisiusdh/indonesian-batik-motifs/batik-pekalongan/23.jpg,23.jpg,batik-pekalongan,653,3,test
/kaggle/input/datasets/dionisiusdh/indonesian-batik-motifs/batik-pekalongan/24.jpg,24.jpg,batik-pekalongan,642,3,train
/kaggle/input/datasets/dionisiusdh/indonesian-batik-motifs/batik-pekalongan/25.jpg,25.jpg,batik-pekalongan,655,3,train
/kaggle/input/datasets/dionisiusdh/indonesian-batik-motifs/batik-pekalongan/26.jpg,26.jpg,batik-pekalongan,656,3,train
/kaggle/input/datasets/dionisiusdh/indonesian-batik-motifs/batik-pekalongan/27.jpg,27.jpg,batik-pekalongan,588,3,test
/kaggle/input/datasets/dionisiusdh/indonesian-batik-motifs/batik-pekalongan/28.jpg,28.jpg,batik-pekalongan,658,3,train
/kaggle/input/datasets/dionisiusdh/indonesian-batik-motifs/batik-pekalongan/29.jpg,29.jpg,batik-pekalongan,659,3,test
/kaggle/input/datasets/dionisiusdh/indonesian-batik-motifs/batik-pekalongan/3.jpg,3.jpg,batik-pekalongan,660,3,train
/kaggle/input/datasets/dionisiusdh/indonesian-batik-motifs/batik-pekalongan/30.jpg,30.jpg,batik-pekalongan,661,3,test
/kaggle/input/datasets/dionisiusdh/indonesian-batik-motifs/batik-pekalongan/31.jpg,31.jpg,batik-pekalongan,662,3,train
/kaggle/input/datasets/dionisiusdh/indonesian-batik-motifs/batik-pekalongan/32.jpg,32.jpg,batik-pekalongan,663,3,train
/kaggle/input/datasets/dionisiusdh/indonesian-batik-motifs/batik-pekalongan/33.jpg,33.jpg,batik-pekalongan,664,3,train
/kaggle/input/datasets/dionisiusdh/indonesian-batik-motifs/batik-pekalongan/34.jpg,34.jpg,batik-pekalongan,665,3,train
/kaggle/input/datasets/dionisiusdh/indonesian-batik-motifs/batik-pekalongan/35.jpg,35.jpg,batik-pekalongan,666,3,train
/kaggle/input/datasets/dionisiusdh/indonesian-batik-motifs/batik-pekalongan/36.jpg,36.jpg,batik-pekalongan,667,3,test
/kaggle/input/datasets/dionisiusdh/indonesian-batik-motifs/batik-pekalongan/37.jpg,37.jpg,batik-pekalongan,14,3,train
/kaggle/input/datasets/dionisiusdh/indonesian-batik-motifs/batik-pekalongan/38.jpg,38.jpg,batik-pekalongan,669,3,train
/kaggle/input/datasets/dionisiusdh/indonesian-batik-motifs/batik-pekalongan/39.jpg,39.jpg,batik-pekalongan,670,3,train
/kaggle/input/datasets/dionisiusdh/indonesian-batik-motifs/batik-pekalongan/4.jpg,4.jpg,batik-pekalongan,671,3,test
/kaggle/input/datasets/dionisiusdh/indonesian-batik-motifs/batik-pekalongan/40.jpg,40.jpg,batik-pekalongan,672,3,train
/kaggle/input/datasets/dionisiusdh/indonesian-batik-motifs/batik-pekalongan/41.jpg,41.jpg,batik-pekalongan,673,3,train
/kaggle/input/datasets/dionisiusdh/indonesian-batik-motifs/batik-pekalongan/42.jpg,42.jpg,batik-pekalongan,674,3,train
/kaggle/input/datasets/dionisiusdh/indonesian-batik-motifs/batik-pekalongan/43.jpg,43.jpg,batik-pekalongan,675,3,train
/kaggle/input/datasets/dionisiusdh/indonesian-batik-motifs/batik-pekalongan/44.jpg,44.jpg,batik-pekalongan,676,3,train
/kaggle/input/datasets/dionisiusdh/indonesian-batik-motifs/batik-pekalongan/45.jpg,45.jpg,batik-pekalongan,677,3,test
/kaggle/input/datasets/dionisiusdh/indonesian-batik-motifs/batik-pekalongan/46.jpg,46.jpg,batik-pekalongan,678,3,test
/kaggle/input/datasets/dionisiusdh/indonesian-batik-motifs/batik-pekalongan/47.jpg,47.jpg,batik-pekalongan,679,3,train
/kaggle/input/datasets/dionisiusdh/indonesian-batik-motifs/batik-pekalongan/48.jpg,48.jpg,batik-pekalongan,680,3,train
/kaggle/input/datasets/dionisiusdh/indonesian-batik-motifs/batik-pekalongan/49.jpg,49.jpg,batik-pekalongan,681,3,train
/kaggle/input/datasets/dionisiusdh/indonesian-batik-motifs/batik-pekalongan/5.jpg,5.jpg,batik-pekalongan,249,3,train
/kaggle/input/datasets/dionisiusdh/indonesian-batik-motifs/batik-pekalongan/50.jpg,50.jpg,batik-pekalongan,683,3,train
/kaggle/input/datasets/dionisiusdh/indonesian-batik-motifs/batik-pekalongan/6.jpg,6.jpg,batik-pekalongan,684,3,test
/kaggle/input/datasets/dionisiusdh/indonesian-batik-motifs/batik-pekalongan/7.jpg,7.jpg,batik-pekalongan,685,3,train
/kaggle/input/datasets/dionisiusdh/indonesian-batik-motifs/batik-pekalongan/8.jpg,8.jpg,batik-pekalongan,686,3,test
/kaggle/input/datasets/dionisiusdh/indonesian-batik-motifs/batik-pekalongan/9.jpg,9.jpg,batik-pekalongan,687,3,test
/kaggle/input/datasets/dionisiusdh/indonesian-batik-motifs/batik-priangan/1.jpg,1.jpg,batik-priangan,688,3,train
/kaggle/input/datasets/dionisiusdh/indonesian-batik-motifs/batik-priangan/10.jpg,10.jpg,batik-priangan,274,3,test
/kaggle/input/datasets/dionisiusdh/indonesian-batik-motifs/batik-priangan/11.jpg,11.jpg,batik-priangan,690,3,train
/kaggle/input/datasets/dionisiusdh/indonesian-batik-motifs/batik-priangan/12.jpg,12.jpg,batik-priangan,691,3,train
/kaggle/input/datasets/dionisiusdh/indonesian-batik-motifs/batik-priangan/13.jpg,13.jpg,batik-priangan,692,3,train
/kaggle/input/datasets/dionisiusdh/indonesian-batik-motifs/batik-priangan/14.jpg,14.jpg,batik-priangan,693,3,train
/kaggle/input/datasets/dionisiusdh/indonesian-batik-motifs/batik-priangan/15.jpg,15.jpg,batik-priangan,694,3,train
/kaggle/input/datasets/dionisiusdh/indonesian-batik-motifs/batik-priangan/16.jpg,16.jpg,batik-priangan,695,3,train
/kaggle/input/datasets/dionisiusdh/indonesian-batik-motifs/batik-priangan/17.jpg,17.jpg,batik-priangan,696,3,train
/kaggle/input/datasets/dionisiusdh/indonesian-batik-motifs/batik-priangan/18.jpg,18.jpg,batik-priangan,255,3,train
/kaggle/input/datasets/dionisiusdh/indonesian-batik-motifs/batik-priangan/19.jpg,19.jpg,batik-priangan,698,3,test
/kaggle/input/datasets/dionisiusdh/indonesian-batik-motifs/batik-priangan/2.jpg,2.jpg,batik-priangan,699,3,train
/kaggle/input/datasets/dionisiusdh/indonesian-batik-motifs/batik-priangan/20.jpg,20.jpg,batik-priangan,700,3,train
/kaggle/input/datasets/dionisiusdh/indonesian-batik-motifs/batik-priangan/21.jpg,21.jpg,batik-priangan,301,3,test
/kaggle/input/datasets/dionisiusdh/indonesian-batik-motifs/batik-priangan/22.jpg,22.jpg,batik-priangan,702,3,train
/kaggle/input/datasets/dionisiusdh/indonesian-batik-motifs/batik-priangan/23.jpg,23.jpg,batik-priangan,703,3,test
/kaggle/input/datasets/dionisiusdh/indonesian-batik-motifs/batik-priangan/24.jpg,24.jpg,batik-priangan,308,3,train
/kaggle/input/datasets/dionisiusdh/indonesian-batik-motifs/batik-priangan/25.jpg,25.jpg,batik-priangan,705,3,test
/kaggle/input/datasets/dionisiusdh/indonesian-batik-motifs/batik-priangan/26.jpg,26.jpg,batik-priangan,706,3,train
/kaggle/input/datasets/dionisiusdh/indonesian-batik-motifs/batik-priangan/27.jpg,27.jpg,batik-priangan,707,3,train
/kaggle/input/datasets/dionisiusdh/indonesian-batik-motifs/batik-priangan/28.jpg,28.jpg,batik-priangan,708,3,train
/kaggle/input/datasets/dionisiusdh/indonesian-batik-motifs/batik-priangan/29.jpg,29.jpg,batik-priangan,709,3,test
/kaggle/input/datasets/dionisiusdh/indonesian-batik-motifs/batik-priangan/3.jpg,3.jpg,batik-priangan,710,3,train
/kaggle/input/datasets/dionisiusdh/indonesian-batik-motifs/batik-priangan/30.jpg,30.jpg,batik-priangan,711,3,train
/kaggle/input/datasets/dionisiusdh/indonesian-batik-motifs/batik-priangan/31.jpg,31.jpg,batik-priangan,712,3,train
/kaggle/input/datasets/dionisiusdh/indonesian-batik-motifs/batik-priangan/32.jpg,32.jpg,batik-priangan,713,3,train
/kaggle/input/datasets/dionisiusdh/indonesian-batik-motifs/batik-priangan/33.jpg,33.jpg,batik-priangan,714,3,train
/kaggle/input/datasets/dionisiusdh/indonesian-batik-motifs/batik-priangan/34.jpg,34.jpg,batik-priangan,715,3,train
/kaggle/input/datasets/dionisiusdh/indonesian-batik-motifs/batik-priangan/35.jpg,35.jpg,batik-priangan,374,3,train
/kaggle/input/datasets/dionisiusdh/indonesian-batik-motifs/batik-priangan/36.jpg,36.jpg,batik-priangan,717,3,train
/kaggle/input/datasets/dionisiusdh/indonesian-batik-motifs/batik-priangan/37.jpg,37.jpg,batik-priangan,718,3,train
/kaggle/input/datasets/dionisiusdh/indonesian-batik-motifs/batik-priangan/38.jpg,38.jpg,batik-priangan,719,3,train
/kaggle/input/datasets/dionisiusdh/indonesian-batik-motifs/batik-priangan/39.jpg,39.jpg,batik-priangan,720,3,train
/kaggle/input/datasets/dionisiusdh/indonesian-batik-motifs/batik-priangan/4.jpg,4.jpg,batik-priangan,721,3,test
/kaggle/input/datasets/dionisiusdh/indonesian-batik-motifs/batik-priangan/40.jpg,40.jpg,batik-priangan,722,3,train
/kaggle/input/datasets/dionisiusdh/indonesian-batik-motifs/batik-priangan/41.jpg,41.jpg,batik-priangan,723,3,train
/kaggle/input/datasets/dionisiusdh/indonesian-batik-motifs/batik-priangan/42.jpg,42.jpg,batik-priangan,724,3,train
/kaggle/input/datasets/dionisiusdh/indonesian-batik-motifs/batik-priangan/43.jpg,43.jpg,batik-priangan,725,3,test
/kaggle/input/datasets/dionisiusdh/indonesian-batik-motifs/batik-priangan/44.jpg,44.jpg,batik-priangan,726,3,test
/kaggle/input/datasets/dionisiusdh/indonesian-batik-motifs/batik-priangan/45.jpg,45.jpg,batik-priangan,727,3,test
/kaggle/input/datasets/dionisiusdh/indonesian-batik-motifs/batik-priangan/46.jpg,46.jpg,batik-priangan,728,3,train
/kaggle/input/datasets/dionisiusdh/indonesian-batik-motifs/batik-priangan/47.jpg,47.jpg,batik-priangan,729,3,test
/kaggle/input/datasets/dionisiusdh/indonesian-batik-motifs/batik-priangan/48.jpg,48.jpg,batik-priangan,730,3,train
/kaggle/input/datasets/dionisiusdh/indonesian-batik-motifs/batik-priangan/49.jpg,49.jpg,batik-priangan,731,3,test
/kaggle/input/datasets/dionisiusdh/indonesian-batik-motifs/batik-priangan/5.jpg,5.jpg,batik-priangan,732,3,test
/kaggle/input/datasets/dionisiusdh/indonesian-batik-motifs/batik-priangan/50.jpg,50.jpg,batik-priangan,733,3,train
/kaggle/input/datasets/dionisiusdh/indonesian-batik-motifs/batik-priangan/6.jpg,6.jpg,batik-priangan,734,3,test
/kaggle/input/datasets/dionisiusdh/indonesian-batik-motifs/batik-priangan/7.jpg,7.jpg,batik-priangan,735,3,train
/kaggle/input/datasets/dionisiusdh/indonesian-batik-motifs/batik-priangan/8.jpg,8.jpg,batik-priangan,736,3,train
/kaggle/input/datasets/dionisiusdh/indonesian-batik-motifs/batik-priangan/9.jpg,9.jpg,batik-priangan,737,3,test
/kaggle/input/datasets/dionisiusdh/indonesian-batik-motifs/batik-sekar/1.jpg,1.jpg,batik-sekar,738,3,test
/kaggle/input/datasets/dionisiusdh/indonesian-batik-motifs/batik-sekar/10.jpg,10.jpg,batik-sekar,739,3,train
/kaggle/input/datasets/dionisiusdh/indonesian-batik-motifs/batik-sekar/11.jpg,11.jpg,batik-sekar,740,3,train
/kaggle/input/datasets/dionisiusdh/indonesian-batik-motifs/batik-sekar/13.jpg,13.jpg,batik-sekar,741,3,train
/kaggle/input/datasets/dionisiusdh/indonesian-batik-motifs/batik-sekar/14.jpg,14.jpg,batik-sekar,742,3,train
/kaggle/input/datasets/dionisiusdh/indonesian-batik-motifs/batik-sekar/15.jpg,15.jpg,batik-sekar,743,3,train
/kaggle/input/datasets/dionisiusdh/indonesian-batik-motifs/batik-sekar/16.jpg,16.jpg,batik-sekar,744,3,train
/kaggle/input/datasets/dionisiusdh/indonesian-batik-motifs/batik-sekar/17.jpg,17.jpg,batik-sekar,745,3,train
/kaggle/input/datasets/dionisiusdh/indonesian-batik-motifs/batik-sekar/18.jpg,18.jpg,batik-sekar,746,3,train
/kaggle/input/datasets/dionisiusdh/indonesian-batik-motifs/batik-sekar/19.jpg,19.jpg,batik-sekar,747,3,test
/kaggle/input/datasets/dionisiusdh/indonesian-batik-motifs/batik-sekar/2.jpg,2.jpg,batik-sekar,748,3,train
/kaggle/input/datasets/dionisiusdh/indonesian-batik-motifs/batik-sekar/20.jpg,20.jpg,batik-sekar,749,3,test
/kaggle/input/datasets/dionisiusdh/indonesian-batik-motifs/batik-sekar/21.jpg,21.jpg,batik-sekar,750,3,test
/kaggle/input/datasets/dionisiusdh/indonesian-batik-motifs/batik-sekar/22.jpg,22.jpg,batik-sekar,751,3,train
/kaggle/input/datasets/dionisiusdh/indonesian-batik-motifs/batik-sekar/23.jpg,23.jpg,batik-sekar,749,3,test
/kaggle/input/datasets/dionisiusdh/indonesian-batik-motifs/batik-sekar/24.jpg,24.jpg,batik-sekar,756,3,test
/kaggle/input/datasets/dionisiusdh/indonesian-batik-motifs/batik-sekar/25.jpg,25.jpg,batik-sekar,754,3,train
/kaggle/input/datasets/dionisiusdh/indonesian-batik-motifs/batik-sekar/26.jpg,26.jpg,batik-sekar,755,3,test
/kaggle/input/datasets/dionisiusdh/indonesian-batik-motifs/batik-sekar/27.jpg,27.jpg,batik-sekar,756,3,test
/kaggle/input/datasets/dionisiusdh/indonesian-batik-motifs/batik-sekar/28.jpg,28.jpg,batik-sekar,756,3,test
/kaggle/input/datasets/dionisiusdh/indonesian-batik-motifs/batik-sekar/29.jpg,29.jpg,batik-sekar,758,3,train
/kaggle/input/datasets/dionisiusdh/indonesian-batik-motifs/batik-sekar/3.jpg,3.jpg,batik-sekar,759,3,train
/kaggle/input/datasets/dionisiusdh/indonesian-batik-motifs/batik-sekar/30.jpg,30.jpg,batik-sekar,760,3,train
/kaggle/input/datasets/dionisiusdh/indonesian-batik-motifs/batik-sekar/31.jpg,31.jpg,batik-sekar,232,3,test
/kaggle/input/datasets/dionisiusdh/indonesian-batik-motifs/batik-sekar/33.jpg,33.jpg,batik-sekar,762,3,train
/kaggle/input/datasets/dionisiusdh/indonesian-batik-motifs/batik-sekar/34.jpg,34.jpg,batik-sekar,763,3,train
/kaggle/input/datasets/dionisiusdh/indonesian-batik-motifs/batik-sekar/35.jpg,35.jpg,batik-sekar,764,3,train
/kaggle/input/datasets/dionisiusdh/indonesian-batik-motifs/batik-sekar/36.jpg,36.jpg,batik-sekar,765,3,train
/kaggle/input/datasets/dionisiusdh/indonesian-batik-motifs/batik-sekar/37.jpg,37.jpg,batik-sekar,663,3,train
/kaggle/input/datasets/dionisiusdh/indonesian-batik-motifs/batik-sekar/38.jpg,38.jpg,batik-sekar,767,3,train
/kaggle/input/datasets/dionisiusdh/indonesian-batik-motifs/batik-sekar/39.jpg,39.jpg,batik-sekar,756,3,test
/kaggle/input/datasets/dionisiusdh/indonesian-batik-motifs/batik-sekar/40.jpg,40.jpg,batik-sekar,769,3,test
/kaggle/input/datasets/dionisiusdh/indonesian-batik-motifs/batik-sekar/41.jpg,41.jpg,batik-sekar,770,3,train
/kaggle/input/datasets/dionisiusdh/indonesian-batik-motifs/batik-sekar/42.jpg,42.jpg,batik-sekar,744,3,train
/kaggle/input/datasets/dionisiusdh/indonesian-batik-motifs/batik-sekar/43.jpg,43.jpg,batik-sekar,772,3,train
/kaggle/input/datasets/dionisiusdh/indonesian-batik-motifs/batik-sekar/44.jpg,44.jpg,batik-sekar,756,3,test
/kaggle/input/datasets/dionisiusdh/indonesian-batik-motifs/batik-sekar/45.jpg,45.jpg,batik-sekar,774,3,test
/kaggle/input/datasets/dionisiusdh/indonesian-batik-motifs/batik-sekar/46.jpg,46.jpg,batik-sekar,775,3,train
/kaggle/input/datasets/dionisiusdh/indonesian-batik-motifs/batik-sekar/47.jpg,47.jpg,batik-sekar,776,3,test
/kaggle/input/datasets/dionisiusdh/indonesian-batik-motifs/batik-sekar/48.jpg,48.jpg,batik-sekar,777,3,train
/kaggle/input/datasets/dionisiusdh/indonesian-batik-motifs/batik-sekar/49.jpg,49.jpg,batik-sekar,778,3,train
/kaggle/input/datasets/dionisiusdh/indonesian-batik-motifs/batik-sekar/5.jpg,5.jpg,batik-sekar,779,3,train
/kaggle/input/datasets/dionisiusdh/indonesian-batik-motifs/batik-sekar/50.jpg,50.jpg,batik-sekar,772,3,train
/kaggle/input/datasets/dionisiusdh/indonesian-batik-motifs/batik-sekar/6.jpg,6.jpg,batik-sekar,738,3,test
/kaggle/input/datasets/dionisiusdh/indonesian-batik-motifs/batik-sekar/7.jpg,7.jpg,batik-sekar,782,3,train
/kaggle/input/datasets/dionisiusdh/indonesian-batik-motifs/batik-sekar/8.jpg,8.jpg,batik-sekar,783,3,train
/kaggle/input/datasets/dionisiusdh/indonesian-batik-motifs/batik-sekar/9.jpg,9.jpg,batik-sekar,784,3,train
/kaggle/input/datasets/dionisiusdh/indonesian-batik-motifs/batik-sidoluhur/1.jpg,1.jpg,batik-sidoluhur,785,3,test
/kaggle/input/datasets/dionisiusdh/indonesian-batik-motifs/batik-sidoluhur/10.jpg,10.jpg,batik-sidoluhur,786,3,train
/kaggle/input/datasets/dionisiusdh/indonesian-batik-motifs/batik-sidoluhur/11.jpg,11.jpg,batik-sidoluhur,787,3,train
/kaggle/input/datasets/dionisiusdh/indonesian-batik-motifs/batik-sidoluhur/12.jpg,12.jpg,batik-sidoluhur,482,3,test
/kaggle/input/datasets/dionisiusdh/indonesian-batik-motifs/batik-sidoluhur/13.jpg,13.jpg,batik-sidoluhur,789,3,train
/kaggle/input/datasets/dionisiusdh/indonesian-batik-motifs/batik-sidoluhur/14.jpg,14.jpg,batik-sidoluhur,790,3,train
/kaggle/input/datasets/dionisiusdh/indonesian-batik-motifs/batik-sidoluhur/15.jpg,15.jpg,batik-sidoluhur,791,3,test
/kaggle/input/datasets/dionisiusdh/indonesian-batik-motifs/batik-sidoluhur/16.jpg,16.jpg,batik-sidoluhur,792,3,train
/kaggle/input/datasets/dionisiusdh/indonesian-batik-motifs/batik-sidoluhur/17.jpg,17.jpg,batik-sidoluhur,793,3,test
/kaggle/input/datasets/dionisiusdh/indonesian-batik-motifs/batik-sidoluhur/18.jpg,18.jpg,batik-sidoluhur,794,3,test
/kaggle/input/datasets/dionisiusdh/indonesian-batik-motifs/batik-sidoluhur/19.jpg,19.jpg,batik-sidoluhur,795,3,train
/kaggle/input/datasets/dionisiusdh/indonesian-batik-motifs/batik-sidoluhur/2.jpg,2.jpg,batik-sidoluhur,785,3,test
/kaggle/input/datasets/dionisiusdh/indonesian-batik-motifs/batik-sidoluhur/20.jpg,20.jpg,batik-sidoluhur,797,3,test
/kaggle/input/datasets/dionisiusdh/indonesian-batik-motifs/batik-sidoluhur/21.jpg,21.jpg,batik-sidoluhur,798,3,test
/kaggle/input/datasets/dionisiusdh/indonesian-batik-motifs/batik-sidoluhur/22.jpg,22.jpg,batik-sidoluhur,799,3,train
/kaggle/input/datasets/dionisiusdh/indonesian-batik-motifs/batik-sidoluhur/23.jpg,23.jpg,batik-sidoluhur,800,3,train
/kaggle/input/datasets/dionisiusdh/indonesian-batik-motifs/batik-sidoluhur/24.jpg,24.jpg,batik-sidoluhur,801,3,train
/kaggle/input/datasets/dionisiusdh/indonesian-batik-motifs/batik-sidoluhur/25.jpg,25.jpg,batik-sidoluhur,802,3,train
/kaggle/input/datasets/dionisiusdh/indonesian-batik-motifs/batik-sidoluhur/26.jpg,26.jpg,batik-sidoluhur,803,3,train
/kaggle/input/datasets/dionisiusdh/indonesian-batik-motifs/batik-sidoluhur/27.jpg,27.jpg,batik-sidoluhur,804,3,train
/kaggle/input/datasets/dionisiusdh/indonesian-batik-motifs/batik-sidoluhur/28.jpg,28.jpg,batik-sidoluhur,805,3,train
/kaggle/input/datasets/dionisiusdh/indonesian-batik-motifs/batik-sidoluhur/29.jpg,29.jpg,batik-sidoluhur,806,3,test
/kaggle/input/datasets/dionisiusdh/indonesian-batik-motifs/batik-sidoluhur/3.jpg,3.jpg,batik-sidoluhur,807,3,test
/kaggle/input/datasets/dionisiusdh/indonesian-batik-motifs/batik-sidoluhur/30.jpg,30.jpg,batik-sidoluhur,808,3,train
/kaggle/input/datasets/dionisiusdh/indonesian-batik-motifs/batik-sidoluhur/31.jpg,31.jpg,batik-sidoluhur,809,3,train
/kaggle/input/datasets/dionisiusdh/indonesian-batik-motifs/batik-sidoluhur/32.jpg,32.jpg,batik-sidoluhur,810,3,train
/kaggle/input/datasets/dionisiusdh/indonesian-batik-motifs/batik-sidoluhur/33.jpg,33.jpg,batik-sidoluhur,811,3,train
/kaggle/input/datasets/dionisiusdh/indonesian-batik-motifs/batik-sidoluhur/34.jpg,34.jpg,batik-sidoluhur,812,3,train
/kaggle/input/datasets/dionisiusdh/indonesian-batik-motifs/batik-sidoluhur/35.jpg,35.jpg,batik-sidoluhur,813,3,train
/kaggle/input/datasets/dionisiusdh/indonesian-batik-motifs/batik-sidoluhur/36.jpg,36.jpg,batik-sidoluhur,814,3,train
/kaggle/input/datasets/dionisiusdh/indonesian-batik-motifs/batik-sidoluhur/37.jpg,37.jpg,batik-sidoluhur,815,3,train
/kaggle/input/datasets/dionisiusdh/indonesian-batik-motifs/batik-sidoluhur/38.jpg,38.jpg,batik-sidoluhur,816,3,train
/kaggle/input/datasets/dionisiusdh/indonesian-batik-motifs/batik-sidoluhur/39.jpg,39.jpg,batik-sidoluhur,817,3,test
/kaggle/input/datasets/dionisiusdh/indonesian-batik-motifs/batik-sidoluhur/4.jpg,4.jpg,batik-sidoluhur,818,3,test
/kaggle/input/datasets/dionisiusdh/indonesian-batik-motifs/batik-sidoluhur/40.jpg,40.jpg,batik-sidoluhur,819,3,train
/kaggle/input/datasets/dionisiusdh/indonesian-batik-motifs/batik-sidoluhur/41.jpg,41.jpg,batik-sidoluhur,820,3,test
/kaggle/input/datasets/dionisiusdh/indonesian-batik-motifs/batik-sidoluhur/42.jpg,42.jpg,batik-sidoluhur,821,3,train
/kaggle/input/datasets/dionisiusdh/indonesian-batik-motifs/batik-sidoluhur/43.jpg,43.jpg,batik-sidoluhur,732,3,test
/kaggle/input/datasets/dionisiusdh/indonesian-batik-motifs/batik-sidoluhur/44.jpg,44.jpg,batik-sidoluhur,823,3,train
/kaggle/input/datasets/dionisiusdh/indonesian-batik-motifs/batik-sidoluhur/45.jpg,45.jpg,batik-sidoluhur,824,3,train
/kaggle/input/datasets/dionisiusdh/indonesian-batik-motifs/batik-sidoluhur/46.jpg,46.jpg,batik-sidoluhur,825,3,train
/kaggle/input/datasets/dionisiusdh/indonesian-batik-motifs/batik-sidoluhur/47.jpg,47.jpg,batik-sidoluhur,826,3,train
/kaggle/input/datasets/dionisiusdh/indonesian-batik-motifs/batik-sidoluhur/48.jpg,48.jpg,batik-sidoluhur,827,3,train
/kaggle/input/datasets/dionisiusdh/indonesian-batik-motifs/batik-sidoluhur/49.jpg,49.jpg,batik-sidoluhur,828,3,train
/kaggle/input/datasets/dionisiusdh/indonesian-batik-motifs/batik-sidoluhur/5.jpg,5.jpg,batik-sidoluhur,829,3,train
/kaggle/input/datasets/dionisiusdh/indonesian-batik-motifs/batik-sidoluhur/50.jpg,50.jpg,batik-sidoluhur,830,3,train
/kaggle/input/datasets/dionisiusdh/indonesian-batik-motifs/batik-sidoluhur/6.jpg,6.jpg,batik-sidoluhur,831,3,test
/kaggle/input/datasets/dionisiusdh/indonesian-batik-motifs/batik-sidoluhur/7.jpg,7.jpg,batik-sidoluhur,832,3,test
/kaggle/input/datasets/dionisiusdh/indonesian-batik-motifs/batik-sidoluhur/8.jpg,8.jpg,batik-sidoluhur,833,3,train
/kaggle/input/datasets/dionisiusdh/indonesian-batik-motifs/batik-sidoluhur/9.jpg,9.jpg,batik-sidoluhur,834,3,train
/kaggle/input/datasets/dionisiusdh/indonesian-batik-motifs/batik-sidomukti/1.jpg,1.jpg,batik-sidomukti,835,3,train
/kaggle/input/datasets/dionisiusdh/indonesian-batik-motifs/batik-sidomukti/10.jpg,10.jpg,batik-sidomukti,836,3,train
/kaggle/input/datasets/dionisiusdh/indonesian-batik-motifs/batik-sidomukti/11.jpg,11.jpg,batik-sidomukti,837,3,train
/kaggle/input/datasets/dionisiusdh/indonesian-batik-motifs/batik-sidomukti/12.jpg,12.jpg,batik-sidomukti,838,3,train
/kaggle/input/datasets/dionisiusdh/indonesian-batik-motifs/batik-sidomukti/13.jpg,13.jpg,batik-sidomukti,839,3,test
/kaggle/input/datasets/dionisiusdh/indonesian-batik-motifs/batik-sidomukti/14.jpg,14.jpg,batik-sidomukti,840,3,test
/kaggle/input/datasets/dionisiusdh/indonesian-batik-motifs/batik-sidomukti/15.jpg,15.jpg,batik-sidomukti,841,3,train
/kaggle/input/datasets/dionisiusdh/indonesian-batik-motifs/batik-sidomukti/16.jpg,16.jpg,batik-sidomukti,842,3,train
/kaggle/input/datasets/dionisiusdh/indonesian-batik-motifs/batik-sidomukti/17.jpg,17.jpg,batik-sidomukti,843,3,train
/kaggle/input/datasets/dionisiusdh/indonesian-batik-motifs/batik-sidomukti/18.jpg,18.jpg,batik-sidomukti,844,3,train
/kaggle/input/datasets/dionisiusdh/indonesian-batik-motifs/batik-sidomukti/19.jpg,19.jpg,batik-sidomukti,845,3,test
/kaggle/input/datasets/dionisiusdh/indonesian-batik-motifs/batik-sidomukti/2.jpg,2.jpg,batik-sidomukti,846,3,train
/kaggle/input/datasets/dionisiusdh/indonesian-batik-motifs/batik-sidomukti/20.jpg,20.jpg,batik-sidomukti,847,3,train
/kaggle/input/datasets/dionisiusdh/indonesian-batik-motifs/batik-sidomukti/21.jpg,21.jpg,batik-sidomukti,848,3,train
/kaggle/input/datasets/dionisiusdh/indonesian-batik-motifs/batik-sidomukti/22.jpg,22.jpg,batik-sidomukti,807,3,test
/kaggle/input/datasets/dionisiusdh/indonesian-batik-motifs/batik-sidomukti/23.jpg,23.jpg,batik-sidomukti,850,3,train
/kaggle/input/datasets/dionisiusdh/indonesian-batik-motifs/batik-sidomukti/24.jpg,24.jpg,batik-sidomukti,482,3,test
/kaggle/input/datasets/dionisiusdh/indonesian-batik-motifs/batik-sidomukti/25.jpg,25.jpg,batik-sidomukti,852,3,train
/kaggle/input/datasets/dionisiusdh/indonesian-batik-motifs/batik-sidomukti/26.jpg,26.jpg,batik-sidomukti,853,3,train
/kaggle/input/datasets/dionisiusdh/indonesian-batik-motifs/batik-sidomukti/27.jpg,27.jpg,batik-sidomukti,854,3,train
/kaggle/input/datasets/dionisiusdh/indonesian-batik-motifs/batik-sidomukti/28.jpg,28.jpg,batik-sidomukti,855,3,train
/kaggle/input/datasets/dionisiusdh/indonesian-batik-motifs/batik-sidomukti/29.jpg,29.jpg,batik-sidomukti,856,3,test
/kaggle/input/datasets/dionisiusdh/indonesian-batik-motifs/batik-sidomukti/3.jpg,3.jpg,batik-sidomukti,857,3,test
/kaggle/input/datasets/dionisiusdh/indonesian-batik-motifs/batik-sidomukti/30.jpg,30.jpg,batik-sidomukti,858,3,train
/kaggle/input/datasets/dionisiusdh/indonesian-batik-motifs/batik-sidomukti/31.jpg,31.jpg,batik-sidomukti,859,3,train
/kaggle/input/datasets/dionisiusdh/indonesian-batik-motifs/batik-sidomukti/32.jpg,32.jpg,batik-sidomukti,860,3,train
/kaggle/input/datasets/dionisiusdh/indonesian-batik-motifs/batik-sidomukti/33.jpg,33.jpg,batik-sidomukti,861,3,test
/kaggle/input/datasets/dionisiusdh/indonesian-batik-motifs/batik-sidomukti/34.jpg,34.jpg,batik-sidomukti,862,3,train
/kaggle/input/datasets/dionisiusdh/indonesian-batik-motifs/batik-sidomukti/35.jpg,35.jpg,batik-sidomukti,863,3,train
/kaggle/input/datasets/dionisiusdh/indonesian-batik-motifs/batik-sidomukti/36.jpg,36.jpg,batik-sidomukti,469,3,train
/kaggle/input/datasets/dionisiusdh/indonesian-batik-motifs/batik-sidomukti/37.jpg,37.jpg,batik-sidomukti,865,3,train
/kaggle/input/datasets/dionisiusdh/indonesian-batik-motifs/batik-sidomukti/38.jpg,38.jpg,batik-sidomukti,866,3,train
/kaggle/input/datasets/dionisiusdh/indonesian-batik-motifs/batik-sidomukti/39.jpg,39.jpg,batik-sidomukti,867,3,test
/kaggle/input/datasets/dionisiusdh/indonesian-batik-motifs/batik-sidomukti/40.jpg,40.jpg,batik-sidomukti,868,3,test
/kaggle/input/datasets/dionisiusdh/indonesian-batik-motifs/batik-sidomukti/41.jpg,41.jpg,batik-sidomukti,869,3,train
/kaggle/input/datasets/dionisiusdh/indonesian-batik-motifs/batik-sidomukti/42.jpg,42.jpg,batik-sidomukti,870,3,test
/kaggle/input/datasets/dionisiusdh/indonesian-batik-motifs/batik-sidomukti/43.jpg,43.jpg,batik-sidomukti,871,3,test
/kaggle/input/datasets/dionisiusdh/indonesian-batik-motifs/batik-sidomukti/45.jpg,45.jpg,batik-sidomukti,872,3,train
/kaggle/input/datasets/dionisiusdh/indonesian-batik-motifs/batik-sidomukti/47.jpg,47.jpg,batik-sidomukti,873,3,test
/kaggle/input/datasets/dionisiusdh/indonesian-batik-motifs/batik-sidomukti/48.jpg,48.jpg,batik-sidomukti,874,3,train
/kaggle/input/datasets/dionisiusdh/indonesian-batik-motifs/batik-sidomukti/5.jpg,5.jpg,batik-sidomukti,875,3,train
/kaggle/input/datasets/dionisiusdh/indonesian-batik-motifs/batik-sidomukti/50.jpg,50.jpg,batik-sidomukti,876,3,train
/kaggle/input/datasets/dionisiusdh/indonesian-batik-motifs/batik-sidomukti/6.jpg,6.jpg,batik-sidomukti,877,3,test
/kaggle/input/datasets/dionisiusdh/indonesian-batik-motifs/batik-sidomukti/7.jpg,7.jpg,batik-sidomukti,878,3,train
/kaggle/input/datasets/dionisiusdh/indonesian-batik-motifs/batik-sidomukti/8.jpg,8.jpg,batik-sidomukti,879,3,test
/kaggle/input/datasets/dionisiusdh/indonesian-batik-motifs/batik-sidomukti/9.jpg,9.jpg,batik-sidomukti,789,3,train
/kaggle/input/datasets/dionisiusdh/indonesian-batik-motifs/batik-sogan/1.jpg,1.jpg,batik-sogan,881,3,test
/kaggle/input/datasets/dionisiusdh/indonesian-batik-motifs/batik-sogan/10.jpg,10.jpg,batik-sogan,882,3,train
/kaggle/input/datasets/dionisiusdh/indonesian-batik-motifs/batik-sogan/11.jpg,11.jpg,batik-sogan,883,3,test
/kaggle/input/datasets/dionisiusdh/indonesian-batik-motifs/batik-sogan/12.jpg,12.jpg,batik-sogan,884,3,train
/kaggle/input/datasets/dionisiusdh/indonesian-batik-motifs/batik-sogan/13.jpg,13.jpg,batik-sogan,885,3,train
/kaggle/input/datasets/dionisiusdh/indonesian-batik-motifs/batik-sogan/14.jpg,14.jpg,batik-sogan,886,3,test
/kaggle/input/datasets/dionisiusdh/indonesian-batik-motifs/batik-sogan/15.jpg,15.jpg,batik-sogan,887,3,train
/kaggle/input/datasets/dionisiusdh/indonesian-batik-motifs/batik-sogan/16.jpg,16.jpg,batik-sogan,888,3,train
/kaggle/input/datasets/dionisiusdh/indonesian-batik-motifs/batik-sogan/17.jpg,17.jpg,batik-sogan,889,3,train
/kaggle/input/datasets/dionisiusdh/indonesian-batik-motifs/batik-sogan/18.jpg,18.jpg,batik-sogan,13,3,train
/kaggle/input/datasets/dionisiusdh/indonesian-batik-motifs/batik-sogan/19.jpg,19.jpg,batik-sogan,891,3,train
/kaggle/input/datasets/dionisiusdh/indonesian-batik-motifs/batik-sogan/2.jpg,2.jpg,batik-sogan,892,3,train
/kaggle/input/datasets/dionisiusdh/indonesian-batik-motifs/batik-sogan/20.jpg,20.jpg,batik-sogan,893,3,train
/kaggle/input/datasets/dionisiusdh/indonesian-batik-motifs/batik-sogan/21.jpg,21.jpg,batik-sogan,894,3,train
/kaggle/input/datasets/dionisiusdh/indonesian-batik-motifs/batik-sogan/22.jpg,22.jpg,batik-sogan,895,3,test
/kaggle/input/datasets/dionisiusdh/indonesian-batik-motifs/batik-sogan/23.jpg,23.jpg,batik-sogan,896,3,train
/kaggle/input/datasets/dionisiusdh/indonesian-batik-motifs/batik-sogan/24.jpg,24.jpg,batik-sogan,897,3,train
/kaggle/input/datasets/dionisiusdh/indonesian-batik-motifs/batik-sogan/25.jpg,25.jpg,batik-sogan,898,3,test
/kaggle/input/datasets/dionisiusdh/indonesian-batik-motifs/batik-sogan/26.jpg,26.jpg,batik-sogan,899,3,train
/kaggle/input/datasets/dionisiusdh/indonesian-batik-motifs/batik-sogan/27.jpg,27.jpg,batik-sogan,900,3,train
/kaggle/input/datasets/dionisiusdh/indonesian-batik-motifs/batik-sogan/28.jpg,28.jpg,batik-sogan,901,3,test
/kaggle/input/datasets/dionisiusdh/indonesian-batik-motifs/batik-sogan/29.jpg,29.jpg,batik-sogan,902,3,train
/kaggle/input/datasets/dionisiusdh/indonesian-batik-motifs/batik-sogan/3.jpg,3.jpg,batik-sogan,903,3,train
/kaggle/input/datasets/dionisiusdh/indonesian-batik-motifs/batik-sogan/30.jpg,30.jpg,batik-sogan,904,3,train
/kaggle/input/datasets/dionisiusdh/indonesian-batik-motifs/batik-sogan/31.jpg,31.jpg,batik-sogan,905,3,test
/kaggle/input/datasets/dionisiusdh/indonesian-batik-motifs/batik-sogan/32.jpg,32.jpg,batik-sogan,906,3,train
/kaggle/input/datasets/dionisiusdh/indonesian-batik-motifs/batik-sogan/33.jpg,33.jpg,batik-sogan,907,3,test
/kaggle/input/datasets/dionisiusdh/indonesian-batik-motifs/batik-sogan/34.jpg,34.jpg,batik-sogan,908,3,train
/kaggle/input/datasets/dionisiusdh/indonesian-batik-motifs/batik-sogan/35.jpg,35.jpg,batik-sogan,909,3,test
/kaggle/input/datasets/dionisiusdh/indonesian-batik-motifs/batik-sogan/36.jpg,36.jpg,batik-sogan,910,3,train
/kaggle/input/datasets/dionisiusdh/indonesian-batik-motifs/batik-sogan/37.jpg,37.jpg,batik-sogan,911,3,train
/kaggle/input/datasets/dionisiusdh/indonesian-batik-motifs/batik-sogan/38.jpg,38.jpg,batik-sogan,912,3,train
/kaggle/input/datasets/dionisiusdh/indonesian-batik-motifs/batik-sogan/39.jpg,39.jpg,batik-sogan,913,3,train
/kaggle/input/datasets/dionisiusdh/indonesian-batik-motifs/batik-sogan/4.jpg,4.jpg,batik-sogan,914,3,train
/kaggle/input/datasets/dionisiusdh/indonesian-batik-motifs/batik-sogan/40.jpg,40.jpg,batik-sogan,915,3,train
/kaggle/input/datasets/dionisiusdh/indonesian-batik-motifs/batik-sogan/41.jpg,41.jpg,batik-sogan,916,3,test
/kaggle/input/datasets/dionisiusdh/indonesian-batik-motifs/batik-sogan/42.jpg,42.jpg,batik-sogan,917,3,test
/kaggle/input/datasets/dionisiusdh/indonesian-batik-motifs/batik-sogan/43.jpg,43.jpg,batik-sogan,918,3,train
/kaggle/input/datasets/dionisiusdh/indonesian-batik-motifs/batik-sogan/44.jpg,44.jpg,batik-sogan,919,3,test
/kaggle/input/datasets/dionisiusdh/indonesian-batik-motifs/batik-sogan/45.jpg,45.jpg,batik-sogan,920,3,train
/kaggle/input/datasets/dionisiusdh/indonesian-batik-motifs/batik-sogan/46.jpg,46.jpg,batik-sogan,921,3,test
/kaggle/input/datasets/dionisiusdh/indonesian-batik-motifs/batik-sogan/47.jpg,47.jpg,batik-sogan,922,3,train
/kaggle/input/datasets/dionisiusdh/indonesian-batik-motifs/batik-sogan/48.jpg,48.jpg,batik-sogan,923,3,train
/kaggle/input/datasets/dionisiusdh/indonesian-batik-motifs/batik-sogan/49.jpg,49.jpg,batik-sogan,924,3,test
/kaggle/input/datasets/dionisiusdh/indonesian-batik-motifs/batik-sogan/5.jpg,5.jpg,batik-sogan,925,3,train
/kaggle/input/datasets/dionisiusdh/indonesian-batik-motifs/batik-sogan/50.jpg,50.jpg,batik-sogan,926,3,train
/kaggle/input/datasets/dionisiusdh/indonesian-batik-motifs/batik-sogan/6.jpg,6.jpg,batik-sogan,927,3,train
/kaggle/input/datasets/dionisiusdh/indonesian-batik-motifs/batik-sogan/7.jpg,7.jpg,batik-sogan,928,3,train
/kaggle/input/datasets/dionisiusdh/indonesian-batik-motifs/batik-sogan/8.jpg,8.jpg,batik-sogan,929,3,test
/kaggle/input/datasets/dionisiusdh/indonesian-batik-motifs/batik-sogan/9.jpg,9.jpg,batik-sogan,930,3,train
/kaggle/input/datasets/dionisiusdh/indonesian-batik-motifs/batik-tambal/1.jpg,1.jpg,batik-tambal,931,3,train
/kaggle/input/datasets/dionisiusdh/indonesian-batik-motifs/batik-tambal/10.jpg,10.jpg,batik-tambal,932,3,train
/kaggle/input/datasets/dionisiusdh/indonesian-batik-motifs/batik-tambal/11.jpg,11.jpg,batik-tambal,933,3,test
/kaggle/input/datasets/dionisiusdh/indonesian-batik-motifs/batik-tambal/12.jpg,12.jpg,batik-tambal,934,3,train
/kaggle/input/datasets/dionisiusdh/indonesian-batik-motifs/batik-tambal/13.jpg,13.jpg,batik-tambal,935,3,train
/kaggle/input/datasets/dionisiusdh/indonesian-batik-motifs/batik-tambal/14.jpg,14.jpg,batik-tambal,936,3,train
/kaggle/input/datasets/dionisiusdh/indonesian-batik-motifs/batik-tambal/15.jpg,15.jpg,batik-tambal,937,3,train
/kaggle/input/datasets/dionisiusdh/indonesian-batik-motifs/batik-tambal/16.jpg,16.jpg,batik-tambal,938,3,train
/kaggle/input/datasets/dionisiusdh/indonesian-batik-motifs/batik-tambal/17.jpg,17.jpg,batik-tambal,939,3,train
/kaggle/input/datasets/dionisiusdh/indonesian-batik-motifs/batik-tambal/18.jpg,18.jpg,batik-tambal,940,3,test
/kaggle/input/datasets/dionisiusdh/indonesian-batik-motifs/batik-tambal/19.jpg,19.jpg,batik-tambal,941,3,train
/kaggle/input/datasets/dionisiusdh/indonesian-batik-motifs/batik-tambal/2.jpg,2.jpg,batik-tambal,942,3,train
/kaggle/input/datasets/dionisiusdh/indonesian-batik-motifs/batik-tambal/20.jpg,20.jpg,batik-tambal,943,3,train
/kaggle/input/datasets/dionisiusdh/indonesian-batik-motifs/batik-tambal/21.jpg,21.jpg,batik-tambal,944,3,train
/kaggle/input/datasets/dionisiusdh/indonesian-batik-motifs/batik-tambal/22.jpg,22.jpg,batik-tambal,945,3,test
/kaggle/input/datasets/dionisiusdh/indonesian-batik-motifs/batik-tambal/23.jpg,23.jpg,batik-tambal,946,3,train
/kaggle/input/datasets/dionisiusdh/indonesian-batik-motifs/batik-tambal/24.jpg,24.jpg,batik-tambal,947,3,train
/kaggle/input/datasets/dionisiusdh/indonesian-batik-motifs/batik-tambal/25.jpg,25.jpg,batik-tambal,948,3,test
/kaggle/input/datasets/dionisiusdh/indonesian-batik-motifs/batik-tambal/26.jpg,26.jpg,batik-tambal,949,3,train
/kaggle/input/datasets/dionisiusdh/indonesian-batik-motifs/batik-tambal/27.jpg,27.jpg,batik-tambal,950,3,train
/kaggle/input/datasets/dionisiusdh/indonesian-batik-motifs/batik-tambal/28.jpg,28.jpg,batik-tambal,951,3,train
/kaggle/input/datasets/dionisiusdh/indonesian-batik-motifs/batik-tambal/29.jpg,29.jpg,batik-tambal,952,3,train
/kaggle/input/datasets/dionisiusdh/indonesian-batik-motifs/batik-tambal/3.jpg,3.jpg,batik-tambal,953,3,test
/kaggle/input/datasets/dionisiusdh/indonesian-batik-motifs/batik-tambal/30.jpg,30.jpg,batik-tambal,954,3,test
/kaggle/input/datasets/dionisiusdh/indonesian-batik-motifs/batik-tambal/31.jpg,31.jpg,batik-tambal,955,3,train
/kaggle/input/datasets/dionisiusdh/indonesian-batik-motifs/batik-tambal/32.jpg,32.jpg,batik-tambal,956,3,test
/kaggle/input/datasets/dionisiusdh/indonesian-batik-motifs/batik-tambal/33.jpg,33.jpg,batik-tambal,957,3,test
/kaggle/input/datasets/dionisiusdh/indonesian-batik-motifs/batik-tambal/34.jpg,34.jpg,batik-tambal,958,3,test
/kaggle/input/datasets/dionisiusdh/indonesian-batik-motifs/batik-tambal/35.jpg,35.jpg,batik-tambal,959,3,train
/kaggle/input/datasets/dionisiusdh/indonesian-batik-motifs/batik-tambal/36.jpg,36.jpg,batik-tambal,960,3,train
/kaggle/input/datasets/dionisiusdh/indonesian-batik-motifs/batik-tambal/37.jpg,37.jpg,batik-tambal,961,3,train
/kaggle/input/datasets/dionisiusdh/indonesian-batik-motifs/batik-tambal/38.jpg,38.jpg,batik-tambal,962,3,test
/kaggle/input/datasets/dionisiusdh/indonesian-batik-motifs/batik-tambal/39.jpg,39.jpg,batik-tambal,963,3,train
/kaggle/input/datasets/dionisiusdh/indonesian-batik-motifs/batik-tambal/4.jpg,4.jpg,batik-tambal,964,3,train
/kaggle/input/datasets/dionisiusdh/indonesian-batik-motifs/batik-tambal/40.jpg,40.jpg,batik-tambal,965,3,train
/kaggle/input/datasets/dionisiusdh/indonesian-batik-motifs/batik-tambal/41.jpg,41.jpg,batik-tambal,966,3,test
/kaggle/input/datasets/dionisiusdh/indonesian-batik-motifs/batik-tambal/42.jpg,42.jpg,batik-tambal,967,3,test
/kaggle/input/datasets/dionisiusdh/indonesian-batik-motifs/batik-tambal/43.jpg,43.jpg,batik-tambal,968,3,train
/kaggle/input/datasets/dionisiusdh/indonesian-batik-motifs/batik-tambal/44.jpg,44.jpg,batik-tambal,969,3,test
/kaggle/input/datasets/dionisiusdh/indonesian-batik-motifs/batik-tambal/45.jpg,45.jpg,batik-tambal,970,3,train
/kaggle/input/datasets/dionisiusdh/indonesian-batik-motifs/batik-tambal/46.jpg,46.jpg,batik-tambal,971,3,test
/kaggle/input/datasets/dionisiusdh/indonesian-batik-motifs/batik-tambal/47.jpg,47.jpg,batik-tambal,972,3,train
/kaggle/input/datasets/dionisiusdh/indonesian-batik-motifs/batik-tambal/48.jpg,48.jpg,batik-tambal,973,3,train
/kaggle/input/datasets/dionisiusdh/indonesian-batik-motifs/batik-tambal/49.jpg,49.jpg,batik-tambal,974,3,train
/kaggle/input/datasets/dionisiusdh/indonesian-batik-motifs/batik-tambal/5.jpg,5.jpg,batik-tambal,975,3,train
/kaggle/input/datasets/dionisiusdh/indonesian-batik-motifs/batik-tambal/50.jpg,50.jpg,batik-tambal,976,3,train
/kaggle/input/datasets/dionisiusdh/indonesian-batik-motifs/batik-tambal/6.jpg,6.jpg,batik-tambal,977,3,test
/kaggle/input/datasets/dionisiusdh/indonesian-batik-motifs/batik-tambal/7.jpg,7.jpg,batik-tambal,978,3,train
/kaggle/input/datasets/dionisiusdh/indonesian-batik-motifs/batik-tambal/8.jpg,8.jpg,batik-tambal,979,3,train
/kaggle/input/datasets/dionisiusdh/indonesian-batik-motifs/batik-tambal/9.jpg,9.jpg,batik-tambal,980,3,train
/kaggle/input/datasets/dionisiusdh/indonesian-batik-motifs/batik-bali/1.jpg,1.jpg,batik-bali,0,4,train
/kaggle/input/datasets/dionisiusdh/indonesian-batik-motifs/batik-bali/10.jpg,10.jpg,batik-bali,1,4,test
/kaggle/input/datasets/dionisiusdh/indonesian-batik-motifs/batik-bali/11.jpg,11.jpg,batik-bali,2,4,train
/kaggle/input/datasets/dionisiusdh/indonesian-batik-motifs/batik-bali/12.jpg,12.jpg,batik-bali,3,4,train
/kaggle/input/datasets/dionisiusdh/indonesian-batik-motifs/batik-bali/13.jpg,13.jpg,batik-bali,4,4,train
/kaggle/input/datasets/dionisiusdh/indonesian-batik-motifs/batik-bali/14.jpg,14.jpg,batik-bali,5,4,train
/kaggle/input/datasets/dionisiusdh/indonesian-batik-motifs/batik-bali/15.jpg,15.jpg,batik-bali,6,4,train
/kaggle/input/datasets/dionisiusdh/indonesian-batik-motifs/batik-bali/16.jpg,16.jpg,batik-bali,7,4,test
/kaggle/input/datasets/dionisiusdh/indonesian-batik-motifs/batik-bali/17.jpg,17.jpg,batik-bali,8,4,train
/kaggle/input/datasets/dionisiusdh/indonesian-batik-motifs/batik-bali/18.jpg,18.jpg,batik-bali,9,4,test
/kaggle/input/datasets/dionisiusdh/indonesian-batik-motifs/batik-bali/19.jpg,19.jpg,batik-bali,10,4,train
/kaggle/input/datasets/dionisiusdh/indonesian-batik-motifs/batik-bali/2.jpg,2.jpg,batik-bali,11,4,train
/kaggle/input/datasets/dionisiusdh/indonesian-batik-motifs/batik-bali/20.jpg,20.jpg,batik-bali,12,4,train
/kaggle/input/datasets/dionisiusdh/indonesian-batik-motifs/batik-bali/21.jpg,21.jpg,batik-bali,13,4,train
/kaggle/input/datasets/dionisiusdh/indonesian-batik-motifs/batik-bali/22.jpg,22.jpg,batik-bali,14,4,test
/kaggle/input/datasets/dionisiusdh/indonesian-batik-motifs/batik-bali/23.jpg,23.jpg,batik-bali,15,4,test
/kaggle/input/datasets/dionisiusdh/indonesian-batik-motifs/batik-bali/24.jpg,24.jpg,batik-bali,16,4,train
/kaggle/input/datasets/dionisiusdh/indonesian-batik-motifs/batik-bali/25.jpg,25.jpg,batik-bali,17,4,test
/kaggle/input/datasets/dionisiusdh/indonesian-batik-motifs/batik-bali/26.jpg,26.jpg,batik-bali,18,4,train
/kaggle/input/datasets/dionisiusdh/indonesian-batik-motifs/batik-bali/27.jpg,27.jpg,batik-bali,19,4,train
/kaggle/input/datasets/dionisiusdh/indonesian-batik-motifs/batik-bali/28.jpg,28.jpg,batik-bali,20,4,train
/kaggle/input/datasets/dionisiusdh/indonesian-batik-motifs/batik-bali/29.jpg,29.jpg,batik-bali,21,4,train
/kaggle/input/datasets/dionisiusdh/indonesian-batik-motifs/batik-bali/3.jpg,3.jpg,batik-bali,22,4,train
/kaggle/input/datasets/dionisiusdh/indonesian-batik-motifs/batik-bali/30.jpg,30.jpg,batik-bali,23,4,train
/kaggle/input/datasets/dionisiusdh/indonesian-batik-motifs/batik-bali/31.jpg,31.jpg,batik-bali,24,4,train
/kaggle/input/datasets/dionisiusdh/indonesian-batik-motifs/batik-bali/32.jpg,32.jpg,batik-bali,25,4,test
/kaggle/input/datasets/dionisiusdh/indonesian-batik-motifs/batik-bali/33.jpg,33.jpg,batik-bali,26,4,train
/kaggle/input/datasets/dionisiusdh/indonesian-batik-motifs/batik-bali/34.jpg,34.jpg,batik-bali,27,4,train
/kaggle/input/datasets/dionisiusdh/indonesian-batik-motifs/batik-bali/35.jpg,35.jpg,batik-bali,28,4,train
/kaggle/input/datasets/dionisiusdh/indonesian-batik-motifs/batik-bali/36.jpg,36.jpg,batik-bali,29,4,train
/kaggle/input/datasets/dionisiusdh/indonesian-batik-motifs/batik-bali/37.jpg,37.jpg,batik-bali,30,4,test
/kaggle/input/datasets/dionisiusdh/indonesian-batik-motifs/batik-bali/38.jpg,38.jpg,batik-bali,31,4,train
/kaggle/input/datasets/dionisiusdh/indonesian-batik-motifs/batik-bali/39.jpg,39.jpg,batik-bali,32,4,test
/kaggle/input/datasets/dionisiusdh/indonesian-batik-motifs/batik-bali/4.jpg,4.jpg,batik-bali,33,4,train
/kaggle/input/datasets/dionisiusdh/indonesian-batik-motifs/batik-bali/40.jpg,40.jpg,batik-bali,34,4,test
/kaggle/input/datasets/dionisiusdh/indonesian-batik-motifs/batik-bali/41.jpg,41.jpg,batik-bali,35,4,test
/kaggle/input/datasets/dionisiusdh/indonesian-batik-motifs/batik-bali/42.jpg,42.jpg,batik-bali,36,4,train
/kaggle/input/datasets/dionisiusdh/indonesian-batik-motifs/batik-bali/43.jpg,43.jpg,batik-bali,37,4,train
/kaggle/input/datasets/dionisiusdh/indonesian-batik-motifs/batik-bali/44.jpg,44.jpg,batik-bali,38,4,train
/kaggle/input/datasets/dionisiusdh/indonesian-batik-motifs/batik-bali/45.jpg,45.jpg,batik-bali,39,4,test
/kaggle/input/datasets/dionisiusdh/indonesian-batik-motifs/batik-bali/46.jpg,46.jpg,batik-bali,40,4,test
/kaggle/input/datasets/dionisiusdh/indonesian-batik-motifs/batik-bali/47.jpg,47.jpg,batik-bali,41,4,test
/kaggle/input/datasets/dionisiusdh/indonesian-batik-motifs/batik-bali/48.jpg,48.jpg,batik-bali,42,4,train
/kaggle/input/datasets/dionisiusdh/indonesian-batik-motifs/batik-bali/49.jpg,49.jpg,batik-bali,43,4,train
/kaggle/input/datasets/dionisiusdh/indonesian-batik-motifs/batik-bali/5.jpg,5.jpg,batik-bali,44,4,test
/kaggle/input/datasets/dionisiusdh/indonesian-batik-motifs/batik-bali/50.jpg,50.jpg,batik-bali,45,4,train
/kaggle/input/datasets/dionisiusdh/indonesian-batik-motifs/batik-bali/6.jpg,6.jpg,batik-bali,46,4,test
/kaggle/input/datasets/dionisiusdh/indonesian-batik-motifs/batik-bali/7.jpg,7.jpg,batik-bali,47,4,train
/kaggle/input/datasets/dionisiusdh/indonesian-batik-motifs/batik-bali/8.jpg,8.jpg,batik-bali,48,4,train
/kaggle/input/datasets/dionisiusdh/indonesian-batik-motifs/batik-bali/9.jpg,9.jpg,batik-bali,49,4,train
/kaggle/input/datasets/dionisiusdh/indonesian-batik-motifs/batik-betawi/1.jpg,1.jpg,batik-betawi,50,4,train
/kaggle/input/datasets/dionisiusdh/indonesian-batik-motifs/batik-betawi/10.jpg,10.jpg,batik-betawi,51,4,train
/kaggle/input/datasets/dionisiusdh/indonesian-batik-motifs/batik-betawi/11.jpg,11.jpg,batik-betawi,52,4,test
/kaggle/input/datasets/dionisiusdh/indonesian-batik-motifs/batik-betawi/12.jpg,12.jpg,batik-betawi,53,4,train
/kaggle/input/datasets/dionisiusdh/indonesian-batik-motifs/batik-betawi/13.jpg,13.jpg,batik-betawi,54,4,train
/kaggle/input/datasets/dionisiusdh/indonesian-batik-motifs/batik-betawi/14.jpg,14.jpg,batik-betawi,55,4,train
/kaggle/input/datasets/dionisiusdh/indonesian-batik-motifs/batik-betawi/15.jpg,15.jpg,batik-betawi,56,4,train
/kaggle/input/datasets/dionisiusdh/indonesian-batik-motifs/batik-betawi/16.jpg,16.jpg,batik-betawi,57,4,train
/kaggle/input/datasets/dionisiusdh/indonesian-batik-motifs/batik-betawi/17.jpg,17.jpg,batik-betawi,58,4,train
/kaggle/input/datasets/dionisiusdh/indonesian-batik-motifs/batik-betawi/18.jpg,18.jpg,batik-betawi,59,4,train
/kaggle/input/datasets/dionisiusdh/indonesian-batik-motifs/batik-betawi/19.jpg,19.jpg,batik-betawi,60,4,train
/kaggle/input/datasets/dionisiusdh/indonesian-batik-motifs/batik-betawi/2.jpg,2.jpg,batik-betawi,61,4,train
/kaggle/input/datasets/dionisiusdh/indonesian-batik-motifs/batik-betawi/20.jpg,20.jpg,batik-betawi,62,4,test
/kaggle/input/datasets/dionisiusdh/indonesian-batik-motifs/batik-betawi/21.jpg,21.jpg,batik-betawi,63,4,train
/kaggle/input/datasets/dionisiusdh/indonesian-batik-motifs/batik-betawi/22.jpg,22.jpg,batik-betawi,64,4,train
/kaggle/input/datasets/dionisiusdh/indonesian-batik-motifs/batik-betawi/23.jpg,23.jpg,batik-betawi,65,4,train
/kaggle/input/datasets/dionisiusdh/indonesian-batik-motifs/batik-betawi/24.jpg,24.jpg,batik-betawi,66,4,test
/kaggle/input/datasets/dionisiusdh/indonesian-batik-motifs/batik-betawi/25.jpg,25.jpg,batik-betawi,67,4,test
/kaggle/input/datasets/dionisiusdh/indonesian-batik-motifs/batik-betawi/26.jpg,26.jpg,batik-betawi,68,4,test
/kaggle/input/datasets/dionisiusdh/indonesian-batik-motifs/batik-betawi/27.jpg,27.jpg,batik-betawi,69,4,test
/kaggle/input/datasets/dionisiusdh/indonesian-batik-motifs/batik-betawi/28.jpg,28.jpg,batik-betawi,70,4,train
/kaggle/input/datasets/dionisiusdh/indonesian-batik-motifs/batik-betawi/29.jpg,29.jpg,batik-betawi,71,4,train
/kaggle/input/datasets/dionisiusdh/indonesian-batik-motifs/batik-betawi/3.jpg,3.jpg,batik-betawi,72,4,test
/kaggle/input/datasets/dionisiusdh/indonesian-batik-motifs/batik-betawi/30.jpg,30.jpg,batik-betawi,73,4,train
/kaggle/input/datasets/dionisiusdh/indonesian-batik-motifs/batik-betawi/31.jpg,31.jpg,batik-betawi,74,4,train
/kaggle/input/datasets/dionisiusdh/indonesian-batik-motifs/batik-betawi/32.jpg,32.jpg,batik-betawi,75,4,test
/kaggle/input/datasets/dionisiusdh/indonesian-batik-motifs/batik-betawi/33.jpg,33.jpg,batik-betawi,4,4,train
/kaggle/input/datasets/dionisiusdh/indonesian-batik-motifs/batik-betawi/34.jpg,34.jpg,batik-betawi,77,4,train
/kaggle/input/datasets/dionisiusdh/indonesian-batik-motifs/batik-betawi/35.jpg,35.jpg,batik-betawi,54,4,train
/kaggle/input/datasets/dionisiusdh/indonesian-batik-motifs/batik-betawi/36.jpg,36.jpg,batik-betawi,79,4,train
/kaggle/input/datasets/dionisiusdh/indonesian-batik-motifs/batik-betawi/37.jpg,37.jpg,batik-betawi,80,4,train
/kaggle/input/datasets/dionisiusdh/indonesian-batik-motifs/batik-betawi/38.jpg,38.jpg,batik-betawi,81,4,train
/kaggle/input/datasets/dionisiusdh/indonesian-batik-motifs/batik-betawi/39.jpg,39.jpg,batik-betawi,82,4,train
/kaggle/input/datasets/dionisiusdh/indonesian-batik-motifs/batik-betawi/4.jpg,4.jpg,batik-betawi,83,4,test
/kaggle/input/datasets/dionisiusdh/indonesian-batik-motifs/batik-betawi/40.jpg,40.jpg,batik-betawi,84,4,test
/kaggle/input/datasets/dionisiusdh/indonesian-batik-motifs/batik-betawi/41.jpg,41.jpg,batik-betawi,85,4,test
/kaggle/input/datasets/dionisiusdh/indonesian-batik-motifs/batik-betawi/42.jpg,42.jpg,batik-betawi,86,4,train
/kaggle/input/datasets/dionisiusdh/indonesian-batik-motifs/batik-betawi/43.jpg,43.jpg,batik-betawi,87,4,train
/kaggle/input/datasets/dionisiusdh/indonesian-batik-motifs/batik-betawi/44.jpg,44.jpg,batik-betawi,88,4,train
/kaggle/input/datasets/dionisiusdh/indonesian-batik-motifs/batik-betawi/45.jpg,45.jpg,batik-betawi,89,4,test
/kaggle/input/datasets/dionisiusdh/indonesian-batik-motifs/batik-betawi/46.jpg,46.jpg,batik-betawi,90,4,train
/kaggle/input/datasets/dionisiusdh/indonesian-batik-motifs/batik-betawi/47.jpg,47.jpg,batik-betawi,91,4,test
/kaggle/input/datasets/dionisiusdh/indonesian-batik-motifs/batik-betawi/48.jpg,48.jpg,batik-betawi,92,4,train
/kaggle/input/datasets/dionisiusdh/indonesian-batik-motifs/batik-betawi/49.jpg,49.jpg,batik-betawi,93,4,train
/kaggle/input/datasets/dionisiusdh/indonesian-batik-motifs/batik-betawi/5.jpg,5.jpg,batik-betawi,55,4,train
/kaggle/input/datasets/dionisiusdh/indonesian-batik-motifs/batik-betawi/50.jpg,50.jpg,batik-betawi,95,4,train
/kaggle/input/datasets/dionisiusdh/indonesian-batik-motifs/batik-betawi/6.jpg,6.jpg,batik-betawi,96,4,test
/kaggle/input/datasets/dionisiusdh/indonesian-batik-motifs/batik-betawi/7.jpg,7.jpg,batik-betawi,97,4,test
/kaggle/input/datasets/dionisiusdh/indonesian-batik-motifs/batik-betawi/8.jpg,8.jpg,batik-betawi,98,4,train
/kaggle/input/datasets/dionisiusdh/indonesian-batik-motifs/batik-betawi/9.jpg,9.jpg,batik-betawi,99,4,test
/kaggle/input/datasets/dionisiusdh/indonesian-batik-motifs/batik-celup/1.jpg,1.jpg,batik-celup,100,4,train
/kaggle/input/datasets/dionisiusdh/indonesian-batik-motifs/batik-celup/10.jpg,10.jpg,batik-celup,101,4,train
/kaggle/input/datasets/dionisiusdh/indonesian-batik-motifs/batik-celup/11.jpg,11.jpg,batik-celup,102,4,train
/kaggle/input/datasets/dionisiusdh/indonesian-batik-motifs/batik-celup/12.jpg,12.jpg,batik-celup,103,4,test
/kaggle/input/datasets/dionisiusdh/indonesian-batik-motifs/batik-celup/13.jpg,13.jpg,batik-celup,104,4,train
/kaggle/input/datasets/dionisiusdh/indonesian-batik-motifs/batik-celup/14.jpg,14.jpg,batik-celup,105,4,train
/kaggle/input/datasets/dionisiusdh/indonesian-batik-motifs/batik-celup/15.jpg,15.jpg,batik-celup,106,4,train
/kaggle/input/datasets/dionisiusdh/indonesian-batik-motifs/batik-celup/16.jpg,16.jpg,batik-celup,107,4,train
/kaggle/input/datasets/dionisiusdh/indonesian-batik-motifs/batik-celup/17.jpg,17.jpg,batik-celup,108,4,train
/kaggle/input/datasets/dionisiusdh/indonesian-batik-motifs/batik-celup/18.jpg,18.jpg,batik-celup,109,4,train
/kaggle/input/datasets/dionisiusdh/indonesian-batik-motifs/batik-celup/19.jpg,19.jpg,batik-celup,110,4,train
/kaggle/input/datasets/dionisiusdh/indonesian-batik-motifs/batik-celup/2.jpg,2.jpg,batik-celup,111,4,test
/kaggle/input/datasets/dionisiusdh/indonesian-batik-motifs/batik-celup/20.jpg,20.jpg,batik-celup,112,4,train
/kaggle/input/datasets/dionisiusdh/indonesian-batik-motifs/batik-celup/21.jpg,21.jpg,batik-celup,114,4,train
/kaggle/input/datasets/dionisiusdh/indonesian-batik-motifs/batik-celup/22.jpg,22.jpg,batik-celup,114,4,train
/kaggle/input/datasets/dionisiusdh/indonesian-batik-motifs/batik-celup/23.jpg,23.jpg,batik-celup,114,4,train
/kaggle/input/datasets/dionisiusdh/indonesian-batik-motifs/batik-celup/24.jpg,24.jpg,batik-celup,116,4,test
/kaggle/input/datasets/dionisiusdh/indonesian-batik-motifs/batik-celup/25.jpg,25.jpg,batik-celup,117,4,test
/kaggle/input/datasets/dionisiusdh/indonesian-batik-motifs/batik-celup/26.jpg,26.jpg,batik-celup,118,4,train
/kaggle/input/datasets/dionisiusdh/indonesian-batik-motifs/batik-celup/27.jpg,27.jpg,batik-celup,119,4,train
/kaggle/input/datasets/dionisiusdh/indonesian-batik-motifs/batik-celup/28.jpg,28.jpg,batik-celup,120,4,train
/kaggle/input/datasets/dionisiusdh/indonesian-batik-motifs/batik-celup/29.jpg,29.jpg,batik-celup,114,4,train
/kaggle/input/datasets/dionisiusdh/indonesian-batik-motifs/batik-celup/3.jpg,3.jpg,batik-celup,122,4,test
/kaggle/input/datasets/dionisiusdh/indonesian-batik-motifs/batik-celup/30.jpg,30.jpg,batik-celup,123,4,train
/kaggle/input/datasets/dionisiusdh/indonesian-batik-motifs/batik-celup/31.jpg,31.jpg,batik-celup,124,4,test
/kaggle/input/datasets/dionisiusdh/indonesian-batik-motifs/batik-celup/32.jpg,32.jpg,batik-celup,125,4,train
/kaggle/input/datasets/dionisiusdh/indonesian-batik-motifs/batik-celup/33.jpg,33.jpg,batik-celup,126,4,test
/kaggle/input/datasets/dionisiusdh/indonesian-batik-motifs/batik-celup/34.jpg,34.jpg,batik-celup,127,4,train
/kaggle/input/datasets/dionisiusdh/indonesian-batik-motifs/batik-celup/35.jpg,35.jpg,batik-celup,128,4,train
/kaggle/input/datasets/dionisiusdh/indonesian-batik-motifs/batik-celup/36.jpg,36.jpg,batik-celup,129,4,train
/kaggle/input/datasets/dionisiusdh/indonesian-batik-motifs/batik-celup/37.jpg,37.jpg,batik-celup,130,4,test
/kaggle/input/datasets/dionisiusdh/indonesian-batik-motifs/batik-celup/38.jpg,38.jpg,batik-celup,131,4,test
/kaggle/input/datasets/dionisiusdh/indonesian-batik-motifs/batik-celup/39.jpg,39.jpg,batik-celup,132,4,test
/kaggle/input/datasets/dionisiusdh/indonesian-batik-motifs/batik-celup/4.jpg,4.jpg,batik-celup,133,4,test
/kaggle/input/datasets/dionisiusdh/indonesian-batik-motifs/batik-celup/40.jpg,40.jpg,batik-celup,134,4,train
/kaggle/input/datasets/dionisiusdh/indonesian-batik-motifs/batik-celup/41.jpg,41.jpg,batik-celup,135,4,train
/kaggle/input/datasets/dionisiusdh/indonesian-batik-motifs/batik-celup/42.jpg,42.jpg,batik-celup,136,4,train
/kaggle/input/datasets/dionisiusdh/indonesian-batik-motifs/batik-celup/43.jpg,43.jpg,batik-celup,137,4,train
/kaggle/input/datasets/dionisiusdh/indonesian-batik-motifs/batik-celup/44.jpg,44.jpg,batik-celup,138,4,train
/kaggle/input/datasets/dionisiusdh/indonesian-batik-motifs/batik-celup/45.jpg,45.jpg,batik-celup,139,4,train
/kaggle/input/datasets/dionisiusdh/indonesian-batik-motifs/batik-celup/46.jpg,46.jpg,batik-celup,140,4,train
/kaggle/input/datasets/dionisiusdh/indonesian-batik-motifs/batik-celup/47.jpg,47.jpg,batik-celup,141,4,test
/kaggle/input/datasets/dionisiusdh/indonesian-batik-motifs/batik-celup/48.jpg,48.jpg,batik-celup,142,4,test
/kaggle/input/datasets/dionisiusdh/indonesian-batik-motifs/batik-celup/49.jpg,49.jpg,batik-celup,143,4,train
/kaggle/input/datasets/dionisiusdh/indonesian-batik-motifs/batik-celup/5.jpg,5.jpg,batik-celup,144,4,test
/kaggle/input/datasets/dionisiusdh/indonesian-batik-motifs/batik-celup/50.jpg,50.jpg,batik-celup,145,4,train
/kaggle/input/datasets/dionisiusdh/indonesian-batik-motifs/batik-celup/6.jpg,6.jpg,batik-celup,146,4,train
/kaggle/input/datasets/dionisiusdh/indonesian-batik-motifs/batik-celup/7.jpg,7.jpg,batik-celup,147,4,train
/kaggle/input/datasets/dionisiusdh/indonesian-batik-motifs/batik-celup/8.jpg,8.jpg,batik-celup,148,4,test
/kaggle/input/datasets/dionisiusdh/indonesian-batik-motifs/batik-celup/9.jpg,9.jpg,batik-celup,149,4,train
/kaggle/input/datasets/dionisiusdh/indonesian-batik-motifs/batik-cendrawasih/1.jpg,1.jpg,batik-cendrawasih,150,4,train
/kaggle/input/datasets/dionisiusdh/indonesian-batik-motifs/batik-cendrawasih/10.jpg,10.jpg,batik-cendrawasih,151,4,train
/kaggle/input/datasets/dionisiusdh/indonesian-batik-motifs/batik-cendrawasih/11.jpg,11.jpg,batik-cendrawasih,152,4,test
/kaggle/input/datasets/dionisiusdh/indonesian-batik-motifs/batik-cendrawasih/12.jpg,12.jpg,batik-cendrawasih,153,4,train
/kaggle/input/datasets/dionisiusdh/indonesian-batik-motifs/batik-cendrawasih/13.jpg,13.jpg,batik-cendrawasih,154,4,train
/kaggle/input/datasets/dionisiusdh/indonesian-batik-motifs/batik-cendrawasih/14.jpg,14.jpg,batik-cendrawasih,155,4,test
/kaggle/input/datasets/dionisiusdh/indonesian-batik-motifs/batik-cendrawasih/15.jpg,15.jpg,batik-cendrawasih,156,4,train
/kaggle/input/datasets/dionisiusdh/indonesian-batik-motifs/batik-cendrawasih/16.jpg,16.jpg,batik-cendrawasih,157,4,test
/kaggle/input/datasets/dionisiusdh/indonesian-batik-motifs/batik-cendrawasih/17.jpg,17.jpg,batik-cendrawasih,158,4,train
/kaggle/input/datasets/dionisiusdh/indonesian-batik-motifs/batik-cendrawasih/19.jpg,19.jpg,batik-cendrawasih,159,4,train
/kaggle/input/datasets/dionisiusdh/indonesian-batik-motifs/batik-cendrawasih/2.jpg,2.jpg,batik-cendrawasih,160,4,train
/kaggle/input/datasets/dionisiusdh/indonesian-batik-motifs/batik-cendrawasih/20.jpg,20.jpg,batik-cendrawasih,161,4,test
/kaggle/input/datasets/dionisiusdh/indonesian-batik-motifs/batik-cendrawasih/21.jpg,21.jpg,batik-cendrawasih,162,4,train
/kaggle/input/datasets/dionisiusdh/indonesian-batik-motifs/batik-cendrawasih/22.jpg,22.jpg,batik-cendrawasih,163,4,train
/kaggle/input/datasets/dionisiusdh/indonesian-batik-motifs/batik-cendrawasih/23.jpg,23.jpg,batik-cendrawasih,164,4,train
/kaggle/input/datasets/dionisiusdh/indonesian-batik-motifs/batik-cendrawasih/24.jpg,24.jpg,batik-cendrawasih,165,4,test
/kaggle/input/datasets/dionisiusdh/indonesian-batik-motifs/batik-cendrawasih/25.jpg,25.jpg,batik-cendrawasih,166,4,train
/kaggle/input/datasets/dionisiusdh/indonesian-batik-motifs/batik-cendrawasih/26.jpg,26.jpg,batik-cendrawasih,167,4,test
/kaggle/input/datasets/dionisiusdh/indonesian-batik-motifs/batik-cendrawasih/27.jpg,27.jpg,batik-cendrawasih,168,4,train
/kaggle/input/datasets/dionisiusdh/indonesian-batik-motifs/batik-cendrawasih/28.jpg,28.jpg,batik-cendrawasih,169,4,train
/kaggle/input/datasets/dionisiusdh/indonesian-batik-motifs/batik-cendrawasih/29.jpg,29.jpg,batik-cendrawasih,170,4,test
/kaggle/input/datasets/dionisiusdh/indonesian-batik-motifs/batik-cendrawasih/3.jpg,3.jpg,batik-cendrawasih,171,4,train
/kaggle/input/datasets/dionisiusdh/indonesian-batik-motifs/batik-cendrawasih/30.jpg,30.jpg,batik-cendrawasih,172,4,train
/kaggle/input/datasets/dionisiusdh/indonesian-batik-motifs/batik-cendrawasih/31.jpg,31.jpg,batik-cendrawasih,173,4,train
/kaggle/input/datasets/dionisiusdh/indonesian-batik-motifs/batik-cendrawasih/32.jpg,32.jpg,batik-cendrawasih,174,4,train
/kaggle/input/datasets/dionisiusdh/indonesian-batik-motifs/batik-cendrawasih/33.jpg,33.jpg,batik-cendrawasih,175,4,train
/kaggle/input/datasets/dionisiusdh/indonesian-batik-motifs/batik-cendrawasih/34.jpg,34.jpg,batik-cendrawasih,176,4,train
/kaggle/input/datasets/dionisiusdh/indonesian-batik-motifs/batik-cendrawasih/35.jpg,35.jpg,batik-cendrawasih,177,4,test
/kaggle/input/datasets/dionisiusdh/indonesian-batik-motifs/batik-cendrawasih/36.jpg,36.jpg,batik-cendrawasih,178,4,train
/kaggle/input/datasets/dionisiusdh/indonesian-batik-motifs/batik-cendrawasih/37.jpg,37.jpg,batik-cendrawasih,179,4,train
/kaggle/input/datasets/dionisiusdh/indonesian-batik-motifs/batik-cendrawasih/38.jpg,38.jpg,batik-cendrawasih,180,4,test
/kaggle/input/datasets/dionisiusdh/indonesian-batik-motifs/batik-cendrawasih/39.jpg,39.jpg,batik-cendrawasih,181,4,test
/kaggle/input/datasets/dionisiusdh/indonesian-batik-motifs/batik-cendrawasih/4.jpg,4.jpg,batik-cendrawasih,182,4,train
/kaggle/input/datasets/dionisiusdh/indonesian-batik-motifs/batik-cendrawasih/40.jpg,40.jpg,batik-cendrawasih,183,4,train
/kaggle/input/datasets/dionisiusdh/indonesian-batik-motifs/batik-cendrawasih/41.jpg,41.jpg,batik-cendrawasih,184,4,train
/kaggle/input/datasets/dionisiusdh/indonesian-batik-motifs/batik-cendrawasih/42.jpg,42.jpg,batik-cendrawasih,185,4,test
/kaggle/input/datasets/dionisiusdh/indonesian-batik-motifs/batik-cendrawasih/43.jpg,43.jpg,batik-cendrawasih,186,4,test
/kaggle/input/datasets/dionisiusdh/indonesian-batik-motifs/batik-cendrawasih/44.jpg,44.jpg,batik-cendrawasih,187,4,train
/kaggle/input/datasets/dionisiusdh/indonesian-batik-motifs/batik-cendrawasih/45.jpg,45.jpg,batik-cendrawasih,188,4,train
/kaggle/input/datasets/dionisiusdh/indonesian-batik-motifs/batik-cendrawasih/46.jpg,46.jpg,batik-cendrawasih,189,4,train
/kaggle/input/datasets/dionisiusdh/indonesian-batik-motifs/batik-cendrawasih/47.jpg,47.jpg,batik-cendrawasih,190,4,train
/kaggle/input/datasets/dionisiusdh/indonesian-batik-motifs/batik-cendrawasih/48.jpg,48.jpg,batik-cendrawasih,191,4,train
/kaggle/input/datasets/dionisiusdh/indonesian-batik-motifs/batik-cendrawasih/49.jpg,49.jpg,batik-cendrawasih,192,4,train
/kaggle/input/datasets/dionisiusdh/indonesian-batik-motifs/batik-cendrawasih/5.jpg,5.jpg,batik-cendrawasih,193,4,test
/kaggle/input/datasets/dionisiusdh/indonesian-batik-motifs/batik-cendrawasih/50.jpg,50.jpg,batik-cendrawasih,194,4,test
/kaggle/input/datasets/dionisiusdh/indonesian-batik-motifs/batik-cendrawasih/6.jpg,6.jpg,batik-cendrawasih,195,4,train
/kaggle/input/datasets/dionisiusdh/indonesian-batik-motifs/batik-cendrawasih/7.jpg,7.jpg,batik-cendrawasih,196,4,train
/kaggle/input/datasets/dionisiusdh/indonesian-batik-motifs/batik-cendrawasih/8.jpg,8.jpg,batik-cendrawasih,197,4,train
/kaggle/input/datasets/dionisiusdh/indonesian-batik-motifs/batik-cendrawasih/9.jpg,9.jpg,batik-cendrawasih,198,4,test
/kaggle/input/datasets/dionisiusdh/indonesian-batik-motifs/batik-ceplok/10.jpg,10.jpg,batik-ceplok,199,4,test
/kaggle/input/datasets/dionisiusdh/indonesian-batik-motifs/batik-ceplok/11.jpg,11.jpg,batik-ceplok,200,4,train
/kaggle/input/datasets/dionisiusdh/indonesian-batik-motifs/batik-ceplok/12.jpg,12.jpg,batik-ceplok,201,4,train
/kaggle/input/datasets/dionisiusdh/indonesian-batik-motifs/batik-ceplok/13.jpg,13.jpg,batik-ceplok,7,4,test
/kaggle/input/datasets/dionisiusdh/indonesian-batik-motifs/batik-ceplok/14.jpg,14.jpg,batik-ceplok,203,4,train
/kaggle/input/datasets/dionisiusdh/indonesian-batik-motifs/batik-ceplok/15.jpg,15.jpg,batik-ceplok,204,4,train
/kaggle/input/datasets/dionisiusdh/indonesian-batik-motifs/batik-ceplok/17.jpg,17.jpg,batik-ceplok,205,4,train
/kaggle/input/datasets/dionisiusdh/indonesian-batik-motifs/batik-ceplok/18.jpg,18.jpg,batik-ceplok,206,4,train
/kaggle/input/datasets/dionisiusdh/indonesian-batik-motifs/batik-ceplok/19.jpg,19.jpg,batik-ceplok,207,4,train
/kaggle/input/datasets/dionisiusdh/indonesian-batik-motifs/batik-ceplok/2.jpg,2.jpg,batik-ceplok,208,4,test
/kaggle/input/datasets/dionisiusdh/indonesian-batik-motifs/batik-ceplok/20.jpg,20.jpg,batik-ceplok,209,4,train
/kaggle/input/datasets/dionisiusdh/indonesian-batik-motifs/batik-ceplok/21.jpg,21.jpg,batik-ceplok,210,4,test
/kaggle/input/datasets/dionisiusdh/indonesian-batik-motifs/batik-ceplok/22.jpg,22.jpg,batik-ceplok,211,4,train
/kaggle/input/datasets/dionisiusdh/indonesian-batik-motifs/batik-ceplok/23.jpg,23.jpg,batik-ceplok,212,4,test
/kaggle/input/datasets/dionisiusdh/indonesian-batik-motifs/batik-ceplok/24.jpg,24.jpg,batik-ceplok,213,4,train
/kaggle/input/datasets/dionisiusdh/indonesian-batik-motifs/batik-ceplok/25.jpg,25.jpg,batik-ceplok,214,4,train
/kaggle/input/datasets/dionisiusdh/indonesian-batik-motifs/batik-ceplok/26.jpg,26.jpg,batik-ceplok,215,4,train
/kaggle/input/datasets/dionisiusdh/indonesian-batik-motifs/batik-ceplok/27.jpg,27.jpg,batik-ceplok,215,4,train
/kaggle/input/datasets/dionisiusdh/indonesian-batik-motifs/batik-ceplok/28.jpg,28.jpg,batik-ceplok,217,4,test
/kaggle/input/datasets/dionisiusdh/indonesian-batik-motifs/batik-ceplok/29.jpg,29.jpg,batik-ceplok,218,4,test
/kaggle/input/datasets/dionisiusdh/indonesian-batik-motifs/batik-ceplok/3.jpg,3.jpg,batik-ceplok,219,4,test
/kaggle/input/datasets/dionisiusdh/indonesian-batik-motifs/batik-ceplok/30.jpg,30.jpg,batik-ceplok,220,4,test
/kaggle/input/datasets/dionisiusdh/indonesian-batik-motifs/batik-ceplok/31.jpg,31.jpg,batik-ceplok,221,4,train
/kaggle/input/datasets/dionisiusdh/indonesian-batik-motifs/batik-ceplok/32.jpg,32.jpg,batik-ceplok,222,4,test
/kaggle/input/datasets/dionisiusdh/indonesian-batik-motifs/batik-ceplok/33.jpg,33.jpg,batik-ceplok,223,4,train
/kaggle/input/datasets/dionisiusdh/indonesian-batik-motifs/batik-ceplok/34.jpg,34.jpg,batik-ceplok,224,4,train
/kaggle/input/datasets/dionisiusdh/indonesian-batik-motifs/batik-ceplok/35.jpg,35.jpg,batik-ceplok,225,4,train
/kaggle/input/datasets/dionisiusdh/indonesian-batik-motifs/batik-ceplok/36.jpg,36.jpg,batik-ceplok,226,4,train
/kaggle/input/datasets/dionisiusdh/indonesian-batik-motifs/batik-ceplok/37.jpg,37.jpg,batik-ceplok,227,4,train
/kaggle/input/datasets/dionisiusdh/indonesian-batik-motifs/batik-ceplok/38.jpg,38.jpg,batik-ceplok,228,4,test
/kaggle/input/datasets/dionisiusdh/indonesian-batik-motifs/batik-ceplok/39.jpg,39.jpg,batik-ceplok,229,4,train
/kaggle/input/datasets/dionisiusdh/indonesian-batik-motifs/batik-ceplok/4.jpg,4.jpg,batik-ceplok,230,4,train
/kaggle/input/datasets/dionisiusdh/indonesian-batik-motifs/batik-ceplok/40.jpg,40.jpg,batik-ceplok,231,4,train
/kaggle/input/datasets/dionisiusdh/indonesian-batik-motifs/batik-ceplok/41.jpg,41.jpg,batik-ceplok,232,4,train
/kaggle/input/datasets/dionisiusdh/indonesian-batik-motifs/batik-ceplok/42.jpg,42.jpg,batik-ceplok,233,4,train
/kaggle/input/datasets/dionisiusdh/indonesian-batik-motifs/batik-ceplok/43.jpg,43.jpg,batik-ceplok,756,4,train
/kaggle/input/datasets/dionisiusdh/indonesian-batik-motifs/batik-ceplok/44.jpg,44.jpg,batik-ceplok,235,4,train
/kaggle/input/datasets/dionisiusdh/indonesian-batik-motifs/batik-ceplok/45.jpg,45.jpg,batik-ceplok,236,4,train
/kaggle/input/datasets/dionisiusdh/indonesian-batik-motifs/batik-ceplok/46.jpg,46.jpg,batik-ceplok,237,4,test
/kaggle/input/datasets/dionisiusdh/indonesian-batik-motifs/batik-ceplok/47.jpg,47.jpg,batik-ceplok,756,4,train
/kaggle/input/datasets/dionisiusdh/indonesian-batik-motifs/batik-ceplok/48.jpg,48.jpg,batik-ceplok,239,4,train
/kaggle/input/datasets/dionisiusdh/indonesian-batik-motifs/batik-ceplok/49.jpg,49.jpg,batik-ceplok,240,4,test
/kaggle/input/datasets/dionisiusdh/indonesian-batik-motifs/batik-ceplok/5.jpg,5.jpg,batik-ceplok,241,4,test
/kaggle/input/datasets/dionisiusdh/indonesian-batik-motifs/batik-ceplok/50.jpg,50.jpg,batik-ceplok,242,4,test
/kaggle/input/datasets/dionisiusdh/indonesian-batik-motifs/batik-ceplok/6.jpg,6.jpg,batik-ceplok,243,4,train
/kaggle/input/datasets/dionisiusdh/indonesian-batik-motifs/batik-ceplok/7.jpg,7.jpg,batik-ceplok,244,4,test
/kaggle/input/datasets/dionisiusdh/indonesian-batik-motifs/batik-ceplok/8.jpg,8.jpg,batik-ceplok,245,4,train
/kaggle/input/datasets/dionisiusdh/indonesian-batik-motifs/batik-ceplok/9.jpg,9.jpg,batik-ceplok,246,4,train
/kaggle/input/datasets/dionisiusdh/indonesian-batik-motifs/batik-ciamis/1.jpg,1.jpg,batik-ciamis,92,4,train
/kaggle/input/datasets/dionisiusdh/indonesian-batik-motifs/batik-ciamis/10.jpg,10.jpg,batik-ciamis,248,4,test
/kaggle/input/datasets/dionisiusdh/indonesian-batik-motifs/batik-ciamis/11.jpg,11.jpg,batik-ciamis,249,4,train
/kaggle/input/datasets/dionisiusdh/indonesian-batik-motifs/batik-ciamis/12.jpg,12.jpg,batik-ciamis,250,4,test
/kaggle/input/datasets/dionisiusdh/indonesian-batik-motifs/batik-ciamis/13.jpg,13.jpg,batik-ciamis,251,4,test
/kaggle/input/datasets/dionisiusdh/indonesian-batik-motifs/batik-ciamis/14.jpg,14.jpg,batik-ciamis,252,4,test
/kaggle/input/datasets/dionisiusdh/indonesian-batik-motifs/batik-ciamis/15.jpg,15.jpg,batik-ciamis,253,4,train
/kaggle/input/datasets/dionisiusdh/indonesian-batik-motifs/batik-ciamis/16.jpg,16.jpg,batik-ciamis,254,4,train
/kaggle/input/datasets/dionisiusdh/indonesian-batik-motifs/batik-ciamis/17.jpg,17.jpg,batik-ciamis,255,4,train
/kaggle/input/datasets/dionisiusdh/indonesian-batik-motifs/batik-ciamis/18.jpg,18.jpg,batik-ciamis,256,4,test
/kaggle/input/datasets/dionisiusdh/indonesian-batik-motifs/batik-ciamis/19.jpg,19.jpg,batik-ciamis,257,4,train
/kaggle/input/datasets/dionisiusdh/indonesian-batik-motifs/batik-ciamis/2.jpg,2.jpg,batik-ciamis,258,4,train
/kaggle/input/datasets/dionisiusdh/indonesian-batik-motifs/batik-ciamis/20.jpg,20.jpg,batik-ciamis,259,4,test
/kaggle/input/datasets/dionisiusdh/indonesian-batik-motifs/batik-ciamis/21.jpg,21.jpg,batik-ciamis,260,4,train
/kaggle/input/datasets/dionisiusdh/indonesian-batik-motifs/batik-ciamis/22.jpg,22.jpg,batik-ciamis,261,4,train
/kaggle/input/datasets/dionisiusdh/indonesian-batik-motifs/batik-ciamis/23.jpg,23.jpg,batik-ciamis,262,4,train
/kaggle/input/datasets/dionisiusdh/indonesian-batik-motifs/batik-ciamis/24.jpg,24.jpg,batik-ciamis,263,4,test
/kaggle/input/datasets/dionisiusdh/indonesian-batik-motifs/batik-ciamis/25.jpg,25.jpg,batik-ciamis,264,4,test
/kaggle/input/datasets/dionisiusdh/indonesian-batik-motifs/batik-ciamis/26.jpg,26.jpg,batik-ciamis,265,4,test
/kaggle/input/datasets/dionisiusdh/indonesian-batik-motifs/batik-ciamis/27.jpg,27.jpg,batik-ciamis,266,4,train
/kaggle/input/datasets/dionisiusdh/indonesian-batik-motifs/batik-ciamis/28.jpg,28.jpg,batik-ciamis,267,4,train
/kaggle/input/datasets/dionisiusdh/indonesian-batik-motifs/batik-ciamis/29.jpg,29.jpg,batik-ciamis,268,4,train
/kaggle/input/datasets/dionisiusdh/indonesian-batik-motifs/batik-ciamis/3.jpg,3.jpg,batik-ciamis,255,4,train
/kaggle/input/datasets/dionisiusdh/indonesian-batik-motifs/batik-ciamis/30.jpg,30.jpg,batik-ciamis,270,4,train
/kaggle/input/datasets/dionisiusdh/indonesian-batik-motifs/batik-ciamis/31.jpg,31.jpg,batik-ciamis,271,4,train
/kaggle/input/datasets/dionisiusdh/indonesian-batik-motifs/batik-ciamis/32.jpg,32.jpg,batik-ciamis,272,4,train
/kaggle/input/datasets/dionisiusdh/indonesian-batik-motifs/batik-ciamis/33.jpg,33.jpg,batik-ciamis,273,4,train
/kaggle/input/datasets/dionisiusdh/indonesian-batik-motifs/batik-ciamis/34.jpg,34.jpg,batik-ciamis,274,4,train
/kaggle/input/datasets/dionisiusdh/indonesian-batik-motifs/batik-ciamis/35.jpg,35.jpg,batik-ciamis,275,4,test
/kaggle/input/datasets/dionisiusdh/indonesian-batik-motifs/batik-ciamis/36.jpg,36.jpg,batik-ciamis,276,4,train
/kaggle/input/datasets/dionisiusdh/indonesian-batik-motifs/batik-ciamis/37.jpg,37.jpg,batik-ciamis,277,4,train
/kaggle/input/datasets/dionisiusdh/indonesian-batik-motifs/batik-ciamis/38.jpg,38.jpg,batik-ciamis,278,4,train
/kaggle/input/datasets/dionisiusdh/indonesian-batik-motifs/batik-ciamis/39.jpg,39.jpg,batik-ciamis,279,4,train
/kaggle/input/datasets/dionisiusdh/indonesian-batik-motifs/batik-ciamis/4.jpg,4.jpg,batik-ciamis,280,4,train
/kaggle/input/datasets/dionisiusdh/indonesian-batik-motifs/batik-ciamis/40.jpg,40.jpg,batik-ciamis,281,4,train
/kaggle/input/datasets/dionisiusdh/indonesian-batik-motifs/batik-ciamis/41.jpg,41.jpg,batik-ciamis,282,4,train
/kaggle/input/datasets/dionisiusdh/indonesian-batik-motifs/batik-ciamis/42.jpg,42.jpg,batik-ciamis,283,4,test
/kaggle/input/datasets/dionisiusdh/indonesian-batik-motifs/batik-ciamis/43.jpg,43.jpg,batik-ciamis,284,4,train
/kaggle/input/datasets/dionisiusdh/indonesian-batik-motifs/batik-ciamis/44.jpg,44.jpg,batik-ciamis,285,4,train
/kaggle/input/datasets/dionisiusdh/indonesian-batik-motifs/batik-ciamis/45.jpg,45.jpg,batik-ciamis,286,4,test
/kaggle/input/datasets/dionisiusdh/indonesian-batik-motifs/batik-ciamis/46.jpg,46.jpg,batik-ciamis,283,4,test
/kaggle/input/datasets/dionisiusdh/indonesian-batik-motifs/batik-ciamis/47.jpg,47.jpg,batik-ciamis,288,4,train
/kaggle/input/datasets/dionisiusdh/indonesian-batik-motifs/batik-ciamis/48.jpg,48.jpg,batik-ciamis,289,4,train
/kaggle/input/datasets/dionisiusdh/indonesian-batik-motifs/batik-ciamis/49.jpg,49.jpg,batik-ciamis,290,4,test
/kaggle/input/datasets/dionisiusdh/indonesian-batik-motifs/batik-ciamis/5.jpg,5.jpg,batik-ciamis,291,4,train
/kaggle/input/datasets/dionisiusdh/indonesian-batik-motifs/batik-ciamis/50.jpg,50.jpg,batik-ciamis,280,4,train
/kaggle/input/datasets/dionisiusdh/indonesian-batik-motifs/batik-ciamis/6.jpg,6.jpg,batik-ciamis,293,4,train
/kaggle/input/datasets/dionisiusdh/indonesian-batik-motifs/batik-ciamis/7.jpg,7.jpg,batik-ciamis,294,4,train
/kaggle/input/datasets/dionisiusdh/indonesian-batik-motifs/batik-ciamis/8.jpg,8.jpg,batik-ciamis,295,4,test
/kaggle/input/datasets/dionisiusdh/indonesian-batik-motifs/batik-ciamis/9.jpg,9.jpg,batik-ciamis,296,4,test
/kaggle/input/datasets/dionisiusdh/indonesian-batik-motifs/batik-garutan/1.jpg,1.jpg,batik-garutan,297,4,train
/kaggle/input/datasets/dionisiusdh/indonesian-batik-motifs/batik-garutan/10.jpg,10.jpg,batik-garutan,298,4,test
/kaggle/input/datasets/dionisiusdh/indonesian-batik-motifs/batik-garutan/11.jpg,11.jpg,batik-garutan,299,4,train
/kaggle/input/datasets/dionisiusdh/indonesian-batik-motifs/batik-garutan/12.jpg,12.jpg,batik-garutan,300,4,train
/kaggle/input/datasets/dionisiusdh/indonesian-batik-motifs/batik-garutan/13.jpg,13.jpg,batik-garutan,301,4,train
/kaggle/input/datasets/dionisiusdh/indonesian-batik-motifs/batik-garutan/14.jpg,14.jpg,batik-garutan,302,4,train
/kaggle/input/datasets/dionisiusdh/indonesian-batik-motifs/batik-garutan/15.jpg,15.jpg,batik-garutan,303,4,train
/kaggle/input/datasets/dionisiusdh/indonesian-batik-motifs/batik-garutan/16.jpg,16.jpg,batik-garutan,304,4,train
/kaggle/input/datasets/dionisiusdh/indonesian-batik-motifs/batik-garutan/17.jpg,17.jpg,batik-garutan,305,4,train
/kaggle/input/datasets/dionisiusdh/indonesian-batik-motifs/batik-garutan/18.jpg,18.jpg,batik-garutan,306,4,test
/kaggle/input/datasets/dionisiusdh/indonesian-batik-motifs/batik-garutan/19.jpg,19.jpg,batik-garutan,307,4,train
/kaggle/input/datasets/dionisiusdh/indonesian-batik-motifs/batik-garutan/2.jpg,2.jpg,batik-garutan,308,4,train
/kaggle/input/datasets/dionisiusdh/indonesian-batik-motifs/batik-garutan/20.jpg,20.jpg,batik-garutan,309,4,test
/kaggle/input/datasets/dionisiusdh/indonesian-batik-motifs/batik-garutan/21.jpg,21.jpg,batik-garutan,310,4,train
/kaggle/input/datasets/dionisiusdh/indonesian-batik-motifs/batik-garutan/22.jpg,22.jpg,batik-garutan,311,4,test
/kaggle/input/datasets/dionisiusdh/indonesian-batik-motifs/batik-garutan/23.jpg,23.jpg,batik-garutan,312,4,test
/kaggle/input/datasets/dionisiusdh/indonesian-batik-motifs/batik-garutan/24.jpg,24.jpg,batik-garutan,313,4,train
/kaggle/input/datasets/dionisiusdh/indonesian-batik-motifs/batik-garutan/25.jpg,25.jpg,batik-garutan,314,4,train
/kaggle/input/datasets/dionisiusdh/indonesian-batik-motifs/batik-garutan/26.jpg,26.jpg,batik-garutan,315,4,test
/kaggle/input/datasets/dionisiusdh/indonesian-batik-motifs/batik-garutan/27.jpg,27.jpg,batik-garutan,316,4,train
/kaggle/input/datasets/dionisiusdh/indonesian-batik-motifs/batik-garutan/28.jpg,28.jpg,batik-garutan,317,4,train
/kaggle/input/datasets/dionisiusdh/indonesian-batik-motifs/batik-garutan/29.jpg,29.jpg,batik-garutan,318,4,train
/kaggle/input/datasets/dionisiusdh/indonesian-batik-motifs/batik-garutan/3.jpg,3.jpg,batik-garutan,319,4,test
/kaggle/input/datasets/dionisiusdh/indonesian-batik-motifs/batik-garutan/30.jpg,30.jpg,batik-garutan,320,4,train
/kaggle/input/datasets/dionisiusdh/indonesian-batik-motifs/batik-garutan/31.jpg,31.jpg,batik-garutan,321,4,test
/kaggle/input/datasets/dionisiusdh/indonesian-batik-motifs/batik-garutan/32.jpg,32.jpg,batik-garutan,322,4,train
/kaggle/input/datasets/dionisiusdh/indonesian-batik-motifs/batik-garutan/33.jpg,33.jpg,batik-garutan,323,4,train
/kaggle/input/datasets/dionisiusdh/indonesian-batik-motifs/batik-garutan/34.jpg,34.jpg,batik-garutan,324,4,test
/kaggle/input/datasets/dionisiusdh/indonesian-batik-motifs/batik-garutan/35.jpg,35.jpg,batik-garutan,325,4,train
/kaggle/input/datasets/dionisiusdh/indonesian-batik-motifs/batik-garutan/36.jpg,36.jpg,batik-garutan,326,4,train
/kaggle/input/datasets/dionisiusdh/indonesian-batik-motifs/batik-garutan/37.jpg,37.jpg,batik-garutan,327,4,test
/kaggle/input/datasets/dionisiusdh/indonesian-batik-motifs/batik-garutan/38.jpg,38.jpg,batik-garutan,328,4,train
/kaggle/input/datasets/dionisiusdh/indonesian-batik-motifs/batik-garutan/39.jpg,39.jpg,batik-garutan,253,4,train
/kaggle/input/datasets/dionisiusdh/indonesian-batik-motifs/batik-garutan/4.jpg,4.jpg,batik-garutan,92,4,train
/kaggle/input/datasets/dionisiusdh/indonesian-batik-motifs/batik-garutan/40.jpg,40.jpg,batik-garutan,331,4,train
/kaggle/input/datasets/dionisiusdh/indonesian-batik-motifs/batik-garutan/41.jpg,41.jpg,batik-garutan,332,4,train
/kaggle/input/datasets/dionisiusdh/indonesian-batik-motifs/batik-garutan/42.jpg,42.jpg,batik-garutan,333,4,train
/kaggle/input/datasets/dionisiusdh/indonesian-batik-motifs/batik-garutan/43.jpg,43.jpg,batik-garutan,334,4,train
/kaggle/input/datasets/dionisiusdh/indonesian-batik-motifs/batik-garutan/44.jpg,44.jpg,batik-garutan,335,4,train
/kaggle/input/datasets/dionisiusdh/indonesian-batik-motifs/batik-garutan/45.jpg,45.jpg,batik-garutan,336,4,test
/kaggle/input/datasets/dionisiusdh/indonesian-batik-motifs/batik-garutan/46.jpg,46.jpg,batik-garutan,337,4,train
/kaggle/input/datasets/dionisiusdh/indonesian-batik-motifs/batik-garutan/47.jpg,47.jpg,batik-garutan,338,4,test
/kaggle/input/datasets/dionisiusdh/indonesian-batik-motifs/batik-garutan/48.jpg,48.jpg,batik-garutan,339,4,train
/kaggle/input/datasets/dionisiusdh/indonesian-batik-motifs/batik-garutan/49.jpg,49.jpg,batik-garutan,340,4,test
/kaggle/input/datasets/dionisiusdh/indonesian-batik-motifs/batik-garutan/5.jpg,5.jpg,batik-garutan,341,4,test
/kaggle/input/datasets/dionisiusdh/indonesian-batik-motifs/batik-garutan/50.jpg,50.jpg,batik-garutan,342,4,train
/kaggle/input/datasets/dionisiusdh/indonesian-batik-motifs/batik-garutan/6.jpg,6.jpg,batik-garutan,343,4,train
/kaggle/input/datasets/dionisiusdh/indonesian-batik-motifs/batik-garutan/7.jpg,7.jpg,batik-garutan,344,4,test
/kaggle/input/datasets/dionisiusdh/indonesian-batik-motifs/batik-garutan/8.jpg,8.jpg,batik-garutan,345,4,train
/kaggle/input/datasets/dionisiusdh/indonesian-batik-motifs/batik-garutan/9.jpg,9.jpg,batik-garutan,346,4,train
/kaggle/input/datasets/dionisiusdh/indonesian-batik-motifs/batik-gentongan/1.jpg,1.jpg,batik-gentongan,347,4,train
/kaggle/input/datasets/dionisiusdh/indonesian-batik-motifs/batik-gentongan/10.jpg,10.jpg,batik-gentongan,348,4,train
/kaggle/input/datasets/dionisiusdh/indonesian-batik-motifs/batik-gentongan/11.jpg,11.jpg,batik-gentongan,349,4,train
/kaggle/input/datasets/dionisiusdh/indonesian-batik-motifs/batik-gentongan/12.jpg,12.jpg,batik-gentongan,350,4,train
/kaggle/input/datasets/dionisiusdh/indonesian-batik-motifs/batik-gentongan/13.jpg,13.jpg,batik-gentongan,351,4,train
/kaggle/input/datasets/dionisiusdh/indonesian-batik-motifs/batik-gentongan/14.jpg,14.jpg,batik-gentongan,352,4,train
/kaggle/input/datasets/dionisiusdh/indonesian-batik-motifs/batik-gentongan/15.jpg,15.jpg,batik-gentongan,353,4,test
/kaggle/input/datasets/dionisiusdh/indonesian-batik-motifs/batik-gentongan/16.jpg,16.jpg,batik-gentongan,354,4,train
/kaggle/input/datasets/dionisiusdh/indonesian-batik-motifs/batik-gentongan/17.jpg,17.jpg,batik-gentongan,355,4,train
/kaggle/input/datasets/dionisiusdh/indonesian-batik-motifs/batik-gentongan/18.jpg,18.jpg,batik-gentongan,356,4,train
/kaggle/input/datasets/dionisiusdh/indonesian-batik-motifs/batik-gentongan/19.jpg,19.jpg,batik-gentongan,357,4,test
/kaggle/input/datasets/dionisiusdh/indonesian-batik-motifs/batik-gentongan/2.jpg,2.jpg,batik-gentongan,358,4,test
/kaggle/input/datasets/dionisiusdh/indonesian-batik-motifs/batik-gentongan/20.jpg,20.jpg,batik-gentongan,359,4,train
/kaggle/input/datasets/dionisiusdh/indonesian-batik-motifs/batik-gentongan/21.jpg,21.jpg,batik-gentongan,360,4,train
/kaggle/input/datasets/dionisiusdh/indonesian-batik-motifs/batik-gentongan/22.jpg,22.jpg,batik-gentongan,361,4,train
/kaggle/input/datasets/dionisiusdh/indonesian-batik-motifs/batik-gentongan/23.jpg,23.jpg,batik-gentongan,362,4,train
/kaggle/input/datasets/dionisiusdh/indonesian-batik-motifs/batik-gentongan/24.jpg,24.jpg,batik-gentongan,363,4,train
/kaggle/input/datasets/dionisiusdh/indonesian-batik-motifs/batik-gentongan/25.jpg,25.jpg,batik-gentongan,364,4,train
/kaggle/input/datasets/dionisiusdh/indonesian-batik-motifs/batik-gentongan/26.jpg,26.jpg,batik-gentongan,365,4,test
/kaggle/input/datasets/dionisiusdh/indonesian-batik-motifs/batik-gentongan/27.jpg,27.jpg,batik-gentongan,366,4,test
/kaggle/input/datasets/dionisiusdh/indonesian-batik-motifs/batik-gentongan/28.jpg,28.jpg,batik-gentongan,367,4,train
/kaggle/input/datasets/dionisiusdh/indonesian-batik-motifs/batik-gentongan/29.jpg,29.jpg,batik-gentongan,368,4,test
/kaggle/input/datasets/dionisiusdh/indonesian-batik-motifs/batik-gentongan/3.jpg,3.jpg,batik-gentongan,369,4,train
/kaggle/input/datasets/dionisiusdh/indonesian-batik-motifs/batik-gentongan/30.jpg,30.jpg,batik-gentongan,370,4,test
/kaggle/input/datasets/dionisiusdh/indonesian-batik-motifs/batik-gentongan/31.jpg,31.jpg,batik-gentongan,371,4,test
/kaggle/input/datasets/dionisiusdh/indonesian-batik-motifs/batik-gentongan/32.jpg,32.jpg,batik-gentongan,372,4,train
/kaggle/input/datasets/dionisiusdh/indonesian-batik-motifs/batik-gentongan/33.jpg,33.jpg,batik-gentongan,373,4,train
/kaggle/input/datasets/dionisiusdh/indonesian-batik-motifs/batik-gentongan/34.jpg,34.jpg,batik-gentongan,374,4,test
/kaggle/input/datasets/dionisiusdh/indonesian-batik-motifs/batik-gentongan/35.jpg,35.jpg,batik-gentongan,375,4,test
/kaggle/input/datasets/dionisiusdh/indonesian-batik-motifs/batik-gentongan/36.jpg,36.jpg,batik-gentongan,376,4,train
/kaggle/input/datasets/dionisiusdh/indonesian-batik-motifs/batik-gentongan/37.jpg,37.jpg,batik-gentongan,377,4,train
/kaggle/input/datasets/dionisiusdh/indonesian-batik-motifs/batik-gentongan/38.jpg,38.jpg,batik-gentongan,378,4,train
/kaggle/input/datasets/dionisiusdh/indonesian-batik-motifs/batik-gentongan/39.jpg,39.jpg,batik-gentongan,379,4,train
/kaggle/input/datasets/dionisiusdh/indonesian-batik-motifs/batik-gentongan/4.jpg,4.jpg,batik-gentongan,380,4,test
/kaggle/input/datasets/dionisiusdh/indonesian-batik-motifs/batik-gentongan/40.jpg,40.jpg,batik-gentongan,381,4,train
/kaggle/input/datasets/dionisiusdh/indonesian-batik-motifs/batik-gentongan/41.jpg,41.jpg,batik-gentongan,382,4,test
/kaggle/input/datasets/dionisiusdh/indonesian-batik-motifs/batik-gentongan/42.jpg,42.jpg,batik-gentongan,383,4,train
/kaggle/input/datasets/dionisiusdh/indonesian-batik-motifs/batik-gentongan/43.jpg,43.jpg,batik-gentongan,384,4,train
/kaggle/input/datasets/dionisiusdh/indonesian-batik-motifs/batik-gentongan/44.jpg,44.jpg,batik-gentongan,385,4,train
/kaggle/input/datasets/dionisiusdh/indonesian-batik-motifs/batik-gentongan/45.jpg,45.jpg,batik-gentongan,386,4,test
/kaggle/input/datasets/dionisiusdh/indonesian-batik-motifs/batik-gentongan/46.jpg,46.jpg,batik-gentongan,387,4,train
/kaggle/input/datasets/dionisiusdh/indonesian-batik-motifs/batik-gentongan/47.jpg,47.jpg,batik-gentongan,388,4,train
/kaggle/input/datasets/dionisiusdh/indonesian-batik-motifs/batik-gentongan/48.jpg,48.jpg,batik-gentongan,389,4,train
/kaggle/input/datasets/dionisiusdh/indonesian-batik-motifs/batik-gentongan/49.jpg,49.jpg,batik-gentongan,390,4,train
/kaggle/input/datasets/dionisiusdh/indonesian-batik-motifs/batik-gentongan/5.jpg,5.jpg,batik-gentongan,391,4,train
/kaggle/input/datasets/dionisiusdh/indonesian-batik-motifs/batik-gentongan/50.jpg,50.jpg,batik-gentongan,392,4,train
/kaggle/input/datasets/dionisiusdh/indonesian-batik-motifs/batik-gentongan/6.jpg,6.jpg,batik-gentongan,393,4,train
/kaggle/input/datasets/dionisiusdh/indonesian-batik-motifs/batik-gentongan/7.jpg,7.jpg,batik-gentongan,394,4,train
/kaggle/input/datasets/dionisiusdh/indonesian-batik-motifs/batik-gentongan/8.jpg,8.jpg,batik-gentongan,395,4,test
/kaggle/input/datasets/dionisiusdh/indonesian-batik-motifs/batik-gentongan/9.jpg,9.jpg,batik-gentongan,396,4,train
/kaggle/input/datasets/dionisiusdh/indonesian-batik-motifs/batik-kawung/1.jpg,1.jpg,batik-kawung,19,4,train
/kaggle/input/datasets/dionisiusdh/indonesian-batik-motifs/batik-kawung/10.jpg,10.jpg,batik-kawung,398,4,train
/kaggle/input/datasets/dionisiusdh/indonesian-batik-motifs/batik-kawung/11.jpg,11.jpg,batik-kawung,399,4,train
/kaggle/input/datasets/dionisiusdh/indonesian-batik-motifs/batik-kawung/12.jpg,12.jpg,batik-kawung,400,4,test
/kaggle/input/datasets/dionisiusdh/indonesian-batik-motifs/batik-kawung/13.jpg,13.jpg,batik-kawung,20,4,train
/kaggle/input/datasets/dionisiusdh/indonesian-batik-motifs/batik-kawung/14.jpg,14.jpg,batik-kawung,402,4,train
/kaggle/input/datasets/dionisiusdh/indonesian-batik-motifs/batik-kawung/15.jpg,15.jpg,batik-kawung,403,4,train
/kaggle/input/datasets/dionisiusdh/indonesian-batik-motifs/batik-kawung/17.jpg,17.jpg,batik-kawung,404,4,train
/kaggle/input/datasets/dionisiusdh/indonesian-batik-motifs/batik-kawung/18.jpg,18.jpg,batik-kawung,405,4,test
/kaggle/input/datasets/dionisiusdh/indonesian-batik-motifs/batik-kawung/19.jpg,19.jpg,batik-kawung,207,4,train
/kaggle/input/datasets/dionisiusdh/indonesian-batik-motifs/batik-kawung/20.jpg,20.jpg,batik-kawung,407,4,test
/kaggle/input/datasets/dionisiusdh/indonesian-batik-motifs/batik-kawung/21.jpg,21.jpg,batik-kawung,408,4,train
/kaggle/input/datasets/dionisiusdh/indonesian-batik-motifs/batik-kawung/22.jpg,22.jpg,batik-kawung,409,4,train
/kaggle/input/datasets/dionisiusdh/indonesian-batik-motifs/batik-kawung/23.jpg,23.jpg,batik-kawung,410,4,test
/kaggle/input/datasets/dionisiusdh/indonesian-batik-motifs/batik-kawung/24.jpg,24.jpg,batik-kawung,207,4,train
/kaggle/input/datasets/dionisiusdh/indonesian-batik-motifs/batik-kawung/25.jpg,25.jpg,batik-kawung,412,4,test
/kaggle/input/datasets/dionisiusdh/indonesian-batik-motifs/batik-kawung/26.jpg,26.jpg,batik-kawung,413,4,train
/kaggle/input/datasets/dionisiusdh/indonesian-batik-motifs/batik-kawung/28.jpg,28.jpg,batik-kawung,414,4,test
/kaggle/input/datasets/dionisiusdh/indonesian-batik-motifs/batik-kawung/3.jpg,3.jpg,batik-kawung,415,4,test
/kaggle/input/datasets/dionisiusdh/indonesian-batik-motifs/batik-kawung/30.jpg,30.jpg,batik-kawung,416,4,train
/kaggle/input/datasets/dionisiusdh/indonesian-batik-motifs/batik-kawung/31.jpg,31.jpg,batik-kawung,417,4,train
/kaggle/input/datasets/dionisiusdh/indonesian-batik-motifs/batik-kawung/32.jpg,32.jpg,batik-kawung,418,4,train
/kaggle/input/datasets/dionisiusdh/indonesian-batik-motifs/batik-kawung/33.jpg,33.jpg,batik-kawung,419,4,train
/kaggle/input/datasets/dionisiusdh/indonesian-batik-motifs/batik-kawung/34.jpg,34.jpg,batik-kawung,420,4,test
/kaggle/input/datasets/dionisiusdh/indonesian-batik-motifs/batik-kawung/35.jpg,35.jpg,batik-kawung,421,4,test
/kaggle/input/datasets/dionisiusdh/indonesian-batik-motifs/batik-kawung/36.jpg,36.jpg,batik-kawung,422,4,train
/kaggle/input/datasets/dionisiusdh/indonesian-batik-motifs/batik-kawung/37.jpg,37.jpg,batik-kawung,415,4,test
/kaggle/input/datasets/dionisiusdh/indonesian-batik-motifs/batik-kawung/38.jpg,38.jpg,batik-kawung,424,4,train
/kaggle/input/datasets/dionisiusdh/indonesian-batik-motifs/batik-kawung/39.jpg,39.jpg,batik-kawung,214,4,train
/kaggle/input/datasets/dionisiusdh/indonesian-batik-motifs/batik-kawung/4.jpg,4.jpg,batik-kawung,204,4,train
/kaggle/input/datasets/dionisiusdh/indonesian-batik-motifs/batik-kawung/40.jpg,40.jpg,batik-kawung,427,4,test
/kaggle/input/datasets/dionisiusdh/indonesian-batik-motifs/batik-kawung/41.jpg,41.jpg,batik-kawung,428,4,train
/kaggle/input/datasets/dionisiusdh/indonesian-batik-motifs/batik-kawung/42.jpg,42.jpg,batik-kawung,429,4,train
/kaggle/input/datasets/dionisiusdh/indonesian-batik-motifs/batik-kawung/43.jpg,43.jpg,batik-kawung,430,4,train
/kaggle/input/datasets/dionisiusdh/indonesian-batik-motifs/batik-kawung/44.jpg,44.jpg,batik-kawung,431,4,train
/kaggle/input/datasets/dionisiusdh/indonesian-batik-motifs/batik-kawung/45.jpg,45.jpg,batik-kawung,235,4,train
/kaggle/input/datasets/dionisiusdh/indonesian-batik-motifs/batik-kawung/46.jpg,46.jpg,batik-kawung,433,4,train
/kaggle/input/datasets/dionisiusdh/indonesian-batik-motifs/batik-kawung/47.jpg,47.jpg,batik-kawung,434,4,train
/kaggle/input/datasets/dionisiusdh/indonesian-batik-motifs/batik-kawung/49.jpg,49.jpg,batik-kawung,435,4,test
/kaggle/input/datasets/dionisiusdh/indonesian-batik-motifs/batik-kawung/5.jpg,5.jpg,batik-kawung,436,4,train
/kaggle/input/datasets/dionisiusdh/indonesian-batik-motifs/batik-kawung/50.jpg,50.jpg,batik-kawung,437,4,train
/kaggle/input/datasets/dionisiusdh/indonesian-batik-motifs/batik-kawung/6.jpg,6.jpg,batik-kawung,438,4,train
/kaggle/input/datasets/dionisiusdh/indonesian-batik-motifs/batik-kawung/7.jpg,7.jpg,batik-kawung,439,4,train
/kaggle/input/datasets/dionisiusdh/indonesian-batik-motifs/batik-kawung/8.jpg,8.jpg,batik-kawung,209,4,train
/kaggle/input/datasets/dionisiusdh/indonesian-batik-motifs/batik-kawung/9.jpg,9.jpg,batik-kawung,441,4,test
/kaggle/input/datasets/dionisiusdh/indonesian-batik-motifs/batik-keraton/1.jpg,1.jpg,batik-keraton,442,4,train
/kaggle/input/datasets/dionisiusdh/indonesian-batik-motifs/batik-keraton/10.jpg,10.jpg,batik-keraton,443,4,train
/kaggle/input/datasets/dionisiusdh/indonesian-batik-motifs/batik-keraton/11.jpg,11.jpg,batik-keraton,444,4,train
/kaggle/input/datasets/dionisiusdh/indonesian-batik-motifs/batik-keraton/12.jpg,12.jpg,batik-keraton,445,4,train
/kaggle/input/datasets/dionisiusdh/indonesian-batik-motifs/batik-keraton/13.jpg,13.jpg,batik-keraton,446,4,train
/kaggle/input/datasets/dionisiusdh/indonesian-batik-motifs/batik-keraton/14.jpg,14.jpg,batik-keraton,447,4,train
/kaggle/input/datasets/dionisiusdh/indonesian-batik-motifs/batik-keraton/15.jpg,15.jpg,batik-keraton,448,4,train
/kaggle/input/datasets/dionisiusdh/indonesian-batik-motifs/batik-keraton/16.jpg,16.jpg,batik-keraton,449,4,test
/kaggle/input/datasets/dionisiusdh/indonesian-batik-motifs/batik-keraton/17.jpg,17.jpg,batik-keraton,450,4,train
/kaggle/input/datasets/dionisiusdh/indonesian-batik-motifs/batik-keraton/18.jpg,18.jpg,batik-keraton,451,4,train
/kaggle/input/datasets/dionisiusdh/indonesian-batik-motifs/batik-keraton/19.jpg,19.jpg,batik-keraton,452,4,train
/kaggle/input/datasets/dionisiusdh/indonesian-batik-motifs/batik-keraton/2.jpg,2.jpg,batik-keraton,453,4,test
/kaggle/input/datasets/dionisiusdh/indonesian-batik-motifs/batik-keraton/20.jpg,20.jpg,batik-keraton,454,4,train
/kaggle/input/datasets/dionisiusdh/indonesian-batik-motifs/batik-keraton/21.jpg,21.jpg,batik-keraton,455,4,test
/kaggle/input/datasets/dionisiusdh/indonesian-batik-motifs/batik-keraton/22.jpg,22.jpg,batik-keraton,456,4,train
/kaggle/input/datasets/dionisiusdh/indonesian-batik-motifs/batik-keraton/23.jpg,23.jpg,batik-keraton,457,4,train
/kaggle/input/datasets/dionisiusdh/indonesian-batik-motifs/batik-keraton/24.jpg,24.jpg,batik-keraton,458,4,train
/kaggle/input/datasets/dionisiusdh/indonesian-batik-motifs/batik-keraton/25.jpg,25.jpg,batik-keraton,459,4,train
/kaggle/input/datasets/dionisiusdh/indonesian-batik-motifs/batik-keraton/26.jpg,26.jpg,batik-keraton,460,4,test
/kaggle/input/datasets/dionisiusdh/indonesian-batik-motifs/batik-keraton/27.jpg,27.jpg,batik-keraton,461,4,train
/kaggle/input/datasets/dionisiusdh/indonesian-batik-motifs/batik-keraton/28.jpg,28.jpg,batik-keraton,462,4,train
/kaggle/input/datasets/dionisiusdh/indonesian-batik-motifs/batik-keraton/29.jpg,29.jpg,batik-keraton,463,4,train
/kaggle/input/datasets/dionisiusdh/indonesian-batik-motifs/batik-keraton/3.jpg,3.jpg,batik-keraton,464,4,test
/kaggle/input/datasets/dionisiusdh/indonesian-batik-motifs/batik-keraton/30.jpg,30.jpg,batik-keraton,36,4,train
/kaggle/input/datasets/dionisiusdh/indonesian-batik-motifs/batik-keraton/31.jpg,31.jpg,batik-keraton,466,4,train
/kaggle/input/datasets/dionisiusdh/indonesian-batik-motifs/batik-keraton/32.jpg,32.jpg,batik-keraton,467,4,train
/kaggle/input/datasets/dionisiusdh/indonesian-batik-motifs/batik-keraton/33.jpg,33.jpg,batik-keraton,468,4,train
/kaggle/input/datasets/dionisiusdh/indonesian-batik-motifs/batik-keraton/34.jpg,34.jpg,batik-keraton,469,4,test
/kaggle/input/datasets/dionisiusdh/indonesian-batik-motifs/batik-keraton/35.jpg,35.jpg,batik-keraton,470,4,train
/kaggle/input/datasets/dionisiusdh/indonesian-batik-motifs/batik-keraton/36.jpg,36.jpg,batik-keraton,471,4,train
/kaggle/input/datasets/dionisiusdh/indonesian-batik-motifs/batik-keraton/37.jpg,37.jpg,batik-keraton,472,4,test
/kaggle/input/datasets/dionisiusdh/indonesian-batik-motifs/batik-keraton/38.jpg,38.jpg,batik-keraton,473,4,train
/kaggle/input/datasets/dionisiusdh/indonesian-batik-motifs/batik-keraton/39.jpg,39.jpg,batik-keraton,474,4,train
/kaggle/input/datasets/dionisiusdh/indonesian-batik-motifs/batik-keraton/4.jpg,4.jpg,batik-keraton,475,4,train
/kaggle/input/datasets/dionisiusdh/indonesian-batik-motifs/batik-keraton/40.jpg,40.jpg,batik-keraton,476,4,train
/kaggle/input/datasets/dionisiusdh/indonesian-batik-motifs/batik-keraton/41.jpg,41.jpg,batik-keraton,477,4,train
/kaggle/input/datasets/dionisiusdh/indonesian-batik-motifs/batik-keraton/42.jpg,42.jpg,batik-keraton,478,4,train
/kaggle/input/datasets/dionisiusdh/indonesian-batik-motifs/batik-keraton/43.jpg,43.jpg,batik-keraton,479,4,test
/kaggle/input/datasets/dionisiusdh/indonesian-batik-motifs/batik-keraton/44.jpg,44.jpg,batik-keraton,480,4,test
/kaggle/input/datasets/dionisiusdh/indonesian-batik-motifs/batik-keraton/45.jpg,45.jpg,batik-keraton,481,4,test
/kaggle/input/datasets/dionisiusdh/indonesian-batik-motifs/batik-keraton/46.jpg,46.jpg,batik-keraton,482,4,test
/kaggle/input/datasets/dionisiusdh/indonesian-batik-motifs/batik-keraton/47.jpg,47.jpg,batik-keraton,483,4,train
/kaggle/input/datasets/dionisiusdh/indonesian-batik-motifs/batik-keraton/48.jpg,48.jpg,batik-keraton,484,4,train
/kaggle/input/datasets/dionisiusdh/indonesian-batik-motifs/batik-keraton/49.jpg,49.jpg,batik-keraton,374,4,test
/kaggle/input/datasets/dionisiusdh/indonesian-batik-motifs/batik-keraton/5.jpg,5.jpg,batik-keraton,486,4,train
/kaggle/input/datasets/dionisiusdh/indonesian-batik-motifs/batik-keraton/50.jpg,50.jpg,batik-keraton,487,4,train
/kaggle/input/datasets/dionisiusdh/indonesian-batik-motifs/batik-keraton/6.jpg,6.jpg,batik-keraton,225,4,train
/kaggle/input/datasets/dionisiusdh/indonesian-batik-motifs/batik-keraton/7.jpg,7.jpg,batik-keraton,489,4,train
/kaggle/input/datasets/dionisiusdh/indonesian-batik-motifs/batik-keraton/8.jpg,8.jpg,batik-keraton,490,4,train
/kaggle/input/datasets/dionisiusdh/indonesian-batik-motifs/batik-keraton/9.jpg,9.jpg,batik-keraton,491,4,test
/kaggle/input/datasets/dionisiusdh/indonesian-batik-motifs/batik-lasem/1.jpg,1.jpg,batik-lasem,492,4,train
/kaggle/input/datasets/dionisiusdh/indonesian-batik-motifs/batik-lasem/10.jpg,10.jpg,batik-lasem,493,4,test
/kaggle/input/datasets/dionisiusdh/indonesian-batik-motifs/batik-lasem/11.jpg,11.jpg,batik-lasem,494,4,train
/kaggle/input/datasets/dionisiusdh/indonesian-batik-motifs/batik-lasem/12.jpg,12.jpg,batik-lasem,495,4,train
/kaggle/input/datasets/dionisiusdh/indonesian-batik-motifs/batik-lasem/13.jpg,13.jpg,batik-lasem,496,4,test
/kaggle/input/datasets/dionisiusdh/indonesian-batik-motifs/batik-lasem/14.jpg,14.jpg,batik-lasem,497,4,test
/kaggle/input/datasets/dionisiusdh/indonesian-batik-motifs/batik-lasem/15.jpg,15.jpg,batik-lasem,498,4,test
/kaggle/input/datasets/dionisiusdh/indonesian-batik-motifs/batik-lasem/16.jpg,16.jpg,batik-lasem,499,4,train
/kaggle/input/datasets/dionisiusdh/indonesian-batik-motifs/batik-lasem/17.jpg,17.jpg,batik-lasem,500,4,test
/kaggle/input/datasets/dionisiusdh/indonesian-batik-motifs/batik-lasem/18.jpg,18.jpg,batik-lasem,501,4,train
/kaggle/input/datasets/dionisiusdh/indonesian-batik-motifs/batik-lasem/19.jpg,19.jpg,batik-lasem,502,4,train
/kaggle/input/datasets/dionisiusdh/indonesian-batik-motifs/batik-lasem/2.jpg,2.jpg,batik-lasem,503,4,train
/kaggle/input/datasets/dionisiusdh/indonesian-batik-motifs/batik-lasem/20.jpg,20.jpg,batik-lasem,504,4,train
/kaggle/input/datasets/dionisiusdh/indonesian-batik-motifs/batik-lasem/21.jpg,21.jpg,batik-lasem,505,4,train
/kaggle/input/datasets/dionisiusdh/indonesian-batik-motifs/batik-lasem/22.jpg,22.jpg,batik-lasem,506,4,test
/kaggle/input/datasets/dionisiusdh/indonesian-batik-motifs/batik-lasem/23.jpg,23.jpg,batik-lasem,507,4,train
/kaggle/input/datasets/dionisiusdh/indonesian-batik-motifs/batik-lasem/24.jpg,24.jpg,batik-lasem,508,4,train
/kaggle/input/datasets/dionisiusdh/indonesian-batik-motifs/batik-lasem/25.jpg,25.jpg,batik-lasem,509,4,train
/kaggle/input/datasets/dionisiusdh/indonesian-batik-motifs/batik-lasem/26.jpg,26.jpg,batik-lasem,510,4,train
/kaggle/input/datasets/dionisiusdh/indonesian-batik-motifs/batik-lasem/27.jpg,27.jpg,batik-lasem,511,4,train
/kaggle/input/datasets/dionisiusdh/indonesian-batik-motifs/batik-lasem/28.jpg,28.jpg,batik-lasem,512,4,train
/kaggle/input/datasets/dionisiusdh/indonesian-batik-motifs/batik-lasem/29.jpg,29.jpg,batik-lasem,513,4,train
/kaggle/input/datasets/dionisiusdh/indonesian-batik-motifs/batik-lasem/3.jpg,3.jpg,batik-lasem,514,4,test
/kaggle/input/datasets/dionisiusdh/indonesian-batik-motifs/batik-lasem/30.jpg,30.jpg,batik-lasem,515,4,train
/kaggle/input/datasets/dionisiusdh/indonesian-batik-motifs/batik-lasem/31.jpg,31.jpg,batik-lasem,516,4,test
/kaggle/input/datasets/dionisiusdh/indonesian-batik-motifs/batik-lasem/32.jpg,32.jpg,batik-lasem,517,4,train
/kaggle/input/datasets/dionisiusdh/indonesian-batik-motifs/batik-lasem/33.jpg,33.jpg,batik-lasem,518,4,train
/kaggle/input/datasets/dionisiusdh/indonesian-batik-motifs/batik-lasem/34.jpg,34.jpg,batik-lasem,519,4,train
/kaggle/input/datasets/dionisiusdh/indonesian-batik-motifs/batik-lasem/35.jpg,35.jpg,batik-lasem,520,4,test
/kaggle/input/datasets/dionisiusdh/indonesian-batik-motifs/batik-lasem/36.jpg,36.jpg,batik-lasem,521,4,train
/kaggle/input/datasets/dionisiusdh/indonesian-batik-motifs/batik-lasem/37.jpg,37.jpg,batik-lasem,522,4,train
/kaggle/input/datasets/dionisiusdh/indonesian-batik-motifs/batik-lasem/38.jpg,38.jpg,batik-lasem,523,4,train
/kaggle/input/datasets/dionisiusdh/indonesian-batik-motifs/batik-lasem/39.jpg,39.jpg,batik-lasem,524,4,train
/kaggle/input/datasets/dionisiusdh/indonesian-batik-motifs/batik-lasem/4.jpg,4.jpg,batik-lasem,525,4,test
/kaggle/input/datasets/dionisiusdh/indonesian-batik-motifs/batik-lasem/40.jpg,40.jpg,batik-lasem,526,4,train
/kaggle/input/datasets/dionisiusdh/indonesian-batik-motifs/batik-lasem/41.jpg,41.jpg,batik-lasem,527,4,train
/kaggle/input/datasets/dionisiusdh/indonesian-batik-motifs/batik-lasem/42.jpg,42.jpg,batik-lasem,528,4,train
/kaggle/input/datasets/dionisiusdh/indonesian-batik-motifs/batik-lasem/43.jpg,43.jpg,batik-lasem,529,4,test
/kaggle/input/datasets/dionisiusdh/indonesian-batik-motifs/batik-lasem/44.jpg,44.jpg,batik-lasem,530,4,train
/kaggle/input/datasets/dionisiusdh/indonesian-batik-motifs/batik-lasem/45.jpg,45.jpg,batik-lasem,531,4,test
/kaggle/input/datasets/dionisiusdh/indonesian-batik-motifs/batik-lasem/46.jpg,46.jpg,batik-lasem,532,4,train
/kaggle/input/datasets/dionisiusdh/indonesian-batik-motifs/batik-lasem/47.jpg,47.jpg,batik-lasem,533,4,train
/kaggle/input/datasets/dionisiusdh/indonesian-batik-motifs/batik-lasem/48.jpg,48.jpg,batik-lasem,534,4,train
/kaggle/input/datasets/dionisiusdh/indonesian-batik-motifs/batik-lasem/49.jpg,49.jpg,batik-lasem,514,4,test
/kaggle/input/datasets/dionisiusdh/indonesian-batik-motifs/batik-lasem/5.jpg,5.jpg,batik-lasem,536,4,train
/kaggle/input/datasets/dionisiusdh/indonesian-batik-motifs/batik-lasem/50.jpg,50.jpg,batik-lasem,537,4,train
/kaggle/input/datasets/dionisiusdh/indonesian-batik-motifs/batik-lasem/6.jpg,6.jpg,batik-lasem,538,4,train
/kaggle/input/datasets/dionisiusdh/indonesian-batik-motifs/batik-lasem/7.jpg,7.jpg,batik-lasem,539,4,train
/kaggle/input/datasets/dionisiusdh/indonesian-batik-motifs/batik-lasem/8.jpg,8.jpg,batik-lasem,540,4,test
/kaggle/input/datasets/dionisiusdh/indonesian-batik-motifs/batik-lasem/9.jpg,9.jpg,batik-lasem,541,4,test
/kaggle/input/datasets/dionisiusdh/indonesian-batik-motifs/batik-megamendung/1.jpg,1.jpg,batik-megamendung,542,4,train
/kaggle/input/datasets/dionisiusdh/indonesian-batik-motifs/batik-megamendung/10.jpg,10.jpg,batik-megamendung,543,4,train
/kaggle/input/datasets/dionisiusdh/indonesian-batik-motifs/batik-megamendung/12.jpg,12.jpg,batik-megamendung,544,4,test
/kaggle/input/datasets/dionisiusdh/indonesian-batik-motifs/batik-megamendung/13.jpg,13.jpg,batik-megamendung,545,4,test
/kaggle/input/datasets/dionisiusdh/indonesian-batik-motifs/batik-megamendung/14.jpg,14.jpg,batik-megamendung,546,4,train
/kaggle/input/datasets/dionisiusdh/indonesian-batik-motifs/batik-megamendung/15.jpg,15.jpg,batik-megamendung,547,4,train
/kaggle/input/datasets/dionisiusdh/indonesian-batik-motifs/batik-megamendung/16.jpg,16.jpg,batik-megamendung,548,4,test
/kaggle/input/datasets/dionisiusdh/indonesian-batik-motifs/batik-megamendung/17.jpg,17.jpg,batik-megamendung,549,4,test
/kaggle/input/datasets/dionisiusdh/indonesian-batik-motifs/batik-megamendung/18.jpg,18.jpg,batik-megamendung,550,4,train
/kaggle/input/datasets/dionisiusdh/indonesian-batik-motifs/batik-megamendung/19.jpg,19.jpg,batik-megamendung,551,4,train
/kaggle/input/datasets/dionisiusdh/indonesian-batik-motifs/batik-megamendung/2.jpg,2.jpg,batik-megamendung,552,4,train
/kaggle/input/datasets/dionisiusdh/indonesian-batik-motifs/batik-megamendung/20.jpg,20.jpg,batik-megamendung,553,4,train
/kaggle/input/datasets/dionisiusdh/indonesian-batik-motifs/batik-megamendung/21.jpg,21.jpg,batik-megamendung,554,4,train
/kaggle/input/datasets/dionisiusdh/indonesian-batik-motifs/batik-megamendung/22.jpg,22.jpg,batik-megamendung,543,4,train
/kaggle/input/datasets/dionisiusdh/indonesian-batik-motifs/batik-megamendung/23.jpg,23.jpg,batik-megamendung,550,4,train
/kaggle/input/datasets/dionisiusdh/indonesian-batik-motifs/batik-megamendung/24.jpg,24.jpg,batik-megamendung,557,4,train
/kaggle/input/datasets/dionisiusdh/indonesian-batik-motifs/batik-megamendung/25.jpg,25.jpg,batik-megamendung,557,4,train
/kaggle/input/datasets/dionisiusdh/indonesian-batik-motifs/batik-megamendung/26.jpg,26.jpg,batik-megamendung,559,4,train
/kaggle/input/datasets/dionisiusdh/indonesian-batik-motifs/batik-megamendung/27.jpg,27.jpg,batik-megamendung,560,4,train
/kaggle/input/datasets/dionisiusdh/indonesian-batik-motifs/batik-megamendung/28.jpg,28.jpg,batik-megamendung,561,4,train
/kaggle/input/datasets/dionisiusdh/indonesian-batik-motifs/batik-megamendung/29.jpg,29.jpg,batik-megamendung,562,4,test
/kaggle/input/datasets/dionisiusdh/indonesian-batik-motifs/batik-megamendung/3.jpg,3.jpg,batik-megamendung,544,4,test
/kaggle/input/datasets/dionisiusdh/indonesian-batik-motifs/batik-megamendung/30.jpg,30.jpg,batik-megamendung,564,4,test
/kaggle/input/datasets/dionisiusdh/indonesian-batik-motifs/batik-megamendung/31.jpg,31.jpg,batik-megamendung,565,4,test
/kaggle/input/datasets/dionisiusdh/indonesian-batik-motifs/batik-megamendung/32.jpg,32.jpg,batik-megamendung,565,4,test
/kaggle/input/datasets/dionisiusdh/indonesian-batik-motifs/batik-megamendung/33.jpg,33.jpg,batik-megamendung,567,4,train
/kaggle/input/datasets/dionisiusdh/indonesian-batik-motifs/batik-megamendung/34.jpg,34.jpg,batik-megamendung,568,4,train
/kaggle/input/datasets/dionisiusdh/indonesian-batik-motifs/batik-megamendung/36.jpg,36.jpg,batik-megamendung,569,4,train
/kaggle/input/datasets/dionisiusdh/indonesian-batik-motifs/batik-megamendung/37.jpg,37.jpg,batik-megamendung,570,4,train
/kaggle/input/datasets/dionisiusdh/indonesian-batik-motifs/batik-megamendung/38.jpg,38.jpg,batik-megamendung,569,4,train
/kaggle/input/datasets/dionisiusdh/indonesian-batik-motifs/batik-megamendung/39.jpg,39.jpg,batik-megamendung,572,4,train
/kaggle/input/datasets/dionisiusdh/indonesian-batik-motifs/batik-megamendung/4.jpg,4.jpg,batik-megamendung,573,4,train
/kaggle/input/datasets/dionisiusdh/indonesian-batik-motifs/batik-megamendung/40.jpg,40.jpg,batik-megamendung,574,4,train
/kaggle/input/datasets/dionisiusdh/indonesian-batik-motifs/batik-megamendung/41.jpg,41.jpg,batik-megamendung,575,4,test
/kaggle/input/datasets/dionisiusdh/indonesian-batik-motifs/batik-megamendung/42.jpg,42.jpg,batik-megamendung,576,4,train
/kaggle/input/datasets/dionisiusdh/indonesian-batik-motifs/batik-megamendung/43.jpg,43.jpg,batik-megamendung,577,4,train
/kaggle/input/datasets/dionisiusdh/indonesian-batik-motifs/batik-megamendung/44.jpg,44.jpg,batik-megamendung,578,4,test
/kaggle/input/datasets/dionisiusdh/indonesian-batik-motifs/batik-megamendung/45.jpg,45.jpg,batik-megamendung,579,4,train
/kaggle/input/datasets/dionisiusdh/indonesian-batik-motifs/batik-megamendung/46.jpg,46.jpg,batik-megamendung,580,4,test
/kaggle/input/datasets/dionisiusdh/indonesian-batik-motifs/batik-megamendung/47.jpg,47.jpg,batik-megamendung,581,4,train
/kaggle/input/datasets/dionisiusdh/indonesian-batik-motifs/batik-megamendung/48.jpg,48.jpg,batik-megamendung,582,4,train
/kaggle/input/datasets/dionisiusdh/indonesian-batik-motifs/batik-megamendung/5.jpg,5.jpg,batik-megamendung,544,4,test
/kaggle/input/datasets/dionisiusdh/indonesian-batik-motifs/batik-megamendung/6.jpg,6.jpg,batik-megamendung,580,4,test
/kaggle/input/datasets/dionisiusdh/indonesian-batik-motifs/batik-megamendung/7.jpg,7.jpg,batik-megamendung,543,4,train
/kaggle/input/datasets/dionisiusdh/indonesian-batik-motifs/batik-megamendung/8.jpg,8.jpg,batik-megamendung,586,4,train
/kaggle/input/datasets/dionisiusdh/indonesian-batik-motifs/batik-megamendung/9.jpg,9.jpg,batik-megamendung,587,4,train
/kaggle/input/datasets/dionisiusdh/indonesian-batik-motifs/batik-parang/1.jpg,1.jpg,batik-parang,588,4,test
/kaggle/input/datasets/dionisiusdh/indonesian-batik-motifs/batik-parang/10.jpg,10.jpg,batik-parang,589,4,train
/kaggle/input/datasets/dionisiusdh/indonesian-batik-motifs/batik-parang/11.jpg,11.jpg,batik-parang,590,4,train
/kaggle/input/datasets/dionisiusdh/indonesian-batik-motifs/batik-parang/12.jpg,12.jpg,batik-parang,591,4,test
/kaggle/input/datasets/dionisiusdh/indonesian-batik-motifs/batik-parang/13.jpg,13.jpg,batik-parang,592,4,test
/kaggle/input/datasets/dionisiusdh/indonesian-batik-motifs/batik-parang/14.jpg,14.jpg,batik-parang,593,4,test
/kaggle/input/datasets/dionisiusdh/indonesian-batik-motifs/batik-parang/15.jpg,15.jpg,batik-parang,594,4,train
/kaggle/input/datasets/dionisiusdh/indonesian-batik-motifs/batik-parang/16.jpg,16.jpg,batik-parang,595,4,train
/kaggle/input/datasets/dionisiusdh/indonesian-batik-motifs/batik-parang/17.jpg,17.jpg,batik-parang,596,4,test
/kaggle/input/datasets/dionisiusdh/indonesian-batik-motifs/batik-parang/18.jpg,18.jpg,batik-parang,244,4,test
/kaggle/input/datasets/dionisiusdh/indonesian-batik-motifs/batik-parang/19.jpg,19.jpg,batik-parang,598,4,train
/kaggle/input/datasets/dionisiusdh/indonesian-batik-motifs/batik-parang/2.jpg,2.jpg,batik-parang,599,4,train
/kaggle/input/datasets/dionisiusdh/indonesian-batik-motifs/batik-parang/20.jpg,20.jpg,batik-parang,600,4,train
/kaggle/input/datasets/dionisiusdh/indonesian-batik-motifs/batik-parang/21.jpg,21.jpg,batik-parang,601,4,train
/kaggle/input/datasets/dionisiusdh/indonesian-batik-motifs/batik-parang/22.jpg,22.jpg,batik-parang,602,4,test
/kaggle/input/datasets/dionisiusdh/indonesian-batik-motifs/batik-parang/23.jpg,23.jpg,batik-parang,603,4,test
/kaggle/input/datasets/dionisiusdh/indonesian-batik-motifs/batik-parang/24.jpg,24.jpg,batik-parang,405,4,test
/kaggle/input/datasets/dionisiusdh/indonesian-batik-motifs/batik-parang/25.jpg,25.jpg,batik-parang,605,4,test
/kaggle/input/datasets/dionisiusdh/indonesian-batik-motifs/batik-parang/26.jpg,26.jpg,batik-parang,606,4,train
/kaggle/input/datasets/dionisiusdh/indonesian-batik-motifs/batik-parang/27.jpg,27.jpg,batik-parang,607,4,train
/kaggle/input/datasets/dionisiusdh/indonesian-batik-motifs/batik-parang/28.jpg,28.jpg,batik-parang,608,4,train
/kaggle/input/datasets/dionisiusdh/indonesian-batik-motifs/batik-parang/29.jpg,29.jpg,batik-parang,609,4,train
/kaggle/input/datasets/dionisiusdh/indonesian-batik-motifs/batik-parang/3.jpg,3.jpg,batik-parang,605,4,test
/kaggle/input/datasets/dionisiusdh/indonesian-batik-motifs/batik-parang/30.jpg,30.jpg,batik-parang,611,4,test
/kaggle/input/datasets/dionisiusdh/indonesian-batik-motifs/batik-parang/31.jpg,31.jpg,batik-parang,612,4,train
/kaggle/input/datasets/dionisiusdh/indonesian-batik-motifs/batik-parang/32.jpg,32.jpg,batik-parang,18,4,train
/kaggle/input/datasets/dionisiusdh/indonesian-batik-motifs/batik-parang/33.jpg,33.jpg,batik-parang,614,4,train
/kaggle/input/datasets/dionisiusdh/indonesian-batik-motifs/batik-parang/34.jpg,34.jpg,batik-parang,615,4,test
/kaggle/input/datasets/dionisiusdh/indonesian-batik-motifs/batik-parang/35.jpg,35.jpg,batik-parang,616,4,train
/kaggle/input/datasets/dionisiusdh/indonesian-batik-motifs/batik-parang/36.jpg,36.jpg,batik-parang,617,4,test
/kaggle/input/datasets/dionisiusdh/indonesian-batik-motifs/batik-parang/37.jpg,37.jpg,batik-parang,2,4,train
/kaggle/input/datasets/dionisiusdh/indonesian-batik-motifs/batik-parang/38.jpg,38.jpg,batik-parang,619,4,train
/kaggle/input/datasets/dionisiusdh/indonesian-batik-motifs/batik-parang/39.jpg,39.jpg,batik-parang,620,4,train
/kaggle/input/datasets/dionisiusdh/indonesian-batik-motifs/batik-parang/4.jpg,4.jpg,batik-parang,621,4,train
/kaggle/input/datasets/dionisiusdh/indonesian-batik-motifs/batik-parang/40.jpg,40.jpg,batik-parang,206,4,train
/kaggle/input/datasets/dionisiusdh/indonesian-batik-motifs/batik-parang/41.jpg,41.jpg,batik-parang,623,4,train
/kaggle/input/datasets/dionisiusdh/indonesian-batik-motifs/batik-parang/42.jpg,42.jpg,batik-parang,624,4,train
/kaggle/input/datasets/dionisiusdh/indonesian-batik-motifs/batik-parang/43.jpg,43.jpg,batik-parang,625,4,train
/kaggle/input/datasets/dionisiusdh/indonesian-batik-motifs/batik-parang/44.jpg,44.jpg,batik-parang,626,4,train
/kaggle/input/datasets/dionisiusdh/indonesian-batik-motifs/batik-parang/45.jpg,45.jpg,batik-parang,627,4,train
/kaggle/input/datasets/dionisiusdh/indonesian-batik-motifs/batik-parang/46.jpg,46.jpg,batik-parang,628,4,train
/kaggle/input/datasets/dionisiusdh/indonesian-batik-motifs/batik-parang/47.jpg,47.jpg,batik-parang,629,4,train
/kaggle/input/datasets/dionisiusdh/indonesian-batik-motifs/batik-parang/48.jpg,48.jpg,batik-parang,630,4,train
/kaggle/input/datasets/dionisiusdh/indonesian-batik-motifs/batik-parang/49.jpg,49.jpg,batik-parang,631,4,train
/kaggle/input/datasets/dionisiusdh/indonesian-batik-motifs/batik-parang/5.jpg,5.jpg,batik-parang,632,4,train
/kaggle/input/datasets/dionisiusdh/indonesian-batik-motifs/batik-parang/50.jpg,50.jpg,batik-parang,633,4,train
/kaggle/input/datasets/dionisiusdh/indonesian-batik-motifs/batik-parang/6.jpg,6.jpg,batik-parang,634,4,train
/kaggle/input/datasets/dionisiusdh/indonesian-batik-motifs/batik-parang/7.jpg,7.jpg,batik-parang,635,4,train
/kaggle/input/datasets/dionisiusdh/indonesian-batik-motifs/batik-parang/8.jpg,8.jpg,batik-parang,636,4,test
/kaggle/input/datasets/dionisiusdh/indonesian-batik-motifs/batik-parang/9.jpg,9.jpg,batik-parang,637,4,train
/kaggle/input/datasets/dionisiusdh/indonesian-batik-motifs/batik-pekalongan/1.jpg,1.jpg,batik-pekalongan,490,4,train
/kaggle/input/datasets/dionisiusdh/indonesian-batik-motifs/batik-pekalongan/10.jpg,10.jpg,batik-pekalongan,490,4,train
/kaggle/input/datasets/dionisiusdh/indonesian-batik-motifs/batik-pekalongan/11.jpg,11.jpg,batik-pekalongan,640,4,train
/kaggle/input/datasets/dionisiusdh/indonesian-batik-motifs/batik-pekalongan/12.jpg,12.jpg,batik-pekalongan,641,4,test
/kaggle/input/datasets/dionisiusdh/indonesian-batik-motifs/batik-pekalongan/13.jpg,13.jpg,batik-pekalongan,642,4,test
/kaggle/input/datasets/dionisiusdh/indonesian-batik-motifs/batik-pekalongan/14.jpg,14.jpg,batik-pekalongan,643,4,test
/kaggle/input/datasets/dionisiusdh/indonesian-batik-motifs/batik-pekalongan/15.jpg,15.jpg,batik-pekalongan,644,4,test
/kaggle/input/datasets/dionisiusdh/indonesian-batik-motifs/batik-pekalongan/16.jpg,16.jpg,batik-pekalongan,645,4,train
/kaggle/input/datasets/dionisiusdh/indonesian-batik-motifs/batik-pekalongan/17.jpg,17.jpg,batik-pekalongan,646,4,train
/kaggle/input/datasets/dionisiusdh/indonesian-batik-motifs/batik-pekalongan/18.jpg,18.jpg,batik-pekalongan,647,4,train
/kaggle/input/datasets/dionisiusdh/indonesian-batik-motifs/batik-pekalongan/19.jpg,19.jpg,batik-pekalongan,648,4,train
/kaggle/input/datasets/dionisiusdh/indonesian-batik-motifs/batik-pekalongan/2.jpg,2.jpg,batik-pekalongan,649,4,train
/kaggle/input/datasets/dionisiusdh/indonesian-batik-motifs/batik-pekalongan/20.jpg,20.jpg,batik-pekalongan,650,4,train
/kaggle/input/datasets/dionisiusdh/indonesian-batik-motifs/batik-pekalongan/21.jpg,21.jpg,batik-pekalongan,651,4,train
/kaggle/input/datasets/dionisiusdh/indonesian-batik-motifs/batik-pekalongan/22.jpg,22.jpg,batik-pekalongan,652,4,train
/kaggle/input/datasets/dionisiusdh/indonesian-batik-motifs/batik-pekalongan/23.jpg,23.jpg,batik-pekalongan,653,4,train
/kaggle/input/datasets/dionisiusdh/indonesian-batik-motifs/batik-pekalongan/24.jpg,24.jpg,batik-pekalongan,642,4,test
/kaggle/input/datasets/dionisiusdh/indonesian-batik-motifs/batik-pekalongan/25.jpg,25.jpg,batik-pekalongan,655,4,train
/kaggle/input/datasets/dionisiusdh/indonesian-batik-motifs/batik-pekalongan/26.jpg,26.jpg,batik-pekalongan,656,4,test
/kaggle/input/datasets/dionisiusdh/indonesian-batik-motifs/batik-pekalongan/27.jpg,27.jpg,batik-pekalongan,588,4,test
/kaggle/input/datasets/dionisiusdh/indonesian-batik-motifs/batik-pekalongan/28.jpg,28.jpg,batik-pekalongan,658,4,test
/kaggle/input/datasets/dionisiusdh/indonesian-batik-motifs/batik-pekalongan/29.jpg,29.jpg,batik-pekalongan,659,4,train
/kaggle/input/datasets/dionisiusdh/indonesian-batik-motifs/batik-pekalongan/3.jpg,3.jpg,batik-pekalongan,660,4,train
/kaggle/input/datasets/dionisiusdh/indonesian-batik-motifs/batik-pekalongan/30.jpg,30.jpg,batik-pekalongan,661,4,train
/kaggle/input/datasets/dionisiusdh/indonesian-batik-motifs/batik-pekalongan/31.jpg,31.jpg,batik-pekalongan,662,4,test
/kaggle/input/datasets/dionisiusdh/indonesian-batik-motifs/batik-pekalongan/32.jpg,32.jpg,batik-pekalongan,663,4,train
/kaggle/input/datasets/dionisiusdh/indonesian-batik-motifs/batik-pekalongan/33.jpg,33.jpg,batik-pekalongan,664,4,test
/kaggle/input/datasets/dionisiusdh/indonesian-batik-motifs/batik-pekalongan/34.jpg,34.jpg,batik-pekalongan,665,4,train
/kaggle/input/datasets/dionisiusdh/indonesian-batik-motifs/batik-pekalongan/35.jpg,35.jpg,batik-pekalongan,666,4,train
/kaggle/input/datasets/dionisiusdh/indonesian-batik-motifs/batik-pekalongan/36.jpg,36.jpg,batik-pekalongan,667,4,test
/kaggle/input/datasets/dionisiusdh/indonesian-batik-motifs/batik-pekalongan/37.jpg,37.jpg,batik-pekalongan,14,4,test
/kaggle/input/datasets/dionisiusdh/indonesian-batik-motifs/batik-pekalongan/38.jpg,38.jpg,batik-pekalongan,669,4,train
/kaggle/input/datasets/dionisiusdh/indonesian-batik-motifs/batik-pekalongan/39.jpg,39.jpg,batik-pekalongan,670,4,train
/kaggle/input/datasets/dionisiusdh/indonesian-batik-motifs/batik-pekalongan/4.jpg,4.jpg,batik-pekalongan,671,4,train
/kaggle/input/datasets/dionisiusdh/indonesian-batik-motifs/batik-pekalongan/40.jpg,40.jpg,batik-pekalongan,672,4,test
/kaggle/input/datasets/dionisiusdh/indonesian-batik-motifs/batik-pekalongan/41.jpg,41.jpg,batik-pekalongan,673,4,train
/kaggle/input/datasets/dionisiusdh/indonesian-batik-motifs/batik-pekalongan/42.jpg,42.jpg,batik-pekalongan,674,4,train
/kaggle/input/datasets/dionisiusdh/indonesian-batik-motifs/batik-pekalongan/43.jpg,43.jpg,batik-pekalongan,675,4,train
/kaggle/input/datasets/dionisiusdh/indonesian-batik-motifs/batik-pekalongan/44.jpg,44.jpg,batik-pekalongan,676,4,train
/kaggle/input/datasets/dionisiusdh/indonesian-batik-motifs/batik-pekalongan/45.jpg,45.jpg,batik-pekalongan,677,4,train
/kaggle/input/datasets/dionisiusdh/indonesian-batik-motifs/batik-pekalongan/46.jpg,46.jpg,batik-pekalongan,678,4,test
/kaggle/input/datasets/dionisiusdh/indonesian-batik-motifs/batik-pekalongan/47.jpg,47.jpg,batik-pekalongan,679,4,train
/kaggle/input/datasets/dionisiusdh/indonesian-batik-motifs/batik-pekalongan/48.jpg,48.jpg,batik-pekalongan,680,4,test
/kaggle/input/datasets/dionisiusdh/indonesian-batik-motifs/batik-pekalongan/49.jpg,49.jpg,batik-pekalongan,681,4,train
/kaggle/input/datasets/dionisiusdh/indonesian-batik-motifs/batik-pekalongan/5.jpg,5.jpg,batik-pekalongan,249,4,train
/kaggle/input/datasets/dionisiusdh/indonesian-batik-motifs/batik-pekalongan/50.jpg,50.jpg,batik-pekalongan,683,4,test
/kaggle/input/datasets/dionisiusdh/indonesian-batik-motifs/batik-pekalongan/6.jpg,6.jpg,batik-pekalongan,684,4,train
/kaggle/input/datasets/dionisiusdh/indonesian-batik-motifs/batik-pekalongan/7.jpg,7.jpg,batik-pekalongan,685,4,train
/kaggle/input/datasets/dionisiusdh/indonesian-batik-motifs/batik-pekalongan/8.jpg,8.jpg,batik-pekalongan,686,4,train
/kaggle/input/datasets/dionisiusdh/indonesian-batik-motifs/batik-pekalongan/9.jpg,9.jpg,batik-pekalongan,687,4,test
/kaggle/input/datasets/dionisiusdh/indonesian-batik-motifs/batik-priangan/1.jpg,1.jpg,batik-priangan,688,4,train
/kaggle/input/datasets/dionisiusdh/indonesian-batik-motifs/batik-priangan/10.jpg,10.jpg,batik-priangan,274,4,train
/kaggle/input/datasets/dionisiusdh/indonesian-batik-motifs/batik-priangan/11.jpg,11.jpg,batik-priangan,690,4,test
/kaggle/input/datasets/dionisiusdh/indonesian-batik-motifs/batik-priangan/12.jpg,12.jpg,batik-priangan,691,4,train
/kaggle/input/datasets/dionisiusdh/indonesian-batik-motifs/batik-priangan/13.jpg,13.jpg,batik-priangan,692,4,train
/kaggle/input/datasets/dionisiusdh/indonesian-batik-motifs/batik-priangan/14.jpg,14.jpg,batik-priangan,693,4,train
/kaggle/input/datasets/dionisiusdh/indonesian-batik-motifs/batik-priangan/15.jpg,15.jpg,batik-priangan,694,4,train
/kaggle/input/datasets/dionisiusdh/indonesian-batik-motifs/batik-priangan/16.jpg,16.jpg,batik-priangan,695,4,test
/kaggle/input/datasets/dionisiusdh/indonesian-batik-motifs/batik-priangan/17.jpg,17.jpg,batik-priangan,696,4,train
/kaggle/input/datasets/dionisiusdh/indonesian-batik-motifs/batik-priangan/18.jpg,18.jpg,batik-priangan,255,4,train
/kaggle/input/datasets/dionisiusdh/indonesian-batik-motifs/batik-priangan/19.jpg,19.jpg,batik-priangan,698,4,test
/kaggle/input/datasets/dionisiusdh/indonesian-batik-motifs/batik-priangan/2.jpg,2.jpg,batik-priangan,699,4,train
/kaggle/input/datasets/dionisiusdh/indonesian-batik-motifs/batik-priangan/20.jpg,20.jpg,batik-priangan,700,4,test
/kaggle/input/datasets/dionisiusdh/indonesian-batik-motifs/batik-priangan/21.jpg,21.jpg,batik-priangan,301,4,train
/kaggle/input/datasets/dionisiusdh/indonesian-batik-motifs/batik-priangan/22.jpg,22.jpg,batik-priangan,702,4,train
/kaggle/input/datasets/dionisiusdh/indonesian-batik-motifs/batik-priangan/23.jpg,23.jpg,batik-priangan,703,4,test
/kaggle/input/datasets/dionisiusdh/indonesian-batik-motifs/batik-priangan/24.jpg,24.jpg,batik-priangan,308,4,train
/kaggle/input/datasets/dionisiusdh/indonesian-batik-motifs/batik-priangan/25.jpg,25.jpg,batik-priangan,705,4,test
/kaggle/input/datasets/dionisiusdh/indonesian-batik-motifs/batik-priangan/26.jpg,26.jpg,batik-priangan,706,4,train
/kaggle/input/datasets/dionisiusdh/indonesian-batik-motifs/batik-priangan/27.jpg,27.jpg,batik-priangan,707,4,test
/kaggle/input/datasets/dionisiusdh/indonesian-batik-motifs/batik-priangan/28.jpg,28.jpg,batik-priangan,708,4,test
/kaggle/input/datasets/dionisiusdh/indonesian-batik-motifs/batik-priangan/29.jpg,29.jpg,batik-priangan,709,4,train
/kaggle/input/datasets/dionisiusdh/indonesian-batik-motifs/batik-priangan/3.jpg,3.jpg,batik-priangan,710,4,train
/kaggle/input/datasets/dionisiusdh/indonesian-batik-motifs/batik-priangan/30.jpg,30.jpg,batik-priangan,711,4,train
/kaggle/input/datasets/dionisiusdh/indonesian-batik-motifs/batik-priangan/31.jpg,31.jpg,batik-priangan,712,4,train
/kaggle/input/datasets/dionisiusdh/indonesian-batik-motifs/batik-priangan/32.jpg,32.jpg,batik-priangan,713,4,train
/kaggle/input/datasets/dionisiusdh/indonesian-batik-motifs/batik-priangan/33.jpg,33.jpg,batik-priangan,714,4,train
/kaggle/input/datasets/dionisiusdh/indonesian-batik-motifs/batik-priangan/34.jpg,34.jpg,batik-priangan,715,4,train
/kaggle/input/datasets/dionisiusdh/indonesian-batik-motifs/batik-priangan/35.jpg,35.jpg,batik-priangan,374,4,test
/kaggle/input/datasets/dionisiusdh/indonesian-batik-motifs/batik-priangan/36.jpg,36.jpg,batik-priangan,717,4,test
/kaggle/input/datasets/dionisiusdh/indonesian-batik-motifs/batik-priangan/37.jpg,37.jpg,batik-priangan,718,4,train
/kaggle/input/datasets/dionisiusdh/indonesian-batik-motifs/batik-priangan/38.jpg,38.jpg,batik-priangan,719,4,train
/kaggle/input/datasets/dionisiusdh/indonesian-batik-motifs/batik-priangan/39.jpg,39.jpg,batik-priangan,720,4,train
/kaggle/input/datasets/dionisiusdh/indonesian-batik-motifs/batik-priangan/4.jpg,4.jpg,batik-priangan,721,4,train
/kaggle/input/datasets/dionisiusdh/indonesian-batik-motifs/batik-priangan/40.jpg,40.jpg,batik-priangan,722,4,train
/kaggle/input/datasets/dionisiusdh/indonesian-batik-motifs/batik-priangan/41.jpg,41.jpg,batik-priangan,723,4,test
/kaggle/input/datasets/dionisiusdh/indonesian-batik-motifs/batik-priangan/42.jpg,42.jpg,batik-priangan,724,4,test
/kaggle/input/datasets/dionisiusdh/indonesian-batik-motifs/batik-priangan/43.jpg,43.jpg,batik-priangan,725,4,train
/kaggle/input/datasets/dionisiusdh/indonesian-batik-motifs/batik-priangan/44.jpg,44.jpg,batik-priangan,726,4,train
/kaggle/input/datasets/dionisiusdh/indonesian-batik-motifs/batik-priangan/45.jpg,45.jpg,batik-priangan,727,4,train
/kaggle/input/datasets/dionisiusdh/indonesian-batik-motifs/batik-priangan/46.jpg,46.jpg,batik-priangan,728,4,train
/kaggle/input/datasets/dionisiusdh/indonesian-batik-motifs/batik-priangan/47.jpg,47.jpg,batik-priangan,729,4,train
/kaggle/input/datasets/dionisiusdh/indonesian-batik-motifs/batik-priangan/48.jpg,48.jpg,batik-priangan,730,4,test
/kaggle/input/datasets/dionisiusdh/indonesian-batik-motifs/batik-priangan/49.jpg,49.jpg,batik-priangan,731,4,train
/kaggle/input/datasets/dionisiusdh/indonesian-batik-motifs/batik-priangan/5.jpg,5.jpg,batik-priangan,732,4,train
/kaggle/input/datasets/dionisiusdh/indonesian-batik-motifs/batik-priangan/50.jpg,50.jpg,batik-priangan,733,4,test
/kaggle/input/datasets/dionisiusdh/indonesian-batik-motifs/batik-priangan/6.jpg,6.jpg,batik-priangan,734,4,test
/kaggle/input/datasets/dionisiusdh/indonesian-batik-motifs/batik-priangan/7.jpg,7.jpg,batik-priangan,735,4,train
/kaggle/input/datasets/dionisiusdh/indonesian-batik-motifs/batik-priangan/8.jpg,8.jpg,batik-priangan,736,4,train
/kaggle/input/datasets/dionisiusdh/indonesian-batik-motifs/batik-priangan/9.jpg,9.jpg,batik-priangan,737,4,train
/kaggle/input/datasets/dionisiusdh/indonesian-batik-motifs/batik-sekar/1.jpg,1.jpg,batik-sekar,738,4,train
/kaggle/input/datasets/dionisiusdh/indonesian-batik-motifs/batik-sekar/10.jpg,10.jpg,batik-sekar,739,4,test
/kaggle/input/datasets/dionisiusdh/indonesian-batik-motifs/batik-sekar/11.jpg,11.jpg,batik-sekar,740,4,train
/kaggle/input/datasets/dionisiusdh/indonesian-batik-motifs/batik-sekar/13.jpg,13.jpg,batik-sekar,741,4,train
/kaggle/input/datasets/dionisiusdh/indonesian-batik-motifs/batik-sekar/14.jpg,14.jpg,batik-sekar,742,4,test
/kaggle/input/datasets/dionisiusdh/indonesian-batik-motifs/batik-sekar/15.jpg,15.jpg,batik-sekar,743,4,train
/kaggle/input/datasets/dionisiusdh/indonesian-batik-motifs/batik-sekar/16.jpg,16.jpg,batik-sekar,744,4,train
/kaggle/input/datasets/dionisiusdh/indonesian-batik-motifs/batik-sekar/17.jpg,17.jpg,batik-sekar,745,4,train
/kaggle/input/datasets/dionisiusdh/indonesian-batik-motifs/batik-sekar/18.jpg,18.jpg,batik-sekar,746,4,train
/kaggle/input/datasets/dionisiusdh/indonesian-batik-motifs/batik-sekar/19.jpg,19.jpg,batik-sekar,747,4,train
/kaggle/input/datasets/dionisiusdh/indonesian-batik-motifs/batik-sekar/2.jpg,2.jpg,batik-sekar,748,4,test
/kaggle/input/datasets/dionisiusdh/indonesian-batik-motifs/batik-sekar/20.jpg,20.jpg,batik-sekar,749,4,test
/kaggle/input/datasets/dionisiusdh/indonesian-batik-motifs/batik-sekar/21.jpg,21.jpg,batik-sekar,750,4,train
/kaggle/input/datasets/dionisiusdh/indonesian-batik-motifs/batik-sekar/22.jpg,22.jpg,batik-sekar,751,4,train
/kaggle/input/datasets/dionisiusdh/indonesian-batik-motifs/batik-sekar/23.jpg,23.jpg,batik-sekar,749,4,test
/kaggle/input/datasets/dionisiusdh/indonesian-batik-motifs/batik-sekar/24.jpg,24.jpg,batik-sekar,756,4,train
/kaggle/input/datasets/dionisiusdh/indonesian-batik-motifs/batik-sekar/25.jpg,25.jpg,batik-sekar,754,4,train
/kaggle/input/datasets/dionisiusdh/indonesian-batik-motifs/batik-sekar/26.jpg,26.jpg,batik-sekar,755,4,train
/kaggle/input/datasets/dionisiusdh/indonesian-batik-motifs/batik-sekar/27.jpg,27.jpg,batik-sekar,756,4,train
/kaggle/input/datasets/dionisiusdh/indonesian-batik-motifs/batik-sekar/28.jpg,28.jpg,batik-sekar,756,4,train
/kaggle/input/datasets/dionisiusdh/indonesian-batik-motifs/batik-sekar/29.jpg,29.jpg,batik-sekar,758,4,test
/kaggle/input/datasets/dionisiusdh/indonesian-batik-motifs/batik-sekar/3.jpg,3.jpg,batik-sekar,759,4,train
/kaggle/input/datasets/dionisiusdh/indonesian-batik-motifs/batik-sekar/30.jpg,30.jpg,batik-sekar,760,4,test
/kaggle/input/datasets/dionisiusdh/indonesian-batik-motifs/batik-sekar/31.jpg,31.jpg,batik-sekar,232,4,train
/kaggle/input/datasets/dionisiusdh/indonesian-batik-motifs/batik-sekar/33.jpg,33.jpg,batik-sekar,762,4,test
/kaggle/input/datasets/dionisiusdh/indonesian-batik-motifs/batik-sekar/34.jpg,34.jpg,batik-sekar,763,4,train
/kaggle/input/datasets/dionisiusdh/indonesian-batik-motifs/batik-sekar/35.jpg,35.jpg,batik-sekar,764,4,train
/kaggle/input/datasets/dionisiusdh/indonesian-batik-motifs/batik-sekar/36.jpg,36.jpg,batik-sekar,765,4,train
/kaggle/input/datasets/dionisiusdh/indonesian-batik-motifs/batik-sekar/37.jpg,37.jpg,batik-sekar,663,4,train
/kaggle/input/datasets/dionisiusdh/indonesian-batik-motifs/batik-sekar/38.jpg,38.jpg,batik-sekar,767,4,test
/kaggle/input/datasets/dionisiusdh/indonesian-batik-motifs/batik-sekar/39.jpg,39.jpg,batik-sekar,756,4,train
/kaggle/input/datasets/dionisiusdh/indonesian-batik-motifs/batik-sekar/40.jpg,40.jpg,batik-sekar,769,4,test
/kaggle/input/datasets/dionisiusdh/indonesian-batik-motifs/batik-sekar/41.jpg,41.jpg,batik-sekar,770,4,train
/kaggle/input/datasets/dionisiusdh/indonesian-batik-motifs/batik-sekar/42.jpg,42.jpg,batik-sekar,744,4,train
/kaggle/input/datasets/dionisiusdh/indonesian-batik-motifs/batik-sekar/43.jpg,43.jpg,batik-sekar,772,4,train
/kaggle/input/datasets/dionisiusdh/indonesian-batik-motifs/batik-sekar/44.jpg,44.jpg,batik-sekar,756,4,train
/kaggle/input/datasets/dionisiusdh/indonesian-batik-motifs/batik-sekar/45.jpg,45.jpg,batik-sekar,774,4,test
/kaggle/input/datasets/dionisiusdh/indonesian-batik-motifs/batik-sekar/46.jpg,46.jpg,batik-sekar,775,4,train
/kaggle/input/datasets/dionisiusdh/indonesian-batik-motifs/batik-sekar/47.jpg,47.jpg,batik-sekar,776,4,test
/kaggle/input/datasets/dionisiusdh/indonesian-batik-motifs/batik-sekar/48.jpg,48.jpg,batik-sekar,777,4,train
/kaggle/input/datasets/dionisiusdh/indonesian-batik-motifs/batik-sekar/49.jpg,49.jpg,batik-sekar,778,4,train
/kaggle/input/datasets/dionisiusdh/indonesian-batik-motifs/batik-sekar/5.jpg,5.jpg,batik-sekar,779,4,train
/kaggle/input/datasets/dionisiusdh/indonesian-batik-motifs/batik-sekar/50.jpg,50.jpg,batik-sekar,772,4,train
/kaggle/input/datasets/dionisiusdh/indonesian-batik-motifs/batik-sekar/6.jpg,6.jpg,batik-sekar,738,4,train
/kaggle/input/datasets/dionisiusdh/indonesian-batik-motifs/batik-sekar/7.jpg,7.jpg,batik-sekar,782,4,test
/kaggle/input/datasets/dionisiusdh/indonesian-batik-motifs/batik-sekar/8.jpg,8.jpg,batik-sekar,783,4,test
/kaggle/input/datasets/dionisiusdh/indonesian-batik-motifs/batik-sekar/9.jpg,9.jpg,batik-sekar,784,4,test
/kaggle/input/datasets/dionisiusdh/indonesian-batik-motifs/batik-sidoluhur/1.jpg,1.jpg,batik-sidoluhur,785,4,train
/kaggle/input/datasets/dionisiusdh/indonesian-batik-motifs/batik-sidoluhur/10.jpg,10.jpg,batik-sidoluhur,786,4,train
/kaggle/input/datasets/dionisiusdh/indonesian-batik-motifs/batik-sidoluhur/11.jpg,11.jpg,batik-sidoluhur,787,4,train
/kaggle/input/datasets/dionisiusdh/indonesian-batik-motifs/batik-sidoluhur/12.jpg,12.jpg,batik-sidoluhur,482,4,test
/kaggle/input/datasets/dionisiusdh/indonesian-batik-motifs/batik-sidoluhur/13.jpg,13.jpg,batik-sidoluhur,789,4,train
/kaggle/input/datasets/dionisiusdh/indonesian-batik-motifs/batik-sidoluhur/14.jpg,14.jpg,batik-sidoluhur,790,4,train
/kaggle/input/datasets/dionisiusdh/indonesian-batik-motifs/batik-sidoluhur/15.jpg,15.jpg,batik-sidoluhur,791,4,train
/kaggle/input/datasets/dionisiusdh/indonesian-batik-motifs/batik-sidoluhur/16.jpg,16.jpg,batik-sidoluhur,792,4,train
/kaggle/input/datasets/dionisiusdh/indonesian-batik-motifs/batik-sidoluhur/17.jpg,17.jpg,batik-sidoluhur,793,4,train
/kaggle/input/datasets/dionisiusdh/indonesian-batik-motifs/batik-sidoluhur/18.jpg,18.jpg,batik-sidoluhur,794,4,test
/kaggle/input/datasets/dionisiusdh/indonesian-batik-motifs/batik-sidoluhur/19.jpg,19.jpg,batik-sidoluhur,795,4,train
/kaggle/input/datasets/dionisiusdh/indonesian-batik-motifs/batik-sidoluhur/2.jpg,2.jpg,batik-sidoluhur,785,4,train
/kaggle/input/datasets/dionisiusdh/indonesian-batik-motifs/batik-sidoluhur/20.jpg,20.jpg,batik-sidoluhur,797,4,train
/kaggle/input/datasets/dionisiusdh/indonesian-batik-motifs/batik-sidoluhur/21.jpg,21.jpg,batik-sidoluhur,798,4,train
/kaggle/input/datasets/dionisiusdh/indonesian-batik-motifs/batik-sidoluhur/22.jpg,22.jpg,batik-sidoluhur,799,4,train
/kaggle/input/datasets/dionisiusdh/indonesian-batik-motifs/batik-sidoluhur/23.jpg,23.jpg,batik-sidoluhur,800,4,test
/kaggle/input/datasets/dionisiusdh/indonesian-batik-motifs/batik-sidoluhur/24.jpg,24.jpg,batik-sidoluhur,801,4,test
/kaggle/input/datasets/dionisiusdh/indonesian-batik-motifs/batik-sidoluhur/25.jpg,25.jpg,batik-sidoluhur,802,4,test
/kaggle/input/datasets/dionisiusdh/indonesian-batik-motifs/batik-sidoluhur/26.jpg,26.jpg,batik-sidoluhur,803,4,train
/kaggle/input/datasets/dionisiusdh/indonesian-batik-motifs/batik-sidoluhur/27.jpg,27.jpg,batik-sidoluhur,804,4,test
/kaggle/input/datasets/dionisiusdh/indonesian-batik-motifs/batik-sidoluhur/28.jpg,28.jpg,batik-sidoluhur,805,4,train
/kaggle/input/datasets/dionisiusdh/indonesian-batik-motifs/batik-sidoluhur/29.jpg,29.jpg,batik-sidoluhur,806,4,train
/kaggle/input/datasets/dionisiusdh/indonesian-batik-motifs/batik-sidoluhur/3.jpg,3.jpg,batik-sidoluhur,807,4,train
/kaggle/input/datasets/dionisiusdh/indonesian-batik-motifs/batik-sidoluhur/30.jpg,30.jpg,batik-sidoluhur,808,4,train
/kaggle/input/datasets/dionisiusdh/indonesian-batik-motifs/batik-sidoluhur/31.jpg,31.jpg,batik-sidoluhur,809,4,train
/kaggle/input/datasets/dionisiusdh/indonesian-batik-motifs/batik-sidoluhur/32.jpg,32.jpg,batik-sidoluhur,810,4,train
/kaggle/input/datasets/dionisiusdh/indonesian-batik-motifs/batik-sidoluhur/33.jpg,33.jpg,batik-sidoluhur,811,4,test
/kaggle/input/datasets/dionisiusdh/indonesian-batik-motifs/batik-sidoluhur/34.jpg,34.jpg,batik-sidoluhur,812,4,test
/kaggle/input/datasets/dionisiusdh/indonesian-batik-motifs/batik-sidoluhur/35.jpg,35.jpg,batik-sidoluhur,813,4,test
/kaggle/input/datasets/dionisiusdh/indonesian-batik-motifs/batik-sidoluhur/36.jpg,36.jpg,batik-sidoluhur,814,4,train
/kaggle/input/datasets/dionisiusdh/indonesian-batik-motifs/batik-sidoluhur/37.jpg,37.jpg,batik-sidoluhur,815,4,train
/kaggle/input/datasets/dionisiusdh/indonesian-batik-motifs/batik-sidoluhur/38.jpg,38.jpg,batik-sidoluhur,816,4,train
/kaggle/input/datasets/dionisiusdh/indonesian-batik-motifs/batik-sidoluhur/39.jpg,39.jpg,batik-sidoluhur,817,4,train
/kaggle/input/datasets/dionisiusdh/indonesian-batik-motifs/batik-sidoluhur/4.jpg,4.jpg,batik-sidoluhur,818,4,test
/kaggle/input/datasets/dionisiusdh/indonesian-batik-motifs/batik-sidoluhur/40.jpg,40.jpg,batik-sidoluhur,819,4,train
/kaggle/input/datasets/dionisiusdh/indonesian-batik-motifs/batik-sidoluhur/41.jpg,41.jpg,batik-sidoluhur,820,4,train
/kaggle/input/datasets/dionisiusdh/indonesian-batik-motifs/batik-sidoluhur/42.jpg,42.jpg,batik-sidoluhur,821,4,test
/kaggle/input/datasets/dionisiusdh/indonesian-batik-motifs/batik-sidoluhur/43.jpg,43.jpg,batik-sidoluhur,732,4,train
/kaggle/input/datasets/dionisiusdh/indonesian-batik-motifs/batik-sidoluhur/44.jpg,44.jpg,batik-sidoluhur,823,4,train
/kaggle/input/datasets/dionisiusdh/indonesian-batik-motifs/batik-sidoluhur/45.jpg,45.jpg,batik-sidoluhur,824,4,test
/kaggle/input/datasets/dionisiusdh/indonesian-batik-motifs/batik-sidoluhur/46.jpg,46.jpg,batik-sidoluhur,825,4,train
/kaggle/input/datasets/dionisiusdh/indonesian-batik-motifs/batik-sidoluhur/47.jpg,47.jpg,batik-sidoluhur,826,4,train
/kaggle/input/datasets/dionisiusdh/indonesian-batik-motifs/batik-sidoluhur/48.jpg,48.jpg,batik-sidoluhur,827,4,test
/kaggle/input/datasets/dionisiusdh/indonesian-batik-motifs/batik-sidoluhur/49.jpg,49.jpg,batik-sidoluhur,828,4,train
/kaggle/input/datasets/dionisiusdh/indonesian-batik-motifs/batik-sidoluhur/5.jpg,5.jpg,batik-sidoluhur,829,4,train
/kaggle/input/datasets/dionisiusdh/indonesian-batik-motifs/batik-sidoluhur/50.jpg,50.jpg,batik-sidoluhur,830,4,test
/kaggle/input/datasets/dionisiusdh/indonesian-batik-motifs/batik-sidoluhur/6.jpg,6.jpg,batik-sidoluhur,831,4,test
/kaggle/input/datasets/dionisiusdh/indonesian-batik-motifs/batik-sidoluhur/7.jpg,7.jpg,batik-sidoluhur,832,4,train
/kaggle/input/datasets/dionisiusdh/indonesian-batik-motifs/batik-sidoluhur/8.jpg,8.jpg,batik-sidoluhur,833,4,train
/kaggle/input/datasets/dionisiusdh/indonesian-batik-motifs/batik-sidoluhur/9.jpg,9.jpg,batik-sidoluhur,834,4,test
/kaggle/input/datasets/dionisiusdh/indonesian-batik-motifs/batik-sidomukti/1.jpg,1.jpg,batik-sidomukti,835,4,test
/kaggle/input/datasets/dionisiusdh/indonesian-batik-motifs/batik-sidomukti/10.jpg,10.jpg,batik-sidomukti,836,4,train
/kaggle/input/datasets/dionisiusdh/indonesian-batik-motifs/batik-sidomukti/11.jpg,11.jpg,batik-sidomukti,837,4,train
/kaggle/input/datasets/dionisiusdh/indonesian-batik-motifs/batik-sidomukti/12.jpg,12.jpg,batik-sidomukti,838,4,train
/kaggle/input/datasets/dionisiusdh/indonesian-batik-motifs/batik-sidomukti/13.jpg,13.jpg,batik-sidomukti,839,4,test
/kaggle/input/datasets/dionisiusdh/indonesian-batik-motifs/batik-sidomukti/14.jpg,14.jpg,batik-sidomukti,840,4,train
/kaggle/input/datasets/dionisiusdh/indonesian-batik-motifs/batik-sidomukti/15.jpg,15.jpg,batik-sidomukti,841,4,train
/kaggle/input/datasets/dionisiusdh/indonesian-batik-motifs/batik-sidomukti/16.jpg,16.jpg,batik-sidomukti,842,4,train
/kaggle/input/datasets/dionisiusdh/indonesian-batik-motifs/batik-sidomukti/17.jpg,17.jpg,batik-sidomukti,843,4,test
/kaggle/input/datasets/dionisiusdh/indonesian-batik-motifs/batik-sidomukti/18.jpg,18.jpg,batik-sidomukti,844,4,train
/kaggle/input/datasets/dionisiusdh/indonesian-batik-motifs/batik-sidomukti/19.jpg,19.jpg,batik-sidomukti,845,4,train
/kaggle/input/datasets/dionisiusdh/indonesian-batik-motifs/batik-sidomukti/2.jpg,2.jpg,batik-sidomukti,846,4,train
/kaggle/input/datasets/dionisiusdh/indonesian-batik-motifs/batik-sidomukti/20.jpg,20.jpg,batik-sidomukti,847,4,train
/kaggle/input/datasets/dionisiusdh/indonesian-batik-motifs/batik-sidomukti/21.jpg,21.jpg,batik-sidomukti,848,4,test
/kaggle/input/datasets/dionisiusdh/indonesian-batik-motifs/batik-sidomukti/22.jpg,22.jpg,batik-sidomukti,807,4,train
/kaggle/input/datasets/dionisiusdh/indonesian-batik-motifs/batik-sidomukti/23.jpg,23.jpg,batik-sidomukti,850,4,test
/kaggle/input/datasets/dionisiusdh/indonesian-batik-motifs/batik-sidomukti/24.jpg,24.jpg,batik-sidomukti,482,4,test
/kaggle/input/datasets/dionisiusdh/indonesian-batik-motifs/batik-sidomukti/25.jpg,25.jpg,batik-sidomukti,852,4,train
/kaggle/input/datasets/dionisiusdh/indonesian-batik-motifs/batik-sidomukti/26.jpg,26.jpg,batik-sidomukti,853,4,train
/kaggle/input/datasets/dionisiusdh/indonesian-batik-motifs/batik-sidomukti/27.jpg,27.jpg,batik-sidomukti,854,4,train
/kaggle/input/datasets/dionisiusdh/indonesian-batik-motifs/batik-sidomukti/28.jpg,28.jpg,batik-sidomukti,855,4,train
/kaggle/input/datasets/dionisiusdh/indonesian-batik-motifs/batik-sidomukti/29.jpg,29.jpg,batik-sidomukti,856,4,test
/kaggle/input/datasets/dionisiusdh/indonesian-batik-motifs/batik-sidomukti/3.jpg,3.jpg,batik-sidomukti,857,4,train
/kaggle/input/datasets/dionisiusdh/indonesian-batik-motifs/batik-sidomukti/30.jpg,30.jpg,batik-sidomukti,858,4,train
/kaggle/input/datasets/dionisiusdh/indonesian-batik-motifs/batik-sidomukti/31.jpg,31.jpg,batik-sidomukti,859,4,test
/kaggle/input/datasets/dionisiusdh/indonesian-batik-motifs/batik-sidomukti/32.jpg,32.jpg,batik-sidomukti,860,4,train
/kaggle/input/datasets/dionisiusdh/indonesian-batik-motifs/batik-sidomukti/33.jpg,33.jpg,batik-sidomukti,861,4,train
/kaggle/input/datasets/dionisiusdh/indonesian-batik-motifs/batik-sidomukti/34.jpg,34.jpg,batik-sidomukti,862,4,test
/kaggle/input/datasets/dionisiusdh/indonesian-batik-motifs/batik-sidomukti/35.jpg,35.jpg,batik-sidomukti,863,4,train
/kaggle/input/datasets/dionisiusdh/indonesian-batik-motifs/batik-sidomukti/36.jpg,36.jpg,batik-sidomukti,469,4,test
/kaggle/input/datasets/dionisiusdh/indonesian-batik-motifs/batik-sidomukti/37.jpg,37.jpg,batik-sidomukti,865,4,test
/kaggle/input/datasets/dionisiusdh/indonesian-batik-motifs/batik-sidomukti/38.jpg,38.jpg,batik-sidomukti,866,4,test
/kaggle/input/datasets/dionisiusdh/indonesian-batik-motifs/batik-sidomukti/39.jpg,39.jpg,batik-sidomukti,867,4,train
/kaggle/input/datasets/dionisiusdh/indonesian-batik-motifs/batik-sidomukti/40.jpg,40.jpg,batik-sidomukti,868,4,train
/kaggle/input/datasets/dionisiusdh/indonesian-batik-motifs/batik-sidomukti/41.jpg,41.jpg,batik-sidomukti,869,4,train
/kaggle/input/datasets/dionisiusdh/indonesian-batik-motifs/batik-sidomukti/42.jpg,42.jpg,batik-sidomukti,870,4,test
/kaggle/input/datasets/dionisiusdh/indonesian-batik-motifs/batik-sidomukti/43.jpg,43.jpg,batik-sidomukti,871,4,train
/kaggle/input/datasets/dionisiusdh/indonesian-batik-motifs/batik-sidomukti/45.jpg,45.jpg,batik-sidomukti,872,4,train
/kaggle/input/datasets/dionisiusdh/indonesian-batik-motifs/batik-sidomukti/47.jpg,47.jpg,batik-sidomukti,873,4,test
/kaggle/input/datasets/dionisiusdh/indonesian-batik-motifs/batik-sidomukti/48.jpg,48.jpg,batik-sidomukti,874,4,train
/kaggle/input/datasets/dionisiusdh/indonesian-batik-motifs/batik-sidomukti/5.jpg,5.jpg,batik-sidomukti,875,4,train
/kaggle/input/datasets/dionisiusdh/indonesian-batik-motifs/batik-sidomukti/50.jpg,50.jpg,batik-sidomukti,876,4,train
/kaggle/input/datasets/dionisiusdh/indonesian-batik-motifs/batik-sidomukti/6.jpg,6.jpg,batik-sidomukti,877,4,train
/kaggle/input/datasets/dionisiusdh/indonesian-batik-motifs/batik-sidomukti/7.jpg,7.jpg,batik-sidomukti,878,4,test
/kaggle/input/datasets/dionisiusdh/indonesian-batik-motifs/batik-sidomukti/8.jpg,8.jpg,batik-sidomukti,879,4,train
/kaggle/input/datasets/dionisiusdh/indonesian-batik-motifs/batik-sidomukti/9.jpg,9.jpg,batik-sidomukti,789,4,train
/kaggle/input/datasets/dionisiusdh/indonesian-batik-motifs/batik-sogan/1.jpg,1.jpg,batik-sogan,881,4,test
/kaggle/input/datasets/dionisiusdh/indonesian-batik-motifs/batik-sogan/10.jpg,10.jpg,batik-sogan,882,4,train
/kaggle/input/datasets/dionisiusdh/indonesian-batik-motifs/batik-sogan/11.jpg,11.jpg,batik-sogan,883,4,test
/kaggle/input/datasets/dionisiusdh/indonesian-batik-motifs/batik-sogan/12.jpg,12.jpg,batik-sogan,884,4,train
/kaggle/input/datasets/dionisiusdh/indonesian-batik-motifs/batik-sogan/13.jpg,13.jpg,batik-sogan,885,4,train
/kaggle/input/datasets/dionisiusdh/indonesian-batik-motifs/batik-sogan/14.jpg,14.jpg,batik-sogan,886,4,train
/kaggle/input/datasets/dionisiusdh/indonesian-batik-motifs/batik-sogan/15.jpg,15.jpg,batik-sogan,887,4,train
/kaggle/input/datasets/dionisiusdh/indonesian-batik-motifs/batik-sogan/16.jpg,16.jpg,batik-sogan,888,4,test
/kaggle/input/datasets/dionisiusdh/indonesian-batik-motifs/batik-sogan/17.jpg,17.jpg,batik-sogan,889,4,test
/kaggle/input/datasets/dionisiusdh/indonesian-batik-motifs/batik-sogan/18.jpg,18.jpg,batik-sogan,13,4,train
/kaggle/input/datasets/dionisiusdh/indonesian-batik-motifs/batik-sogan/19.jpg,19.jpg,batik-sogan,891,4,train
/kaggle/input/datasets/dionisiusdh/indonesian-batik-motifs/batik-sogan/2.jpg,2.jpg,batik-sogan,892,4,train
/kaggle/input/datasets/dionisiusdh/indonesian-batik-motifs/batik-sogan/20.jpg,20.jpg,batik-sogan,893,4,train
/kaggle/input/datasets/dionisiusdh/indonesian-batik-motifs/batik-sogan/21.jpg,21.jpg,batik-sogan,894,4,train
/kaggle/input/datasets/dionisiusdh/indonesian-batik-motifs/batik-sogan/22.jpg,22.jpg,batik-sogan,895,4,train
/kaggle/input/datasets/dionisiusdh/indonesian-batik-motifs/batik-sogan/23.jpg,23.jpg,batik-sogan,896,4,test
/kaggle/input/datasets/dionisiusdh/indonesian-batik-motifs/batik-sogan/24.jpg,24.jpg,batik-sogan,897,4,test
/kaggle/input/datasets/dionisiusdh/indonesian-batik-motifs/batik-sogan/25.jpg,25.jpg,batik-sogan,898,4,train
/kaggle/input/datasets/dionisiusdh/indonesian-batik-motifs/batik-sogan/26.jpg,26.jpg,batik-sogan,899,4,test
/kaggle/input/datasets/dionisiusdh/indonesian-batik-motifs/batik-sogan/27.jpg,27.jpg,batik-sogan,900,4,test
/kaggle/input/datasets/dionisiusdh/indonesian-batik-motifs/batik-sogan/28.jpg,28.jpg,batik-sogan,901,4,train
/kaggle/input/datasets/dionisiusdh/indonesian-batik-motifs/batik-sogan/29.jpg,29.jpg,batik-sogan,902,4,train
/kaggle/input/datasets/dionisiusdh/indonesian-batik-motifs/batik-sogan/3.jpg,3.jpg,batik-sogan,903,4,test
/kaggle/input/datasets/dionisiusdh/indonesian-batik-motifs/batik-sogan/30.jpg,30.jpg,batik-sogan,904,4,test
/kaggle/input/datasets/dionisiusdh/indonesian-batik-motifs/batik-sogan/31.jpg,31.jpg,batik-sogan,905,4,train
/kaggle/input/datasets/dionisiusdh/indonesian-batik-motifs/batik-sogan/32.jpg,32.jpg,batik-sogan,906,4,train
/kaggle/input/datasets/dionisiusdh/indonesian-batik-motifs/batik-sogan/33.jpg,33.jpg,batik-sogan,907,4,test
/kaggle/input/datasets/dionisiusdh/indonesian-batik-motifs/batik-sogan/34.jpg,34.jpg,batik-sogan,908,4,train
/kaggle/input/datasets/dionisiusdh/indonesian-batik-motifs/batik-sogan/35.jpg,35.jpg,batik-sogan,909,4,test
/kaggle/input/datasets/dionisiusdh/indonesian-batik-motifs/batik-sogan/36.jpg,36.jpg,batik-sogan,910,4,test
/kaggle/input/datasets/dionisiusdh/indonesian-batik-motifs/batik-sogan/37.jpg,37.jpg,batik-sogan,911,4,train
/kaggle/input/datasets/dionisiusdh/indonesian-batik-motifs/batik-sogan/38.jpg,38.jpg,batik-sogan,912,4,train
/kaggle/input/datasets/dionisiusdh/indonesian-batik-motifs/batik-sogan/39.jpg,39.jpg,batik-sogan,913,4,train
/kaggle/input/datasets/dionisiusdh/indonesian-batik-motifs/batik-sogan/4.jpg,4.jpg,batik-sogan,914,4,train
/kaggle/input/datasets/dionisiusdh/indonesian-batik-motifs/batik-sogan/40.jpg,40.jpg,batik-sogan,915,4,train
/kaggle/input/datasets/dionisiusdh/indonesian-batik-motifs/batik-sogan/41.jpg,41.jpg,batik-sogan,916,4,train
/kaggle/input/datasets/dionisiusdh/indonesian-batik-motifs/batik-sogan/42.jpg,42.jpg,batik-sogan,917,4,train
/kaggle/input/datasets/dionisiusdh/indonesian-batik-motifs/batik-sogan/43.jpg,43.jpg,batik-sogan,918,4,train
/kaggle/input/datasets/dionisiusdh/indonesian-batik-motifs/batik-sogan/44.jpg,44.jpg,batik-sogan,919,4,test
/kaggle/input/datasets/dionisiusdh/indonesian-batik-motifs/batik-sogan/45.jpg,45.jpg,batik-sogan,920,4,test
/kaggle/input/datasets/dionisiusdh/indonesian-batik-motifs/batik-sogan/46.jpg,46.jpg,batik-sogan,921,4,train
/kaggle/input/datasets/dionisiusdh/indonesian-batik-motifs/batik-sogan/47.jpg,47.jpg,batik-sogan,922,4,train
/kaggle/input/datasets/dionisiusdh/indonesian-batik-motifs/batik-sogan/48.jpg,48.jpg,batik-sogan,923,4,train
/kaggle/input/datasets/dionisiusdh/indonesian-batik-motifs/batik-sogan/49.jpg,49.jpg,batik-sogan,924,4,train
/kaggle/input/datasets/dionisiusdh/indonesian-batik-motifs/batik-sogan/5.jpg,5.jpg,batik-sogan,925,4,train
/kaggle/input/datasets/dionisiusdh/indonesian-batik-motifs/batik-sogan/50.jpg,50.jpg,batik-sogan,926,4,train
/kaggle/input/datasets/dionisiusdh/indonesian-batik-motifs/batik-sogan/6.jpg,6.jpg,batik-sogan,927,4,train
/kaggle/input/datasets/dionisiusdh/indonesian-batik-motifs/batik-sogan/7.jpg,7.jpg,batik-sogan,928,4,train
/kaggle/input/datasets/dionisiusdh/indonesian-batik-motifs/batik-sogan/8.jpg,8.jpg,batik-sogan,929,4,train
/kaggle/input/datasets/dionisiusdh/indonesian-batik-motifs/batik-sogan/9.jpg,9.jpg,batik-sogan,930,4,train
/kaggle/input/datasets/dionisiusdh/indonesian-batik-motifs/batik-tambal/1.jpg,1.jpg,batik-tambal,931,4,train
/kaggle/input/datasets/dionisiusdh/indonesian-batik-motifs/batik-tambal/10.jpg,10.jpg,batik-tambal,932,4,train
/kaggle/input/datasets/dionisiusdh/indonesian-batik-motifs/batik-tambal/11.jpg,11.jpg,batik-tambal,933,4,train
/kaggle/input/datasets/dionisiusdh/indonesian-batik-motifs/batik-tambal/12.jpg,12.jpg,batik-tambal,934,4,train
/kaggle/input/datasets/dionisiusdh/indonesian-batik-motifs/batik-tambal/13.jpg,13.jpg,batik-tambal,935,4,train
/kaggle/input/datasets/dionisiusdh/indonesian-batik-motifs/batik-tambal/14.jpg,14.jpg,batik-tambal,936,4,test
/kaggle/input/datasets/dionisiusdh/indonesian-batik-motifs/batik-tambal/15.jpg,15.jpg,batik-tambal,937,4,test
/kaggle/input/datasets/dionisiusdh/indonesian-batik-motifs/batik-tambal/16.jpg,16.jpg,batik-tambal,938,4,train
/kaggle/input/datasets/dionisiusdh/indonesian-batik-motifs/batik-tambal/17.jpg,17.jpg,batik-tambal,939,4,train
/kaggle/input/datasets/dionisiusdh/indonesian-batik-motifs/batik-tambal/18.jpg,18.jpg,batik-tambal,940,4,test
/kaggle/input/datasets/dionisiusdh/indonesian-batik-motifs/batik-tambal/19.jpg,19.jpg,batik-tambal,941,4,test
/kaggle/input/datasets/dionisiusdh/indonesian-batik-motifs/batik-tambal/2.jpg,2.jpg,batik-tambal,942,4,train
/kaggle/input/datasets/dionisiusdh/indonesian-batik-motifs/batik-tambal/20.jpg,20.jpg,batik-tambal,943,4,train
/kaggle/input/datasets/dionisiusdh/indonesian-batik-motifs/batik-tambal/21.jpg,21.jpg,batik-tambal,944,4,train
/kaggle/input/datasets/dionisiusdh/indonesian-batik-motifs/batik-tambal/22.jpg,22.jpg,batik-tambal,945,4,test
/kaggle/input/datasets/dionisiusdh/indonesian-batik-motifs/batik-tambal/23.jpg,23.jpg,batik-tambal,946,4,train
/kaggle/input/datasets/dionisiusdh/indonesian-batik-motifs/batik-tambal/24.jpg,24.jpg,batik-tambal,947,4,train
/kaggle/input/datasets/dionisiusdh/indonesian-batik-motifs/batik-tambal/25.jpg,25.jpg,batik-tambal,948,4,test
/kaggle/input/datasets/dionisiusdh/indonesian-batik-motifs/batik-tambal/26.jpg,26.jpg,batik-tambal,949,4,train
/kaggle/input/datasets/dionisiusdh/indonesian-batik-motifs/batik-tambal/27.jpg,27.jpg,batik-tambal,950,4,test
/kaggle/input/datasets/dionisiusdh/indonesian-batik-motifs/batik-tambal/28.jpg,28.jpg,batik-tambal,951,4,train
/kaggle/input/datasets/dionisiusdh/indonesian-batik-motifs/batik-tambal/29.jpg,29.jpg,batik-tambal,952,4,train
/kaggle/input/datasets/dionisiusdh/indonesian-batik-motifs/batik-tambal/3.jpg,3.jpg,batik-tambal,953,4,train
/kaggle/input/datasets/dionisiusdh/indonesian-batik-motifs/batik-tambal/30.jpg,30.jpg,batik-tambal,954,4,train
/kaggle/input/datasets/dionisiusdh/indonesian-batik-motifs/batik-tambal/31.jpg,31.jpg,batik-tambal,955,4,train
/kaggle/input/datasets/dionisiusdh/indonesian-batik-motifs/batik-tambal/32.jpg,32.jpg,batik-tambal,956,4,test
/kaggle/input/datasets/dionisiusdh/indonesian-batik-motifs/batik-tambal/33.jpg,33.jpg,batik-tambal,957,4,train
/kaggle/input/datasets/dionisiusdh/indonesian-batik-motifs/batik-tambal/34.jpg,34.jpg,batik-tambal,958,4,test
/kaggle/input/datasets/dionisiusdh/indonesian-batik-motifs/batik-tambal/35.jpg,35.jpg,batik-tambal,959,4,train
/kaggle/input/datasets/dionisiusdh/indonesian-batik-motifs/batik-tambal/36.jpg,36.jpg,batik-tambal,960,4,test
/kaggle/input/datasets/dionisiusdh/indonesian-batik-motifs/batik-tambal/37.jpg,37.jpg,batik-tambal,961,4,train
/kaggle/input/datasets/dionisiusdh/indonesian-batik-motifs/batik-tambal/38.jpg,38.jpg,batik-tambal,962,4,train
/kaggle/input/datasets/dionisiusdh/indonesian-batik-motifs/batik-tambal/39.jpg,39.jpg,batik-tambal,963,4,train
/kaggle/input/datasets/dionisiusdh/indonesian-batik-motifs/batik-tambal/4.jpg,4.jpg,batik-tambal,964,4,train
/kaggle/input/datasets/dionisiusdh/indonesian-batik-motifs/batik-tambal/40.jpg,40.jpg,batik-tambal,965,4,train
/kaggle/input/datasets/dionisiusdh/indonesian-batik-motifs/batik-tambal/41.jpg,41.jpg,batik-tambal,966,4,train
/kaggle/input/datasets/dionisiusdh/indonesian-batik-motifs/batik-tambal/42.jpg,42.jpg,batik-tambal,967,4,test
/kaggle/input/datasets/dionisiusdh/indonesian-batik-motifs/batik-tambal/43.jpg,43.jpg,batik-tambal,968,4,train
/kaggle/input/datasets/dionisiusdh/indonesian-batik-motifs/batik-tambal/44.jpg,44.jpg,batik-tambal,969,4,train
/kaggle/input/datasets/dionisiusdh/indonesian-batik-motifs/batik-tambal/45.jpg,45.jpg,batik-tambal,970,4,test
/kaggle/input/datasets/dionisiusdh/indonesian-batik-motifs/batik-tambal/46.jpg,46.jpg,batik-tambal,971,4,train
/kaggle/input/datasets/dionisiusdh/indonesian-batik-motifs/batik-tambal/47.jpg,47.jpg,batik-tambal,972,4,test
/kaggle/input/datasets/dionisiusdh/indonesian-batik-motifs/batik-tambal/48.jpg,48.jpg,batik-tambal,973,4,train
/kaggle/input/datasets/dionisiusdh/indonesian-batik-motifs/batik-tambal/49.jpg,49.jpg,batik-tambal,974,4,test
/kaggle/input/datasets/dionisiusdh/indonesian-batik-motifs/batik-tambal/5.jpg,5.jpg,batik-tambal,975,4,train
/kaggle/input/datasets/dionisiusdh/indonesian-batik-motifs/batik-tambal/50.jpg,50.jpg,batik-tambal,976,4,train
/kaggle/input/datasets/dionisiusdh/indonesian-batik-motifs/batik-tambal/6.jpg,6.jpg,batik-tambal,977,4,train
/kaggle/input/datasets/dionisiusdh/indonesian-batik-motifs/batik-tambal/7.jpg,7.jpg,batik-tambal,978,4,train
/kaggle/input/datasets/dionisiusdh/indonesian-batik-motifs/batik-tambal/8.jpg,8.jpg,batik-tambal,979,4,test
/kaggle/input/datasets/dionisiusdh/indonesian-batik-motifs/batik-tambal/9.jpg,9.jpg,batik-tambal,980,4,train
