path,fname,label,dup_group,seed,split
/kaggle/input/datasets/hertiyani/batik-nitik-960-official-mendeley/Batik Nitik 960/Batik Nitik 960 Images/1 Sekar Kemuning 1.jpg,1 Sekar Kemuning 1.jpg,1 Sekar Kemuning,0,0,train
/kaggle/input/datasets/hertiyani/batik-nitik-960-official-mendeley/Batik Nitik 960/Batik Nitik 960 Images/1 Sekar Kemuning 1_rotate_180.jpg,1 Sekar Kemuning 1_rotate_180.jpg,1 Sekar Kemuning,0,0,train
/kaggle/input/datasets/hertiyani/batik-nitik-960-official-mendeley/Batik Nitik 960/Batik Nitik 960 Images/1 Sekar Kemuning 1_rotate_270.jpg,1 Sekar Kemuning 1_rotate_270.jpg,1 Sekar Kemuning,2,0,test
/kaggle/input/datasets/hertiyani/batik-nitik-960-official-mendeley/Batik Nitik 960/Batik Nitik 960 Images/1 Sekar Kemuning 1_rotate_90.jpg,1 Sekar Kemuning 1_rotate_90.jpg,1 Sekar Kemuning,2,0,test
/kaggle/input/datasets/hertiyani/batik-nitik-960-official-mendeley/Batik Nitik 960/Batik Nitik 960 Images/1 Sekar Kemuning 2.jpg,1 Sekar Kemuning 2.jpg,1 Sekar Kemuning,4,0,test
/kaggle/input/datasets/hertiyani/batik-nitik-960-official-mendeley/Batik Nitik 960/Batik Nitik 960 Images/1 Sekar Kemuning 2_rotate_180.jpg,1 Sekar Kemuning 2_rotate_180.jpg,1 Sekar Kemuning,4,0,test
/kaggle/input/datasets/hertiyani/batik-nitik-960-official-mendeley/Batik Nitik 960/Batik Nitik 960 Images/1 Sekar Kemuning 2_rotate_270.jpg,1 Sekar Kemuning 2_rotate_270.jpg,1 Sekar Kemuning,6,0,test
/kaggle/input/datasets/hertiyani/batik-nitik-960-official-mendeley/Batik Nitik 960/Batik Nitik 960 Images/1 Sekar Kemuning 2_rotate_90.jpg,1 Sekar Kemuning 2_rotate_90.jpg,1 Sekar Kemuning,6,0,test
/kaggle/input/datasets/hertiyani/batik-nitik-960-official-mendeley/Batik Nitik 960/Batik Nitik 960 Images/1 Sekar Kemuning 3.jpg,1 Sekar Kemuning 3.jpg,1 Sekar Kemuning,8,0,train
/kaggle/input/datasets/hertiyani/batik-nitik-960-official-mendeley/Batik Nitik 960/Batik Nitik 960 Images/1 Sekar Kemuning 3_rotate_180.jpg,1 Sekar Kemuning 3_rotate_180.jpg,1 Sekar Kemuning,8,0,train
/kaggle/input/datasets/hertiyani/batik-nitik-960-official-mendeley/Batik Nitik 960/Batik Nitik 960 Images/1 Sekar Kemuning 3_rotate_270.jpg,1 Sekar Kemuning 3_rotate_270.jpg,1 Sekar Kemuning,10,0,train
/kaggle/input/datasets/hertiyani/batik-nitik-960-official-mendeley/Batik Nitik 960/Batik Nitik 960 Images/1 Sekar Kemuning 3_rotate_90.jpg,1 Sekar Kemuning 3_rotate_90.jpg,1 Sekar Kemuning,10,0,train
/kaggle/input/datasets/hertiyani/batik-nitik-960-official-mendeley/Batik Nitik 960/Batik Nitik 960 Images/1 Sekar Kemuning 4.jpg,1 Sekar Kemuning 4.jpg,1 Sekar Kemuning,12,0,train
/kaggle/input/datasets/hertiyani/batik-nitik-960-official-mendeley/Batik Nitik 960/Batik Nitik 960 Images/1 Sekar Kemuning 4_rotate_180.jpg,1 Sekar Kemuning 4_rotate_180.jpg,1 Sekar Kemuning,12,0,train
/kaggle/input/datasets/hertiyani/batik-nitik-960-official-mendeley/Batik Nitik 960/Batik Nitik 960 Images/1 Sekar Kemuning 4_rotate_270.jpg,1 Sekar Kemuning 4_rotate_270.jpg,1 Sekar Kemuning,14,0,train
/kaggle/input/datasets/hertiyani/batik-nitik-960-official-mendeley/Batik Nitik 960/Batik Nitik 960 Images/1 Sekar Kemuning 4_rotate_90.jpg,1 Sekar Kemuning 4_rotate_90.jpg,1 Sekar Kemuning,14,0,train
/kaggle/input/datasets/hertiyani/batik-nitik-960-official-mendeley/Batik Nitik 960/Batik Nitik 960 Images/10 Sekar Ketongkeng 1.jpg,10 Sekar Ketongkeng 1.jpg,10 Sekar Ketongkeng,16,0,test
/kaggle/input/datasets/hertiyani/batik-nitik-960-official-mendeley/Batik Nitik 960/Batik Nitik 960 Images/10 Sekar Ketongkeng 1_rotate_180.jpg,10 Sekar Ketongkeng 1_rotate_180.jpg,10 Sekar Ketongkeng,16,0,test
/kaggle/input/datasets/hertiyani/batik-nitik-960-official-mendeley/Batik Nitik 960/Batik Nitik 960 Images/10 Sekar Ketongkeng 1_rotate_270.jpg,10 Sekar Ketongkeng 1_rotate_270.jpg,10 Sekar Ketongkeng,16,0,test
/kaggle/input/datasets/hertiyani/batik-nitik-960-official-mendeley/Batik Nitik 960/Batik Nitik 960 Images/10 Sekar Ketongkeng 1_rotate_90.jpg,10 Sekar Ketongkeng 1_rotate_90.jpg,10 Sekar Ketongkeng,16,0,test
/kaggle/input/datasets/hertiyani/batik-nitik-960-official-mendeley/Batik Nitik 960/Batik Nitik 960 Images/10 Sekar Ketongkeng 2.jpg,10 Sekar Ketongkeng 2.jpg,10 Sekar Ketongkeng,20,0,train
/kaggle/input/datasets/hertiyani/batik-nitik-960-official-mendeley/Batik Nitik 960/Batik Nitik 960 Images/10 Sekar Ketongkeng 2_rotate_180.jpg,10 Sekar Ketongkeng 2_rotate_180.jpg,10 Sekar Ketongkeng,20,0,train
/kaggle/input/datasets/hertiyani/batik-nitik-960-official-mendeley/Batik Nitik 960/Batik Nitik 960 Images/10 Sekar Ketongkeng 2_rotate_270.jpg,10 Sekar Ketongkeng 2_rotate_270.jpg,10 Sekar Ketongkeng,22,0,train
/kaggle/input/datasets/hertiyani/batik-nitik-960-official-mendeley/Batik Nitik 960/Batik Nitik 960 Images/10 Sekar Ketongkeng 2_rotate_90.jpg,10 Sekar Ketongkeng 2_rotate_90.jpg,10 Sekar Ketongkeng,22,0,train
/kaggle/input/datasets/hertiyani/batik-nitik-960-official-mendeley/Batik Nitik 960/Batik Nitik 960 Images/10 Sekar Ketongkeng 3.jpg,10 Sekar Ketongkeng 3.jpg,10 Sekar Ketongkeng,24,0,train
/kaggle/input/datasets/hertiyani/batik-nitik-960-official-mendeley/Batik Nitik 960/Batik Nitik 960 Images/10 Sekar Ketongkeng 3_rotate_180.jpg,10 Sekar Ketongkeng 3_rotate_180.jpg,10 Sekar Ketongkeng,24,0,train
/kaggle/input/datasets/hertiyani/batik-nitik-960-official-mendeley/Batik Nitik 960/Batik Nitik 960 Images/10 Sekar Ketongkeng 3_rotate_270.jpg,10 Sekar Ketongkeng 3_rotate_270.jpg,10 Sekar Ketongkeng,24,0,train
/kaggle/input/datasets/hertiyani/batik-nitik-960-official-mendeley/Batik Nitik 960/Batik Nitik 960 Images/10 Sekar Ketongkeng 3_rotate_90.jpg,10 Sekar Ketongkeng 3_rotate_90.jpg,10 Sekar Ketongkeng,24,0,train
/kaggle/input/datasets/hertiyani/batik-nitik-960-official-mendeley/Batik Nitik 960/Batik Nitik 960 Images/10 Sekar Ketongkeng 4.jpg,10 Sekar Ketongkeng 4.jpg,10 Sekar Ketongkeng,28,0,test
/kaggle/input/datasets/hertiyani/batik-nitik-960-official-mendeley/Batik Nitik 960/Batik Nitik 960 Images/10 Sekar Ketongkeng 4_rotate_180.jpg,10 Sekar Ketongkeng 4_rotate_180.jpg,10 Sekar Ketongkeng,28,0,test
/kaggle/input/datasets/hertiyani/batik-nitik-960-official-mendeley/Batik Nitik 960/Batik Nitik 960 Images/10 Sekar Ketongkeng 4_rotate_270.jpg,10 Sekar Ketongkeng 4_rotate_270.jpg,10 Sekar Ketongkeng,30,0,train
/kaggle/input/datasets/hertiyani/batik-nitik-960-official-mendeley/Batik Nitik 960/Batik Nitik 960 Images/10 Sekar Ketongkeng 4_rotate_90.jpg,10 Sekar Ketongkeng 4_rotate_90.jpg,10 Sekar Ketongkeng,30,0,train
/kaggle/input/datasets/hertiyani/batik-nitik-960-official-mendeley/Batik Nitik 960/Batik Nitik 960 Images/11 Brendhi 1.jpg,11 Brendhi 1.jpg,11 Brendhi,32,0,train
/kaggle/input/datasets/hertiyani/batik-nitik-960-official-mendeley/Batik Nitik 960/Batik Nitik 960 Images/11 Brendhi 1_rotate_180.jpg,11 Brendhi 1_rotate_180.jpg,11 Brendhi,32,0,train
/kaggle/input/datasets/hertiyani/batik-nitik-960-official-mendeley/Batik Nitik 960/Batik Nitik 960 Images/11 Brendhi 1_rotate_270.jpg,11 Brendhi 1_rotate_270.jpg,11 Brendhi,32,0,train
/kaggle/input/datasets/hertiyani/batik-nitik-960-official-mendeley/Batik Nitik 960/Batik Nitik 960 Images/11 Brendhi 1_rotate_90.jpg,11 Brendhi 1_rotate_90.jpg,11 Brendhi,32,0,train
/kaggle/input/datasets/hertiyani/batik-nitik-960-official-mendeley/Batik Nitik 960/Batik Nitik 960 Images/11 Brendhi 2.jpg,11 Brendhi 2.jpg,11 Brendhi,36,0,test
/kaggle/input/datasets/hertiyani/batik-nitik-960-official-mendeley/Batik Nitik 960/Batik Nitik 960 Images/11 Brendhi 2_rotate_180.jpg,11 Brendhi 2_rotate_180.jpg,11 Brendhi,36,0,test
/kaggle/input/datasets/hertiyani/batik-nitik-960-official-mendeley/Batik Nitik 960/Batik Nitik 960 Images/11 Brendhi 2_rotate_270.jpg,11 Brendhi 2_rotate_270.jpg,11 Brendhi,38,0,train
/kaggle/input/datasets/hertiyani/batik-nitik-960-official-mendeley/Batik Nitik 960/Batik Nitik 960 Images/11 Brendhi 2_rotate_90.jpg,11 Brendhi 2_rotate_90.jpg,11 Brendhi,38,0,train
/kaggle/input/datasets/hertiyani/batik-nitik-960-official-mendeley/Batik Nitik 960/Batik Nitik 960 Images/11 Brendhi 3.jpg,11 Brendhi 3.jpg,11 Brendhi,40,0,train
/kaggle/input/datasets/hertiyani/batik-nitik-960-official-mendeley/Batik Nitik 960/Batik Nitik 960 Images/11 Brendhi 3_rotate_180.jpg,11 Brendhi 3_rotate_180.jpg,11 Brendhi,40,0,train
/kaggle/input/datasets/hertiyani/batik-nitik-960-official-mendeley/Batik Nitik 960/Batik Nitik 960 Images/11 Brendhi 3_rotate_270.jpg,11 Brendhi 3_rotate_270.jpg,11 Brendhi,42,0,test
/kaggle/input/datasets/hertiyani/batik-nitik-960-official-mendeley/Batik Nitik 960/Batik Nitik 960 Images/11 Brendhi 3_rotate_90.jpg,11 Brendhi 3_rotate_90.jpg,11 Brendhi,42,0,test
/kaggle/input/datasets/hertiyani/batik-nitik-960-official-mendeley/Batik Nitik 960/Batik Nitik 960 Images/11 Brendhi 4.jpg,11 Brendhi 4.jpg,11 Brendhi,44,0,train
/kaggle/input/datasets/hertiyani/batik-nitik-960-official-mendeley/Batik Nitik 960/Batik Nitik 960 Images/11 Brendhi 4_rotate_180.jpg,11 Brendhi 4_rotate_180.jpg,11 Brendhi,44,0,train
/kaggle/input/datasets/hertiyani/batik-nitik-960-official-mendeley/Batik Nitik 960/Batik Nitik 960 Images/11 Brendhi 4_rotate_270.jpg,11 Brendhi 4_rotate_270.jpg,11 Brendhi,46,0,test
/kaggle/input/datasets/hertiyani/batik-nitik-960-official-mendeley/Batik Nitik 960/Batik Nitik 960 Images/11 Brendhi 4_rotate_90.jpg,11 Brendhi 4_rotate_90.jpg,11 Brendhi,46,0,test
/kaggle/input/datasets/hertiyani/batik-nitik-960-official-mendeley/Batik Nitik 960/Batik Nitik 960 Images/12 Cakar Ayam 1.jpg,12 Cakar Ayam 1.jpg,12 Cakar Ayam,48,0,train
/kaggle/input/datasets/hertiyani/batik-nitik-960-official-mendeley/Batik Nitik 960/Batik Nitik 960 Images/12 Cakar Ayam 1_rotate_180.jpg,12 Cakar Ayam 1_rotate_180.jpg,12 Cakar Ayam,48,0,train
/kaggle/input/datasets/hertiyani/batik-nitik-960-official-mendeley/Batik Nitik 960/Batik Nitik 960 Images/12 Cakar Ayam 1_rotate_270.jpg,12 Cakar Ayam 1_rotate_270.jpg,12 Cakar Ayam,48,0,train
/kaggle/input/datasets/hertiyani/batik-nitik-960-official-mendeley/Batik Nitik 960/Batik Nitik 960 Images/12 Cakar Ayam 1_rotate_90.jpg,12 Cakar Ayam 1_rotate_90.jpg,12 Cakar Ayam,48,0,train
/kaggle/input/datasets/hertiyani/batik-nitik-960-official-mendeley/Batik Nitik 960/Batik Nitik 960 Images/12 Cakar Ayam 2.jpg,12 Cakar Ayam 2.jpg,12 Cakar Ayam,52,0,train
/kaggle/input/datasets/hertiyani/batik-nitik-960-official-mendeley/Batik Nitik 960/Batik Nitik 960 Images/12 Cakar Ayam 2_rotate_180.jpg,12 Cakar Ayam 2_rotate_180.jpg,12 Cakar Ayam,52,0,train
/kaggle/input/datasets/hertiyani/batik-nitik-960-official-mendeley/Batik Nitik 960/Batik Nitik 960 Images/12 Cakar Ayam 2_rotate_270.jpg,12 Cakar Ayam 2_rotate_270.jpg,12 Cakar Ayam,54,0,test
/kaggle/input/datasets/hertiyani/batik-nitik-960-official-mendeley/Batik Nitik 960/Batik Nitik 960 Images/12 Cakar Ayam 2_rotate_90.jpg,12 Cakar Ayam 2_rotate_90.jpg,12 Cakar Ayam,54,0,test
/kaggle/input/datasets/hertiyani/batik-nitik-960-official-mendeley/Batik Nitik 960/Batik Nitik 960 Images/12 Cakar Ayam 3.jpg,12 Cakar Ayam 3.jpg,12 Cakar Ayam,56,0,test
/kaggle/input/datasets/hertiyani/batik-nitik-960-official-mendeley/Batik Nitik 960/Batik Nitik 960 Images/12 Cakar Ayam 3_rotate_180.jpg,12 Cakar Ayam 3_rotate_180.jpg,12 Cakar Ayam,56,0,test
/kaggle/input/datasets/hertiyani/batik-nitik-960-official-mendeley/Batik Nitik 960/Batik Nitik 960 Images/12 Cakar Ayam 3_rotate_270.jpg,12 Cakar Ayam 3_rotate_270.jpg,12 Cakar Ayam,58,0,test
/kaggle/input/datasets/hertiyani/batik-nitik-960-official-mendeley/Batik Nitik 960/Batik Nitik 960 Images/12 Cakar Ayam 3_rotate_90.jpg,12 Cakar Ayam 3_rotate_90.jpg,12 Cakar Ayam,58,0,test
/kaggle/input/datasets/hertiyani/batik-nitik-960-official-mendeley/Batik Nitik 960/Batik Nitik 960 Images/12 Cakar Ayam 4.jpg,12 Cakar Ayam 4.jpg,12 Cakar Ayam,60,0,train
/kaggle/input/datasets/hertiyani/batik-nitik-960-official-mendeley/Batik Nitik 960/Batik Nitik 960 Images/12 Cakar Ayam 4_rotate_180.jpg,12 Cakar Ayam 4_rotate_180.jpg,12 Cakar Ayam,60,0,train
/kaggle/input/datasets/hertiyani/batik-nitik-960-official-mendeley/Batik Nitik 960/Batik Nitik 960 Images/12 Cakar Ayam 4_rotate_270.jpg,12 Cakar Ayam 4_rotate_270.jpg,12 Cakar Ayam,62,0,train
/kaggle/input/datasets/hertiyani/batik-nitik-960-official-mendeley/Batik Nitik 960/Batik Nitik 960 Images/12 Cakar Ayam 4_rotate_90.jpg,12 Cakar Ayam 4_rotate_90.jpg,12 Cakar Ayam,62,0,train
/kaggle/input/datasets/hertiyani/batik-nitik-960-official-mendeley/Batik Nitik 960/Batik Nitik 960 Images/13 Sekar Menur 1.jpg,13 Sekar Menur 1.jpg,13 Sekar Menur,64,0,train
/kaggle/input/datasets/hertiyani/batik-nitik-960-official-mendeley/Batik Nitik 960/Batik Nitik 960 Images/13 Sekar Menur 1_rotate_180.jpg,13 Sekar Menur 1_rotate_180.jpg,13 Sekar Menur,64,0,train
/kaggle/input/datasets/hertiyani/batik-nitik-960-official-mendeley/Batik Nitik 960/Batik Nitik 960 Images/13 Sekar Menur 1_rotate_270.jpg,13 Sekar Menur 1_rotate_270.jpg,13 Sekar Menur,66,0,test
/kaggle/input/datasets/hertiyani/batik-nitik-960-official-mendeley/Batik Nitik 960/Batik Nitik 960 Images/13 Sekar Menur 1_rotate_90.jpg,13 Sekar Menur 1_rotate_90.jpg,13 Sekar Menur,66,0,test
/kaggle/input/datasets/hertiyani/batik-nitik-960-official-mendeley/Batik Nitik 960/Batik Nitik 960 Images/13 Sekar Menur 2.jpg,13 Sekar Menur 2.jpg,13 Sekar Menur,68,0,test
/kaggle/input/datasets/hertiyani/batik-nitik-960-official-mendeley/Batik Nitik 960/Batik Nitik 960 Images/13 Sekar Menur 2_rotate_180.jpg,13 Sekar Menur 2_rotate_180.jpg,13 Sekar Menur,68,0,test
/kaggle/input/datasets/hertiyani/batik-nitik-960-official-mendeley/Batik Nitik 960/Batik Nitik 960 Images/13 Sekar Menur 2_rotate_270.jpg,13 Sekar Menur 2_rotate_270.jpg,13 Sekar Menur,70,0,train
/kaggle/input/datasets/hertiyani/batik-nitik-960-official-mendeley/Batik Nitik 960/Batik Nitik 960 Images/13 Sekar Menur 2_rotate_90.jpg,13 Sekar Menur 2_rotate_90.jpg,13 Sekar Menur,70,0,train
/kaggle/input/datasets/hertiyani/batik-nitik-960-official-mendeley/Batik Nitik 960/Batik Nitik 960 Images/13 Sekar Menur 3.jpg,13 Sekar Menur 3.jpg,13 Sekar Menur,72,0,train
/kaggle/input/datasets/hertiyani/batik-nitik-960-official-mendeley/Batik Nitik 960/Batik Nitik 960 Images/13 Sekar Menur 3_rotate_180.jpg,13 Sekar Menur 3_rotate_180.jpg,13 Sekar Menur,72,0,train
/kaggle/input/datasets/hertiyani/batik-nitik-960-official-mendeley/Batik Nitik 960/Batik Nitik 960 Images/13 Sekar Menur 3_rotate_270.jpg,13 Sekar Menur 3_rotate_270.jpg,13 Sekar Menur,74,0,test
/kaggle/input/datasets/hertiyani/batik-nitik-960-official-mendeley/Batik Nitik 960/Batik Nitik 960 Images/13 Sekar Menur 3_rotate_90.jpg,13 Sekar Menur 3_rotate_90.jpg,13 Sekar Menur,74,0,test
/kaggle/input/datasets/hertiyani/batik-nitik-960-official-mendeley/Batik Nitik 960/Batik Nitik 960 Images/13 Sekar Menur 4.jpg,13 Sekar Menur 4.jpg,13 Sekar Menur,76,0,train
/kaggle/input/datasets/hertiyani/batik-nitik-960-official-mendeley/Batik Nitik 960/Batik Nitik 960 Images/13 Sekar Menur 4_rotate_180.jpg,13 Sekar Menur 4_rotate_180.jpg,13 Sekar Menur,76,0,train
/kaggle/input/datasets/hertiyani/batik-nitik-960-official-mendeley/Batik Nitik 960/Batik Nitik 960 Images/13 Sekar Menur 4_rotate_270.jpg,13 Sekar Menur 4_rotate_270.jpg,13 Sekar Menur,78,0,train
/kaggle/input/datasets/hertiyani/batik-nitik-960-official-mendeley/Batik Nitik 960/Batik Nitik 960 Images/13 Sekar Menur 4_rotate_90.jpg,13 Sekar Menur 4_rotate_90.jpg,13 Sekar Menur,78,0,train
/kaggle/input/datasets/hertiyani/batik-nitik-960-official-mendeley/Batik Nitik 960/Batik Nitik 960 Images/14 Sekar Tebu 1.jpg,14 Sekar Tebu 1.jpg,14 Sekar Tebu,80,0,train
/kaggle/input/datasets/hertiyani/batik-nitik-960-official-mendeley/Batik Nitik 960/Batik Nitik 960 Images/14 Sekar Tebu 1_rotate_180.jpg,14 Sekar Tebu 1_rotate_180.jpg,14 Sekar Tebu,80,0,train
/kaggle/input/datasets/hertiyani/batik-nitik-960-official-mendeley/Batik Nitik 960/Batik Nitik 960 Images/14 Sekar Tebu 1_rotate_270.jpg,14 Sekar Tebu 1_rotate_270.jpg,14 Sekar Tebu,82,0,train
/kaggle/input/datasets/hertiyani/batik-nitik-960-official-mendeley/Batik Nitik 960/Batik Nitik 960 Images/14 Sekar Tebu 1_rotate_90.jpg,14 Sekar Tebu 1_rotate_90.jpg,14 Sekar Tebu,82,0,train
/kaggle/input/datasets/hertiyani/batik-nitik-960-official-mendeley/Batik Nitik 960/Batik Nitik 960 Images/14 Sekar Tebu 2.jpg,14 Sekar Tebu 2.jpg,14 Sekar Tebu,84,0,train
/kaggle/input/datasets/hertiyani/batik-nitik-960-official-mendeley/Batik Nitik 960/Batik Nitik 960 Images/14 Sekar Tebu 2_rotate_180.jpg,14 Sekar Tebu 2_rotate_180.jpg,14 Sekar Tebu,84,0,train
/kaggle/input/datasets/hertiyani/batik-nitik-960-official-mendeley/Batik Nitik 960/Batik Nitik 960 Images/14 Sekar Tebu 2_rotate_270.jpg,14 Sekar Tebu 2_rotate_270.jpg,14 Sekar Tebu,86,0,train
/kaggle/input/datasets/hertiyani/batik-nitik-960-official-mendeley/Batik Nitik 960/Batik Nitik 960 Images/14 Sekar Tebu 2_rotate_90.jpg,14 Sekar Tebu 2_rotate_90.jpg,14 Sekar Tebu,86,0,train
/kaggle/input/datasets/hertiyani/batik-nitik-960-official-mendeley/Batik Nitik 960/Batik Nitik 960 Images/14 Sekar Tebu 3.jpg,14 Sekar Tebu 3.jpg,14 Sekar Tebu,88,0,test
/kaggle/input/datasets/hertiyani/batik-nitik-960-official-mendeley/Batik Nitik 960/Batik Nitik 960 Images/14 Sekar Tebu 3_rotate_180.jpg,14 Sekar Tebu 3_rotate_180.jpg,14 Sekar Tebu,88,0,test
/kaggle/input/datasets/hertiyani/batik-nitik-960-official-mendeley/Batik Nitik 960/Batik Nitik 960 Images/14 Sekar Tebu 3_rotate_270.jpg,14 Sekar Tebu 3_rotate_270.jpg,14 Sekar Tebu,90,0,train
/kaggle/input/datasets/hertiyani/batik-nitik-960-official-mendeley/Batik Nitik 960/Batik Nitik 960 Images/14 Sekar Tebu 3_rotate_90.jpg,14 Sekar Tebu 3_rotate_90.jpg,14 Sekar Tebu,90,0,train
/kaggle/input/datasets/hertiyani/batik-nitik-960-official-mendeley/Batik Nitik 960/Batik Nitik 960 Images/14 Sekar Tebu 4.jpg,14 Sekar Tebu 4.jpg,14 Sekar Tebu,92,0,test
/kaggle/input/datasets/hertiyani/batik-nitik-960-official-mendeley/Batik Nitik 960/Batik Nitik 960 Images/14 Sekar Tebu 4_rotate_180.jpg,14 Sekar Tebu 4_rotate_180.jpg,14 Sekar Tebu,92,0,test
/kaggle/input/datasets/hertiyani/batik-nitik-960-official-mendeley/Batik Nitik 960/Batik Nitik 960 Images/14 Sekar Tebu 4_rotate_270.jpg,14 Sekar Tebu 4_rotate_270.jpg,14 Sekar Tebu,94,0,test
/kaggle/input/datasets/hertiyani/batik-nitik-960-official-mendeley/Batik Nitik 960/Batik Nitik 960 Images/14 Sekar Tebu 4_rotate_90.jpg,14 Sekar Tebu 4_rotate_90.jpg,14 Sekar Tebu,94,0,test
/kaggle/input/datasets/hertiyani/batik-nitik-960-official-mendeley/Batik Nitik 960/Batik Nitik 960 Images/15 Sekar Manggis 1.jpg,15 Sekar Manggis 1.jpg,15 Sekar Manggis,96,0,train
/kaggle/input/datasets/hertiyani/batik-nitik-960-official-mendeley/Batik Nitik 960/Batik Nitik 960 Images/15 Sekar Manggis 1_rotate_180.jpg,15 Sekar Manggis 1_rotate_180.jpg,15 Sekar Manggis,96,0,train
/kaggle/input/datasets/hertiyani/batik-nitik-960-official-mendeley/Batik Nitik 960/Batik Nitik 960 Images/15 Sekar Manggis 1_rotate_270.jpg,15 Sekar Manggis 1_rotate_270.jpg,15 Sekar Manggis,98,0,test
/kaggle/input/datasets/hertiyani/batik-nitik-960-official-mendeley/Batik Nitik 960/Batik Nitik 960 Images/15 Sekar Manggis 1_rotate_90.jpg,15 Sekar Manggis 1_rotate_90.jpg,15 Sekar Manggis,98,0,test
/kaggle/input/datasets/hertiyani/batik-nitik-960-official-mendeley/Batik Nitik 960/Batik Nitik 960 Images/15 Sekar Manggis 2.jpg,15 Sekar Manggis 2.jpg,15 Sekar Manggis,100,0,test
/kaggle/input/datasets/hertiyani/batik-nitik-960-official-mendeley/Batik Nitik 960/Batik Nitik 960 Images/15 Sekar Manggis 2_rotate_180.jpg,15 Sekar Manggis 2_rotate_180.jpg,15 Sekar Manggis,100,0,test
/kaggle/input/datasets/hertiyani/batik-nitik-960-official-mendeley/Batik Nitik 960/Batik Nitik 960 Images/15 Sekar Manggis 2_rotate_270.jpg,15 Sekar Manggis 2_rotate_270.jpg,15 Sekar Manggis,102,0,train
/kaggle/input/datasets/hertiyani/batik-nitik-960-official-mendeley/Batik Nitik 960/Batik Nitik 960 Images/15 Sekar Manggis 2_rotate_90.jpg,15 Sekar Manggis 2_rotate_90.jpg,15 Sekar Manggis,102,0,train
/kaggle/input/datasets/hertiyani/batik-nitik-960-official-mendeley/Batik Nitik 960/Batik Nitik 960 Images/15 Sekar Manggis 3.jpg,15 Sekar Manggis 3.jpg,15 Sekar Manggis,104,0,train
/kaggle/input/datasets/hertiyani/batik-nitik-960-official-mendeley/Batik Nitik 960/Batik Nitik 960 Images/15 Sekar Manggis 3_rotate_180.jpg,15 Sekar Manggis 3_rotate_180.jpg,15 Sekar Manggis,104,0,train
/kaggle/input/datasets/hertiyani/batik-nitik-960-official-mendeley/Batik Nitik 960/Batik Nitik 960 Images/15 Sekar Manggis 3_rotate_270.jpg,15 Sekar Manggis 3_rotate_270.jpg,15 Sekar Manggis,104,0,train
/kaggle/input/datasets/hertiyani/batik-nitik-960-official-mendeley/Batik Nitik 960/Batik Nitik 960 Images/15 Sekar Manggis 3_rotate_90.jpg,15 Sekar Manggis 3_rotate_90.jpg,15 Sekar Manggis,104,0,train
/kaggle/input/datasets/hertiyani/batik-nitik-960-official-mendeley/Batik Nitik 960/Batik Nitik 960 Images/15 Sekar Manggis 4.jpg,15 Sekar Manggis 4.jpg,15 Sekar Manggis,108,0,test
/kaggle/input/datasets/hertiyani/batik-nitik-960-official-mendeley/Batik Nitik 960/Batik Nitik 960 Images/15 Sekar Manggis 4_rotate_180.jpg,15 Sekar Manggis 4_rotate_180.jpg,15 Sekar Manggis,108,0,test
/kaggle/input/datasets/hertiyani/batik-nitik-960-official-mendeley/Batik Nitik 960/Batik Nitik 960 Images/15 Sekar Manggis 4_rotate_270.jpg,15 Sekar Manggis 4_rotate_270.jpg,15 Sekar Manggis,110,0,train
/kaggle/input/datasets/hertiyani/batik-nitik-960-official-mendeley/Batik Nitik 960/Batik Nitik 960 Images/15 Sekar Manggis 4_rotate_90.jpg,15 Sekar Manggis 4_rotate_90.jpg,15 Sekar Manggis,110,0,train
/kaggle/input/datasets/hertiyani/batik-nitik-960-official-mendeley/Batik Nitik 960/Batik Nitik 960 Images/16 Sekar Randhu 1.jpg,16 Sekar Randhu 1.jpg,16 Sekar Randhu,114,0,train
/kaggle/input/datasets/hertiyani/batik-nitik-960-official-mendeley/Batik Nitik 960/Batik Nitik 960 Images/16 Sekar Randhu 1_rotate_180.jpg,16 Sekar Randhu 1_rotate_180.jpg,16 Sekar Randhu,114,0,train
/kaggle/input/datasets/hertiyani/batik-nitik-960-official-mendeley/Batik Nitik 960/Batik Nitik 960 Images/16 Sekar Randhu 1_rotate_270.jpg,16 Sekar Randhu 1_rotate_270.jpg,16 Sekar Randhu,114,0,train
/kaggle/input/datasets/hertiyani/batik-nitik-960-official-mendeley/Batik Nitik 960/Batik Nitik 960 Images/16 Sekar Randhu 1_rotate_90.jpg,16 Sekar Randhu 1_rotate_90.jpg,16 Sekar Randhu,114,0,train
/kaggle/input/datasets/hertiyani/batik-nitik-960-official-mendeley/Batik Nitik 960/Batik Nitik 960 Images/16 Sekar Randhu 2.jpg,16 Sekar Randhu 2.jpg,16 Sekar Randhu,116,0,test
/kaggle/input/datasets/hertiyani/batik-nitik-960-official-mendeley/Batik Nitik 960/Batik Nitik 960 Images/16 Sekar Randhu 2_rotate_180.jpg,16 Sekar Randhu 2_rotate_180.jpg,16 Sekar Randhu,116,0,test
/kaggle/input/datasets/hertiyani/batik-nitik-960-official-mendeley/Batik Nitik 960/Batik Nitik 960 Images/16 Sekar Randhu 2_rotate_270.jpg,16 Sekar Randhu 2_rotate_270.jpg,16 Sekar Randhu,118,0,test
/kaggle/input/datasets/hertiyani/batik-nitik-960-official-mendeley/Batik Nitik 960/Batik Nitik 960 Images/16 Sekar Randhu 2_rotate_90.jpg,16 Sekar Randhu 2_rotate_90.jpg,16 Sekar Randhu,118,0,test
/kaggle/input/datasets/hertiyani/batik-nitik-960-official-mendeley/Batik Nitik 960/Batik Nitik 960 Images/16 Sekar Randhu 3.jpg,16 Sekar Randhu 3.jpg,16 Sekar Randhu,120,0,test
/kaggle/input/datasets/hertiyani/batik-nitik-960-official-mendeley/Batik Nitik 960/Batik Nitik 960 Images/16 Sekar Randhu 3_rotate_180.jpg,16 Sekar Randhu 3_rotate_180.jpg,16 Sekar Randhu,120,0,test
/kaggle/input/datasets/hertiyani/batik-nitik-960-official-mendeley/Batik Nitik 960/Batik Nitik 960 Images/16 Sekar Randhu 3_rotate_270.jpg,16 Sekar Randhu 3_rotate_270.jpg,16 Sekar Randhu,122,0,train
/kaggle/input/datasets/hertiyani/batik-nitik-960-official-mendeley/Batik Nitik 960/Batik Nitik 960 Images/16 Sekar Randhu 3_rotate_90.jpg,16 Sekar Randhu 3_rotate_90.jpg,16 Sekar Randhu,122,0,train
/kaggle/input/datasets/hertiyani/batik-nitik-960-official-mendeley/Batik Nitik 960/Batik Nitik 960 Images/16 Sekar Randhu 4.jpg,16 Sekar Randhu 4.jpg,16 Sekar Randhu,124,0,train
/kaggle/input/datasets/hertiyani/batik-nitik-960-official-mendeley/Batik Nitik 960/Batik Nitik 960 Images/16 Sekar Randhu 4_rotate_180.jpg,16 Sekar Randhu 4_rotate_180.jpg,16 Sekar Randhu,124,0,train
/kaggle/input/datasets/hertiyani/batik-nitik-960-official-mendeley/Batik Nitik 960/Batik Nitik 960 Images/16 Sekar Randhu 4_rotate_270.jpg,16 Sekar Randhu 4_rotate_270.jpg,16 Sekar Randhu,126,0,train
/kaggle/input/datasets/hertiyani/batik-nitik-960-official-mendeley/Batik Nitik 960/Batik Nitik 960 Images/16 Sekar Randhu 4_rotate_90.jpg,16 Sekar Randhu 4_rotate_90.jpg,16 Sekar Randhu,126,0,train
/kaggle/input/datasets/hertiyani/batik-nitik-960-official-mendeley/Batik Nitik 960/Batik Nitik 960 Images/17 Worawari Rumpuk 1.jpg,17 Worawari Rumpuk 1.jpg,17 Worawari Rumpuk,128,0,test
/kaggle/input/datasets/hertiyani/batik-nitik-960-official-mendeley/Batik Nitik 960/Batik Nitik 960 Images/17 Worawari Rumpuk 1_rotate_180.jpg,17 Worawari Rumpuk 1_rotate_180.jpg,17 Worawari Rumpuk,128,0,test
/kaggle/input/datasets/hertiyani/batik-nitik-960-official-mendeley/Batik Nitik 960/Batik Nitik 960 Images/17 Worawari Rumpuk 1_rotate_270.jpg,17 Worawari Rumpuk 1_rotate_270.jpg,17 Worawari Rumpuk,128,0,test
/kaggle/input/datasets/hertiyani/batik-nitik-960-official-mendeley/Batik Nitik 960/Batik Nitik 960 Images/17 Worawari Rumpuk 1_rotate_90.jpg,17 Worawari Rumpuk 1_rotate_90.jpg,17 Worawari Rumpuk,128,0,test
/kaggle/input/datasets/hertiyani/batik-nitik-960-official-mendeley/Batik Nitik 960/Batik Nitik 960 Images/17 Worawari Rumpuk 2.jpg,17 Worawari Rumpuk 2.jpg,17 Worawari Rumpuk,132,0,test
/kaggle/input/datasets/hertiyani/batik-nitik-960-official-mendeley/Batik Nitik 960/Batik Nitik 960 Images/17 Worawari Rumpuk 2_rotate_180.jpg,17 Worawari Rumpuk 2_rotate_180.jpg,17 Worawari Rumpuk,132,0,test
/kaggle/input/datasets/hertiyani/batik-nitik-960-official-mendeley/Batik Nitik 960/Batik Nitik 960 Images/17 Worawari Rumpuk 2_rotate_270.jpg,17 Worawari Rumpuk 2_rotate_270.jpg,17 Worawari Rumpuk,134,0,train
/kaggle/input/datasets/hertiyani/batik-nitik-960-official-mendeley/Batik Nitik 960/Batik Nitik 960 Images/17 Worawari Rumpuk 2_rotate_90.jpg,17 Worawari Rumpuk 2_rotate_90.jpg,17 Worawari Rumpuk,134,0,train
/kaggle/input/datasets/hertiyani/batik-nitik-960-official-mendeley/Batik Nitik 960/Batik Nitik 960 Images/17 Worawari Rumpuk 3.jpg,17 Worawari Rumpuk 3.jpg,17 Worawari Rumpuk,136,0,train
/kaggle/input/datasets/hertiyani/batik-nitik-960-official-mendeley/Batik Nitik 960/Batik Nitik 960 Images/17 Worawari Rumpuk 3_rotate_180.jpg,17 Worawari Rumpuk 3_rotate_180.jpg,17 Worawari Rumpuk,136,0,train
/kaggle/input/datasets/hertiyani/batik-nitik-960-official-mendeley/Batik Nitik 960/Batik Nitik 960 Images/17 Worawari Rumpuk 3_rotate_270.jpg,17 Worawari Rumpuk 3_rotate_270.jpg,17 Worawari Rumpuk,136,0,train
/kaggle/input/datasets/hertiyani/batik-nitik-960-official-mendeley/Batik Nitik 960/Batik Nitik 960 Images/17 Worawari Rumpuk 3_rotate_90.jpg,17 Worawari Rumpuk 3_rotate_90.jpg,17 Worawari Rumpuk,136,0,train
/kaggle/input/datasets/hertiyani/batik-nitik-960-official-mendeley/Batik Nitik 960/Batik Nitik 960 Images/17 Worawari Rumpuk 4.jpg,17 Worawari Rumpuk 4.jpg,17 Worawari Rumpuk,140,0,train
/kaggle/input/datasets/hertiyani/batik-nitik-960-official-mendeley/Batik Nitik 960/Batik Nitik 960 Images/17 Worawari Rumpuk 4_rotate_180.jpg,17 Worawari Rumpuk 4_rotate_180.jpg,17 Worawari Rumpuk,140,0,train
/kaggle/input/datasets/hertiyani/batik-nitik-960-official-mendeley/Batik Nitik 960/Batik Nitik 960 Images/17 Worawari Rumpuk 4_rotate_270.jpg,17 Worawari Rumpuk 4_rotate_270.jpg,17 Worawari Rumpuk,140,0,train
/kaggle/input/datasets/hertiyani/batik-nitik-960-official-mendeley/Batik Nitik 960/Batik Nitik 960 Images/17 Worawari Rumpuk 4_rotate_90.jpg,17 Worawari Rumpuk 4_rotate_90.jpg,17 Worawari Rumpuk,140,0,train
/kaggle/input/datasets/hertiyani/batik-nitik-960-official-mendeley/Batik Nitik 960/Batik Nitik 960 Images/18 Sekar Dhuku 1.jpg,18 Sekar Dhuku 1.jpg,18 Sekar Dhuku,144,0,train
/kaggle/input/datasets/hertiyani/batik-nitik-960-official-mendeley/Batik Nitik 960/Batik Nitik 960 Images/18 Sekar Dhuku 1_rotate_180.jpg,18 Sekar Dhuku 1_rotate_180.jpg,18 Sekar Dhuku,144,0,train
/kaggle/input/datasets/hertiyani/batik-nitik-960-official-mendeley/Batik Nitik 960/Batik Nitik 960 Images/18 Sekar Dhuku 1_rotate_270.jpg,18 Sekar Dhuku 1_rotate_270.jpg,18 Sekar Dhuku,144,0,train
/kaggle/input/datasets/hertiyani/batik-nitik-960-official-mendeley/Batik Nitik 960/Batik Nitik 960 Images/18 Sekar Dhuku 1_rotate_90.jpg,18 Sekar Dhuku 1_rotate_90.jpg,18 Sekar Dhuku,144,0,train
/kaggle/input/datasets/hertiyani/batik-nitik-960-official-mendeley/Batik Nitik 960/Batik Nitik 960 Images/18 Sekar Dhuku 2.jpg,18 Sekar Dhuku 2.jpg,18 Sekar Dhuku,148,0,train
/kaggle/input/datasets/hertiyani/batik-nitik-960-official-mendeley/Batik Nitik 960/Batik Nitik 960 Images/18 Sekar Dhuku 2_rotate_180.jpg,18 Sekar Dhuku 2_rotate_180.jpg,18 Sekar Dhuku,148,0,train
/kaggle/input/datasets/hertiyani/batik-nitik-960-official-mendeley/Batik Nitik 960/Batik Nitik 960 Images/18 Sekar Dhuku 2_rotate_270.jpg,18 Sekar Dhuku 2_rotate_270.jpg,18 Sekar Dhuku,150,0,test
/kaggle/input/datasets/hertiyani/batik-nitik-960-official-mendeley/Batik Nitik 960/Batik Nitik 960 Images/18 Sekar Dhuku 2_rotate_90.jpg,18 Sekar Dhuku 2_rotate_90.jpg,18 Sekar Dhuku,150,0,test
/kaggle/input/datasets/hertiyani/batik-nitik-960-official-mendeley/Batik Nitik 960/Batik Nitik 960 Images/18 Sekar Dhuku 3.jpg,18 Sekar Dhuku 3.jpg,18 Sekar Dhuku,152,0,train
/kaggle/input/datasets/hertiyani/batik-nitik-960-official-mendeley/Batik Nitik 960/Batik Nitik 960 Images/18 Sekar Dhuku 3_rotate_180.jpg,18 Sekar Dhuku 3_rotate_180.jpg,18 Sekar Dhuku,152,0,train
/kaggle/input/datasets/hertiyani/batik-nitik-960-official-mendeley/Batik Nitik 960/Batik Nitik 960 Images/18 Sekar Dhuku 3_rotate_270.jpg,18 Sekar Dhuku 3_rotate_270.jpg,18 Sekar Dhuku,154,0,train
/kaggle/input/datasets/hertiyani/batik-nitik-960-official-mendeley/Batik Nitik 960/Batik Nitik 960 Images/18 Sekar Dhuku 3_rotate_90.jpg,18 Sekar Dhuku 3_rotate_90.jpg,18 Sekar Dhuku,154,0,train
/kaggle/input/datasets/hertiyani/batik-nitik-960-official-mendeley/Batik Nitik 960/Batik Nitik 960 Images/18 Sekar Dhuku 4.jpg,18 Sekar Dhuku 4.jpg,18 Sekar Dhuku,156,0,test
/kaggle/input/datasets/hertiyani/batik-nitik-960-official-mendeley/Batik Nitik 960/Batik Nitik 960 Images/18 Sekar Dhuku 4_rotate_180.jpg,18 Sekar Dhuku 4_rotate_180.jpg,18 Sekar Dhuku,156,0,test
/kaggle/input/datasets/hertiyani/batik-nitik-960-official-mendeley/Batik Nitik 960/Batik Nitik 960 Images/18 Sekar Dhuku 4_rotate_270.jpg,18 Sekar Dhuku 4_rotate_270.jpg,18 Sekar Dhuku,156,0,test
/kaggle/input/datasets/hertiyani/batik-nitik-960-official-mendeley/Batik Nitik 960/Batik Nitik 960 Images/18 Sekar Dhuku 4_rotate_90.jpg,18 Sekar Dhuku 4_rotate_90.jpg,18 Sekar Dhuku,156,0,test
/kaggle/input/datasets/hertiyani/batik-nitik-960-official-mendeley/Batik Nitik 960/Batik Nitik 960 Images/19 Sekar Jagung 1.jpg,19 Sekar Jagung 1.jpg,19 Sekar Jagung,160,0,test
/kaggle/input/datasets/hertiyani/batik-nitik-960-official-mendeley/Batik Nitik 960/Batik Nitik 960 Images/19 Sekar Jagung 1_rotate_180.jpg,19 Sekar Jagung 1_rotate_180.jpg,19 Sekar Jagung,160,0,test
/kaggle/input/datasets/hertiyani/batik-nitik-960-official-mendeley/Batik Nitik 960/Batik Nitik 960 Images/19 Sekar Jagung 1_rotate_270.jpg,19 Sekar Jagung 1_rotate_270.jpg,19 Sekar Jagung,162,0,train
/kaggle/input/datasets/hertiyani/batik-nitik-960-official-mendeley/Batik Nitik 960/Batik Nitik 960 Images/19 Sekar Jagung 1_rotate_90.jpg,19 Sekar Jagung 1_rotate_90.jpg,19 Sekar Jagung,162,0,train
/kaggle/input/datasets/hertiyani/batik-nitik-960-official-mendeley/Batik Nitik 960/Batik Nitik 960 Images/19 Sekar Jagung 2.jpg,19 Sekar Jagung 2.jpg,19 Sekar Jagung,164,0,train
/kaggle/input/datasets/hertiyani/batik-nitik-960-official-mendeley/Batik Nitik 960/Batik Nitik 960 Images/19 Sekar Jagung 2_rotate_180.jpg,19 Sekar Jagung 2_rotate_180.jpg,19 Sekar Jagung,164,0,train
/kaggle/input/datasets/hertiyani/batik-nitik-960-official-mendeley/Batik Nitik 960/Batik Nitik 960 Images/19 Sekar Jagung 2_rotate_270.jpg,19 Sekar Jagung 2_rotate_270.jpg,19 Sekar Jagung,166,0,train
/kaggle/input/datasets/hertiyani/batik-nitik-960-official-mendeley/Batik Nitik 960/Batik Nitik 960 Images/19 Sekar Jagung 2_rotate_90.jpg,19 Sekar Jagung 2_rotate_90.jpg,19 Sekar Jagung,166,0,train
/kaggle/input/datasets/hertiyani/batik-nitik-960-official-mendeley/Batik Nitik 960/Batik Nitik 960 Images/19 Sekar Jagung 3.jpg,19 Sekar Jagung 3.jpg,19 Sekar Jagung,168,0,test
/kaggle/input/datasets/hertiyani/batik-nitik-960-official-mendeley/Batik Nitik 960/Batik Nitik 960 Images/19 Sekar Jagung 3_rotate_180.jpg,19 Sekar Jagung 3_rotate_180.jpg,19 Sekar Jagung,168,0,test
/kaggle/input/datasets/hertiyani/batik-nitik-960-official-mendeley/Batik Nitik 960/Batik Nitik 960 Images/19 Sekar Jagung 3_rotate_270.jpg,19 Sekar Jagung 3_rotate_270.jpg,19 Sekar Jagung,170,0,train
/kaggle/input/datasets/hertiyani/batik-nitik-960-official-mendeley/Batik Nitik 960/Batik Nitik 960 Images/19 Sekar Jagung 3_rotate_90.jpg,19 Sekar Jagung 3_rotate_90.jpg,19 Sekar Jagung,170,0,train
/kaggle/input/datasets/hertiyani/batik-nitik-960-official-mendeley/Batik Nitik 960/Batik Nitik 960 Images/19 Sekar Jagung 4.jpg,19 Sekar Jagung 4.jpg,19 Sekar Jagung,172,0,test
/kaggle/input/datasets/hertiyani/batik-nitik-960-official-mendeley/Batik Nitik 960/Batik Nitik 960 Images/19 Sekar Jagung 4_rotate_180.jpg,19 Sekar Jagung 4_rotate_180.jpg,19 Sekar Jagung,172,0,test
/kaggle/input/datasets/hertiyani/batik-nitik-960-official-mendeley/Batik Nitik 960/Batik Nitik 960 Images/19 Sekar Jagung 4_rotate_270.jpg,19 Sekar Jagung 4_rotate_270.jpg,19 Sekar Jagung,174,0,train
/kaggle/input/datasets/hertiyani/batik-nitik-960-official-mendeley/Batik Nitik 960/Batik Nitik 960 Images/19 Sekar Jagung 4_rotate_90.jpg,19 Sekar Jagung 4_rotate_90.jpg,19 Sekar Jagung,174,0,train
/kaggle/input/datasets/hertiyani/batik-nitik-960-official-mendeley/Batik Nitik 960/Batik Nitik 960 Images/2 Sekar Liring 1.jpg,2 Sekar Liring 1.jpg,2 Sekar Liring,176,0,train
/kaggle/input/datasets/hertiyani/batik-nitik-960-official-mendeley/Batik Nitik 960/Batik Nitik 960 Images/2 Sekar Liring 1_rotate_180.jpg,2 Sekar Liring 1_rotate_180.jpg,2 Sekar Liring,176,0,train
/kaggle/input/datasets/hertiyani/batik-nitik-960-official-mendeley/Batik Nitik 960/Batik Nitik 960 Images/2 Sekar Liring 1_rotate_270.jpg,2 Sekar Liring 1_rotate_270.jpg,2 Sekar Liring,178,0,test
/kaggle/input/datasets/hertiyani/batik-nitik-960-official-mendeley/Batik Nitik 960/Batik Nitik 960 Images/2 Sekar Liring 1_rotate_90.jpg,2 Sekar Liring 1_rotate_90.jpg,2 Sekar Liring,178,0,test
/kaggle/input/datasets/hertiyani/batik-nitik-960-official-mendeley/Batik Nitik 960/Batik Nitik 960 Images/2 Sekar Liring 2.jpg,2 Sekar Liring 2.jpg,2 Sekar Liring,180,0,train
/kaggle/input/datasets/hertiyani/batik-nitik-960-official-mendeley/Batik Nitik 960/Batik Nitik 960 Images/2 Sekar Liring 2_rotate_180.jpg,2 Sekar Liring 2_rotate_180.jpg,2 Sekar Liring,180,0,train
/kaggle/input/datasets/hertiyani/batik-nitik-960-official-mendeley/Batik Nitik 960/Batik Nitik 960 Images/2 Sekar Liring 2_rotate_270.jpg,2 Sekar Liring 2_rotate_270.jpg,2 Sekar Liring,182,0,train
/kaggle/input/datasets/hertiyani/batik-nitik-960-official-mendeley/Batik Nitik 960/Batik Nitik 960 Images/2 Sekar Liring 2_rotate_90.jpg,2 Sekar Liring 2_rotate_90.jpg,2 Sekar Liring,182,0,train
/kaggle/input/datasets/hertiyani/batik-nitik-960-official-mendeley/Batik Nitik 960/Batik Nitik 960 Images/2 Sekar Liring 3.jpg,2 Sekar Liring 3.jpg,2 Sekar Liring,184,0,train
/kaggle/input/datasets/hertiyani/batik-nitik-960-official-mendeley/Batik Nitik 960/Batik Nitik 960 Images/2 Sekar Liring 3_rotate_180.jpg,2 Sekar Liring 3_rotate_180.jpg,2 Sekar Liring,184,0,train
/kaggle/input/datasets/hertiyani/batik-nitik-960-official-mendeley/Batik Nitik 960/Batik Nitik 960 Images/2 Sekar Liring 3_rotate_270.jpg,2 Sekar Liring 3_rotate_270.jpg,2 Sekar Liring,186,0,test
/kaggle/input/datasets/hertiyani/batik-nitik-960-official-mendeley/Batik Nitik 960/Batik Nitik 960 Images/2 Sekar Liring 3_rotate_90.jpg,2 Sekar Liring 3_rotate_90.jpg,2 Sekar Liring,186,0,test
/kaggle/input/datasets/hertiyani/batik-nitik-960-official-mendeley/Batik Nitik 960/Batik Nitik 960 Images/2 Sekar Liring 4.jpg,2 Sekar Liring 4.jpg,2 Sekar Liring,188,0,test
/kaggle/input/datasets/hertiyani/batik-nitik-960-official-mendeley/Batik Nitik 960/Batik Nitik 960 Images/2 Sekar Liring 4_rotate_180.jpg,2 Sekar Liring 4_rotate_180.jpg,2 Sekar Liring,188,0,test
/kaggle/input/datasets/hertiyani/batik-nitik-960-official-mendeley/Batik Nitik 960/Batik Nitik 960 Images/2 Sekar Liring 4_rotate_270.jpg,2 Sekar Liring 4_rotate_270.jpg,2 Sekar Liring,190,0,train
/kaggle/input/datasets/hertiyani/batik-nitik-960-official-mendeley/Batik Nitik 960/Batik Nitik 960 Images/2 Sekar Liring 4_rotate_90.jpg,2 Sekar Liring 4_rotate_90.jpg,2 Sekar Liring,190,0,train
/kaggle/input/datasets/hertiyani/batik-nitik-960-official-mendeley/Batik Nitik 960/Batik Nitik 960 Images/20 Jayakirana 1.jpg,20 Jayakirana 1.jpg,20 Jayakirana,192,0,train
/kaggle/input/datasets/hertiyani/batik-nitik-960-official-mendeley/Batik Nitik 960/Batik Nitik 960 Images/20 Jayakirana 1_rotate_180.jpg,20 Jayakirana 1_rotate_180.jpg,20 Jayakirana,192,0,train
/kaggle/input/datasets/hertiyani/batik-nitik-960-official-mendeley/Batik Nitik 960/Batik Nitik 960 Images/20 Jayakirana 1_rotate_270.jpg,20 Jayakirana 1_rotate_270.jpg,20 Jayakirana,192,0,train
/kaggle/input/datasets/hertiyani/batik-nitik-960-official-mendeley/Batik Nitik 960/Batik Nitik 960 Images/20 Jayakirana 1_rotate_90.jpg,20 Jayakirana 1_rotate_90.jpg,20 Jayakirana,192,0,train
/kaggle/input/datasets/hertiyani/batik-nitik-960-official-mendeley/Batik Nitik 960/Batik Nitik 960 Images/20 Jayakirana 2.jpg,20 Jayakirana 2.jpg,20 Jayakirana,196,0,test
/kaggle/input/datasets/hertiyani/batik-nitik-960-official-mendeley/Batik Nitik 960/Batik Nitik 960 Images/20 Jayakirana 2_rotate_180.jpg,20 Jayakirana 2_rotate_180.jpg,20 Jayakirana,196,0,test
/kaggle/input/datasets/hertiyani/batik-nitik-960-official-mendeley/Batik Nitik 960/Batik Nitik 960 Images/20 Jayakirana 2_rotate_270.jpg,20 Jayakirana 2_rotate_270.jpg,20 Jayakirana,196,0,test
/kaggle/input/datasets/hertiyani/batik-nitik-960-official-mendeley/Batik Nitik 960/Batik Nitik 960 Images/20 Jayakirana 2_rotate_90.jpg,20 Jayakirana 2_rotate_90.jpg,20 Jayakirana,196,0,test
/kaggle/input/datasets/hertiyani/batik-nitik-960-official-mendeley/Batik Nitik 960/Batik Nitik 960 Images/20 Jayakirana 3.jpg,20 Jayakirana 3.jpg,20 Jayakirana,200,0,train
/kaggle/input/datasets/hertiyani/batik-nitik-960-official-mendeley/Batik Nitik 960/Batik Nitik 960 Images/20 Jayakirana 3_rotate_180.jpg,20 Jayakirana 3_rotate_180.jpg,20 Jayakirana,200,0,train
/kaggle/input/datasets/hertiyani/batik-nitik-960-official-mendeley/Batik Nitik 960/Batik Nitik 960 Images/20 Jayakirana 3_rotate_270.jpg,20 Jayakirana 3_rotate_270.jpg,20 Jayakirana,200,0,train
/kaggle/input/datasets/hertiyani/batik-nitik-960-official-mendeley/Batik Nitik 960/Batik Nitik 960 Images/20 Jayakirana 3_rotate_90.jpg,20 Jayakirana 3_rotate_90.jpg,20 Jayakirana,200,0,train
/kaggle/input/datasets/hertiyani/batik-nitik-960-official-mendeley/Batik Nitik 960/Batik Nitik 960 Images/20 Jayakirana 4.jpg,20 Jayakirana 4.jpg,20 Jayakirana,204,0,test
/kaggle/input/datasets/hertiyani/batik-nitik-960-official-mendeley/Batik Nitik 960/Batik Nitik 960 Images/20 Jayakirana 4_rotate_180.jpg,20 Jayakirana 4_rotate_180.jpg,20 Jayakirana,204,0,test
/kaggle/input/datasets/hertiyani/batik-nitik-960-official-mendeley/Batik Nitik 960/Batik Nitik 960 Images/20 Jayakirana 4_rotate_270.jpg,20 Jayakirana 4_rotate_270.jpg,20 Jayakirana,204,0,test
/kaggle/input/datasets/hertiyani/batik-nitik-960-official-mendeley/Batik Nitik 960/Batik Nitik 960 Images/20 Jayakirana 4_rotate_90.jpg,20 Jayakirana 4_rotate_90.jpg,20 Jayakirana,204,0,test
/kaggle/input/datasets/hertiyani/batik-nitik-960-official-mendeley/Batik Nitik 960/Batik Nitik 960 Images/21 Mawur 1.jpg,21 Mawur 1.jpg,21 Mawur,208,0,test
/kaggle/input/datasets/hertiyani/batik-nitik-960-official-mendeley/Batik Nitik 960/Batik Nitik 960 Images/21 Mawur 1_rotate_180.jpg,21 Mawur 1_rotate_180.jpg,21 Mawur,208,0,test
/kaggle/input/datasets/hertiyani/batik-nitik-960-official-mendeley/Batik Nitik 960/Batik Nitik 960 Images/21 Mawur 1_rotate_270.jpg,21 Mawur 1_rotate_270.jpg,21 Mawur,210,0,train
/kaggle/input/datasets/hertiyani/batik-nitik-960-official-mendeley/Batik Nitik 960/Batik Nitik 960 Images/21 Mawur 1_rotate_90.jpg,21 Mawur 1_rotate_90.jpg,21 Mawur,210,0,train
/kaggle/input/datasets/hertiyani/batik-nitik-960-official-mendeley/Batik Nitik 960/Batik Nitik 960 Images/21 Mawur 2.jpg,21 Mawur 2.jpg,21 Mawur,212,0,test
/kaggle/input/datasets/hertiyani/batik-nitik-960-official-mendeley/Batik Nitik 960/Batik Nitik 960 Images/21 Mawur 2_rotate_180.jpg,21 Mawur 2_rotate_180.jpg,21 Mawur,212,0,test
/kaggle/input/datasets/hertiyani/batik-nitik-960-official-mendeley/Batik Nitik 960/Batik Nitik 960 Images/21 Mawur 2_rotate_270.jpg,21 Mawur 2_rotate_270.jpg,21 Mawur,214,0,train
/kaggle/input/datasets/hertiyani/batik-nitik-960-official-mendeley/Batik Nitik 960/Batik Nitik 960 Images/21 Mawur 2_rotate_90.jpg,21 Mawur 2_rotate_90.jpg,21 Mawur,214,0,train
/kaggle/input/datasets/hertiyani/batik-nitik-960-official-mendeley/Batik Nitik 960/Batik Nitik 960 Images/21 Mawur 3.jpg,21 Mawur 3.jpg,21 Mawur,216,0,train
/kaggle/input/datasets/hertiyani/batik-nitik-960-official-mendeley/Batik Nitik 960/Batik Nitik 960 Images/21 Mawur 3_rotate_180.jpg,21 Mawur 3_rotate_180.jpg,21 Mawur,216,0,train
/kaggle/input/datasets/hertiyani/batik-nitik-960-official-mendeley/Batik Nitik 960/Batik Nitik 960 Images/21 Mawur 3_rotate_270.jpg,21 Mawur 3_rotate_270.jpg,21 Mawur,216,0,train
/kaggle/input/datasets/hertiyani/batik-nitik-960-official-mendeley/Batik Nitik 960/Batik Nitik 960 Images/21 Mawur 3_rotate_90.jpg,21 Mawur 3_rotate_90.jpg,21 Mawur,216,0,train
/kaggle/input/datasets/hertiyani/batik-nitik-960-official-mendeley/Batik Nitik 960/Batik Nitik 960 Images/21 Mawur 4.jpg,21 Mawur 4.jpg,21 Mawur,220,0,train
/kaggle/input/datasets/hertiyani/batik-nitik-960-official-mendeley/Batik Nitik 960/Batik Nitik 960 Images/21 Mawur 4_rotate_180.jpg,21 Mawur 4_rotate_180.jpg,21 Mawur,220,0,train
/kaggle/input/datasets/hertiyani/batik-nitik-960-official-mendeley/Batik Nitik 960/Batik Nitik 960 Images/21 Mawur 4_rotate_270.jpg,21 Mawur 4_rotate_270.jpg,21 Mawur,222,0,test
/kaggle/input/datasets/hertiyani/batik-nitik-960-official-mendeley/Batik Nitik 960/Batik Nitik 960 Images/21 Mawur 4_rotate_90.jpg,21 Mawur 4_rotate_90.jpg,21 Mawur,222,0,test
/kaggle/input/datasets/hertiyani/batik-nitik-960-official-mendeley/Batik Nitik 960/Batik Nitik 960 Images/22 Sekar Tanjung 1.jpg,22 Sekar Tanjung 1.jpg,22 Sekar Tanjung,224,0,train
/kaggle/input/datasets/hertiyani/batik-nitik-960-official-mendeley/Batik Nitik 960/Batik Nitik 960 Images/22 Sekar Tanjung 1_rotate_180.jpg,22 Sekar Tanjung 1_rotate_180.jpg,22 Sekar Tanjung,224,0,train
/kaggle/input/datasets/hertiyani/batik-nitik-960-official-mendeley/Batik Nitik 960/Batik Nitik 960 Images/22 Sekar Tanjung 1_rotate_270.jpg,22 Sekar Tanjung 1_rotate_270.jpg,22 Sekar Tanjung,226,0,test
/kaggle/input/datasets/hertiyani/batik-nitik-960-official-mendeley/Batik Nitik 960/Batik Nitik 960 Images/22 Sekar Tanjung 1_rotate_90.jpg,22 Sekar Tanjung 1_rotate_90.jpg,22 Sekar Tanjung,226,0,test
/kaggle/input/datasets/hertiyani/batik-nitik-960-official-mendeley/Batik Nitik 960/Batik Nitik 960 Images/22 Sekar Tanjung 2.jpg,22 Sekar Tanjung 2.jpg,22 Sekar Tanjung,228,0,train
/kaggle/input/datasets/hertiyani/batik-nitik-960-official-mendeley/Batik Nitik 960/Batik Nitik 960 Images/22 Sekar Tanjung 2_rotate_180.jpg,22 Sekar Tanjung 2_rotate_180.jpg,22 Sekar Tanjung,228,0,train
/kaggle/input/datasets/hertiyani/batik-nitik-960-official-mendeley/Batik Nitik 960/Batik Nitik 960 Images/22 Sekar Tanjung 2_rotate_270.jpg,22 Sekar Tanjung 2_rotate_270.jpg,22 Sekar Tanjung,230,0,train
/kaggle/input/datasets/hertiyani/batik-nitik-960-official-mendeley/Batik Nitik 960/Batik Nitik 960 Images/22 Sekar Tanjung 2_rotate_90.jpg,22 Sekar Tanjung 2_rotate_90.jpg,22 Sekar Tanjung,230,0,train
/kaggle/input/datasets/hertiyani/batik-nitik-960-official-mendeley/Batik Nitik 960/Batik Nitik 960 Images/22 Sekar Tanjung 3.jpg,22 Sekar Tanjung 3.jpg,22 Sekar Tanjung,232,0,test
/kaggle/input/datasets/hertiyani/batik-nitik-960-official-mendeley/Batik Nitik 960/Batik Nitik 960 Images/22 Sekar Tanjung 3_rotate_180.jpg,22 Sekar Tanjung 3_rotate_180.jpg,22 Sekar Tanjung,232,0,test
/kaggle/input/datasets/hertiyani/batik-nitik-960-official-mendeley/Batik Nitik 960/Batik Nitik 960 Images/22 Sekar Tanjung 3_rotate_270.jpg,22 Sekar Tanjung 3_rotate_270.jpg,22 Sekar Tanjung,232,0,test
/kaggle/input/datasets/hertiyani/batik-nitik-960-official-mendeley/Batik Nitik 960/Batik Nitik 960 Images/22 Sekar Tanjung 3_rotate_90.jpg,22 Sekar Tanjung 3_rotate_90.jpg,22 Sekar Tanjung,232,0,test
/kaggle/input/datasets/hertiyani/batik-nitik-960-official-mendeley/Batik Nitik 960/Batik Nitik 960 Images/22 Sekar Tanjung 4.jpg,22 Sekar Tanjung 4.jpg,22 Sekar Tanjung,236,0,train
/kaggle/input/datasets/hertiyani/batik-nitik-960-official-mendeley/Batik Nitik 960/Batik Nitik 960 Images/22 Sekar Tanjung 4_rotate_180.jpg,22 Sekar Tanjung 4_rotate_180.jpg,22 Sekar Tanjung,236,0,train
/kaggle/input/datasets/hertiyani/batik-nitik-960-official-mendeley/Batik Nitik 960/Batik Nitik 960 Images/22 Sekar Tanjung 4_rotate_270.jpg,22 Sekar Tanjung 4_rotate_270.jpg,22 Sekar Tanjung,238,0,train
/kaggle/input/datasets/hertiyani/batik-nitik-960-official-mendeley/Batik Nitik 960/Batik Nitik 960 Images/22 Sekar Tanjung 4_rotate_90.jpg,22 Sekar Tanjung 4_rotate_90.jpg,22 Sekar Tanjung,238,0,train
/kaggle/input/datasets/hertiyani/batik-nitik-960-official-mendeley/Batik Nitik 960/Batik Nitik 960 Images/23 Sekar Keben 1.jpg,23 Sekar Keben 1.jpg,23 Sekar Keben,240,0,train
/kaggle/input/datasets/hertiyani/batik-nitik-960-official-mendeley/Batik Nitik 960/Batik Nitik 960 Images/23 Sekar Keben 1_rotate_180.jpg,23 Sekar Keben 1_rotate_180.jpg,23 Sekar Keben,240,0,train
/kaggle/input/datasets/hertiyani/batik-nitik-960-official-mendeley/Batik Nitik 960/Batik Nitik 960 Images/23 Sekar Keben 1_rotate_270.jpg,23 Sekar Keben 1_rotate_270.jpg,23 Sekar Keben,242,0,train
/kaggle/input/datasets/hertiyani/batik-nitik-960-official-mendeley/Batik Nitik 960/Batik Nitik 960 Images/23 Sekar Keben 1_rotate_90.jpg,23 Sekar Keben 1_rotate_90.jpg,23 Sekar Keben,242,0,train
/kaggle/input/datasets/hertiyani/batik-nitik-960-official-mendeley/Batik Nitik 960/Batik Nitik 960 Images/23 Sekar Keben 2.jpg,23 Sekar Keben 2.jpg,23 Sekar Keben,244,0,train
/kaggle/input/datasets/hertiyani/batik-nitik-960-official-mendeley/Batik Nitik 960/Batik Nitik 960 Images/23 Sekar Keben 2_rotate_180.jpg,23 Sekar Keben 2_rotate_180.jpg,23 Sekar Keben,244,0,train
/kaggle/input/datasets/hertiyani/batik-nitik-960-official-mendeley/Batik Nitik 960/Batik Nitik 960 Images/23 Sekar Keben 2_rotate_270.jpg,23 Sekar Keben 2_rotate_270.jpg,23 Sekar Keben,246,0,train
/kaggle/input/datasets/hertiyani/batik-nitik-960-official-mendeley/Batik Nitik 960/Batik Nitik 960 Images/23 Sekar Keben 2_rotate_90.jpg,23 Sekar Keben 2_rotate_90.jpg,23 Sekar Keben,246,0,train
/kaggle/input/datasets/hertiyani/batik-nitik-960-official-mendeley/Batik Nitik 960/Batik Nitik 960 Images/23 Sekar Keben 3.jpg,23 Sekar Keben 3.jpg,23 Sekar Keben,248,0,test
/kaggle/input/datasets/hertiyani/batik-nitik-960-official-mendeley/Batik Nitik 960/Batik Nitik 960 Images/23 Sekar Keben 3_rotate_180.jpg,23 Sekar Keben 3_rotate_180.jpg,23 Sekar Keben,248,0,test
/kaggle/input/datasets/hertiyani/batik-nitik-960-official-mendeley/Batik Nitik 960/Batik Nitik 960 Images/23 Sekar Keben 3_rotate_270.jpg,23 Sekar Keben 3_rotate_270.jpg,23 Sekar Keben,250,0,train
/kaggle/input/datasets/hertiyani/batik-nitik-960-official-mendeley/Batik Nitik 960/Batik Nitik 960 Images/23 Sekar Keben 3_rotate_90.jpg,23 Sekar Keben 3_rotate_90.jpg,23 Sekar Keben,250,0,train
/kaggle/input/datasets/hertiyani/batik-nitik-960-official-mendeley/Batik Nitik 960/Batik Nitik 960 Images/23 Sekar Keben 4.jpg,23 Sekar Keben 4.jpg,23 Sekar Keben,252,0,test
/kaggle/input/datasets/hertiyani/batik-nitik-960-official-mendeley/Batik Nitik 960/Batik Nitik 960 Images/23 Sekar Keben 4_rotate_180.jpg,23 Sekar Keben 4_rotate_180.jpg,23 Sekar Keben,252,0,test
/kaggle/input/datasets/hertiyani/batik-nitik-960-official-mendeley/Batik Nitik 960/Batik Nitik 960 Images/23 Sekar Keben 4_rotate_270.jpg,23 Sekar Keben 4_rotate_270.jpg,23 Sekar Keben,254,0,test
/kaggle/input/datasets/hertiyani/batik-nitik-960-official-mendeley/Batik Nitik 960/Batik Nitik 960 Images/23 Sekar Keben 4_rotate_90.jpg,23 Sekar Keben 4_rotate_90.jpg,23 Sekar Keben,254,0,test
/kaggle/input/datasets/hertiyani/batik-nitik-960-official-mendeley/Batik Nitik 960/Batik Nitik 960 Images/24 Sekar Srengenge 1.jpg,24 Sekar Srengenge 1.jpg,24 Sekar Srengenge,256,0,test
/kaggle/input/datasets/hertiyani/batik-nitik-960-official-mendeley/Batik Nitik 960/Batik Nitik 960 Images/24 Sekar Srengenge 1_rotate_180.jpg,24 Sekar Srengenge 1_rotate_180.jpg,24 Sekar Srengenge,256,0,test
/kaggle/input/datasets/hertiyani/batik-nitik-960-official-mendeley/Batik Nitik 960/Batik Nitik 960 Images/24 Sekar Srengenge 1_rotate_270.jpg,24 Sekar Srengenge 1_rotate_270.jpg,24 Sekar Srengenge,258,0,test
/kaggle/input/datasets/hertiyani/batik-nitik-960-official-mendeley/Batik Nitik 960/Batik Nitik 960 Images/24 Sekar Srengenge 1_rotate_90.jpg,24 Sekar Srengenge 1_rotate_90.jpg,24 Sekar Srengenge,258,0,test
/kaggle/input/datasets/hertiyani/batik-nitik-960-official-mendeley/Batik Nitik 960/Batik Nitik 960 Images/24 Sekar Srengenge 2.jpg,24 Sekar Srengenge 2.jpg,24 Sekar Srengenge,260,0,train
/kaggle/input/datasets/hertiyani/batik-nitik-960-official-mendeley/Batik Nitik 960/Batik Nitik 960 Images/24 Sekar Srengenge 2_rotate_180.jpg,24 Sekar Srengenge 2_rotate_180.jpg,24 Sekar Srengenge,260,0,train
/kaggle/input/datasets/hertiyani/batik-nitik-960-official-mendeley/Batik Nitik 960/Batik Nitik 960 Images/24 Sekar Srengenge 2_rotate_270.jpg,24 Sekar Srengenge 2_rotate_270.jpg,24 Sekar Srengenge,262,0,train
/kaggle/input/datasets/hertiyani/batik-nitik-960-official-mendeley/Batik Nitik 960/Batik Nitik 960 Images/24 Sekar Srengenge 2_rotate_90.jpg,24 Sekar Srengenge 2_rotate_90.jpg,24 Sekar Srengenge,262,0,train
/kaggle/input/datasets/hertiyani/batik-nitik-960-official-mendeley/Batik Nitik 960/Batik Nitik 960 Images/24 Sekar Srengenge 3.jpg,24 Sekar Srengenge 3.jpg,24 Sekar Srengenge,264,0,train
/kaggle/input/datasets/hertiyani/batik-nitik-960-official-mendeley/Batik Nitik 960/Batik Nitik 960 Images/24 Sekar Srengenge 3_rotate_180.jpg,24 Sekar Srengenge 3_rotate_180.jpg,24 Sekar Srengenge,264,0,train
/kaggle/input/datasets/hertiyani/batik-nitik-960-official-mendeley/Batik Nitik 960/Batik Nitik 960 Images/24 Sekar Srengenge 3_rotate_270.jpg,24 Sekar Srengenge 3_rotate_270.jpg,24 Sekar Srengenge,264,0,train
/kaggle/input/datasets/hertiyani/batik-nitik-960-official-mendeley/Batik Nitik 960/Batik Nitik 960 Images/24 Sekar Srengenge 3_rotate_90.jpg,24 Sekar Srengenge 3_rotate_90.jpg,24 Sekar Srengenge,264,0,train
/kaggle/input/datasets/hertiyani/batik-nitik-960-official-mendeley/Batik Nitik 960/Batik Nitik 960 Images/24 Sekar Srengenge 4.jpg,24 Sekar Srengenge 4.jpg,24 Sekar Srengenge,268,0,test
/kaggle/input/datasets/hertiyani/batik-nitik-960-official-mendeley/Batik Nitik 960/Batik Nitik 960 Images/24 Sekar Srengenge 4_rotate_180.jpg,24 Sekar Srengenge 4_rotate_180.jpg,24 Sekar Srengenge,268,0,test
/kaggle/input/datasets/hertiyani/batik-nitik-960-official-mendeley/Batik Nitik 960/Batik Nitik 960 Images/24 Sekar Srengenge 4_rotate_270.jpg,24 Sekar Srengenge 4_rotate_270.jpg,24 Sekar Srengenge,270,0,train
/kaggle/input/datasets/hertiyani/batik-nitik-960-official-mendeley/Batik Nitik 960/Batik Nitik 960 Images/24 Sekar Srengenge 4_rotate_90.jpg,24 Sekar Srengenge 4_rotate_90.jpg,24 Sekar Srengenge,270,0,train
/kaggle/input/datasets/hertiyani/batik-nitik-960-official-mendeley/Batik Nitik 960/Batik Nitik 960 Images/25 Sekar Soka 1.jpg,25 Sekar Soka 1.jpg,25 Sekar Soka,272,0,test
/kaggle/input/datasets/hertiyani/batik-nitik-960-official-mendeley/Batik Nitik 960/Batik Nitik 960 Images/25 Sekar Soka 1_rotate_180.jpg,25 Sekar Soka 1_rotate_180.jpg,25 Sekar Soka,272,0,test
/kaggle/input/datasets/hertiyani/batik-nitik-960-official-mendeley/Batik Nitik 960/Batik Nitik 960 Images/25 Sekar Soka 1_rotate_270.jpg,25 Sekar Soka 1_rotate_270.jpg,25 Sekar Soka,274,0,test
/kaggle/input/datasets/hertiyani/batik-nitik-960-official-mendeley/Batik Nitik 960/Batik Nitik 960 Images/25 Sekar Soka 1_rotate_90.jpg,25 Sekar Soka 1_rotate_90.jpg,25 Sekar Soka,274,0,test
/kaggle/input/datasets/hertiyani/batik-nitik-960-official-mendeley/Batik Nitik 960/Batik Nitik 960 Images/25 Sekar Soka 2.jpg,25 Sekar Soka 2.jpg,25 Sekar Soka,276,0,train
/kaggle/input/datasets/hertiyani/batik-nitik-960-official-mendeley/Batik Nitik 960/Batik Nitik 960 Images/25 Sekar Soka 2_rotate_180.jpg,25 Sekar Soka 2_rotate_180.jpg,25 Sekar Soka,276,0,train
/kaggle/input/datasets/hertiyani/batik-nitik-960-official-mendeley/Batik Nitik 960/Batik Nitik 960 Images/25 Sekar Soka 2_rotate_270.jpg,25 Sekar Soka 2_rotate_270.jpg,25 Sekar Soka,278,0,train
/kaggle/input/datasets/hertiyani/batik-nitik-960-official-mendeley/Batik Nitik 960/Batik Nitik 960 Images/25 Sekar Soka 2_rotate_90.jpg,25 Sekar Soka 2_rotate_90.jpg,25 Sekar Soka,278,0,train
/kaggle/input/datasets/hertiyani/batik-nitik-960-official-mendeley/Batik Nitik 960/Batik Nitik 960 Images/25 Sekar Soka 3.jpg,25 Sekar Soka 3.jpg,25 Sekar Soka,280,0,train
/kaggle/input/datasets/hertiyani/batik-nitik-960-official-mendeley/Batik Nitik 960/Batik Nitik 960 Images/25 Sekar Soka 3_rotate_180.jpg,25 Sekar Soka 3_rotate_180.jpg,25 Sekar Soka,280,0,train
/kaggle/input/datasets/hertiyani/batik-nitik-960-official-mendeley/Batik Nitik 960/Batik Nitik 960 Images/25 Sekar Soka 3_rotate_270.jpg,25 Sekar Soka 3_rotate_270.jpg,25 Sekar Soka,282,0,test
/kaggle/input/datasets/hertiyani/batik-nitik-960-official-mendeley/Batik Nitik 960/Batik Nitik 960 Images/25 Sekar Soka 3_rotate_90.jpg,25 Sekar Soka 3_rotate_90.jpg,25 Sekar Soka,282,0,test
/kaggle/input/datasets/hertiyani/batik-nitik-960-official-mendeley/Batik Nitik 960/Batik Nitik 960 Images/25 Sekar Soka 4.jpg,25 Sekar Soka 4.jpg,25 Sekar Soka,284,0,train
/kaggle/input/datasets/hertiyani/batik-nitik-960-official-mendeley/Batik Nitik 960/Batik Nitik 960 Images/25 Sekar Soka 4_rotate_180.jpg,25 Sekar Soka 4_rotate_180.jpg,25 Sekar Soka,284,0,train
/kaggle/input/datasets/hertiyani/batik-nitik-960-official-mendeley/Batik Nitik 960/Batik Nitik 960 Images/25 Sekar Soka 4_rotate_270.jpg,25 Sekar Soka 4_rotate_270.jpg,25 Sekar Soka,286,0,train
/kaggle/input/datasets/hertiyani/batik-nitik-960-official-mendeley/Batik Nitik 960/Batik Nitik 960 Images/25 Sekar Soka 4_rotate_90.jpg,25 Sekar Soka 4_rotate_90.jpg,25 Sekar Soka,286,0,train
/kaggle/input/datasets/hertiyani/batik-nitik-960-official-mendeley/Batik Nitik 960/Batik Nitik 960 Images/26 Sekar Nangka 1.jpg,26 Sekar Nangka 1.jpg,26 Sekar Nangka,288,0,train
/kaggle/input/datasets/hertiyani/batik-nitik-960-official-mendeley/Batik Nitik 960/Batik Nitik 960 Images/26 Sekar Nangka 1_rotate_180.jpg,26 Sekar Nangka 1_rotate_180.jpg,26 Sekar Nangka,288,0,train
/kaggle/input/datasets/hertiyani/batik-nitik-960-official-mendeley/Batik Nitik 960/Batik Nitik 960 Images/26 Sekar Nangka 1_rotate_270.jpg,26 Sekar Nangka 1_rotate_270.jpg,26 Sekar Nangka,290,0,train
/kaggle/input/datasets/hertiyani/batik-nitik-960-official-mendeley/Batik Nitik 960/Batik Nitik 960 Images/26 Sekar Nangka 1_rotate_90.jpg,26 Sekar Nangka 1_rotate_90.jpg,26 Sekar Nangka,290,0,train
/kaggle/input/datasets/hertiyani/batik-nitik-960-official-mendeley/Batik Nitik 960/Batik Nitik 960 Images/26 Sekar Nangka 2.jpg,26 Sekar Nangka 2.jpg,26 Sekar Nangka,292,0,test
/kaggle/input/datasets/hertiyani/batik-nitik-960-official-mendeley/Batik Nitik 960/Batik Nitik 960 Images/26 Sekar Nangka 2_rotate_180.jpg,26 Sekar Nangka 2_rotate_180.jpg,26 Sekar Nangka,292,0,test
/kaggle/input/datasets/hertiyani/batik-nitik-960-official-mendeley/Batik Nitik 960/Batik Nitik 960 Images/26 Sekar Nangka 2_rotate_270.jpg,26 Sekar Nangka 2_rotate_270.jpg,26 Sekar Nangka,294,0,test
/kaggle/input/datasets/hertiyani/batik-nitik-960-official-mendeley/Batik Nitik 960/Batik Nitik 960 Images/26 Sekar Nangka 2_rotate_90.jpg,26 Sekar Nangka 2_rotate_90.jpg,26 Sekar Nangka,294,0,test
/kaggle/input/datasets/hertiyani/batik-nitik-960-official-mendeley/Batik Nitik 960/Batik Nitik 960 Images/26 Sekar Nangka 3.jpg,26 Sekar Nangka 3.jpg,26 Sekar Nangka,296,0,train
/kaggle/input/datasets/hertiyani/batik-nitik-960-official-mendeley/Batik Nitik 960/Batik Nitik 960 Images/26 Sekar Nangka 3_rotate_180.jpg,26 Sekar Nangka 3_rotate_180.jpg,26 Sekar Nangka,296,0,train
/kaggle/input/datasets/hertiyani/batik-nitik-960-official-mendeley/Batik Nitik 960/Batik Nitik 960 Images/26 Sekar Nangka 3_rotate_270.jpg,26 Sekar Nangka 3_rotate_270.jpg,26 Sekar Nangka,298,0,train
/kaggle/input/datasets/hertiyani/batik-nitik-960-official-mendeley/Batik Nitik 960/Batik Nitik 960 Images/26 Sekar Nangka 3_rotate_90.jpg,26 Sekar Nangka 3_rotate_90.jpg,26 Sekar Nangka,298,0,train
/kaggle/input/datasets/hertiyani/batik-nitik-960-official-mendeley/Batik Nitik 960/Batik Nitik 960 Images/26 Sekar Nangka 4.jpg,26 Sekar Nangka 4.jpg,26 Sekar Nangka,300,0,train
/kaggle/input/datasets/hertiyani/batik-nitik-960-official-mendeley/Batik Nitik 960/Batik Nitik 960 Images/26 Sekar Nangka 4_rotate_180.jpg,26 Sekar Nangka 4_rotate_180.jpg,26 Sekar Nangka,300,0,train
/kaggle/input/datasets/hertiyani/batik-nitik-960-official-mendeley/Batik Nitik 960/Batik Nitik 960 Images/26 Sekar Nangka 4_rotate_270.jpg,26 Sekar Nangka 4_rotate_270.jpg,26 Sekar Nangka,302,0,test
/kaggle/input/datasets/hertiyani/batik-nitik-960-official-mendeley/Batik Nitik 960/Batik Nitik 960 Images/26 Sekar Nangka 4_rotate_90.jpg,26 Sekar Nangka 4_rotate_90.jpg,26 Sekar Nangka,302,0,test
/kaggle/input/datasets/hertiyani/batik-nitik-960-official-mendeley/Batik Nitik 960/Batik Nitik 960 Images/27 Kawung Nitik 1.jpg,27 Kawung Nitik 1.jpg,27 Kawung Nitik,304,0,test
/kaggle/input/datasets/hertiyani/batik-nitik-960-official-mendeley/Batik Nitik 960/Batik Nitik 960 Images/27 Kawung Nitik 1_rotate_180.jpg,27 Kawung Nitik 1_rotate_180.jpg,27 Kawung Nitik,304,0,test
/kaggle/input/datasets/hertiyani/batik-nitik-960-official-mendeley/Batik Nitik 960/Batik Nitik 960 Images/27 Kawung Nitik 1_rotate_270.jpg,27 Kawung Nitik 1_rotate_270.jpg,27 Kawung Nitik,306,0,test
/kaggle/input/datasets/hertiyani/batik-nitik-960-official-mendeley/Batik Nitik 960/Batik Nitik 960 Images/27 Kawung Nitik 1_rotate_90.jpg,27 Kawung Nitik 1_rotate_90.jpg,27 Kawung Nitik,306,0,test
/kaggle/input/datasets/hertiyani/batik-nitik-960-official-mendeley/Batik Nitik 960/Batik Nitik 960 Images/27 Kawung Nitik 2.jpg,27 Kawung Nitik 2.jpg,27 Kawung Nitik,308,0,train
/kaggle/input/datasets/hertiyani/batik-nitik-960-official-mendeley/Batik Nitik 960/Batik Nitik 960 Images/27 Kawung Nitik 2_rotate_180.jpg,27 Kawung Nitik 2_rotate_180.jpg,27 Kawung Nitik,308,0,train
/kaggle/input/datasets/hertiyani/batik-nitik-960-official-mendeley/Batik Nitik 960/Batik Nitik 960 Images/27 Kawung Nitik 2_rotate_270.jpg,27 Kawung Nitik 2_rotate_270.jpg,27 Kawung Nitik,310,0,train
/kaggle/input/datasets/hertiyani/batik-nitik-960-official-mendeley/Batik Nitik 960/Batik Nitik 960 Images/27 Kawung Nitik 2_rotate_90.jpg,27 Kawung Nitik 2_rotate_90.jpg,27 Kawung Nitik,310,0,train
/kaggle/input/datasets/hertiyani/batik-nitik-960-official-mendeley/Batik Nitik 960/Batik Nitik 960 Images/27 Kawung Nitik 3.jpg,27 Kawung Nitik 3.jpg,27 Kawung Nitik,312,0,train
/kaggle/input/datasets/hertiyani/batik-nitik-960-official-mendeley/Batik Nitik 960/Batik Nitik 960 Images/27 Kawung Nitik 3_rotate_180.jpg,27 Kawung Nitik 3_rotate_180.jpg,27 Kawung Nitik,312,0,train
/kaggle/input/datasets/hertiyani/batik-nitik-960-official-mendeley/Batik Nitik 960/Batik Nitik 960 Images/27 Kawung Nitik 3_rotate_270.jpg,27 Kawung Nitik 3_rotate_270.jpg,27 Kawung Nitik,314,0,test
/kaggle/input/datasets/hertiyani/batik-nitik-960-official-mendeley/Batik Nitik 960/Batik Nitik 960 Images/27 Kawung Nitik 3_rotate_90.jpg,27 Kawung Nitik 3_rotate_90.jpg,27 Kawung Nitik,314,0,test
/kaggle/input/datasets/hertiyani/batik-nitik-960-official-mendeley/Batik Nitik 960/Batik Nitik 960 Images/27 Kawung Nitik 4.jpg,27 Kawung Nitik 4.jpg,27 Kawung Nitik,316,0,train
/kaggle/input/datasets/hertiyani/batik-nitik-960-official-mendeley/Batik Nitik 960/Batik Nitik 960 Images/27 Kawung Nitik 4_rotate_180.jpg,27 Kawung Nitik 4_rotate_180.jpg,27 Kawung Nitik,316,0,train
/kaggle/input/datasets/hertiyani/batik-nitik-960-official-mendeley/Batik Nitik 960/Batik Nitik 960 Images/27 Kawung Nitik 4_rotate_270.jpg,27 Kawung Nitik 4_rotate_270.jpg,27 Kawung Nitik,318,0,train
/kaggle/input/datasets/hertiyani/batik-nitik-960-official-mendeley/Batik Nitik 960/Batik Nitik 960 Images/27 Kawung Nitik 4_rotate_90.jpg,27 Kawung Nitik 4_rotate_90.jpg,27 Kawung Nitik,318,0,train
/kaggle/input/datasets/hertiyani/batik-nitik-960-official-mendeley/Batik Nitik 960/Batik Nitik 960 Images/28 Sekar Kenthang 1.jpg,28 Sekar Kenthang 1.jpg,28 Sekar Kenthang,320,0,test
/kaggle/input/datasets/hertiyani/batik-nitik-960-official-mendeley/Batik Nitik 960/Batik Nitik 960 Images/28 Sekar Kenthang 1_rotate_180.jpg,28 Sekar Kenthang 1_rotate_180.jpg,28 Sekar Kenthang,320,0,test
/kaggle/input/datasets/hertiyani/batik-nitik-960-official-mendeley/Batik Nitik 960/Batik Nitik 960 Images/28 Sekar Kenthang 1_rotate_270.jpg,28 Sekar Kenthang 1_rotate_270.jpg,28 Sekar Kenthang,322,0,test
/kaggle/input/datasets/hertiyani/batik-nitik-960-official-mendeley/Batik Nitik 960/Batik Nitik 960 Images/28 Sekar Kenthang 1_rotate_90.jpg,28 Sekar Kenthang 1_rotate_90.jpg,28 Sekar Kenthang,322,0,test
/kaggle/input/datasets/hertiyani/batik-nitik-960-official-mendeley/Batik Nitik 960/Batik Nitik 960 Images/28 Sekar Kenthang 2.jpg,28 Sekar Kenthang 2.jpg,28 Sekar Kenthang,324,0,train
/kaggle/input/datasets/hertiyani/batik-nitik-960-official-mendeley/Batik Nitik 960/Batik Nitik 960 Images/28 Sekar Kenthang 2_rotate_180.jpg,28 Sekar Kenthang 2_rotate_180.jpg,28 Sekar Kenthang,324,0,train
/kaggle/input/datasets/hertiyani/batik-nitik-960-official-mendeley/Batik Nitik 960/Batik Nitik 960 Images/28 Sekar Kenthang 2_rotate_270.jpg,28 Sekar Kenthang 2_rotate_270.jpg,28 Sekar Kenthang,326,0,test
/kaggle/input/datasets/hertiyani/batik-nitik-960-official-mendeley/Batik Nitik 960/Batik Nitik 960 Images/28 Sekar Kenthang 2_rotate_90.jpg,28 Sekar Kenthang 2_rotate_90.jpg,28 Sekar Kenthang,326,0,test
/kaggle/input/datasets/hertiyani/batik-nitik-960-official-mendeley/Batik Nitik 960/Batik Nitik 960 Images/28 Sekar Kenthang 3.jpg,28 Sekar Kenthang 3.jpg,28 Sekar Kenthang,328,0,train
/kaggle/input/datasets/hertiyani/batik-nitik-960-official-mendeley/Batik Nitik 960/Batik Nitik 960 Images/28 Sekar Kenthang 3_rotate_180.jpg,28 Sekar Kenthang 3_rotate_180.jpg,28 Sekar Kenthang,328,0,train
/kaggle/input/datasets/hertiyani/batik-nitik-960-official-mendeley/Batik Nitik 960/Batik Nitik 960 Images/28 Sekar Kenthang 3_rotate_270.jpg,28 Sekar Kenthang 3_rotate_270.jpg,28 Sekar Kenthang,328,0,train
/kaggle/input/datasets/hertiyani/batik-nitik-960-official-mendeley/Batik Nitik 960/Batik Nitik 960 Images/28 Sekar Kenthang 3_rotate_90.jpg,28 Sekar Kenthang 3_rotate_90.jpg,28 Sekar Kenthang,328,0,train
/kaggle/input/datasets/hertiyani/batik-nitik-960-official-mendeley/Batik Nitik 960/Batik Nitik 960 Images/28 Sekar Kenthang 4.jpg,28 Sekar Kenthang 4.jpg,28 Sekar Kenthang,332,0,train
/kaggle/input/datasets/hertiyani/batik-nitik-960-official-mendeley/Batik Nitik 960/Batik Nitik 960 Images/28 Sekar Kenthang 4_rotate_180.jpg,28 Sekar Kenthang 4_rotate_180.jpg,28 Sekar Kenthang,332,0,train
/kaggle/input/datasets/hertiyani/batik-nitik-960-official-mendeley/Batik Nitik 960/Batik Nitik 960 Images/28 Sekar Kenthang 4_rotate_270.jpg,28 Sekar Kenthang 4_rotate_270.jpg,28 Sekar Kenthang,332,0,train
/kaggle/input/datasets/hertiyani/batik-nitik-960-official-mendeley/Batik Nitik 960/Batik Nitik 960 Images/28 Sekar Kenthang 4_rotate_90.jpg,28 Sekar Kenthang 4_rotate_90.jpg,28 Sekar Kenthang,332,0,train
/kaggle/input/datasets/hertiyani/batik-nitik-960-official-mendeley/Batik Nitik 960/Batik Nitik 960 Images/29 Sekar Pudhak 1.jpg,29 Sekar Pudhak 1.jpg,29 Sekar Pudhak,336,0,train
/kaggle/input/datasets/hertiyani/batik-nitik-960-official-mendeley/Batik Nitik 960/Batik Nitik 960 Images/29 Sekar Pudhak 1_rotate_180.jpg,29 Sekar Pudhak 1_rotate_180.jpg,29 Sekar Pudhak,336,0,train
/kaggle/input/datasets/hertiyani/batik-nitik-960-official-mendeley/Batik Nitik 960/Batik Nitik 960 Images/29 Sekar Pudhak 1_rotate_270.jpg,29 Sekar Pudhak 1_rotate_270.jpg,29 Sekar Pudhak,338,0,train
/kaggle/input/datasets/hertiyani/batik-nitik-960-official-mendeley/Batik Nitik 960/Batik Nitik 960 Images/29 Sekar Pudhak 1_rotate_90.jpg,29 Sekar Pudhak 1_rotate_90.jpg,29 Sekar Pudhak,338,0,train
/kaggle/input/datasets/hertiyani/batik-nitik-960-official-mendeley/Batik Nitik 960/Batik Nitik 960 Images/29 Sekar Pudhak 2.jpg,29 Sekar Pudhak 2.jpg,29 Sekar Pudhak,340,0,test
/kaggle/input/datasets/hertiyani/batik-nitik-960-official-mendeley/Batik Nitik 960/Batik Nitik 960 Images/29 Sekar Pudhak 2_rotate_180.jpg,29 Sekar Pudhak 2_rotate_180.jpg,29 Sekar Pudhak,340,0,test
/kaggle/input/datasets/hertiyani/batik-nitik-960-official-mendeley/Batik Nitik 960/Batik Nitik 960 Images/29 Sekar Pudhak 2_rotate_270.jpg,29 Sekar Pudhak 2_rotate_270.jpg,29 Sekar Pudhak,340,0,test
/kaggle/input/datasets/hertiyani/batik-nitik-960-official-mendeley/Batik Nitik 960/Batik Nitik 960 Images/29 Sekar Pudhak 2_rotate_90.jpg,29 Sekar Pudhak 2_rotate_90.jpg,29 Sekar Pudhak,340,0,test
/kaggle/input/datasets/hertiyani/batik-nitik-960-official-mendeley/Batik Nitik 960/Batik Nitik 960 Images/29 Sekar Pudhak 3.jpg,29 Sekar Pudhak 3.jpg,29 Sekar Pudhak,344,0,train
/kaggle/input/datasets/hertiyani/batik-nitik-960-official-mendeley/Batik Nitik 960/Batik Nitik 960 Images/29 Sekar Pudhak 3_rotate_180.jpg,29 Sekar Pudhak 3_rotate_180.jpg,29 Sekar Pudhak,344,0,train
/kaggle/input/datasets/hertiyani/batik-nitik-960-official-mendeley/Batik Nitik 960/Batik Nitik 960 Images/29 Sekar Pudhak 3_rotate_270.jpg,29 Sekar Pudhak 3_rotate_270.jpg,29 Sekar Pudhak,344,0,train
/kaggle/input/datasets/hertiyani/batik-nitik-960-official-mendeley/Batik Nitik 960/Batik Nitik 960 Images/29 Sekar Pudhak 3_rotate_90.jpg,29 Sekar Pudhak 3_rotate_90.jpg,29 Sekar Pudhak,344,0,train
/kaggle/input/datasets/hertiyani/batik-nitik-960-official-mendeley/Batik Nitik 960/Batik Nitik 960 Images/29 Sekar Pudhak 4.jpg,29 Sekar Pudhak 4.jpg,29 Sekar Pudhak,348,0,train
/kaggle/input/datasets/hertiyani/batik-nitik-960-official-mendeley/Batik Nitik 960/Batik Nitik 960 Images/29 Sekar Pudhak 4_rotate_180.jpg,29 Sekar Pudhak 4_rotate_180.jpg,29 Sekar Pudhak,348,0,train
/kaggle/input/datasets/hertiyani/batik-nitik-960-official-mendeley/Batik Nitik 960/Batik Nitik 960 Images/29 Sekar Pudhak 4_rotate_270.jpg,29 Sekar Pudhak 4_rotate_270.jpg,29 Sekar Pudhak,350,0,test
/kaggle/input/datasets/hertiyani/batik-nitik-960-official-mendeley/Batik Nitik 960/Batik Nitik 960 Images/29 Sekar Pudhak 4_rotate_90.jpg,29 Sekar Pudhak 4_rotate_90.jpg,29 Sekar Pudhak,350,0,test
/kaggle/input/datasets/hertiyani/batik-nitik-960-official-mendeley/Batik Nitik 960/Batik Nitik 960 Images/3 Sekar Duren 1.jpg,3 Sekar Duren 1.jpg,3 Sekar Duren,352,0,train
/kaggle/input/datasets/hertiyani/batik-nitik-960-official-mendeley/Batik Nitik 960/Batik Nitik 960 Images/3 Sekar Duren 1_rotate_180.jpg,3 Sekar Duren 1_rotate_180.jpg,3 Sekar Duren,352,0,train
/kaggle/input/datasets/hertiyani/batik-nitik-960-official-mendeley/Batik Nitik 960/Batik Nitik 960 Images/3 Sekar Duren 1_rotate_270.jpg,3 Sekar Duren 1_rotate_270.jpg,3 Sekar Duren,354,0,test
/kaggle/input/datasets/hertiyani/batik-nitik-960-official-mendeley/Batik Nitik 960/Batik Nitik 960 Images/3 Sekar Duren 1_rotate_90.jpg,3 Sekar Duren 1_rotate_90.jpg,3 Sekar Duren,354,0,test
/kaggle/input/datasets/hertiyani/batik-nitik-960-official-mendeley/Batik Nitik 960/Batik Nitik 960 Images/3 Sekar Duren 2.jpg,3 Sekar Duren 2.jpg,3 Sekar Duren,356,0,train
/kaggle/input/datasets/hertiyani/batik-nitik-960-official-mendeley/Batik Nitik 960/Batik Nitik 960 Images/3 Sekar Duren 2_rotate_180.jpg,3 Sekar Duren 2_rotate_180.jpg,3 Sekar Duren,356,0,train
/kaggle/input/datasets/hertiyani/batik-nitik-960-official-mendeley/Batik Nitik 960/Batik Nitik 960 Images/3 Sekar Duren 2_rotate_270.jpg,3 Sekar Duren 2_rotate_270.jpg,3 Sekar Duren,358,0,train
/kaggle/input/datasets/hertiyani/batik-nitik-960-official-mendeley/Batik Nitik 960/Batik Nitik 960 Images/3 Sekar Duren 2_rotate_90.jpg,3 Sekar Duren 2_rotate_90.jpg,3 Sekar Duren,358,0,train
/kaggle/input/datasets/hertiyani/batik-nitik-960-official-mendeley/Batik Nitik 960/Batik Nitik 960 Images/3 Sekar Duren 3.jpg,3 Sekar Duren 3.jpg,3 Sekar Duren,360,0,test
/kaggle/input/datasets/hertiyani/batik-nitik-960-official-mendeley/Batik Nitik 960/Batik Nitik 960 Images/3 Sekar Duren 3_rotate_180.jpg,3 Sekar Duren 3_rotate_180.jpg,3 Sekar Duren,360,0,test
/kaggle/input/datasets/hertiyani/batik-nitik-960-official-mendeley/Batik Nitik 960/Batik Nitik 960 Images/3 Sekar Duren 3_rotate_270.jpg,3 Sekar Duren 3_rotate_270.jpg,3 Sekar Duren,362,0,train
/kaggle/input/datasets/hertiyani/batik-nitik-960-official-mendeley/Batik Nitik 960/Batik Nitik 960 Images/3 Sekar Duren 3_rotate_90.jpg,3 Sekar Duren 3_rotate_90.jpg,3 Sekar Duren,362,0,train
/kaggle/input/datasets/hertiyani/batik-nitik-960-official-mendeley/Batik Nitik 960/Batik Nitik 960 Images/3 Sekar Duren 4.jpg,3 Sekar Duren 4.jpg,3 Sekar Duren,364,0,train
/kaggle/input/datasets/hertiyani/batik-nitik-960-official-mendeley/Batik Nitik 960/Batik Nitik 960 Images/3 Sekar Duren 4_rotate_180.jpg,3 Sekar Duren 4_rotate_180.jpg,3 Sekar Duren,364,0,train
/kaggle/input/datasets/hertiyani/batik-nitik-960-official-mendeley/Batik Nitik 960/Batik Nitik 960 Images/3 Sekar Duren 4_rotate_270.jpg,3 Sekar Duren 4_rotate_270.jpg,3 Sekar Duren,366,0,test
/kaggle/input/datasets/hertiyani/batik-nitik-960-official-mendeley/Batik Nitik 960/Batik Nitik 960 Images/3 Sekar Duren 4_rotate_90.jpg,3 Sekar Duren 4_rotate_90.jpg,3 Sekar Duren,366,0,test
/kaggle/input/datasets/hertiyani/batik-nitik-960-official-mendeley/Batik Nitik 960/Batik Nitik 960 Images/30 Sekar Dlima 1.jpg,30 Sekar Dlima 1.jpg,30 Sekar Dlima,368,0,test
/kaggle/input/datasets/hertiyani/batik-nitik-960-official-mendeley/Batik Nitik 960/Batik Nitik 960 Images/30 Sekar Dlima 1_rotate_180.jpg,30 Sekar Dlima 1_rotate_180.jpg,30 Sekar Dlima,368,0,test
/kaggle/input/datasets/hertiyani/batik-nitik-960-official-mendeley/Batik Nitik 960/Batik Nitik 960 Images/30 Sekar Dlima 1_rotate_270.jpg,30 Sekar Dlima 1_rotate_270.jpg,30 Sekar Dlima,370,0,train
/kaggle/input/datasets/hertiyani/batik-nitik-960-official-mendeley/Batik Nitik 960/Batik Nitik 960 Images/30 Sekar Dlima 1_rotate_90.jpg,30 Sekar Dlima 1_rotate_90.jpg,30 Sekar Dlima,370,0,train
/kaggle/input/datasets/hertiyani/batik-nitik-960-official-mendeley/Batik Nitik 960/Batik Nitik 960 Images/30 Sekar Dlima 2.jpg,30 Sekar Dlima 2.jpg,30 Sekar Dlima,372,0,test
/kaggle/input/datasets/hertiyani/batik-nitik-960-official-mendeley/Batik Nitik 960/Batik Nitik 960 Images/30 Sekar Dlima 2_rotate_180.jpg,30 Sekar Dlima 2_rotate_180.jpg,30 Sekar Dlima,372,0,test
/kaggle/input/datasets/hertiyani/batik-nitik-960-official-mendeley/Batik Nitik 960/Batik Nitik 960 Images/30 Sekar Dlima 2_rotate_270.jpg,30 Sekar Dlima 2_rotate_270.jpg,30 Sekar Dlima,374,0,train
/kaggle/input/datasets/hertiyani/batik-nitik-960-official-mendeley/Batik Nitik 960/Batik Nitik 960 Images/30 Sekar Dlima 2_rotate_90.jpg,30 Sekar Dlima 2_rotate_90.jpg,30 Sekar Dlima,374,0,train
/kaggle/input/datasets/hertiyani/batik-nitik-960-official-mendeley/Batik Nitik 960/Batik Nitik 960 Images/30 Sekar Dlima 3.jpg,30 Sekar Dlima 3.jpg,30 Sekar Dlima,376,0,train
/kaggle/input/datasets/hertiyani/batik-nitik-960-official-mendeley/Batik Nitik 960/Batik Nitik 960 Images/30 Sekar Dlima 3_rotate_180.jpg,30 Sekar Dlima 3_rotate_180.jpg,30 Sekar Dlima,376,0,train
/kaggle/input/datasets/hertiyani/batik-nitik-960-official-mendeley/Batik Nitik 960/Batik Nitik 960 Images/30 Sekar Dlima 3_rotate_270.jpg,30 Sekar Dlima 3_rotate_270.jpg,30 Sekar Dlima,376,0,train
/kaggle/input/datasets/hertiyani/batik-nitik-960-official-mendeley/Batik Nitik 960/Batik Nitik 960 Images/30 Sekar Dlima 3_rotate_90.jpg,30 Sekar Dlima 3_rotate_90.jpg,30 Sekar Dlima,376,0,train
/kaggle/input/datasets/hertiyani/batik-nitik-960-official-mendeley/Batik Nitik 960/Batik Nitik 960 Images/30 Sekar Dlima 4.jpg,30 Sekar Dlima 4.jpg,30 Sekar Dlima,380,0,train
/kaggle/input/datasets/hertiyani/batik-nitik-960-official-mendeley/Batik Nitik 960/Batik Nitik 960 Images/30 Sekar Dlima 4_rotate_180.jpg,30 Sekar Dlima 4_rotate_180.jpg,30 Sekar Dlima,380,0,train
/kaggle/input/datasets/hertiyani/batik-nitik-960-official-mendeley/Batik Nitik 960/Batik Nitik 960 Images/30 Sekar Dlima 4_rotate_270.jpg,30 Sekar Dlima 4_rotate_270.jpg,30 Sekar Dlima,382,0,test
/kaggle/input/datasets/hertiyani/batik-nitik-960-official-mendeley/Batik Nitik 960/Batik Nitik 960 Images/30 Sekar Dlima 4_rotate_90.jpg,30 Sekar Dlima 4_rotate_90.jpg,30 Sekar Dlima,382,0,test
/kaggle/input/datasets/hertiyani/batik-nitik-960-official-mendeley/Batik Nitik 960/Batik Nitik 960 Images/31 Krawitan  2.jpg,31 Krawitan  2.jpg,31 Krawitan,384,0,train
/kaggle/input/datasets/hertiyani/batik-nitik-960-official-mendeley/Batik Nitik 960/Batik Nitik 960 Images/31 Krawitan  2_rotate_180.jpg,31 Krawitan  2_rotate_180.jpg,31 Krawitan,384,0,train
/kaggle/input/datasets/hertiyani/batik-nitik-960-official-mendeley/Batik Nitik 960/Batik Nitik 960 Images/31 Krawitan  2_rotate_270.jpg,31 Krawitan  2_rotate_270.jpg,31 Krawitan,386,0,test
/kaggle/input/datasets/hertiyani/batik-nitik-960-official-mendeley/Batik Nitik 960/Batik Nitik 960 Images/31 Krawitan  2_rotate_90.jpg,31 Krawitan  2_rotate_90.jpg,31 Krawitan,386,0,test
/kaggle/input/datasets/hertiyani/batik-nitik-960-official-mendeley/Batik Nitik 960/Batik Nitik 960 Images/31 Krawitan 1.jpg,31 Krawitan 1.jpg,31 Krawitan,388,0,test
/kaggle/input/datasets/hertiyani/batik-nitik-960-official-mendeley/Batik Nitik 960/Batik Nitik 960 Images/31 Krawitan 1_rotate_180.jpg,31 Krawitan 1_rotate_180.jpg,31 Krawitan,388,0,test
/kaggle/input/datasets/hertiyani/batik-nitik-960-official-mendeley/Batik Nitik 960/Batik Nitik 960 Images/31 Krawitan 1_rotate_270.jpg,31 Krawitan 1_rotate_270.jpg,31 Krawitan,390,0,train
/kaggle/input/datasets/hertiyani/batik-nitik-960-official-mendeley/Batik Nitik 960/Batik Nitik 960 Images/31 Krawitan 1_rotate_90.jpg,31 Krawitan 1_rotate_90.jpg,31 Krawitan,390,0,train
/kaggle/input/datasets/hertiyani/batik-nitik-960-official-mendeley/Batik Nitik 960/Batik Nitik 960 Images/31 Krawitan 3.jpg,31 Krawitan 3.jpg,31 Krawitan,392,0,train
/kaggle/input/datasets/hertiyani/batik-nitik-960-official-mendeley/Batik Nitik 960/Batik Nitik 960 Images/31 Krawitan 3_rotate_180.jpg,31 Krawitan 3_rotate_180.jpg,31 Krawitan,392,0,train
/kaggle/input/datasets/hertiyani/batik-nitik-960-official-mendeley/Batik Nitik 960/Batik Nitik 960 Images/31 Krawitan 3_rotate_270.jpg,31 Krawitan 3_rotate_270.jpg,31 Krawitan,394,0,test
/kaggle/input/datasets/hertiyani/batik-nitik-960-official-mendeley/Batik Nitik 960/Batik Nitik 960 Images/31 Krawitan 3_rotate_90.jpg,31 Krawitan 3_rotate_90.jpg,31 Krawitan,394,0,test
/kaggle/input/datasets/hertiyani/batik-nitik-960-official-mendeley/Batik Nitik 960/Batik Nitik 960 Images/31 Krawitan 4.jpg,31 Krawitan 4.jpg,31 Krawitan,396,0,train
/kaggle/input/datasets/hertiyani/batik-nitik-960-official-mendeley/Batik Nitik 960/Batik Nitik 960 Images/31 Krawitan 4_rotate_180.jpg,31 Krawitan 4_rotate_180.jpg,31 Krawitan,396,0,train
/kaggle/input/datasets/hertiyani/batik-nitik-960-official-mendeley/Batik Nitik 960/Batik Nitik 960 Images/31 Krawitan 4_rotate_270.jpg,31 Krawitan 4_rotate_270.jpg,31 Krawitan,398,0,train
/kaggle/input/datasets/hertiyani/batik-nitik-960-official-mendeley/Batik Nitik 960/Batik Nitik 960 Images/31 Krawitan 4_rotate_90.jpg,31 Krawitan 4_rotate_90.jpg,31 Krawitan,398,0,train
/kaggle/input/datasets/hertiyani/batik-nitik-960-official-mendeley/Batik Nitik 960/Batik Nitik 960 Images/32 Cinde Wilis 1.jpg,32 Cinde Wilis 1.jpg,32 Cinde Wilis,400,0,test
/kaggle/input/datasets/hertiyani/batik-nitik-960-official-mendeley/Batik Nitik 960/Batik Nitik 960 Images/32 Cinde Wilis 1_rotate_180.jpg,32 Cinde Wilis 1_rotate_180.jpg,32 Cinde Wilis,400,0,test
/kaggle/input/datasets/hertiyani/batik-nitik-960-official-mendeley/Batik Nitik 960/Batik Nitik 960 Images/32 Cinde Wilis 1_rotate_270.jpg,32 Cinde Wilis 1_rotate_270.jpg,32 Cinde Wilis,402,0,train
/kaggle/input/datasets/hertiyani/batik-nitik-960-official-mendeley/Batik Nitik 960/Batik Nitik 960 Images/32 Cinde Wilis 1_rotate_90.jpg,32 Cinde Wilis 1_rotate_90.jpg,32 Cinde Wilis,402,0,train
/kaggle/input/datasets/hertiyani/batik-nitik-960-official-mendeley/Batik Nitik 960/Batik Nitik 960 Images/32 Cinde Wilis 2.jpg,32 Cinde Wilis 2.jpg,32 Cinde Wilis,404,0,test
/kaggle/input/datasets/hertiyani/batik-nitik-960-official-mendeley/Batik Nitik 960/Batik Nitik 960 Images/32 Cinde Wilis 2_rotate_180.jpg,32 Cinde Wilis 2_rotate_180.jpg,32 Cinde Wilis,404,0,test
/kaggle/input/datasets/hertiyani/batik-nitik-960-official-mendeley/Batik Nitik 960/Batik Nitik 960 Images/32 Cinde Wilis 2_rotate_270.jpg,32 Cinde Wilis 2_rotate_270.jpg,32 Cinde Wilis,406,0,test
/kaggle/input/datasets/hertiyani/batik-nitik-960-official-mendeley/Batik Nitik 960/Batik Nitik 960 Images/32 Cinde Wilis 2_rotate_90.jpg,32 Cinde Wilis 2_rotate_90.jpg,32 Cinde Wilis,406,0,test
/kaggle/input/datasets/hertiyani/batik-nitik-960-official-mendeley/Batik Nitik 960/Batik Nitik 960 Images/32 Cinde Wilis 3.jpg,32 Cinde Wilis 3.jpg,32 Cinde Wilis,408,0,train
/kaggle/input/datasets/hertiyani/batik-nitik-960-official-mendeley/Batik Nitik 960/Batik Nitik 960 Images/32 Cinde Wilis 3_rotate_180.jpg,32 Cinde Wilis 3_rotate_180.jpg,32 Cinde Wilis,408,0,train
/kaggle/input/datasets/hertiyani/batik-nitik-960-official-mendeley/Batik Nitik 960/Batik Nitik 960 Images/32 Cinde Wilis 3_rotate_270.jpg,32 Cinde Wilis 3_rotate_270.jpg,32 Cinde Wilis,408,0,train
/kaggle/input/datasets/hertiyani/batik-nitik-960-official-mendeley/Batik Nitik 960/Batik Nitik 960 Images/32 Cinde Wilis 3_rotate_90.jpg,32 Cinde Wilis 3_rotate_90.jpg,32 Cinde Wilis,408,0,train
/kaggle/input/datasets/hertiyani/batik-nitik-960-official-mendeley/Batik Nitik 960/Batik Nitik 960 Images/32 Cinde Wilis 4.jpg,32 Cinde Wilis 4.jpg,32 Cinde Wilis,412,0,train
/kaggle/input/datasets/hertiyani/batik-nitik-960-official-mendeley/Batik Nitik 960/Batik Nitik 960 Images/32 Cinde Wilis 4_rotate_180.jpg,32 Cinde Wilis 4_rotate_180.jpg,32 Cinde Wilis,412,0,train
/kaggle/input/datasets/hertiyani/batik-nitik-960-official-mendeley/Batik Nitik 960/Batik Nitik 960 Images/32 Cinde Wilis 4_rotate_270.jpg,32 Cinde Wilis 4_rotate_270.jpg,32 Cinde Wilis,414,0,train
/kaggle/input/datasets/hertiyani/batik-nitik-960-official-mendeley/Batik Nitik 960/Batik Nitik 960 Images/32 Cinde Wilis 4_rotate_90.jpg,32 Cinde Wilis 4_rotate_90.jpg,32 Cinde Wilis,414,0,train
/kaggle/input/datasets/hertiyani/batik-nitik-960-official-mendeley/Batik Nitik 960/Batik Nitik 960 Images/33 Sekar Mlathi 1.jpg,33 Sekar Mlathi 1.jpg,33 Sekar Mlathi,416,0,train
/kaggle/input/datasets/hertiyani/batik-nitik-960-official-mendeley/Batik Nitik 960/Batik Nitik 960 Images/33 Sekar Mlathi 1_rotate_180.jpg,33 Sekar Mlathi 1_rotate_180.jpg,33 Sekar Mlathi,416,0,train
/kaggle/input/datasets/hertiyani/batik-nitik-960-official-mendeley/Batik Nitik 960/Batik Nitik 960 Images/33 Sekar Mlathi 1_rotate_270.jpg,33 Sekar Mlathi 1_rotate_270.jpg,33 Sekar Mlathi,416,0,train
/kaggle/input/datasets/hertiyani/batik-nitik-960-official-mendeley/Batik Nitik 960/Batik Nitik 960 Images/33 Sekar Mlathi 1_rotate_90.jpg,33 Sekar Mlathi 1_rotate_90.jpg,33 Sekar Mlathi,416,0,train
/kaggle/input/datasets/hertiyani/batik-nitik-960-official-mendeley/Batik Nitik 960/Batik Nitik 960 Images/33 Sekar Mlathi 2.jpg,33 Sekar Mlathi 2.jpg,33 Sekar Mlathi,420,0,train
/kaggle/input/datasets/hertiyani/batik-nitik-960-official-mendeley/Batik Nitik 960/Batik Nitik 960 Images/33 Sekar Mlathi 2_rotate_180.jpg,33 Sekar Mlathi 2_rotate_180.jpg,33 Sekar Mlathi,420,0,train
/kaggle/input/datasets/hertiyani/batik-nitik-960-official-mendeley/Batik Nitik 960/Batik Nitik 960 Images/33 Sekar Mlathi 2_rotate_270.jpg,33 Sekar Mlathi 2_rotate_270.jpg,33 Sekar Mlathi,422,0,train
/kaggle/input/datasets/hertiyani/batik-nitik-960-official-mendeley/Batik Nitik 960/Batik Nitik 960 Images/33 Sekar Mlathi 2_rotate_90.jpg,33 Sekar Mlathi 2_rotate_90.jpg,33 Sekar Mlathi,422,0,train
/kaggle/input/datasets/hertiyani/batik-nitik-960-official-mendeley/Batik Nitik 960/Batik Nitik 960 Images/33 Sekar Mlathi 3.jpg,33 Sekar Mlathi 3.jpg,33 Sekar Mlathi,424,0,test
/kaggle/input/datasets/hertiyani/batik-nitik-960-official-mendeley/Batik Nitik 960/Batik Nitik 960 Images/33 Sekar Mlathi 3_rotate_180.jpg,33 Sekar Mlathi 3_rotate_180.jpg,33 Sekar Mlathi,424,0,test
/kaggle/input/datasets/hertiyani/batik-nitik-960-official-mendeley/Batik Nitik 960/Batik Nitik 960 Images/33 Sekar Mlathi 3_rotate_270.jpg,33 Sekar Mlathi 3_rotate_270.jpg,33 Sekar Mlathi,424,0,test
/kaggle/input/datasets/hertiyani/batik-nitik-960-official-mendeley/Batik Nitik 960/Batik Nitik 960 Images/33 Sekar Mlathi 3_rotate_90.jpg,33 Sekar Mlathi 3_rotate_90.jpg,33 Sekar Mlathi,424,0,test
/kaggle/input/datasets/hertiyani/batik-nitik-960-official-mendeley/Batik Nitik 960/Batik Nitik 960 Images/33 Sekar Mlathi 4.jpg,33 Sekar Mlathi 4.jpg,33 Sekar Mlathi,428,0,test
/kaggle/input/datasets/hertiyani/batik-nitik-960-official-mendeley/Batik Nitik 960/Batik Nitik 960 Images/33 Sekar Mlathi 4_rotate_180.jpg,33 Sekar Mlathi 4_rotate_180.jpg,33 Sekar Mlathi,428,0,test
/kaggle/input/datasets/hertiyani/batik-nitik-960-official-mendeley/Batik Nitik 960/Batik Nitik 960 Images/33 Sekar Mlathi 4_rotate_270.jpg,33 Sekar Mlathi 4_rotate_270.jpg,33 Sekar Mlathi,430,0,train
/kaggle/input/datasets/hertiyani/batik-nitik-960-official-mendeley/Batik Nitik 960/Batik Nitik 960 Images/33 Sekar Mlathi 4_rotate_90.jpg,33 Sekar Mlathi 4_rotate_90.jpg,33 Sekar Mlathi,430,0,train
/kaggle/input/datasets/hertiyani/batik-nitik-960-official-mendeley/Batik Nitik 960/Batik Nitik 960 Images/34 Kuncup Kanthil 1.jpg,34 Kuncup Kanthil 1.jpg,34 Kuncup Kanthil,432,0,test
/kaggle/input/datasets/hertiyani/batik-nitik-960-official-mendeley/Batik Nitik 960/Batik Nitik 960 Images/34 Kuncup Kanthil 1_rotate_180.jpg,34 Kuncup Kanthil 1_rotate_180.jpg,34 Kuncup Kanthil,432,0,test
/kaggle/input/datasets/hertiyani/batik-nitik-960-official-mendeley/Batik Nitik 960/Batik Nitik 960 Images/34 Kuncup Kanthil 1_rotate_270.jpg,34 Kuncup Kanthil 1_rotate_270.jpg,34 Kuncup Kanthil,432,0,test
/kaggle/input/datasets/hertiyani/batik-nitik-960-official-mendeley/Batik Nitik 960/Batik Nitik 960 Images/34 Kuncup Kanthil 1_rotate_90.jpg,34 Kuncup Kanthil 1_rotate_90.jpg,34 Kuncup Kanthil,432,0,test
/kaggle/input/datasets/hertiyani/batik-nitik-960-official-mendeley/Batik Nitik 960/Batik Nitik 960 Images/34 Kuncup Kanthil 2.jpg,34 Kuncup Kanthil 2.jpg,34 Kuncup Kanthil,436,0,train
/kaggle/input/datasets/hertiyani/batik-nitik-960-official-mendeley/Batik Nitik 960/Batik Nitik 960 Images/34 Kuncup Kanthil 2_rotate_180.jpg,34 Kuncup Kanthil 2_rotate_180.jpg,34 Kuncup Kanthil,436,0,train
/kaggle/input/datasets/hertiyani/batik-nitik-960-official-mendeley/Batik Nitik 960/Batik Nitik 960 Images/34 Kuncup Kanthil 2_rotate_270.jpg,34 Kuncup Kanthil 2_rotate_270.jpg,34 Kuncup Kanthil,438,0,test
/kaggle/input/datasets/hertiyani/batik-nitik-960-official-mendeley/Batik Nitik 960/Batik Nitik 960 Images/34 Kuncup Kanthil 2_rotate_90.jpg,34 Kuncup Kanthil 2_rotate_90.jpg,34 Kuncup Kanthil,438,0,test
/kaggle/input/datasets/hertiyani/batik-nitik-960-official-mendeley/Batik Nitik 960/Batik Nitik 960 Images/34 Kuncup Kanthil 3.jpg,34 Kuncup Kanthil 3.jpg,34 Kuncup Kanthil,440,0,train
/kaggle/input/datasets/hertiyani/batik-nitik-960-official-mendeley/Batik Nitik 960/Batik Nitik 960 Images/34 Kuncup Kanthil 3_rotate_180.jpg,34 Kuncup Kanthil 3_rotate_180.jpg,34 Kuncup Kanthil,440,0,train
/kaggle/input/datasets/hertiyani/batik-nitik-960-official-mendeley/Batik Nitik 960/Batik Nitik 960 Images/34 Kuncup Kanthil 3_rotate_270.jpg,34 Kuncup Kanthil 3_rotate_270.jpg,34 Kuncup Kanthil,442,0,test
/kaggle/input/datasets/hertiyani/batik-nitik-960-official-mendeley/Batik Nitik 960/Batik Nitik 960 Images/34 Kuncup Kanthil 3_rotate_90.jpg,34 Kuncup Kanthil 3_rotate_90.jpg,34 Kuncup Kanthil,442,0,test
/kaggle/input/datasets/hertiyani/batik-nitik-960-official-mendeley/Batik Nitik 960/Batik Nitik 960 Images/34 Kuncup Kanthil 4.jpg,34 Kuncup Kanthil 4.jpg,34 Kuncup Kanthil,444,0,train
/kaggle/input/datasets/hertiyani/batik-nitik-960-official-mendeley/Batik Nitik 960/Batik Nitik 960 Images/34 Kuncup Kanthil 4_rotate_180.jpg,34 Kuncup Kanthil 4_rotate_180.jpg,34 Kuncup Kanthil,444,0,train
/kaggle/input/datasets/hertiyani/batik-nitik-960-official-mendeley/Batik Nitik 960/Batik Nitik 960 Images/34 Kuncup Kanthil 4_rotate_270.jpg,34 Kuncup Kanthil 4_rotate_270.jpg,34 Kuncup Kanthil,446,0,train
/kaggle/input/datasets/hertiyani/batik-nitik-960-official-mendeley/Batik Nitik 960/Batik Nitik 960 Images/34 Kuncup Kanthil 4_rotate_90.jpg,34 Kuncup Kanthil 4_rotate_90.jpg,34 Kuncup Kanthil,446,0,train
/kaggle/input/datasets/hertiyani/batik-nitik-960-official-mendeley/Batik Nitik 960/Batik Nitik 960 Images/35 Sekar Dangan 1.jpg,35 Sekar Dangan 1.jpg,35 Sekar Dangan,448,0,test
/kaggle/input/datasets/hertiyani/batik-nitik-960-official-mendeley/Batik Nitik 960/Batik Nitik 960 Images/35 Sekar Dangan 1_rotate_180.jpg,35 Sekar Dangan 1_rotate_180.jpg,35 Sekar Dangan,448,0,test
/kaggle/input/datasets/hertiyani/batik-nitik-960-official-mendeley/Batik Nitik 960/Batik Nitik 960 Images/35 Sekar Dangan 1_rotate_270.jpg,35 Sekar Dangan 1_rotate_270.jpg,35 Sekar Dangan,450,0,test
/kaggle/input/datasets/hertiyani/batik-nitik-960-official-mendeley/Batik Nitik 960/Batik Nitik 960 Images/35 Sekar Dangan 1_rotate_90.jpg,35 Sekar Dangan 1_rotate_90.jpg,35 Sekar Dangan,450,0,test
/kaggle/input/datasets/hertiyani/batik-nitik-960-official-mendeley/Batik Nitik 960/Batik Nitik 960 Images/35 Sekar Dangan 2.jpg,35 Sekar Dangan 2.jpg,35 Sekar Dangan,452,0,train
/kaggle/input/datasets/hertiyani/batik-nitik-960-official-mendeley/Batik Nitik 960/Batik Nitik 960 Images/35 Sekar Dangan 2_rotate_180.jpg,35 Sekar Dangan 2_rotate_180.jpg,35 Sekar Dangan,452,0,train
/kaggle/input/datasets/hertiyani/batik-nitik-960-official-mendeley/Batik Nitik 960/Batik Nitik 960 Images/35 Sekar Dangan 2_rotate_270.jpg,35 Sekar Dangan 2_rotate_270.jpg,35 Sekar Dangan,454,0,test
/kaggle/input/datasets/hertiyani/batik-nitik-960-official-mendeley/Batik Nitik 960/Batik Nitik 960 Images/35 Sekar Dangan 2_rotate_90.jpg,35 Sekar Dangan 2_rotate_90.jpg,35 Sekar Dangan,454,0,test
/kaggle/input/datasets/hertiyani/batik-nitik-960-official-mendeley/Batik Nitik 960/Batik Nitik 960 Images/35 Sekar Dangan 3.jpg,35 Sekar Dangan 3.jpg,35 Sekar Dangan,456,0,train
/kaggle/input/datasets/hertiyani/batik-nitik-960-official-mendeley/Batik Nitik 960/Batik Nitik 960 Images/35 Sekar Dangan 3_rotate_180.jpg,35 Sekar Dangan 3_rotate_180.jpg,35 Sekar Dangan,456,0,train
/kaggle/input/datasets/hertiyani/batik-nitik-960-official-mendeley/Batik Nitik 960/Batik Nitik 960 Images/35 Sekar Dangan 3_rotate_270.jpg,35 Sekar Dangan 3_rotate_270.jpg,35 Sekar Dangan,456,0,train
/kaggle/input/datasets/hertiyani/batik-nitik-960-official-mendeley/Batik Nitik 960/Batik Nitik 960 Images/35 Sekar Dangan 3_rotate_90.jpg,35 Sekar Dangan 3_rotate_90.jpg,35 Sekar Dangan,456,0,train
/kaggle/input/datasets/hertiyani/batik-nitik-960-official-mendeley/Batik Nitik 960/Batik Nitik 960 Images/35 Sekar Dangan 4.jpg,35 Sekar Dangan 4.jpg,35 Sekar Dangan,460,0,train
/kaggle/input/datasets/hertiyani/batik-nitik-960-official-mendeley/Batik Nitik 960/Batik Nitik 960 Images/35 Sekar Dangan 4_rotate_180.jpg,35 Sekar Dangan 4_rotate_180.jpg,35 Sekar Dangan,460,0,train
/kaggle/input/datasets/hertiyani/batik-nitik-960-official-mendeley/Batik Nitik 960/Batik Nitik 960 Images/35 Sekar Dangan 4_rotate_270.jpg,35 Sekar Dangan 4_rotate_270.jpg,35 Sekar Dangan,460,0,train
/kaggle/input/datasets/hertiyani/batik-nitik-960-official-mendeley/Batik Nitik 960/Batik Nitik 960 Images/35 Sekar Dangan 4_rotate_90.jpg,35 Sekar Dangan 4_rotate_90.jpg,35 Sekar Dangan,460,0,train
/kaggle/input/datasets/hertiyani/batik-nitik-960-official-mendeley/Batik Nitik 960/Batik Nitik 960 Images/36 Sekar Sawo 1.jpg,36 Sekar Sawo 1.jpg,36 Sekar Sawo,464,0,train
/kaggle/input/datasets/hertiyani/batik-nitik-960-official-mendeley/Batik Nitik 960/Batik Nitik 960 Images/36 Sekar Sawo 1_rotate_180.jpg,36 Sekar Sawo 1_rotate_180.jpg,36 Sekar Sawo,464,0,train
/kaggle/input/datasets/hertiyani/batik-nitik-960-official-mendeley/Batik Nitik 960/Batik Nitik 960 Images/36 Sekar Sawo 1_rotate_270.jpg,36 Sekar Sawo 1_rotate_270.jpg,36 Sekar Sawo,466,0,train
/kaggle/input/datasets/hertiyani/batik-nitik-960-official-mendeley/Batik Nitik 960/Batik Nitik 960 Images/36 Sekar Sawo 1_rotate_90.jpg,36 Sekar Sawo 1_rotate_90.jpg,36 Sekar Sawo,466,0,train
/kaggle/input/datasets/hertiyani/batik-nitik-960-official-mendeley/Batik Nitik 960/Batik Nitik 960 Images/36 Sekar Sawo 2.jpg,36 Sekar Sawo 2.jpg,36 Sekar Sawo,468,0,test
/kaggle/input/datasets/hertiyani/batik-nitik-960-official-mendeley/Batik Nitik 960/Batik Nitik 960 Images/36 Sekar Sawo 2_rotate_180.jpg,36 Sekar Sawo 2_rotate_180.jpg,36 Sekar Sawo,468,0,test
/kaggle/input/datasets/hertiyani/batik-nitik-960-official-mendeley/Batik Nitik 960/Batik Nitik 960 Images/36 Sekar Sawo 2_rotate_270.jpg,36 Sekar Sawo 2_rotate_270.jpg,36 Sekar Sawo,470,0,train
/kaggle/input/datasets/hertiyani/batik-nitik-960-official-mendeley/Batik Nitik 960/Batik Nitik 960 Images/36 Sekar Sawo 2_rotate_90.jpg,36 Sekar Sawo 2_rotate_90.jpg,36 Sekar Sawo,470,0,train
/kaggle/input/datasets/hertiyani/batik-nitik-960-official-mendeley/Batik Nitik 960/Batik Nitik 960 Images/36 Sekar Sawo 3.jpg,36 Sekar Sawo 3.jpg,36 Sekar Sawo,472,0,train
/kaggle/input/datasets/hertiyani/batik-nitik-960-official-mendeley/Batik Nitik 960/Batik Nitik 960 Images/36 Sekar Sawo 3_rotate_180.jpg,36 Sekar Sawo 3_rotate_180.jpg,36 Sekar Sawo,472,0,train
/kaggle/input/datasets/hertiyani/batik-nitik-960-official-mendeley/Batik Nitik 960/Batik Nitik 960 Images/36 Sekar Sawo 3_rotate_270.jpg,36 Sekar Sawo 3_rotate_270.jpg,36 Sekar Sawo,474,0,test
/kaggle/input/datasets/hertiyani/batik-nitik-960-official-mendeley/Batik Nitik 960/Batik Nitik 960 Images/36 Sekar Sawo 3_rotate_90.jpg,36 Sekar Sawo 3_rotate_90.jpg,36 Sekar Sawo,474,0,test
/kaggle/input/datasets/hertiyani/batik-nitik-960-official-mendeley/Batik Nitik 960/Batik Nitik 960 Images/36 Sekar Sawo 4.jpg,36 Sekar Sawo 4.jpg,36 Sekar Sawo,476,0,test
/kaggle/input/datasets/hertiyani/batik-nitik-960-official-mendeley/Batik Nitik 960/Batik Nitik 960 Images/36 Sekar Sawo 4_rotate_180.jpg,36 Sekar Sawo 4_rotate_180.jpg,36 Sekar Sawo,476,0,test
/kaggle/input/datasets/hertiyani/batik-nitik-960-official-mendeley/Batik Nitik 960/Batik Nitik 960 Images/36 Sekar Sawo 4_rotate_270.jpg,36 Sekar Sawo 4_rotate_270.jpg,36 Sekar Sawo,478,0,train
/kaggle/input/datasets/hertiyani/batik-nitik-960-official-mendeley/Batik Nitik 960/Batik Nitik 960 Images/36 Sekar Sawo 4_rotate_90.jpg,36 Sekar Sawo 4_rotate_90.jpg,36 Sekar Sawo,478,0,train
/kaggle/input/datasets/hertiyani/batik-nitik-960-official-mendeley/Batik Nitik 960/Batik Nitik 960 Images/37 Manggar 1.jpg,37 Manggar 1.jpg,37 Manggar,480,0,test
/kaggle/input/datasets/hertiyani/batik-nitik-960-official-mendeley/Batik Nitik 960/Batik Nitik 960 Images/37 Manggar 1_rotate_180.jpg,37 Manggar 1_rotate_180.jpg,37 Manggar,480,0,test
/kaggle/input/datasets/hertiyani/batik-nitik-960-official-mendeley/Batik Nitik 960/Batik Nitik 960 Images/37 Manggar 1_rotate_270.jpg,37 Manggar 1_rotate_270.jpg,37 Manggar,482,0,train
/kaggle/input/datasets/hertiyani/batik-nitik-960-official-mendeley/Batik Nitik 960/Batik Nitik 960 Images/37 Manggar 1_rotate_90.jpg,37 Manggar 1_rotate_90.jpg,37 Manggar,482,0,train
/kaggle/input/datasets/hertiyani/batik-nitik-960-official-mendeley/Batik Nitik 960/Batik Nitik 960 Images/37 Manggar 2.jpg,37 Manggar 2.jpg,37 Manggar,484,0,train
/kaggle/input/datasets/hertiyani/batik-nitik-960-official-mendeley/Batik Nitik 960/Batik Nitik 960 Images/37 Manggar 2_rotate_180.jpg,37 Manggar 2_rotate_180.jpg,37 Manggar,484,0,train
/kaggle/input/datasets/hertiyani/batik-nitik-960-official-mendeley/Batik Nitik 960/Batik Nitik 960 Images/37 Manggar 2_rotate_270.jpg,37 Manggar 2_rotate_270.jpg,37 Manggar,486,0,test
/kaggle/input/datasets/hertiyani/batik-nitik-960-official-mendeley/Batik Nitik 960/Batik Nitik 960 Images/37 Manggar 2_rotate_90.jpg,37 Manggar 2_rotate_90.jpg,37 Manggar,486,0,test
/kaggle/input/datasets/hertiyani/batik-nitik-960-official-mendeley/Batik Nitik 960/Batik Nitik 960 Images/37 Manggar 3.jpg,37 Manggar 3.jpg,37 Manggar,488,0,train
/kaggle/input/datasets/hertiyani/batik-nitik-960-official-mendeley/Batik Nitik 960/Batik Nitik 960 Images/37 Manggar 3_rotate_180.jpg,37 Manggar 3_rotate_180.jpg,37 Manggar,488,0,train
/kaggle/input/datasets/hertiyani/batik-nitik-960-official-mendeley/Batik Nitik 960/Batik Nitik 960 Images/37 Manggar 3_rotate_270.jpg,37 Manggar 3_rotate_270.jpg,37 Manggar,490,0,train
/kaggle/input/datasets/hertiyani/batik-nitik-960-official-mendeley/Batik Nitik 960/Batik Nitik 960 Images/37 Manggar 3_rotate_90.jpg,37 Manggar 3_rotate_90.jpg,37 Manggar,490,0,train
/kaggle/input/datasets/hertiyani/batik-nitik-960-official-mendeley/Batik Nitik 960/Batik Nitik 960 Images/37 Manggar 4.jpg,37 Manggar 4.jpg,37 Manggar,492,0,train
/kaggle/input/datasets/hertiyani/batik-nitik-960-official-mendeley/Batik Nitik 960/Batik Nitik 960 Images/37 Manggar 4_rotate_180.jpg,37 Manggar 4_rotate_180.jpg,37 Manggar,492,0,train
/kaggle/input/datasets/hertiyani/batik-nitik-960-official-mendeley/Batik Nitik 960/Batik Nitik 960 Images/37 Manggar 4_rotate_270.jpg,37 Manggar 4_rotate_270.jpg,37 Manggar,494,0,test
/kaggle/input/datasets/hertiyani/batik-nitik-960-official-mendeley/Batik Nitik 960/Batik Nitik 960 Images/37 Manggar 4_rotate_90.jpg,37 Manggar 4_rotate_90.jpg,37 Manggar,494,0,test
/kaggle/input/datasets/hertiyani/batik-nitik-960-official-mendeley/Batik Nitik 960/Batik Nitik 960 Images/38 Sekar Cengkeh 1.jpg,38 Sekar Cengkeh 1.jpg,38 Sekar Cengkeh,496,0,train
/kaggle/input/datasets/hertiyani/batik-nitik-960-official-mendeley/Batik Nitik 960/Batik Nitik 960 Images/38 Sekar Cengkeh 1_rotate_180.jpg,38 Sekar Cengkeh 1_rotate_180.jpg,38 Sekar Cengkeh,496,0,train
/kaggle/input/datasets/hertiyani/batik-nitik-960-official-mendeley/Batik Nitik 960/Batik Nitik 960 Images/38 Sekar Cengkeh 1_rotate_270.jpg,38 Sekar Cengkeh 1_rotate_270.jpg,38 Sekar Cengkeh,498,0,test
/kaggle/input/datasets/hertiyani/batik-nitik-960-official-mendeley/Batik Nitik 960/Batik Nitik 960 Images/38 Sekar Cengkeh 1_rotate_90.jpg,38 Sekar Cengkeh 1_rotate_90.jpg,38 Sekar Cengkeh,498,0,test
/kaggle/input/datasets/hertiyani/batik-nitik-960-official-mendeley/Batik Nitik 960/Batik Nitik 960 Images/38 Sekar Cengkeh 2.jpg,38 Sekar Cengkeh 2.jpg,38 Sekar Cengkeh,500,0,train
/kaggle/input/datasets/hertiyani/batik-nitik-960-official-mendeley/Batik Nitik 960/Batik Nitik 960 Images/38 Sekar Cengkeh 2_rotate_180.jpg,38 Sekar Cengkeh 2_rotate_180.jpg,38 Sekar Cengkeh,500,0,train
/kaggle/input/datasets/hertiyani/batik-nitik-960-official-mendeley/Batik Nitik 960/Batik Nitik 960 Images/38 Sekar Cengkeh 2_rotate_270.jpg,38 Sekar Cengkeh 2_rotate_270.jpg,38 Sekar Cengkeh,502,0,train
/kaggle/input/datasets/hertiyani/batik-nitik-960-official-mendeley/Batik Nitik 960/Batik Nitik 960 Images/38 Sekar Cengkeh 2_rotate_90.jpg,38 Sekar Cengkeh 2_rotate_90.jpg,38 Sekar Cengkeh,502,0,train
/kaggle/input/datasets/hertiyani/batik-nitik-960-official-mendeley/Batik Nitik 960/Batik Nitik 960 Images/38 Sekar Cengkeh 3.jpg,38 Sekar Cengkeh 3.jpg,38 Sekar Cengkeh,504,0,train
/kaggle/input/datasets/hertiyani/batik-nitik-960-official-mendeley/Batik Nitik 960/Batik Nitik 960 Images/38 Sekar Cengkeh 3_rotate_180.jpg,38 Sekar Cengkeh 3_rotate_180.jpg,38 Sekar Cengkeh,504,0,train
/kaggle/input/datasets/hertiyani/batik-nitik-960-official-mendeley/Batik Nitik 960/Batik Nitik 960 Images/38 Sekar Cengkeh 3_rotate_270.jpg,38 Sekar Cengkeh 3_rotate_270.jpg,38 Sekar Cengkeh,506,0,test
/kaggle/input/datasets/hertiyani/batik-nitik-960-official-mendeley/Batik Nitik 960/Batik Nitik 960 Images/38 Sekar Cengkeh 3_rotate_90.jpg,38 Sekar Cengkeh 3_rotate_90.jpg,38 Sekar Cengkeh,506,0,test
/kaggle/input/datasets/hertiyani/batik-nitik-960-official-mendeley/Batik Nitik 960/Batik Nitik 960 Images/38 Sekar Cengkeh 4.jpg,38 Sekar Cengkeh 4.jpg,38 Sekar Cengkeh,508,0,test
/kaggle/input/datasets/hertiyani/batik-nitik-960-official-mendeley/Batik Nitik 960/Batik Nitik 960 Images/38 Sekar Cengkeh 4_rotate_180.jpg,38 Sekar Cengkeh 4_rotate_180.jpg,38 Sekar Cengkeh,508,0,test
/kaggle/input/datasets/hertiyani/batik-nitik-960-official-mendeley/Batik Nitik 960/Batik Nitik 960 Images/38 Sekar Cengkeh 4_rotate_270.jpg,38 Sekar Cengkeh 4_rotate_270.jpg,38 Sekar Cengkeh,510,0,train
/kaggle/input/datasets/hertiyani/batik-nitik-960-official-mendeley/Batik Nitik 960/Batik Nitik 960 Images/38 Sekar Cengkeh 4_rotate_90.jpg,38 Sekar Cengkeh 4_rotate_90.jpg,38 Sekar Cengkeh,510,0,train
/kaggle/input/datasets/hertiyani/batik-nitik-960-official-mendeley/Batik Nitik 960/Batik Nitik 960 Images/39 Sritaman 1.jpg,39 Sritaman 1.jpg,39 Sritaman,512,0,test
/kaggle/input/datasets/hertiyani/batik-nitik-960-official-mendeley/Batik Nitik 960/Batik Nitik 960 Images/39 Sritaman 1_rotate_180.jpg,39 Sritaman 1_rotate_180.jpg,39 Sritaman,512,0,test
/kaggle/input/datasets/hertiyani/batik-nitik-960-official-mendeley/Batik Nitik 960/Batik Nitik 960 Images/39 Sritaman 1_rotate_270.jpg,39 Sritaman 1_rotate_270.jpg,39 Sritaman,514,0,train
/kaggle/input/datasets/hertiyani/batik-nitik-960-official-mendeley/Batik Nitik 960/Batik Nitik 960 Images/39 Sritaman 1_rotate_90.jpg,39 Sritaman 1_rotate_90.jpg,39 Sritaman,514,0,train
/kaggle/input/datasets/hertiyani/batik-nitik-960-official-mendeley/Batik Nitik 960/Batik Nitik 960 Images/39 Sritaman 2.jpg,39 Sritaman 2.jpg,39 Sritaman,516,0,train
/kaggle/input/datasets/hertiyani/batik-nitik-960-official-mendeley/Batik Nitik 960/Batik Nitik 960 Images/39 Sritaman 2_rotate_180.jpg,39 Sritaman 2_rotate_180.jpg,39 Sritaman,516,0,train
/kaggle/input/datasets/hertiyani/batik-nitik-960-official-mendeley/Batik Nitik 960/Batik Nitik 960 Images/39 Sritaman 2_rotate_270.jpg,39 Sritaman 2_rotate_270.jpg,39 Sritaman,516,0,train
/kaggle/input/datasets/hertiyani/batik-nitik-960-official-mendeley/Batik Nitik 960/Batik Nitik 960 Images/39 Sritaman 2_rotate_90.jpg,39 Sritaman 2_rotate_90.jpg,39 Sritaman,516,0,train
/kaggle/input/datasets/hertiyani/batik-nitik-960-official-mendeley/Batik Nitik 960/Batik Nitik 960 Images/39 Sritaman 3.jpg,39 Sritaman 3.jpg,39 Sritaman,520,0,train
/kaggle/input/datasets/hertiyani/batik-nitik-960-official-mendeley/Batik Nitik 960/Batik Nitik 960 Images/39 Sritaman 3_rotate_180.jpg,39 Sritaman 3_rotate_180.jpg,39 Sritaman,520,0,train
/kaggle/input/datasets/hertiyani/batik-nitik-960-official-mendeley/Batik Nitik 960/Batik Nitik 960 Images/39 Sritaman 3_rotate_270.jpg,39 Sritaman 3_rotate_270.jpg,39 Sritaman,522,0,train
/kaggle/input/datasets/hertiyani/batik-nitik-960-official-mendeley/Batik Nitik 960/Batik Nitik 960 Images/39 Sritaman 3_rotate_90.jpg,39 Sritaman 3_rotate_90.jpg,39 Sritaman,522,0,train
/kaggle/input/datasets/hertiyani/batik-nitik-960-official-mendeley/Batik Nitik 960/Batik Nitik 960 Images/39 Sritaman 4.jpg,39 Sritaman 4.jpg,39 Sritaman,524,0,test
/kaggle/input/datasets/hertiyani/batik-nitik-960-official-mendeley/Batik Nitik 960/Batik Nitik 960 Images/39 Sritaman 4_rotate_180.jpg,39 Sritaman 4_rotate_180.jpg,39 Sritaman,524,0,test
/kaggle/input/datasets/hertiyani/batik-nitik-960-official-mendeley/Batik Nitik 960/Batik Nitik 960 Images/39 Sritaman 4_rotate_270.jpg,39 Sritaman 4_rotate_270.jpg,39 Sritaman,526,0,test
/kaggle/input/datasets/hertiyani/batik-nitik-960-official-mendeley/Batik Nitik 960/Batik Nitik 960 Images/39 Sritaman 4_rotate_90.jpg,39 Sritaman 4_rotate_90.jpg,39 Sritaman,526,0,test
/kaggle/input/datasets/hertiyani/batik-nitik-960-official-mendeley/Batik Nitik 960/Batik Nitik 960 Images/4 Sekar Gayam 1.jpg,4 Sekar Gayam 1.jpg,4 Sekar Gayam,528,0,test
/kaggle/input/datasets/hertiyani/batik-nitik-960-official-mendeley/Batik Nitik 960/Batik Nitik 960 Images/4 Sekar Gayam 1_rotate_180.jpg,4 Sekar Gayam 1_rotate_180.jpg,4 Sekar Gayam,528,0,test
/kaggle/input/datasets/hertiyani/batik-nitik-960-official-mendeley/Batik Nitik 960/Batik Nitik 960 Images/4 Sekar Gayam 1_rotate_270.jpg,4 Sekar Gayam 1_rotate_270.jpg,4 Sekar Gayam,528,0,test
/kaggle/input/datasets/hertiyani/batik-nitik-960-official-mendeley/Batik Nitik 960/Batik Nitik 960 Images/4 Sekar Gayam 1_rotate_90.jpg,4 Sekar Gayam 1_rotate_90.jpg,4 Sekar Gayam,528,0,test
/kaggle/input/datasets/hertiyani/batik-nitik-960-official-mendeley/Batik Nitik 960/Batik Nitik 960 Images/4 Sekar Gayam 2.jpg,4 Sekar Gayam 2.jpg,4 Sekar Gayam,532,0,train
/kaggle/input/datasets/hertiyani/batik-nitik-960-official-mendeley/Batik Nitik 960/Batik Nitik 960 Images/4 Sekar Gayam 2_rotate_180.jpg,4 Sekar Gayam 2_rotate_180.jpg,4 Sekar Gayam,532,0,train
/kaggle/input/datasets/hertiyani/batik-nitik-960-official-mendeley/Batik Nitik 960/Batik Nitik 960 Images/4 Sekar Gayam 2_rotate_270.jpg,4 Sekar Gayam 2_rotate_270.jpg,4 Sekar Gayam,532,0,train
/kaggle/input/datasets/hertiyani/batik-nitik-960-official-mendeley/Batik Nitik 960/Batik Nitik 960 Images/4 Sekar Gayam 2_rotate_90.jpg,4 Sekar Gayam 2_rotate_90.jpg,4 Sekar Gayam,532,0,train
/kaggle/input/datasets/hertiyani/batik-nitik-960-official-mendeley/Batik Nitik 960/Batik Nitik 960 Images/4 Sekar Gayam 3.jpg,4 Sekar Gayam 3.jpg,4 Sekar Gayam,536,0,train
/kaggle/input/datasets/hertiyani/batik-nitik-960-official-mendeley/Batik Nitik 960/Batik Nitik 960 Images/4 Sekar Gayam 3_rotate_180.jpg,4 Sekar Gayam 3_rotate_180.jpg,4 Sekar Gayam,536,0,train
/kaggle/input/datasets/hertiyani/batik-nitik-960-official-mendeley/Batik Nitik 960/Batik Nitik 960 Images/4 Sekar Gayam 3_rotate_270.jpg,4 Sekar Gayam 3_rotate_270.jpg,4 Sekar Gayam,538,0,train
/kaggle/input/datasets/hertiyani/batik-nitik-960-official-mendeley/Batik Nitik 960/Batik Nitik 960 Images/4 Sekar Gayam 3_rotate_90.jpg,4 Sekar Gayam 3_rotate_90.jpg,4 Sekar Gayam,538,0,train
/kaggle/input/datasets/hertiyani/batik-nitik-960-official-mendeley/Batik Nitik 960/Batik Nitik 960 Images/4 Sekar Gayam 4.jpg,4 Sekar Gayam 4.jpg,4 Sekar Gayam,540,0,train
/kaggle/input/datasets/hertiyani/batik-nitik-960-official-mendeley/Batik Nitik 960/Batik Nitik 960 Images/4 Sekar Gayam 4_rotate_180.jpg,4 Sekar Gayam 4_rotate_180.jpg,4 Sekar Gayam,540,0,train
/kaggle/input/datasets/hertiyani/batik-nitik-960-official-mendeley/Batik Nitik 960/Batik Nitik 960 Images/4 Sekar Gayam 4_rotate_270.jpg,4 Sekar Gayam 4_rotate_270.jpg,4 Sekar Gayam,542,0,test
/kaggle/input/datasets/hertiyani/batik-nitik-960-official-mendeley/Batik Nitik 960/Batik Nitik 960 Images/4 Sekar Gayam 4_rotate_90.jpg,4 Sekar Gayam 4_rotate_90.jpg,4 Sekar Gayam,542,0,test
/kaggle/input/datasets/hertiyani/batik-nitik-960-official-mendeley/Batik Nitik 960/Batik Nitik 960 Images/40 Sekar Mundhu 1.jpg,40 Sekar Mundhu 1.jpg,40 Sekar Mundhu,544,0,test
/kaggle/input/datasets/hertiyani/batik-nitik-960-official-mendeley/Batik Nitik 960/Batik Nitik 960 Images/40 Sekar Mundhu 1_rotate_180.jpg,40 Sekar Mundhu 1_rotate_180.jpg,40 Sekar Mundhu,544,0,test
/kaggle/input/datasets/hertiyani/batik-nitik-960-official-mendeley/Batik Nitik 960/Batik Nitik 960 Images/40 Sekar Mundhu 1_rotate_270.jpg,40 Sekar Mundhu 1_rotate_270.jpg,40 Sekar Mundhu,546,0,train
/kaggle/input/datasets/hertiyani/batik-nitik-960-official-mendeley/Batik Nitik 960/Batik Nitik 960 Images/40 Sekar Mundhu 1_rotate_90.jpg,40 Sekar Mundhu 1_rotate_90.jpg,40 Sekar Mundhu,546,0,train
/kaggle/input/datasets/hertiyani/batik-nitik-960-official-mendeley/Batik Nitik 960/Batik Nitik 960 Images/40 Sekar Mundhu 2.jpg,40 Sekar Mundhu 2.jpg,40 Sekar Mundhu,548,0,train
/kaggle/input/datasets/hertiyani/batik-nitik-960-official-mendeley/Batik Nitik 960/Batik Nitik 960 Images/40 Sekar Mundhu 2_rotate_180.jpg,40 Sekar Mundhu 2_rotate_180.jpg,40 Sekar Mundhu,548,0,train
/kaggle/input/datasets/hertiyani/batik-nitik-960-official-mendeley/Batik Nitik 960/Batik Nitik 960 Images/40 Sekar Mundhu 2_rotate_270.jpg,40 Sekar Mundhu 2_rotate_270.jpg,40 Sekar Mundhu,550,0,train
/kaggle/input/datasets/hertiyani/batik-nitik-960-official-mendeley/Batik Nitik 960/Batik Nitik 960 Images/40 Sekar Mundhu 2_rotate_90.jpg,40 Sekar Mundhu 2_rotate_90.jpg,40 Sekar Mundhu,550,0,train
/kaggle/input/datasets/hertiyani/batik-nitik-960-official-mendeley/Batik Nitik 960/Batik Nitik 960 Images/40 Sekar Mundhu 3.jpg,40 Sekar Mundhu 3.jpg,40 Sekar Mundhu,552,0,train
/kaggle/input/datasets/hertiyani/batik-nitik-960-official-mendeley/Batik Nitik 960/Batik Nitik 960 Images/40 Sekar Mundhu 3_rotate_180.jpg,40 Sekar Mundhu 3_rotate_180.jpg,40 Sekar Mundhu,552,0,train
/kaggle/input/datasets/hertiyani/batik-nitik-960-official-mendeley/Batik Nitik 960/Batik Nitik 960 Images/40 Sekar Mundhu 3_rotate_270.jpg,40 Sekar Mundhu 3_rotate_270.jpg,40 Sekar Mundhu,554,0,test
/kaggle/input/datasets/hertiyani/batik-nitik-960-official-mendeley/Batik Nitik 960/Batik Nitik 960 Images/40 Sekar Mundhu 3_rotate_90.jpg,40 Sekar Mundhu 3_rotate_90.jpg,40 Sekar Mundhu,554,0,test
/kaggle/input/datasets/hertiyani/batik-nitik-960-official-mendeley/Batik Nitik 960/Batik Nitik 960 Images/40 Sekar Mundhu 4.jpg,40 Sekar Mundhu 4.jpg,40 Sekar Mundhu,556,0,train
/kaggle/input/datasets/hertiyani/batik-nitik-960-official-mendeley/Batik Nitik 960/Batik Nitik 960 Images/40 Sekar Mundhu 4_rotate_180.jpg,40 Sekar Mundhu 4_rotate_180.jpg,40 Sekar Mundhu,556,0,train
/kaggle/input/datasets/hertiyani/batik-nitik-960-official-mendeley/Batik Nitik 960/Batik Nitik 960 Images/40 Sekar Mundhu 4_rotate_270.jpg,40 Sekar Mundhu 4_rotate_270.jpg,40 Sekar Mundhu,558,0,test
/kaggle/input/datasets/hertiyani/batik-nitik-960-official-mendeley/Batik Nitik 960/Batik Nitik 960 Images/40 Sekar Mundhu 4_rotate_90.jpg,40 Sekar Mundhu 4_rotate_90.jpg,40 Sekar Mundhu,558,0,test
/kaggle/input/datasets/hertiyani/batik-nitik-960-official-mendeley/Batik Nitik 960/Batik Nitik 960 Images/41 Sekar Andhong 1.jpg,41 Sekar Andhong 1.jpg,41 Sekar Andhong,560,0,train
/kaggle/input/datasets/hertiyani/batik-nitik-960-official-mendeley/Batik Nitik 960/Batik Nitik 960 Images/41 Sekar Andhong 1_rotate_180.jpg,41 Sekar Andhong 1_rotate_180.jpg,41 Sekar Andhong,560,0,train
/kaggle/input/datasets/hertiyani/batik-nitik-960-official-mendeley/Batik Nitik 960/Batik Nitik 960 Images/41 Sekar Andhong 1_rotate_270.jpg,41 Sekar Andhong 1_rotate_270.jpg,41 Sekar Andhong,562,0,train
/kaggle/input/datasets/hertiyani/batik-nitik-960-official-mendeley/Batik Nitik 960/Batik Nitik 960 Images/41 Sekar Andhong 1_rotate_90.jpg,41 Sekar Andhong 1_rotate_90.jpg,41 Sekar Andhong,562,0,train
/kaggle/input/datasets/hertiyani/batik-nitik-960-official-mendeley/Batik Nitik 960/Batik Nitik 960 Images/41 Sekar Andhong 2.jpg,41 Sekar Andhong 2.jpg,41 Sekar Andhong,564,0,train
/kaggle/input/datasets/hertiyani/batik-nitik-960-official-mendeley/Batik Nitik 960/Batik Nitik 960 Images/41 Sekar Andhong 2_rotate_180.jpg,41 Sekar Andhong 2_rotate_180.jpg,41 Sekar Andhong,564,0,train
/kaggle/input/datasets/hertiyani/batik-nitik-960-official-mendeley/Batik Nitik 960/Batik Nitik 960 Images/41 Sekar Andhong 2_rotate_270.jpg,41 Sekar Andhong 2_rotate_270.jpg,41 Sekar Andhong,566,0,train
/kaggle/input/datasets/hertiyani/batik-nitik-960-official-mendeley/Batik Nitik 960/Batik Nitik 960 Images/41 Sekar Andhong 2_rotate_90.jpg,41 Sekar Andhong 2_rotate_90.jpg,41 Sekar Andhong,566,0,train
/kaggle/input/datasets/hertiyani/batik-nitik-960-official-mendeley/Batik Nitik 960/Batik Nitik 960 Images/41 Sekar Andhong 3.jpg,41 Sekar Andhong 3.jpg,41 Sekar Andhong,568,0,test
/kaggle/input/datasets/hertiyani/batik-nitik-960-official-mendeley/Batik Nitik 960/Batik Nitik 960 Images/41 Sekar Andhong 3_rotate_180.jpg,41 Sekar Andhong 3_rotate_180.jpg,41 Sekar Andhong,568,0,test
/kaggle/input/datasets/hertiyani/batik-nitik-960-official-mendeley/Batik Nitik 960/Batik Nitik 960 Images/41 Sekar Andhong 3_rotate_270.jpg,41 Sekar Andhong 3_rotate_270.jpg,41 Sekar Andhong,568,0,test
/kaggle/input/datasets/hertiyani/batik-nitik-960-official-mendeley/Batik Nitik 960/Batik Nitik 960 Images/41 Sekar Andhong 3_rotate_90.jpg,41 Sekar Andhong 3_rotate_90.jpg,41 Sekar Andhong,568,0,test
/kaggle/input/datasets/hertiyani/batik-nitik-960-official-mendeley/Batik Nitik 960/Batik Nitik 960 Images/41 Sekar Andhong 4.jpg,41 Sekar Andhong 4.jpg,41 Sekar Andhong,572,0,test
/kaggle/input/datasets/hertiyani/batik-nitik-960-official-mendeley/Batik Nitik 960/Batik Nitik 960 Images/41 Sekar Andhong 4_rotate_180.jpg,41 Sekar Andhong 4_rotate_180.jpg,41 Sekar Andhong,572,0,test
/kaggle/input/datasets/hertiyani/batik-nitik-960-official-mendeley/Batik Nitik 960/Batik Nitik 960 Images/41 Sekar Andhong 4_rotate_270.jpg,41 Sekar Andhong 4_rotate_270.jpg,41 Sekar Andhong,574,0,train
/kaggle/input/datasets/hertiyani/batik-nitik-960-official-mendeley/Batik Nitik 960/Batik Nitik 960 Images/41 Sekar Andhong 4_rotate_90.jpg,41 Sekar Andhong 4_rotate_90.jpg,41 Sekar Andhong,574,0,train
/kaggle/input/datasets/hertiyani/batik-nitik-960-official-mendeley/Batik Nitik 960/Batik Nitik 960 Images/42 Gedhangan 1.jpg,42 Gedhangan 1.jpg,42 Gedhangan,576,0,train
/kaggle/input/datasets/hertiyani/batik-nitik-960-official-mendeley/Batik Nitik 960/Batik Nitik 960 Images/42 Gedhangan 1_rotate_180.jpg,42 Gedhangan 1_rotate_180.jpg,42 Gedhangan,576,0,train
/kaggle/input/datasets/hertiyani/batik-nitik-960-official-mendeley/Batik Nitik 960/Batik Nitik 960 Images/42 Gedhangan 1_rotate_270.jpg,42 Gedhangan 1_rotate_270.jpg,42 Gedhangan,578,0,train
/kaggle/input/datasets/hertiyani/batik-nitik-960-official-mendeley/Batik Nitik 960/Batik Nitik 960 Images/42 Gedhangan 1_rotate_90.jpg,42 Gedhangan 1_rotate_90.jpg,42 Gedhangan,578,0,train
/kaggle/input/datasets/hertiyani/batik-nitik-960-official-mendeley/Batik Nitik 960/Batik Nitik 960 Images/42 Gedhangan 2.jpg,42 Gedhangan 2.jpg,42 Gedhangan,580,0,train
/kaggle/input/datasets/hertiyani/batik-nitik-960-official-mendeley/Batik Nitik 960/Batik Nitik 960 Images/42 Gedhangan 2_rotate_180.jpg,42 Gedhangan 2_rotate_180.jpg,42 Gedhangan,580,0,train
/kaggle/input/datasets/hertiyani/batik-nitik-960-official-mendeley/Batik Nitik 960/Batik Nitik 960 Images/42 Gedhangan 2_rotate_270.jpg,42 Gedhangan 2_rotate_270.jpg,42 Gedhangan,582,0,train
/kaggle/input/datasets/hertiyani/batik-nitik-960-official-mendeley/Batik Nitik 960/Batik Nitik 960 Images/42 Gedhangan 2_rotate_90.jpg,42 Gedhangan 2_rotate_90.jpg,42 Gedhangan,582,0,train
/kaggle/input/datasets/hertiyani/batik-nitik-960-official-mendeley/Batik Nitik 960/Batik Nitik 960 Images/42 Gedhangan 3.jpg,42 Gedhangan 3.jpg,42 Gedhangan,584,0,test
/kaggle/input/datasets/hertiyani/batik-nitik-960-official-mendeley/Batik Nitik 960/Batik Nitik 960 Images/42 Gedhangan 3_rotate_180.jpg,42 Gedhangan 3_rotate_180.jpg,42 Gedhangan,584,0,test
/kaggle/input/datasets/hertiyani/batik-nitik-960-official-mendeley/Batik Nitik 960/Batik Nitik 960 Images/42 Gedhangan 3_rotate_270.jpg,42 Gedhangan 3_rotate_270.jpg,42 Gedhangan,584,0,test
/kaggle/input/datasets/hertiyani/batik-nitik-960-official-mendeley/Batik Nitik 960/Batik Nitik 960 Images/42 Gedhangan 3_rotate_90.jpg,42 Gedhangan 3_rotate_90.jpg,42 Gedhangan,584,0,test
/kaggle/input/datasets/hertiyani/batik-nitik-960-official-mendeley/Batik Nitik 960/Batik Nitik 960 Images/42 Gedhangan 4.jpg,42 Gedhangan 4.jpg,42 Gedhangan,588,0,train
/kaggle/input/datasets/hertiyani/batik-nitik-960-official-mendeley/Batik Nitik 960/Batik Nitik 960 Images/42 Gedhangan 4_rotate_180.jpg,42 Gedhangan 4_rotate_180.jpg,42 Gedhangan,588,0,train
/kaggle/input/datasets/hertiyani/batik-nitik-960-official-mendeley/Batik Nitik 960/Batik Nitik 960 Images/42 Gedhangan 4_rotate_270.jpg,42 Gedhangan 4_rotate_270.jpg,42 Gedhangan,590,0,test
/kaggle/input/datasets/hertiyani/batik-nitik-960-official-mendeley/Batik Nitik 960/Batik Nitik 960 Images/42 Gedhangan 4_rotate_90.jpg,42 Gedhangan 4_rotate_90.jpg,42 Gedhangan,590,0,test
/kaggle/input/datasets/hertiyani/batik-nitik-960-official-mendeley/Batik Nitik 960/Batik Nitik 960 Images/43 Sekar Pala 1.jpg,43 Sekar Pala 1.jpg,43 Sekar Pala,592,0,train
/kaggle/input/datasets/hertiyani/batik-nitik-960-official-mendeley/Batik Nitik 960/Batik Nitik 960 Images/43 Sekar Pala 1_rotate_180.jpg,43 Sekar Pala 1_rotate_180.jpg,43 Sekar Pala,592,0,train
/kaggle/input/datasets/hertiyani/batik-nitik-960-official-mendeley/Batik Nitik 960/Batik Nitik 960 Images/43 Sekar Pala 1_rotate_270.jpg,43 Sekar Pala 1_rotate_270.jpg,43 Sekar Pala,594,0,test
/kaggle/input/datasets/hertiyani/batik-nitik-960-official-mendeley/Batik Nitik 960/Batik Nitik 960 Images/43 Sekar Pala 1_rotate_90.jpg,43 Sekar Pala 1_rotate_90.jpg,43 Sekar Pala,594,0,test
/kaggle/input/datasets/hertiyani/batik-nitik-960-official-mendeley/Batik Nitik 960/Batik Nitik 960 Images/43 Sekar Pala 2.jpg,43 Sekar Pala 2.jpg,43 Sekar Pala,596,0,train
/kaggle/input/datasets/hertiyani/batik-nitik-960-official-mendeley/Batik Nitik 960/Batik Nitik 960 Images/43 Sekar Pala 2_rotate_180.jpg,43 Sekar Pala 2_rotate_180.jpg,43 Sekar Pala,596,0,train
/kaggle/input/datasets/hertiyani/batik-nitik-960-official-mendeley/Batik Nitik 960/Batik Nitik 960 Images/43 Sekar Pala 2_rotate_270.jpg,43 Sekar Pala 2_rotate_270.jpg,43 Sekar Pala,598,0,train
/kaggle/input/datasets/hertiyani/batik-nitik-960-official-mendeley/Batik Nitik 960/Batik Nitik 960 Images/43 Sekar Pala 2_rotate_90.jpg,43 Sekar Pala 2_rotate_90.jpg,43 Sekar Pala,598,0,train
/kaggle/input/datasets/hertiyani/batik-nitik-960-official-mendeley/Batik Nitik 960/Batik Nitik 960 Images/43 Sekar Pala 3.jpg,43 Sekar Pala 3.jpg,43 Sekar Pala,600,0,test
/kaggle/input/datasets/hertiyani/batik-nitik-960-official-mendeley/Batik Nitik 960/Batik Nitik 960 Images/43 Sekar Pala 3_rotate_180.jpg,43 Sekar Pala 3_rotate_180.jpg,43 Sekar Pala,600,0,test
/kaggle/input/datasets/hertiyani/batik-nitik-960-official-mendeley/Batik Nitik 960/Batik Nitik 960 Images/43 Sekar Pala 3_rotate_270.jpg,43 Sekar Pala 3_rotate_270.jpg,43 Sekar Pala,602,0,train
/kaggle/input/datasets/hertiyani/batik-nitik-960-official-mendeley/Batik Nitik 960/Batik Nitik 960 Images/43 Sekar Pala 3_rotate_90.jpg,43 Sekar Pala 3_rotate_90.jpg,43 Sekar Pala,602,0,train
/kaggle/input/datasets/hertiyani/batik-nitik-960-official-mendeley/Batik Nitik 960/Batik Nitik 960 Images/43 Sekar Pala 4.jpg,43 Sekar Pala 4.jpg,43 Sekar Pala,604,0,test
/kaggle/input/datasets/hertiyani/batik-nitik-960-official-mendeley/Batik Nitik 960/Batik Nitik 960 Images/43 Sekar Pala 4_rotate_180.jpg,43 Sekar Pala 4_rotate_180.jpg,43 Sekar Pala,604,0,test
/kaggle/input/datasets/hertiyani/batik-nitik-960-official-mendeley/Batik Nitik 960/Batik Nitik 960 Images/43 Sekar Pala 4_rotate_270.jpg,43 Sekar Pala 4_rotate_270.jpg,43 Sekar Pala,606,0,train
/kaggle/input/datasets/hertiyani/batik-nitik-960-official-mendeley/Batik Nitik 960/Batik Nitik 960 Images/43 Sekar Pala 4_rotate_90.jpg,43 Sekar Pala 4_rotate_90.jpg,43 Sekar Pala,606,0,train
/kaggle/input/datasets/hertiyani/batik-nitik-960-official-mendeley/Batik Nitik 960/Batik Nitik 960 Images/44 Klampok Arum 1.jpg,44 Klampok Arum 1.jpg,44 Klampok Arum,608,0,test
/kaggle/input/datasets/hertiyani/batik-nitik-960-official-mendeley/Batik Nitik 960/Batik Nitik 960 Images/44 Klampok Arum 1_rotate_180.jpg,44 Klampok Arum 1_rotate_180.jpg,44 Klampok Arum,608,0,test
/kaggle/input/datasets/hertiyani/batik-nitik-960-official-mendeley/Batik Nitik 960/Batik Nitik 960 Images/44 Klampok Arum 1_rotate_270.jpg,44 Klampok Arum 1_rotate_270.jpg,44 Klampok Arum,608,0,test
/kaggle/input/datasets/hertiyani/batik-nitik-960-official-mendeley/Batik Nitik 960/Batik Nitik 960 Images/44 Klampok Arum 1_rotate_90.jpg,44 Klampok Arum 1_rotate_90.jpg,44 Klampok Arum,608,0,test
/kaggle/input/datasets/hertiyani/batik-nitik-960-official-mendeley/Batik Nitik 960/Batik Nitik 960 Images/44 Klampok Arum 2.jpg,44 Klampok Arum 2.jpg,44 Klampok Arum,612,0,train
/kaggle/input/datasets/hertiyani/batik-nitik-960-official-mendeley/Batik Nitik 960/Batik Nitik 960 Images/44 Klampok Arum 2_rotate_180.jpg,44 Klampok Arum 2_rotate_180.jpg,44 Klampok Arum,612,0,train
/kaggle/input/datasets/hertiyani/batik-nitik-960-official-mendeley/Batik Nitik 960/Batik Nitik 960 Images/44 Klampok Arum 2_rotate_270.jpg,44 Klampok Arum 2_rotate_270.jpg,44 Klampok Arum,612,0,train
/kaggle/input/datasets/hertiyani/batik-nitik-960-official-mendeley/Batik Nitik 960/Batik Nitik 960 Images/44 Klampok Arum 2_rotate_90.jpg,44 Klampok Arum 2_rotate_90.jpg,44 Klampok Arum,612,0,train
/kaggle/input/datasets/hertiyani/batik-nitik-960-official-mendeley/Batik Nitik 960/Batik Nitik 960 Images/44 Klampok Arum 3.jpg,44 Klampok Arum 3.jpg,44 Klampok Arum,616,0,train
/kaggle/input/datasets/hertiyani/batik-nitik-960-official-mendeley/Batik Nitik 960/Batik Nitik 960 Images/44 Klampok Arum 3_rotate_180.jpg,44 Klampok Arum 3_rotate_180.jpg,44 Klampok Arum,616,0,train
/kaggle/input/datasets/hertiyani/batik-nitik-960-official-mendeley/Batik Nitik 960/Batik Nitik 960 Images/44 Klampok Arum 3_rotate_270.jpg,44 Klampok Arum 3_rotate_270.jpg,44 Klampok Arum,618,0,test
/kaggle/input/datasets/hertiyani/batik-nitik-960-official-mendeley/Batik Nitik 960/Batik Nitik 960 Images/44 Klampok Arum 3_rotate_90.jpg,44 Klampok Arum 3_rotate_90.jpg,44 Klampok Arum,618,0,test
/kaggle/input/datasets/hertiyani/batik-nitik-960-official-mendeley/Batik Nitik 960/Batik Nitik 960 Images/44 Klampok Arum 4.jpg,44 Klampok Arum 4.jpg,44 Klampok Arum,620,0,train
/kaggle/input/datasets/hertiyani/batik-nitik-960-official-mendeley/Batik Nitik 960/Batik Nitik 960 Images/44 Klampok Arum 4_rotate_180.jpg,44 Klampok Arum 4_rotate_180.jpg,44 Klampok Arum,620,0,train
/kaggle/input/datasets/hertiyani/batik-nitik-960-official-mendeley/Batik Nitik 960/Batik Nitik 960 Images/44 Klampok Arum 4_rotate_270.jpg,44 Klampok Arum 4_rotate_270.jpg,44 Klampok Arum,620,0,train
/kaggle/input/datasets/hertiyani/batik-nitik-960-official-mendeley/Batik Nitik 960/Batik Nitik 960 Images/44 Klampok Arum 4_rotate_90.jpg,44 Klampok Arum 4_rotate_90.jpg,44 Klampok Arum,620,0,train
/kaggle/input/datasets/hertiyani/batik-nitik-960-official-mendeley/Batik Nitik 960/Batik Nitik 960 Images/45 Sekar Jali 1.jpg,45 Sekar Jali 1.jpg,45 Sekar Jali,624,0,test
/kaggle/input/datasets/hertiyani/batik-nitik-960-official-mendeley/Batik Nitik 960/Batik Nitik 960 Images/45 Sekar Jali 1_rotate_180.jpg,45 Sekar Jali 1_rotate_180.jpg,45 Sekar Jali,624,0,test
/kaggle/input/datasets/hertiyani/batik-nitik-960-official-mendeley/Batik Nitik 960/Batik Nitik 960 Images/45 Sekar Jali 1_rotate_270.jpg,45 Sekar Jali 1_rotate_270.jpg,45 Sekar Jali,626,0,test
/kaggle/input/datasets/hertiyani/batik-nitik-960-official-mendeley/Batik Nitik 960/Batik Nitik 960 Images/45 Sekar Jali 1_rotate_90.jpg,45 Sekar Jali 1_rotate_90.jpg,45 Sekar Jali,626,0,test
/kaggle/input/datasets/hertiyani/batik-nitik-960-official-mendeley/Batik Nitik 960/Batik Nitik 960 Images/45 Sekar Jali 2.jpg,45 Sekar Jali 2.jpg,45 Sekar Jali,628,0,train
/kaggle/input/datasets/hertiyani/batik-nitik-960-official-mendeley/Batik Nitik 960/Batik Nitik 960 Images/45 Sekar Jali 2_rotate_180.jpg,45 Sekar Jali 2_rotate_180.jpg,45 Sekar Jali,628,0,train
/kaggle/input/datasets/hertiyani/batik-nitik-960-official-mendeley/Batik Nitik 960/Batik Nitik 960 Images/45 Sekar Jali 2_rotate_270.jpg,45 Sekar Jali 2_rotate_270.jpg,45 Sekar Jali,630,0,test
/kaggle/input/datasets/hertiyani/batik-nitik-960-official-mendeley/Batik Nitik 960/Batik Nitik 960 Images/45 Sekar Jali 2_rotate_90.jpg,45 Sekar Jali 2_rotate_90.jpg,45 Sekar Jali,630,0,test
/kaggle/input/datasets/hertiyani/batik-nitik-960-official-mendeley/Batik Nitik 960/Batik Nitik 960 Images/45 Sekar Jali 3.jpg,45 Sekar Jali 3.jpg,45 Sekar Jali,632,0,train
/kaggle/input/datasets/hertiyani/batik-nitik-960-official-mendeley/Batik Nitik 960/Batik Nitik 960 Images/45 Sekar Jali 3_rotate_180.jpg,45 Sekar Jali 3_rotate_180.jpg,45 Sekar Jali,632,0,train
/kaggle/input/datasets/hertiyani/batik-nitik-960-official-mendeley/Batik Nitik 960/Batik Nitik 960 Images/45 Sekar Jali 3_rotate_270.jpg,45 Sekar Jali 3_rotate_270.jpg,45 Sekar Jali,634,0,train
/kaggle/input/datasets/hertiyani/batik-nitik-960-official-mendeley/Batik Nitik 960/Batik Nitik 960 Images/45 Sekar Jali 3_rotate_90.jpg,45 Sekar Jali 3_rotate_90.jpg,45 Sekar Jali,634,0,train
/kaggle/input/datasets/hertiyani/batik-nitik-960-official-mendeley/Batik Nitik 960/Batik Nitik 960 Images/45 Sekar Jali 4.jpg,45 Sekar Jali 4.jpg,45 Sekar Jali,636,0,train
/kaggle/input/datasets/hertiyani/batik-nitik-960-official-mendeley/Batik Nitik 960/Batik Nitik 960 Images/45 Sekar Jali 4_rotate_180.jpg,45 Sekar Jali 4_rotate_180.jpg,45 Sekar Jali,636,0,train
/kaggle/input/datasets/hertiyani/batik-nitik-960-official-mendeley/Batik Nitik 960/Batik Nitik 960 Images/45 Sekar Jali 4_rotate_270.jpg,45 Sekar Jali 4_rotate_270.jpg,45 Sekar Jali,636,0,train
/kaggle/input/datasets/hertiyani/batik-nitik-960-official-mendeley/Batik Nitik 960/Batik Nitik 960 Images/45 Sekar Jali 4_rotate_90.jpg,45 Sekar Jali 4_rotate_90.jpg,45 Sekar Jali,636,0,train
/kaggle/input/datasets/hertiyani/batik-nitik-960-official-mendeley/Batik Nitik 960/Batik Nitik 960 Images/46 Sekar Lintang 1.jpg,46 Sekar Lintang 1.jpg,46 Sekar Lintang,640,0,test
/kaggle/input/datasets/hertiyani/batik-nitik-960-official-mendeley/Batik Nitik 960/Batik Nitik 960 Images/46 Sekar Lintang 1_rotate_180.jpg,46 Sekar Lintang 1_rotate_180.jpg,46 Sekar Lintang,640,0,test
/kaggle/input/datasets/hertiyani/batik-nitik-960-official-mendeley/Batik Nitik 960/Batik Nitik 960 Images/46 Sekar Lintang 1_rotate_270.jpg,46 Sekar Lintang 1_rotate_270.jpg,46 Sekar Lintang,642,0,test
/kaggle/input/datasets/hertiyani/batik-nitik-960-official-mendeley/Batik Nitik 960/Batik Nitik 960 Images/46 Sekar Lintang 1_rotate_90.jpg,46 Sekar Lintang 1_rotate_90.jpg,46 Sekar Lintang,642,0,test
/kaggle/input/datasets/hertiyani/batik-nitik-960-official-mendeley/Batik Nitik 960/Batik Nitik 960 Images/46 Sekar Lintang 2.jpg,46 Sekar Lintang 2.jpg,46 Sekar Lintang,644,0,train
/kaggle/input/datasets/hertiyani/batik-nitik-960-official-mendeley/Batik Nitik 960/Batik Nitik 960 Images/46 Sekar Lintang 2_rotate_180.jpg,46 Sekar Lintang 2_rotate_180.jpg,46 Sekar Lintang,644,0,train
/kaggle/input/datasets/hertiyani/batik-nitik-960-official-mendeley/Batik Nitik 960/Batik Nitik 960 Images/46 Sekar Lintang 2_rotate_270.jpg,46 Sekar Lintang 2_rotate_270.jpg,46 Sekar Lintang,646,0,train
/kaggle/input/datasets/hertiyani/batik-nitik-960-official-mendeley/Batik Nitik 960/Batik Nitik 960 Images/46 Sekar Lintang 2_rotate_90.jpg,46 Sekar Lintang 2_rotate_90.jpg,46 Sekar Lintang,646,0,train
/kaggle/input/datasets/hertiyani/batik-nitik-960-official-mendeley/Batik Nitik 960/Batik Nitik 960 Images/46 Sekar Lintang 3.jpg,46 Sekar Lintang 3.jpg,46 Sekar Lintang,648,0,train
/kaggle/input/datasets/hertiyani/batik-nitik-960-official-mendeley/Batik Nitik 960/Batik Nitik 960 Images/46 Sekar Lintang 3_rotate_180.jpg,46 Sekar Lintang 3_rotate_180.jpg,46 Sekar Lintang,648,0,train
/kaggle/input/datasets/hertiyani/batik-nitik-960-official-mendeley/Batik Nitik 960/Batik Nitik 960 Images/46 Sekar Lintang 3_rotate_270.jpg,46 Sekar Lintang 3_rotate_270.jpg,46 Sekar Lintang,648,0,train
/kaggle/input/datasets/hertiyani/batik-nitik-960-official-mendeley/Batik Nitik 960/Batik Nitik 960 Images/46 Sekar Lintang 3_rotate_90.jpg,46 Sekar Lintang 3_rotate_90.jpg,46 Sekar Lintang,648,0,train
/kaggle/input/datasets/hertiyani/batik-nitik-960-official-mendeley/Batik Nitik 960/Batik Nitik 960 Images/46 Sekar Lintang 4.jpg,46 Sekar Lintang 4.jpg,46 Sekar Lintang,652,0,train
/kaggle/input/datasets/hertiyani/batik-nitik-960-official-mendeley/Batik Nitik 960/Batik Nitik 960 Images/46 Sekar Lintang 4_rotate_180.jpg,46 Sekar Lintang 4_rotate_180.jpg,46 Sekar Lintang,652,0,train
/kaggle/input/datasets/hertiyani/batik-nitik-960-official-mendeley/Batik Nitik 960/Batik Nitik 960 Images/46 Sekar Lintang 4_rotate_270.jpg,46 Sekar Lintang 4_rotate_270.jpg,46 Sekar Lintang,654,0,test
/kaggle/input/datasets/hertiyani/batik-nitik-960-official-mendeley/Batik Nitik 960/Batik Nitik 960 Images/46 Sekar Lintang 4_rotate_90.jpg,46 Sekar Lintang 4_rotate_90.jpg,46 Sekar Lintang,654,0,test
/kaggle/input/datasets/hertiyani/batik-nitik-960-official-mendeley/Batik Nitik 960/Batik Nitik 960 Images/47 Sekar Kenanga 1.jpg,47 Sekar Kenanga 1.jpg,47 Sekar Kenanga,656,0,test
/kaggle/input/datasets/hertiyani/batik-nitik-960-official-mendeley/Batik Nitik 960/Batik Nitik 960 Images/47 Sekar Kenanga 1_rotate_180.jpg,47 Sekar Kenanga 1_rotate_180.jpg,47 Sekar Kenanga,656,0,test
/kaggle/input/datasets/hertiyani/batik-nitik-960-official-mendeley/Batik Nitik 960/Batik Nitik 960 Images/47 Sekar Kenanga 1_rotate_270.jpg,47 Sekar Kenanga 1_rotate_270.jpg,47 Sekar Kenanga,658,0,train
/kaggle/input/datasets/hertiyani/batik-nitik-960-official-mendeley/Batik Nitik 960/Batik Nitik 960 Images/47 Sekar Kenanga 1_rotate_90.jpg,47 Sekar Kenanga 1_rotate_90.jpg,47 Sekar Kenanga,658,0,train
/kaggle/input/datasets/hertiyani/batik-nitik-960-official-mendeley/Batik Nitik 960/Batik Nitik 960 Images/47 Sekar Kenanga 2.jpg,47 Sekar Kenanga 2.jpg,47 Sekar Kenanga,660,0,test
/kaggle/input/datasets/hertiyani/batik-nitik-960-official-mendeley/Batik Nitik 960/Batik Nitik 960 Images/47 Sekar Kenanga 2_rotate_180.jpg,47 Sekar Kenanga 2_rotate_180.jpg,47 Sekar Kenanga,660,0,test
/kaggle/input/datasets/hertiyani/batik-nitik-960-official-mendeley/Batik Nitik 960/Batik Nitik 960 Images/47 Sekar Kenanga 2_rotate_270.jpg,47 Sekar Kenanga 2_rotate_270.jpg,47 Sekar Kenanga,662,0,train
/kaggle/input/datasets/hertiyani/batik-nitik-960-official-mendeley/Batik Nitik 960/Batik Nitik 960 Images/47 Sekar Kenanga 2_rotate_90.jpg,47 Sekar Kenanga 2_rotate_90.jpg,47 Sekar Kenanga,662,0,train
/kaggle/input/datasets/hertiyani/batik-nitik-960-official-mendeley/Batik Nitik 960/Batik Nitik 960 Images/47 Sekar Kenanga 3.jpg,47 Sekar Kenanga 3.jpg,47 Sekar Kenanga,664,0,train
/kaggle/input/datasets/hertiyani/batik-nitik-960-official-mendeley/Batik Nitik 960/Batik Nitik 960 Images/47 Sekar Kenanga 3_rotate_180.jpg,47 Sekar Kenanga 3_rotate_180.jpg,47 Sekar Kenanga,664,0,train
/kaggle/input/datasets/hertiyani/batik-nitik-960-official-mendeley/Batik Nitik 960/Batik Nitik 960 Images/47 Sekar Kenanga 3_rotate_270.jpg,47 Sekar Kenanga 3_rotate_270.jpg,47 Sekar Kenanga,664,0,train
/kaggle/input/datasets/hertiyani/batik-nitik-960-official-mendeley/Batik Nitik 960/Batik Nitik 960 Images/47 Sekar Kenanga 3_rotate_90.jpg,47 Sekar Kenanga 3_rotate_90.jpg,47 Sekar Kenanga,664,0,train
/kaggle/input/datasets/hertiyani/batik-nitik-960-official-mendeley/Batik Nitik 960/Batik Nitik 960 Images/47 Sekar Kenanga 4.jpg,47 Sekar Kenanga 4.jpg,47 Sekar Kenanga,668,0,train
/kaggle/input/datasets/hertiyani/batik-nitik-960-official-mendeley/Batik Nitik 960/Batik Nitik 960 Images/47 Sekar Kenanga 4_rotate_180.jpg,47 Sekar Kenanga 4_rotate_180.jpg,47 Sekar Kenanga,668,0,train
/kaggle/input/datasets/hertiyani/batik-nitik-960-official-mendeley/Batik Nitik 960/Batik Nitik 960 Images/47 Sekar Kenanga 4_rotate_270.jpg,47 Sekar Kenanga 4_rotate_270.jpg,47 Sekar Kenanga,670,0,test
/kaggle/input/datasets/hertiyani/batik-nitik-960-official-mendeley/Batik Nitik 960/Batik Nitik 960 Images/47 Sekar Kenanga 4_rotate_90.jpg,47 Sekar Kenanga 4_rotate_90.jpg,47 Sekar Kenanga,670,0,test
/kaggle/input/datasets/hertiyani/batik-nitik-960-official-mendeley/Batik Nitik 960/Batik Nitik 960 Images/48 Sekar Jeruk 1.jpg,48 Sekar Jeruk 1.jpg,48 Sekar Jeruk,672,0,train
/kaggle/input/datasets/hertiyani/batik-nitik-960-official-mendeley/Batik Nitik 960/Batik Nitik 960 Images/48 Sekar Jeruk 1_rotate_180.jpg,48 Sekar Jeruk 1_rotate_180.jpg,48 Sekar Jeruk,672,0,train
/kaggle/input/datasets/hertiyani/batik-nitik-960-official-mendeley/Batik Nitik 960/Batik Nitik 960 Images/48 Sekar Jeruk 1_rotate_270.jpg,48 Sekar Jeruk 1_rotate_270.jpg,48 Sekar Jeruk,674,0,test
/kaggle/input/datasets/hertiyani/batik-nitik-960-official-mendeley/Batik Nitik 960/Batik Nitik 960 Images/48 Sekar Jeruk 1_rotate_90.jpg,48 Sekar Jeruk 1_rotate_90.jpg,48 Sekar Jeruk,674,0,test
/kaggle/input/datasets/hertiyani/batik-nitik-960-official-mendeley/Batik Nitik 960/Batik Nitik 960 Images/48 Sekar Jeruk 2.jpg,48 Sekar Jeruk 2.jpg,48 Sekar Jeruk,672,0,train
/kaggle/input/datasets/hertiyani/batik-nitik-960-official-mendeley/Batik Nitik 960/Batik Nitik 960 Images/48 Sekar Jeruk 2_rotate_180.jpg,48 Sekar Jeruk 2_rotate_180.jpg,48 Sekar Jeruk,672,0,train
/kaggle/input/datasets/hertiyani/batik-nitik-960-official-mendeley/Batik Nitik 960/Batik Nitik 960 Images/48 Sekar Jeruk 2_rotate_270.jpg,48 Sekar Jeruk 2_rotate_270.jpg,48 Sekar Jeruk,674,0,test
/kaggle/input/datasets/hertiyani/batik-nitik-960-official-mendeley/Batik Nitik 960/Batik Nitik 960 Images/48 Sekar Jeruk 2_rotate_90.jpg,48 Sekar Jeruk 2_rotate_90.jpg,48 Sekar Jeruk,674,0,test
/kaggle/input/datasets/hertiyani/batik-nitik-960-official-mendeley/Batik Nitik 960/Batik Nitik 960 Images/48 Sekar Jeruk 3.jpg,48 Sekar Jeruk 3.jpg,48 Sekar Jeruk,672,0,train
/kaggle/input/datasets/hertiyani/batik-nitik-960-official-mendeley/Batik Nitik 960/Batik Nitik 960 Images/48 Sekar Jeruk 3_rotate_180.jpg,48 Sekar Jeruk 3_rotate_180.jpg,48 Sekar Jeruk,672,0,train
/kaggle/input/datasets/hertiyani/batik-nitik-960-official-mendeley/Batik Nitik 960/Batik Nitik 960 Images/48 Sekar Jeruk 3_rotate_270.jpg,48 Sekar Jeruk 3_rotate_270.jpg,48 Sekar Jeruk,674,0,test
/kaggle/input/datasets/hertiyani/batik-nitik-960-official-mendeley/Batik Nitik 960/Batik Nitik 960 Images/48 Sekar Jeruk 3_rotate_90.jpg,48 Sekar Jeruk 3_rotate_90.jpg,48 Sekar Jeruk,674,0,test
/kaggle/input/datasets/hertiyani/batik-nitik-960-official-mendeley/Batik Nitik 960/Batik Nitik 960 Images/48 Sekar Jeruk 4.jpg,48 Sekar Jeruk 4.jpg,48 Sekar Jeruk,672,0,train
/kaggle/input/datasets/hertiyani/batik-nitik-960-official-mendeley/Batik Nitik 960/Batik Nitik 960 Images/48 Sekar Jeruk 4_rotate_180.jpg,48 Sekar Jeruk 4_rotate_180.jpg,48 Sekar Jeruk,672,0,train
/kaggle/input/datasets/hertiyani/batik-nitik-960-official-mendeley/Batik Nitik 960/Batik Nitik 960 Images/48 Sekar Jeruk 4_rotate_270.jpg,48 Sekar Jeruk 4_rotate_270.jpg,48 Sekar Jeruk,674,0,test
/kaggle/input/datasets/hertiyani/batik-nitik-960-official-mendeley/Batik Nitik 960/Batik Nitik 960 Images/48 Sekar Jeruk 4_rotate_90.jpg,48 Sekar Jeruk 4_rotate_90.jpg,48 Sekar Jeruk,674,0,test
/kaggle/input/datasets/hertiyani/batik-nitik-960-official-mendeley/Batik Nitik 960/Batik Nitik 960 Images/49 Sekar Mindi 1.jpg,49 Sekar Mindi 1.jpg,49 Sekar Mindi,688,0,test
/kaggle/input/datasets/hertiyani/batik-nitik-960-official-mendeley/Batik Nitik 960/Batik Nitik 960 Images/49 Sekar Mindi 1_rotate_180.jpg,49 Sekar Mindi 1_rotate_180.jpg,49 Sekar Mindi,688,0,test
/kaggle/input/datasets/hertiyani/batik-nitik-960-official-mendeley/Batik Nitik 960/Batik Nitik 960 Images/49 Sekar Mindi 1_rotate_270.jpg,49 Sekar Mindi 1_rotate_270.jpg,49 Sekar Mindi,688,0,test
/kaggle/input/datasets/hertiyani/batik-nitik-960-official-mendeley/Batik Nitik 960/Batik Nitik 960 Images/49 Sekar Mindi 1_rotate_90.jpg,49 Sekar Mindi 1_rotate_90.jpg,49 Sekar Mindi,688,0,test
/kaggle/input/datasets/hertiyani/batik-nitik-960-official-mendeley/Batik Nitik 960/Batik Nitik 960 Images/49 Sekar Mindi 2.jpg,49 Sekar Mindi 2.jpg,49 Sekar Mindi,692,0,test
/kaggle/input/datasets/hertiyani/batik-nitik-960-official-mendeley/Batik Nitik 960/Batik Nitik 960 Images/49 Sekar Mindi 2_rotate_180.jpg,49 Sekar Mindi 2_rotate_180.jpg,49 Sekar Mindi,692,0,test
/kaggle/input/datasets/hertiyani/batik-nitik-960-official-mendeley/Batik Nitik 960/Batik Nitik 960 Images/49 Sekar Mindi 2_rotate_270.jpg,49 Sekar Mindi 2_rotate_270.jpg,49 Sekar Mindi,694,0,train
/kaggle/input/datasets/hertiyani/batik-nitik-960-official-mendeley/Batik Nitik 960/Batik Nitik 960 Images/49 Sekar Mindi 2_rotate_90.jpg,49 Sekar Mindi 2_rotate_90.jpg,49 Sekar Mindi,694,0,train
/kaggle/input/datasets/hertiyani/batik-nitik-960-official-mendeley/Batik Nitik 960/Batik Nitik 960 Images/49 Sekar Mindi 3.jpg,49 Sekar Mindi 3.jpg,49 Sekar Mindi,696,0,train
/kaggle/input/datasets/hertiyani/batik-nitik-960-official-mendeley/Batik Nitik 960/Batik Nitik 960 Images/49 Sekar Mindi 3_rotate_180.jpg,49 Sekar Mindi 3_rotate_180.jpg,49 Sekar Mindi,696,0,train
/kaggle/input/datasets/hertiyani/batik-nitik-960-official-mendeley/Batik Nitik 960/Batik Nitik 960 Images/49 Sekar Mindi 3_rotate_270.jpg,49 Sekar Mindi 3_rotate_270.jpg,49 Sekar Mindi,696,0,train
/kaggle/input/datasets/hertiyani/batik-nitik-960-official-mendeley/Batik Nitik 960/Batik Nitik 960 Images/49 Sekar Mindi 3_rotate_90.jpg,49 Sekar Mindi 3_rotate_90.jpg,49 Sekar Mindi,696,0,train
/kaggle/input/datasets/hertiyani/batik-nitik-960-official-mendeley/Batik Nitik 960/Batik Nitik 960 Images/49 Sekar Mindi 4.jpg,49 Sekar Mindi 4.jpg,49 Sekar Mindi,700,0,train
/kaggle/input/datasets/hertiyani/batik-nitik-960-official-mendeley/Batik Nitik 960/Batik Nitik 960 Images/49 Sekar Mindi 4_rotate_180.jpg,49 Sekar Mindi 4_rotate_180.jpg,49 Sekar Mindi,700,0,train
/kaggle/input/datasets/hertiyani/batik-nitik-960-official-mendeley/Batik Nitik 960/Batik Nitik 960 Images/49 Sekar Mindi 4_rotate_270.jpg,49 Sekar Mindi 4_rotate_270.jpg,49 Sekar Mindi,702,0,train
/kaggle/input/datasets/hertiyani/batik-nitik-960-official-mendeley/Batik Nitik 960/Batik Nitik 960 Images/49 Sekar Mindi 4_rotate_90.jpg,49 Sekar Mindi 4_rotate_90.jpg,49 Sekar Mindi,702,0,train
/kaggle/input/datasets/hertiyani/batik-nitik-960-official-mendeley/Batik Nitik 960/Batik Nitik 960 Images/5 Sekar Pacar 1.jpg,5 Sekar Pacar 1.jpg,5 Sekar Pacar,704,0,train
/kaggle/input/datasets/hertiyani/batik-nitik-960-official-mendeley/Batik Nitik 960/Batik Nitik 960 Images/5 Sekar Pacar 1_rotate_180.jpg,5 Sekar Pacar 1_rotate_180.jpg,5 Sekar Pacar,704,0,train
/kaggle/input/datasets/hertiyani/batik-nitik-960-official-mendeley/Batik Nitik 960/Batik Nitik 960 Images/5 Sekar Pacar 1_rotate_270.jpg,5 Sekar Pacar 1_rotate_270.jpg,5 Sekar Pacar,704,0,train
/kaggle/input/datasets/hertiyani/batik-nitik-960-official-mendeley/Batik Nitik 960/Batik Nitik 960 Images/5 Sekar Pacar 1_rotate_90.jpg,5 Sekar Pacar 1_rotate_90.jpg,5 Sekar Pacar,704,0,train
/kaggle/input/datasets/hertiyani/batik-nitik-960-official-mendeley/Batik Nitik 960/Batik Nitik 960 Images/5 Sekar Pacar 2.jpg,5 Sekar Pacar 2.jpg,5 Sekar Pacar,708,0,train
/kaggle/input/datasets/hertiyani/batik-nitik-960-official-mendeley/Batik Nitik 960/Batik Nitik 960 Images/5 Sekar Pacar 2_rotate_180.jpg,5 Sekar Pacar 2_rotate_180.jpg,5 Sekar Pacar,708,0,train
/kaggle/input/datasets/hertiyani/batik-nitik-960-official-mendeley/Batik Nitik 960/Batik Nitik 960 Images/5 Sekar Pacar 2_rotate_270.jpg,5 Sekar Pacar 2_rotate_270.jpg,5 Sekar Pacar,710,0,test
/kaggle/input/datasets/hertiyani/batik-nitik-960-official-mendeley/Batik Nitik 960/Batik Nitik 960 Images/5 Sekar Pacar 2_rotate_90.jpg,5 Sekar Pacar 2_rotate_90.jpg,5 Sekar Pacar,710,0,test
/kaggle/input/datasets/hertiyani/batik-nitik-960-official-mendeley/Batik Nitik 960/Batik Nitik 960 Images/5 Sekar Pacar 3.jpg,5 Sekar Pacar 3.jpg,5 Sekar Pacar,712,0,train
/kaggle/input/datasets/hertiyani/batik-nitik-960-official-mendeley/Batik Nitik 960/Batik Nitik 960 Images/5 Sekar Pacar 3_rotate_180.jpg,5 Sekar Pacar 3_rotate_180.jpg,5 Sekar Pacar,712,0,train
/kaggle/input/datasets/hertiyani/batik-nitik-960-official-mendeley/Batik Nitik 960/Batik Nitik 960 Images/5 Sekar Pacar 3_rotate_270.jpg,5 Sekar Pacar 3_rotate_270.jpg,5 Sekar Pacar,714,0,test
/kaggle/input/datasets/hertiyani/batik-nitik-960-official-mendeley/Batik Nitik 960/Batik Nitik 960 Images/5 Sekar Pacar 3_rotate_90.jpg,5 Sekar Pacar 3_rotate_90.jpg,5 Sekar Pacar,714,0,test
/kaggle/input/datasets/hertiyani/batik-nitik-960-official-mendeley/Batik Nitik 960/Batik Nitik 960 Images/5 Sekar Pacar 4.jpg,5 Sekar Pacar 4.jpg,5 Sekar Pacar,716,0,test
/kaggle/input/datasets/hertiyani/batik-nitik-960-official-mendeley/Batik Nitik 960/Batik Nitik 960 Images/5 Sekar Pacar 4_rotate_180.jpg,5 Sekar Pacar 4_rotate_180.jpg,5 Sekar Pacar,716,0,test
/kaggle/input/datasets/hertiyani/batik-nitik-960-official-mendeley/Batik Nitik 960/Batik Nitik 960 Images/5 Sekar Pacar 4_rotate_270.jpg,5 Sekar Pacar 4_rotate_270.jpg,5 Sekar Pacar,718,0,train
/kaggle/input/datasets/hertiyani/batik-nitik-960-official-mendeley/Batik Nitik 960/Batik Nitik 960 Images/5 Sekar Pacar 4_rotate_90.jpg,5 Sekar Pacar 4_rotate_90.jpg,5 Sekar Pacar,718,0,train
/kaggle/input/datasets/hertiyani/batik-nitik-960-official-mendeley/Batik Nitik 960/Batik Nitik 960 Images/50 Tanjung Gunung 1.jpg,50 Tanjung Gunung 1.jpg,50 Tanjung Gunung,720,0,train
/kaggle/input/datasets/hertiyani/batik-nitik-960-official-mendeley/Batik Nitik 960/Batik Nitik 960 Images/50 Tanjung Gunung 1_rotate_180.jpg,50 Tanjung Gunung 1_rotate_180.jpg,50 Tanjung Gunung,720,0,train
/kaggle/input/datasets/hertiyani/batik-nitik-960-official-mendeley/Batik Nitik 960/Batik Nitik 960 Images/50 Tanjung Gunung 1_rotate_270.jpg,50 Tanjung Gunung 1_rotate_270.jpg,50 Tanjung Gunung,722,0,train
/kaggle/input/datasets/hertiyani/batik-nitik-960-official-mendeley/Batik Nitik 960/Batik Nitik 960 Images/50 Tanjung Gunung 1_rotate_90.jpg,50 Tanjung Gunung 1_rotate_90.jpg,50 Tanjung Gunung,722,0,train
/kaggle/input/datasets/hertiyani/batik-nitik-960-official-mendeley/Batik Nitik 960/Batik Nitik 960 Images/50 Tanjung Gunung 2.jpg,50 Tanjung Gunung 2.jpg,50 Tanjung Gunung,724,0,test
/kaggle/input/datasets/hertiyani/batik-nitik-960-official-mendeley/Batik Nitik 960/Batik Nitik 960 Images/50 Tanjung Gunung 2_rotate_180.jpg,50 Tanjung Gunung 2_rotate_180.jpg,50 Tanjung Gunung,724,0,test
/kaggle/input/datasets/hertiyani/batik-nitik-960-official-mendeley/Batik Nitik 960/Batik Nitik 960 Images/50 Tanjung Gunung 2_rotate_270.jpg,50 Tanjung Gunung 2_rotate_270.jpg,50 Tanjung Gunung,724,0,test
/kaggle/input/datasets/hertiyani/batik-nitik-960-official-mendeley/Batik Nitik 960/Batik Nitik 960 Images/50 Tanjung Gunung 2_rotate_90.jpg,50 Tanjung Gunung 2_rotate_90.jpg,50 Tanjung Gunung,724,0,test
/kaggle/input/datasets/hertiyani/batik-nitik-960-official-mendeley/Batik Nitik 960/Batik Nitik 960 Images/50 Tanjung Gunung 3.jpg,50 Tanjung Gunung 3.jpg,50 Tanjung Gunung,728,0,train
/kaggle/input/datasets/hertiyani/batik-nitik-960-official-mendeley/Batik Nitik 960/Batik Nitik 960 Images/50 Tanjung Gunung 3_rotate_180.jpg,50 Tanjung Gunung 3_rotate_180.jpg,50 Tanjung Gunung,728,0,train
/kaggle/input/datasets/hertiyani/batik-nitik-960-official-mendeley/Batik Nitik 960/Batik Nitik 960 Images/50 Tanjung Gunung 3_rotate_270.jpg,50 Tanjung Gunung 3_rotate_270.jpg,50 Tanjung Gunung,730,0,test
/kaggle/input/datasets/hertiyani/batik-nitik-960-official-mendeley/Batik Nitik 960/Batik Nitik 960 Images/50 Tanjung Gunung 3_rotate_90.jpg,50 Tanjung Gunung 3_rotate_90.jpg,50 Tanjung Gunung,730,0,test
/kaggle/input/datasets/hertiyani/batik-nitik-960-official-mendeley/Batik Nitik 960/Batik Nitik 960 Images/50 Tanjung Gunung 4.jpg,50 Tanjung Gunung 4.jpg,50 Tanjung Gunung,732,0,train
/kaggle/input/datasets/hertiyani/batik-nitik-960-official-mendeley/Batik Nitik 960/Batik Nitik 960 Images/50 Tanjung Gunung 4_rotate_180.jpg,50 Tanjung Gunung 4_rotate_180.jpg,50 Tanjung Gunung,732,0,train
/kaggle/input/datasets/hertiyani/batik-nitik-960-official-mendeley/Batik Nitik 960/Batik Nitik 960 Images/50 Tanjung Gunung 4_rotate_270.jpg,50 Tanjung Gunung 4_rotate_270.jpg,50 Tanjung Gunung,732,0,train
/kaggle/input/datasets/hertiyani/batik-nitik-960-official-mendeley/Batik Nitik 960/Batik Nitik 960 Images/50 Tanjung Gunung 4_rotate_90.jpg,50 Tanjung Gunung 4_rotate_90.jpg,50 Tanjung Gunung,732,0,train
/kaggle/input/datasets/hertiyani/batik-nitik-960-official-mendeley/Batik Nitik 960/Batik Nitik 960 Images/51 Sekar Kenikir 1.jpg,51 Sekar Kenikir 1.jpg,51 Sekar Kenikir,736,0,train
/kaggle/input/datasets/hertiyani/batik-nitik-960-official-mendeley/Batik Nitik 960/Batik Nitik 960 Images/51 Sekar Kenikir 1_rotate_180.jpg,51 Sekar Kenikir 1_rotate_180.jpg,51 Sekar Kenikir,736,0,train
/kaggle/input/datasets/hertiyani/batik-nitik-960-official-mendeley/Batik Nitik 960/Batik Nitik 960 Images/51 Sekar Kenikir 1_rotate_270.jpg,51 Sekar Kenikir 1_rotate_270.jpg,51 Sekar Kenikir,738,0,train
/kaggle/input/datasets/hertiyani/batik-nitik-960-official-mendeley/Batik Nitik 960/Batik Nitik 960 Images/51 Sekar Kenikir 1_rotate_90.jpg,51 Sekar Kenikir 1_rotate_90.jpg,51 Sekar Kenikir,738,0,train
/kaggle/input/datasets/hertiyani/batik-nitik-960-official-mendeley/Batik Nitik 960/Batik Nitik 960 Images/51 Sekar Kenikir 2.jpg,51 Sekar Kenikir 2.jpg,51 Sekar Kenikir,740,0,test
/kaggle/input/datasets/hertiyani/batik-nitik-960-official-mendeley/Batik Nitik 960/Batik Nitik 960 Images/51 Sekar Kenikir 2_rotate_180.jpg,51 Sekar Kenikir 2_rotate_180.jpg,51 Sekar Kenikir,740,0,test
/kaggle/input/datasets/hertiyani/batik-nitik-960-official-mendeley/Batik Nitik 960/Batik Nitik 960 Images/51 Sekar Kenikir 2_rotate_270.jpg,51 Sekar Kenikir 2_rotate_270.jpg,51 Sekar Kenikir,740,0,test
/kaggle/input/datasets/hertiyani/batik-nitik-960-official-mendeley/Batik Nitik 960/Batik Nitik 960 Images/51 Sekar Kenikir 2_rotate_90.jpg,51 Sekar Kenikir 2_rotate_90.jpg,51 Sekar Kenikir,740,0,test
/kaggle/input/datasets/hertiyani/batik-nitik-960-official-mendeley/Batik Nitik 960/Batik Nitik 960 Images/51 Sekar Kenikir 3.jpg,51 Sekar Kenikir 3.jpg,51 Sekar Kenikir,744,0,train
/kaggle/input/datasets/hertiyani/batik-nitik-960-official-mendeley/Batik Nitik 960/Batik Nitik 960 Images/51 Sekar Kenikir 3_rotate_180.jpg,51 Sekar Kenikir 3_rotate_180.jpg,51 Sekar Kenikir,744,0,train
/kaggle/input/datasets/hertiyani/batik-nitik-960-official-mendeley/Batik Nitik 960/Batik Nitik 960 Images/51 Sekar Kenikir 3_rotate_270.jpg,51 Sekar Kenikir 3_rotate_270.jpg,51 Sekar Kenikir,746,0,train
/kaggle/input/datasets/hertiyani/batik-nitik-960-official-mendeley/Batik Nitik 960/Batik Nitik 960 Images/51 Sekar Kenikir 3_rotate_90.jpg,51 Sekar Kenikir 3_rotate_90.jpg,51 Sekar Kenikir,746,0,train
/kaggle/input/datasets/hertiyani/batik-nitik-960-official-mendeley/Batik Nitik 960/Batik Nitik 960 Images/51 Sekar Kenikir 4.jpg,51 Sekar Kenikir 4.jpg,51 Sekar Kenikir,748,0,train
/kaggle/input/datasets/hertiyani/batik-nitik-960-official-mendeley/Batik Nitik 960/Batik Nitik 960 Images/51 Sekar Kenikir 4_rotate_180.jpg,51 Sekar Kenikir 4_rotate_180.jpg,51 Sekar Kenikir,748,0,train
/kaggle/input/datasets/hertiyani/batik-nitik-960-official-mendeley/Batik Nitik 960/Batik Nitik 960 Images/51 Sekar Kenikir 4_rotate_270.jpg,51 Sekar Kenikir 4_rotate_270.jpg,51 Sekar Kenikir,750,0,test
/kaggle/input/datasets/hertiyani/batik-nitik-960-official-mendeley/Batik Nitik 960/Batik Nitik 960 Images/51 Sekar Kenikir 4_rotate_90.jpg,51 Sekar Kenikir 4_rotate_90.jpg,51 Sekar Kenikir,750,0,test
/kaggle/input/datasets/hertiyani/batik-nitik-960-official-mendeley/Batik Nitik 960/Batik Nitik 960 Images/52 Sekar Blimbing 1.jpg,52 Sekar Blimbing 1.jpg,52 Sekar Blimbing,752,0,test
/kaggle/input/datasets/hertiyani/batik-nitik-960-official-mendeley/Batik Nitik 960/Batik Nitik 960 Images/52 Sekar Blimbing 1_rotate_180.jpg,52 Sekar Blimbing 1_rotate_180.jpg,52 Sekar Blimbing,752,0,test
/kaggle/input/datasets/hertiyani/batik-nitik-960-official-mendeley/Batik Nitik 960/Batik Nitik 960 Images/52 Sekar Blimbing 1_rotate_270.jpg,52 Sekar Blimbing 1_rotate_270.jpg,52 Sekar Blimbing,754,0,train
/kaggle/input/datasets/hertiyani/batik-nitik-960-official-mendeley/Batik Nitik 960/Batik Nitik 960 Images/52 Sekar Blimbing 1_rotate_90.jpg,52 Sekar Blimbing 1_rotate_90.jpg,52 Sekar Blimbing,754,0,train
/kaggle/input/datasets/hertiyani/batik-nitik-960-official-mendeley/Batik Nitik 960/Batik Nitik 960 Images/52 Sekar Blimbing 2.jpg,52 Sekar Blimbing 2.jpg,52 Sekar Blimbing,756,0,train
/kaggle/input/datasets/hertiyani/batik-nitik-960-official-mendeley/Batik Nitik 960/Batik Nitik 960 Images/52 Sekar Blimbing 2_rotate_180.jpg,52 Sekar Blimbing 2_rotate_180.jpg,52 Sekar Blimbing,756,0,train
/kaggle/input/datasets/hertiyani/batik-nitik-960-official-mendeley/Batik Nitik 960/Batik Nitik 960 Images/52 Sekar Blimbing 2_rotate_270.jpg,52 Sekar Blimbing 2_rotate_270.jpg,52 Sekar Blimbing,758,0,test
/kaggle/input/datasets/hertiyani/batik-nitik-960-official-mendeley/Batik Nitik 960/Batik Nitik 960 Images/52 Sekar Blimbing 2_rotate_90.jpg,52 Sekar Blimbing 2_rotate_90.jpg,52 Sekar Blimbing,758,0,test
/kaggle/input/datasets/hertiyani/batik-nitik-960-official-mendeley/Batik Nitik 960/Batik Nitik 960 Images/52 Sekar Blimbing 3.jpg,52 Sekar Blimbing 3.jpg,52 Sekar Blimbing,760,0,train
/kaggle/input/datasets/hertiyani/batik-nitik-960-official-mendeley/Batik Nitik 960/Batik Nitik 960 Images/52 Sekar Blimbing 3_rotate_180.jpg,52 Sekar Blimbing 3_rotate_180.jpg,52 Sekar Blimbing,760,0,train
/kaggle/input/datasets/hertiyani/batik-nitik-960-official-mendeley/Batik Nitik 960/Batik Nitik 960 Images/52 Sekar Blimbing 3_rotate_270.jpg,52 Sekar Blimbing 3_rotate_270.jpg,52 Sekar Blimbing,762,0,test
/kaggle/input/datasets/hertiyani/batik-nitik-960-official-mendeley/Batik Nitik 960/Batik Nitik 960 Images/52 Sekar Blimbing 3_rotate_90.jpg,52 Sekar Blimbing 3_rotate_90.jpg,52 Sekar Blimbing,762,0,test
/kaggle/input/datasets/hertiyani/batik-nitik-960-official-mendeley/Batik Nitik 960/Batik Nitik 960 Images/52 Sekar Blimbing 4.jpg,52 Sekar Blimbing 4.jpg,52 Sekar Blimbing,764,0,train
/kaggle/input/datasets/hertiyani/batik-nitik-960-official-mendeley/Batik Nitik 960/Batik Nitik 960 Images/52 Sekar Blimbing 4_rotate_180.jpg,52 Sekar Blimbing 4_rotate_180.jpg,52 Sekar Blimbing,764,0,train
/kaggle/input/datasets/hertiyani/batik-nitik-960-official-mendeley/Batik Nitik 960/Batik Nitik 960 Images/52 Sekar Blimbing 4_rotate_270.jpg,52 Sekar Blimbing 4_rotate_270.jpg,52 Sekar Blimbing,766,0,train
/kaggle/input/datasets/hertiyani/batik-nitik-960-official-mendeley/Batik Nitik 960/Batik Nitik 960 Images/52 Sekar Blimbing 4_rotate_90.jpg,52 Sekar Blimbing 4_rotate_90.jpg,52 Sekar Blimbing,766,0,train
/kaggle/input/datasets/hertiyani/batik-nitik-960-official-mendeley/Batik Nitik 960/Batik Nitik 960 Images/53 Sekar Pijetan 1.jpg,53 Sekar Pijetan 1.jpg,53 Sekar Pijetan,768,0,test
/kaggle/input/datasets/hertiyani/batik-nitik-960-official-mendeley/Batik Nitik 960/Batik Nitik 960 Images/53 Sekar Pijetan 1_rotate_180.jpg,53 Sekar Pijetan 1_rotate_180.jpg,53 Sekar Pijetan,768,0,test
/kaggle/input/datasets/hertiyani/batik-nitik-960-official-mendeley/Batik Nitik 960/Batik Nitik 960 Images/53 Sekar Pijetan 1_rotate_270.jpg,53 Sekar Pijetan 1_rotate_270.jpg,53 Sekar Pijetan,770,0,train
/kaggle/input/datasets/hertiyani/batik-nitik-960-official-mendeley/Batik Nitik 960/Batik Nitik 960 Images/53 Sekar Pijetan 1_rotate_90.jpg,53 Sekar Pijetan 1_rotate_90.jpg,53 Sekar Pijetan,770,0,train
/kaggle/input/datasets/hertiyani/batik-nitik-960-official-mendeley/Batik Nitik 960/Batik Nitik 960 Images/53 Sekar Pijetan 2.jpg,53 Sekar Pijetan 2.jpg,53 Sekar Pijetan,772,0,train
/kaggle/input/datasets/hertiyani/batik-nitik-960-official-mendeley/Batik Nitik 960/Batik Nitik 960 Images/53 Sekar Pijetan 2_rotate_180.jpg,53 Sekar Pijetan 2_rotate_180.jpg,53 Sekar Pijetan,772,0,train
/kaggle/input/datasets/hertiyani/batik-nitik-960-official-mendeley/Batik Nitik 960/Batik Nitik 960 Images/53 Sekar Pijetan 2_rotate_270.jpg,53 Sekar Pijetan 2_rotate_270.jpg,53 Sekar Pijetan,774,0,test
/kaggle/input/datasets/hertiyani/batik-nitik-960-official-mendeley/Batik Nitik 960/Batik Nitik 960 Images/53 Sekar Pijetan 2_rotate_90.jpg,53 Sekar Pijetan 2_rotate_90.jpg,53 Sekar Pijetan,774,0,test
/kaggle/input/datasets/hertiyani/batik-nitik-960-official-mendeley/Batik Nitik 960/Batik Nitik 960 Images/53 Sekar Pijetan 3.jpg,53 Sekar Pijetan 3.jpg,53 Sekar Pijetan,776,0,train
/kaggle/input/datasets/hertiyani/batik-nitik-960-official-mendeley/Batik Nitik 960/Batik Nitik 960 Images/53 Sekar Pijetan 3_rotate_180.jpg,53 Sekar Pijetan 3_rotate_180.jpg,53 Sekar Pijetan,776,0,train
/kaggle/input/datasets/hertiyani/batik-nitik-960-official-mendeley/Batik Nitik 960/Batik Nitik 960 Images/53 Sekar Pijetan 3_rotate_270.jpg,53 Sekar Pijetan 3_rotate_270.jpg,53 Sekar Pijetan,778,0,train
/kaggle/input/datasets/hertiyani/batik-nitik-960-official-mendeley/Batik Nitik 960/Batik Nitik 960 Images/53 Sekar Pijetan 3_rotate_90.jpg,53 Sekar Pijetan 3_rotate_90.jpg,53 Sekar Pijetan,778,0,train
/kaggle/input/datasets/hertiyani/batik-nitik-960-official-mendeley/Batik Nitik 960/Batik Nitik 960 Images/53 Sekar Pijetan 4.jpg,53 Sekar Pijetan 4.jpg,53 Sekar Pijetan,780,0,test
/kaggle/input/datasets/hertiyani/batik-nitik-960-official-mendeley/Batik Nitik 960/Batik Nitik 960 Images/53 Sekar Pijetan 4_rotate_180.jpg,53 Sekar Pijetan 4_rotate_180.jpg,53 Sekar Pijetan,780,0,test
/kaggle/input/datasets/hertiyani/batik-nitik-960-official-mendeley/Batik Nitik 960/Batik Nitik 960 Images/53 Sekar Pijetan 4_rotate_270.jpg,53 Sekar Pijetan 4_rotate_270.jpg,53 Sekar Pijetan,782,0,train
/kaggle/input/datasets/hertiyani/batik-nitik-960-official-mendeley/Batik Nitik 960/Batik Nitik 960 Images/53 Sekar Pijetan 4_rotate_90.jpg,53 Sekar Pijetan 4_rotate_90.jpg,53 Sekar Pijetan,782,0,train
/kaggle/input/datasets/hertiyani/batik-nitik-960-official-mendeley/Batik Nitik 960/Batik Nitik 960 Images/54 Sari Mulat 1.jpg,54 Sari Mulat 1.jpg,54 Sari Mulat,784,0,train
/kaggle/input/datasets/hertiyani/batik-nitik-960-official-mendeley/Batik Nitik 960/Batik Nitik 960 Images/54 Sari Mulat 1_rotate_180.jpg,54 Sari Mulat 1_rotate_180.jpg,54 Sari Mulat,784,0,train
/kaggle/input/datasets/hertiyani/batik-nitik-960-official-mendeley/Batik Nitik 960/Batik Nitik 960 Images/54 Sari Mulat 1_rotate_270.jpg,54 Sari Mulat 1_rotate_270.jpg,54 Sari Mulat,786,0,test
/kaggle/input/datasets/hertiyani/batik-nitik-960-official-mendeley/Batik Nitik 960/Batik Nitik 960 Images/54 Sari Mulat 1_rotate_90.jpg,54 Sari Mulat 1_rotate_90.jpg,54 Sari Mulat,786,0,test
/kaggle/input/datasets/hertiyani/batik-nitik-960-official-mendeley/Batik Nitik 960/Batik Nitik 960 Images/54 Sari Mulat 2.jpg,54 Sari Mulat 2.jpg,54 Sari Mulat,788,0,train
/kaggle/input/datasets/hertiyani/batik-nitik-960-official-mendeley/Batik Nitik 960/Batik Nitik 960 Images/54 Sari Mulat 2_rotate_180.jpg,54 Sari Mulat 2_rotate_180.jpg,54 Sari Mulat,788,0,train
/kaggle/input/datasets/hertiyani/batik-nitik-960-official-mendeley/Batik Nitik 960/Batik Nitik 960 Images/54 Sari Mulat 2_rotate_270.jpg,54 Sari Mulat 2_rotate_270.jpg,54 Sari Mulat,790,0,test
/kaggle/input/datasets/hertiyani/batik-nitik-960-official-mendeley/Batik Nitik 960/Batik Nitik 960 Images/54 Sari Mulat 2_rotate_90.jpg,54 Sari Mulat 2_rotate_90.jpg,54 Sari Mulat,790,0,test
/kaggle/input/datasets/hertiyani/batik-nitik-960-official-mendeley/Batik Nitik 960/Batik Nitik 960 Images/54 Sari Mulat 3.jpg,54 Sari Mulat 3.jpg,54 Sari Mulat,792,0,test
/kaggle/input/datasets/hertiyani/batik-nitik-960-official-mendeley/Batik Nitik 960/Batik Nitik 960 Images/54 Sari Mulat 3_rotate_180.jpg,54 Sari Mulat 3_rotate_180.jpg,54 Sari Mulat,792,0,test
/kaggle/input/datasets/hertiyani/batik-nitik-960-official-mendeley/Batik Nitik 960/Batik Nitik 960 Images/54 Sari Mulat 3_rotate_270.jpg,54 Sari Mulat 3_rotate_270.jpg,54 Sari Mulat,794,0,train
/kaggle/input/datasets/hertiyani/batik-nitik-960-official-mendeley/Batik Nitik 960/Batik Nitik 960 Images/54 Sari Mulat 3_rotate_90.jpg,54 Sari Mulat 3_rotate_90.jpg,54 Sari Mulat,794,0,train
/kaggle/input/datasets/hertiyani/batik-nitik-960-official-mendeley/Batik Nitik 960/Batik Nitik 960 Images/54 Sari Mulat 4.jpg,54 Sari Mulat 4.jpg,54 Sari Mulat,796,0,train
/kaggle/input/datasets/hertiyani/batik-nitik-960-official-mendeley/Batik Nitik 960/Batik Nitik 960 Images/54 Sari Mulat 4_rotate_180.jpg,54 Sari Mulat 4_rotate_180.jpg,54 Sari Mulat,796,0,train
/kaggle/input/datasets/hertiyani/batik-nitik-960-official-mendeley/Batik Nitik 960/Batik Nitik 960 Images/54 Sari Mulat 4_rotate_270.jpg,54 Sari Mulat 4_rotate_270.jpg,54 Sari Mulat,798,0,train
/kaggle/input/datasets/hertiyani/batik-nitik-960-official-mendeley/Batik Nitik 960/Batik Nitik 960 Images/54 Sari Mulat 4_rotate_90.jpg,54 Sari Mulat 4_rotate_90.jpg,54 Sari Mulat,798,0,train
/kaggle/input/datasets/hertiyani/batik-nitik-960-official-mendeley/Batik Nitik 960/Batik Nitik 960 Images/55 Sekar Mrica 1.jpg,55 Sekar Mrica 1.jpg,55 Sekar Mrica,800,0,test
/kaggle/input/datasets/hertiyani/batik-nitik-960-official-mendeley/Batik Nitik 960/Batik Nitik 960 Images/55 Sekar Mrica 1_rotate_180.jpg,55 Sekar Mrica 1_rotate_180.jpg,55 Sekar Mrica,800,0,test
/kaggle/input/datasets/hertiyani/batik-nitik-960-official-mendeley/Batik Nitik 960/Batik Nitik 960 Images/55 Sekar Mrica 1_rotate_270.jpg,55 Sekar Mrica 1_rotate_270.jpg,55 Sekar Mrica,802,0,train
/kaggle/input/datasets/hertiyani/batik-nitik-960-official-mendeley/Batik Nitik 960/Batik Nitik 960 Images/55 Sekar Mrica 1_rotate_90.jpg,55 Sekar Mrica 1_rotate_90.jpg,55 Sekar Mrica,802,0,train
/kaggle/input/datasets/hertiyani/batik-nitik-960-official-mendeley/Batik Nitik 960/Batik Nitik 960 Images/55 Sekar Mrica 2.jpg,55 Sekar Mrica 2.jpg,55 Sekar Mrica,804,0,train
/kaggle/input/datasets/hertiyani/batik-nitik-960-official-mendeley/Batik Nitik 960/Batik Nitik 960 Images/55 Sekar Mrica 2_rotate_180.jpg,55 Sekar Mrica 2_rotate_180.jpg,55 Sekar Mrica,804,0,train
/kaggle/input/datasets/hertiyani/batik-nitik-960-official-mendeley/Batik Nitik 960/Batik Nitik 960 Images/55 Sekar Mrica 2_rotate_270.jpg,55 Sekar Mrica 2_rotate_270.jpg,55 Sekar Mrica,806,0,train
/kaggle/input/datasets/hertiyani/batik-nitik-960-official-mendeley/Batik Nitik 960/Batik Nitik 960 Images/55 Sekar Mrica 2_rotate_90.jpg,55 Sekar Mrica 2_rotate_90.jpg,55 Sekar Mrica,806,0,train
/kaggle/input/datasets/hertiyani/batik-nitik-960-official-mendeley/Batik Nitik 960/Batik Nitik 960 Images/55 Sekar Mrica 3.jpg,55 Sekar Mrica 3.jpg,55 Sekar Mrica,808,0,test
/kaggle/input/datasets/hertiyani/batik-nitik-960-official-mendeley/Batik Nitik 960/Batik Nitik 960 Images/55 Sekar Mrica 3_rotate_180.jpg,55 Sekar Mrica 3_rotate_180.jpg,55 Sekar Mrica,808,0,test
/kaggle/input/datasets/hertiyani/batik-nitik-960-official-mendeley/Batik Nitik 960/Batik Nitik 960 Images/55 Sekar Mrica 3_rotate_270.jpg,55 Sekar Mrica 3_rotate_270.jpg,55 Sekar Mrica,810,0,test
/kaggle/input/datasets/hertiyani/batik-nitik-960-official-mendeley/Batik Nitik 960/Batik Nitik 960 Images/55 Sekar Mrica 3_rotate_90.jpg,55 Sekar Mrica 3_rotate_90.jpg,55 Sekar Mrica,810,0,test
/kaggle/input/datasets/hertiyani/batik-nitik-960-official-mendeley/Batik Nitik 960/Batik Nitik 960 Images/55 Sekar Mrica 4.jpg,55 Sekar Mrica 4.jpg,55 Sekar Mrica,812,0,train
/kaggle/input/datasets/hertiyani/batik-nitik-960-official-mendeley/Batik Nitik 960/Batik Nitik 960 Images/55 Sekar Mrica 4_rotate_180.jpg,55 Sekar Mrica 4_rotate_180.jpg,55 Sekar Mrica,812,0,train
/kaggle/input/datasets/hertiyani/batik-nitik-960-official-mendeley/Batik Nitik 960/Batik Nitik 960 Images/55 Sekar Mrica 4_rotate_270.jpg,55 Sekar Mrica 4_rotate_270.jpg,55 Sekar Mrica,814,0,train
/kaggle/input/datasets/hertiyani/batik-nitik-960-official-mendeley/Batik Nitik 960/Batik Nitik 960 Images/55 Sekar Mrica 4_rotate_90.jpg,55 Sekar Mrica 4_rotate_90.jpg,55 Sekar Mrica,814,0,train
/kaggle/input/datasets/hertiyani/batik-nitik-960-official-mendeley/Batik Nitik 960/Batik Nitik 960 Images/56 Sekar Kepel 1.jpg,56 Sekar Kepel 1.jpg,56 Sekar Kepel,816,0,test
/kaggle/input/datasets/hertiyani/batik-nitik-960-official-mendeley/Batik Nitik 960/Batik Nitik 960 Images/56 Sekar Kepel 1_rotate_180.jpg,56 Sekar Kepel 1_rotate_180.jpg,56 Sekar Kepel,816,0,test
/kaggle/input/datasets/hertiyani/batik-nitik-960-official-mendeley/Batik Nitik 960/Batik Nitik 960 Images/56 Sekar Kepel 1_rotate_270.jpg,56 Sekar Kepel 1_rotate_270.jpg,56 Sekar Kepel,816,0,test
/kaggle/input/datasets/hertiyani/batik-nitik-960-official-mendeley/Batik Nitik 960/Batik Nitik 960 Images/56 Sekar Kepel 1_rotate_90.jpg,56 Sekar Kepel 1_rotate_90.jpg,56 Sekar Kepel,816,0,test
/kaggle/input/datasets/hertiyani/batik-nitik-960-official-mendeley/Batik Nitik 960/Batik Nitik 960 Images/56 Sekar Kepel 2.jpg,56 Sekar Kepel 2.jpg,56 Sekar Kepel,820,0,train
/kaggle/input/datasets/hertiyani/batik-nitik-960-official-mendeley/Batik Nitik 960/Batik Nitik 960 Images/56 Sekar Kepel 2_rotate_180.jpg,56 Sekar Kepel 2_rotate_180.jpg,56 Sekar Kepel,820,0,train
/kaggle/input/datasets/hertiyani/batik-nitik-960-official-mendeley/Batik Nitik 960/Batik Nitik 960 Images/56 Sekar Kepel 2_rotate_270.jpg,56 Sekar Kepel 2_rotate_270.jpg,56 Sekar Kepel,822,0,train
/kaggle/input/datasets/hertiyani/batik-nitik-960-official-mendeley/Batik Nitik 960/Batik Nitik 960 Images/56 Sekar Kepel 2_rotate_90.jpg,56 Sekar Kepel 2_rotate_90.jpg,56 Sekar Kepel,822,0,train
/kaggle/input/datasets/hertiyani/batik-nitik-960-official-mendeley/Batik Nitik 960/Batik Nitik 960 Images/56 Sekar Kepel 3.jpg,56 Sekar Kepel 3.jpg,56 Sekar Kepel,824,0,train
/kaggle/input/datasets/hertiyani/batik-nitik-960-official-mendeley/Batik Nitik 960/Batik Nitik 960 Images/56 Sekar Kepel 3_rotate_180.jpg,56 Sekar Kepel 3_rotate_180.jpg,56 Sekar Kepel,824,0,train
/kaggle/input/datasets/hertiyani/batik-nitik-960-official-mendeley/Batik Nitik 960/Batik Nitik 960 Images/56 Sekar Kepel 3_rotate_270.jpg,56 Sekar Kepel 3_rotate_270.jpg,56 Sekar Kepel,826,0,train
/kaggle/input/datasets/hertiyani/batik-nitik-960-official-mendeley/Batik Nitik 960/Batik Nitik 960 Images/56 Sekar Kepel 3_rotate_90.jpg,56 Sekar Kepel 3_rotate_90.jpg,56 Sekar Kepel,826,0,train
/kaggle/input/datasets/hertiyani/batik-nitik-960-official-mendeley/Batik Nitik 960/Batik Nitik 960 Images/56 Sekar Kepel 4.jpg,56 Sekar Kepel 4.jpg,56 Sekar Kepel,828,0,test
/kaggle/input/datasets/hertiyani/batik-nitik-960-official-mendeley/Batik Nitik 960/Batik Nitik 960 Images/56 Sekar Kepel 4_rotate_180.jpg,56 Sekar Kepel 4_rotate_180.jpg,56 Sekar Kepel,828,0,test
/kaggle/input/datasets/hertiyani/batik-nitik-960-official-mendeley/Batik Nitik 960/Batik Nitik 960 Images/56 Sekar Kepel 4_rotate_270.jpg,56 Sekar Kepel 4_rotate_270.jpg,56 Sekar Kepel,830,0,train
/kaggle/input/datasets/hertiyani/batik-nitik-960-official-mendeley/Batik Nitik 960/Batik Nitik 960 Images/56 Sekar Kepel 4_rotate_90.jpg,56 Sekar Kepel 4_rotate_90.jpg,56 Sekar Kepel,830,0,train
/kaggle/input/datasets/hertiyani/batik-nitik-960-official-mendeley/Batik Nitik 960/Batik Nitik 960 Images/57 Truntum Kurung 1.jpg,57 Truntum Kurung 1.jpg,57 Truntum Kurung,832,0,train
/kaggle/input/datasets/hertiyani/batik-nitik-960-official-mendeley/Batik Nitik 960/Batik Nitik 960 Images/57 Truntum Kurung 1_rotate_180.jpg,57 Truntum Kurung 1_rotate_180.jpg,57 Truntum Kurung,832,0,train
/kaggle/input/datasets/hertiyani/batik-nitik-960-official-mendeley/Batik Nitik 960/Batik Nitik 960 Images/57 Truntum Kurung 1_rotate_270.jpg,57 Truntum Kurung 1_rotate_270.jpg,57 Truntum Kurung,832,0,train
/kaggle/input/datasets/hertiyani/batik-nitik-960-official-mendeley/Batik Nitik 960/Batik Nitik 960 Images/57 Truntum Kurung 1_rotate_90.jpg,57 Truntum Kurung 1_rotate_90.jpg,57 Truntum Kurung,832,0,train
/kaggle/input/datasets/hertiyani/batik-nitik-960-official-mendeley/Batik Nitik 960/Batik Nitik 960 Images/57 Truntum Kurung 2.jpg,57 Truntum Kurung 2.jpg,57 Truntum Kurung,836,0,train
/kaggle/input/datasets/hertiyani/batik-nitik-960-official-mendeley/Batik Nitik 960/Batik Nitik 960 Images/57 Truntum Kurung 2_rotate_180.jpg,57 Truntum Kurung 2_rotate_180.jpg,57 Truntum Kurung,836,0,train
/kaggle/input/datasets/hertiyani/batik-nitik-960-official-mendeley/Batik Nitik 960/Batik Nitik 960 Images/57 Truntum Kurung 2_rotate_270.jpg,57 Truntum Kurung 2_rotate_270.jpg,57 Truntum Kurung,838,0,test
/kaggle/input/datasets/hertiyani/batik-nitik-960-official-mendeley/Batik Nitik 960/Batik Nitik 960 Images/57 Truntum Kurung 2_rotate_90.jpg,57 Truntum Kurung 2_rotate_90.jpg,57 Truntum Kurung,838,0,test
/kaggle/input/datasets/hertiyani/batik-nitik-960-official-mendeley/Batik Nitik 960/Batik Nitik 960 Images/57 Truntum Kurung 3.jpg,57 Truntum Kurung 3.jpg,57 Truntum Kurung,840,0,test
/kaggle/input/datasets/hertiyani/batik-nitik-960-official-mendeley/Batik Nitik 960/Batik Nitik 960 Images/57 Truntum Kurung 3_rotate_180.jpg,57 Truntum Kurung 3_rotate_180.jpg,57 Truntum Kurung,840,0,test
/kaggle/input/datasets/hertiyani/batik-nitik-960-official-mendeley/Batik Nitik 960/Batik Nitik 960 Images/57 Truntum Kurung 3_rotate_270.jpg,57 Truntum Kurung 3_rotate_270.jpg,57 Truntum Kurung,842,0,test
/kaggle/input/datasets/hertiyani/batik-nitik-960-official-mendeley/Batik Nitik 960/Batik Nitik 960 Images/57 Truntum Kurung 3_rotate_90.jpg,57 Truntum Kurung 3_rotate_90.jpg,57 Truntum Kurung,842,0,test
/kaggle/input/datasets/hertiyani/batik-nitik-960-official-mendeley/Batik Nitik 960/Batik Nitik 960 Images/57 Truntum Kurung 4.jpg,57 Truntum Kurung 4.jpg,57 Truntum Kurung,844,0,train
/kaggle/input/datasets/hertiyani/batik-nitik-960-official-mendeley/Batik Nitik 960/Batik Nitik 960 Images/57 Truntum Kurung 4_rotate_180.jpg,57 Truntum Kurung 4_rotate_180.jpg,57 Truntum Kurung,844,0,train
/kaggle/input/datasets/hertiyani/batik-nitik-960-official-mendeley/Batik Nitik 960/Batik Nitik 960 Images/57 Truntum Kurung 4_rotate_270.jpg,57 Truntum Kurung 4_rotate_270.jpg,57 Truntum Kurung,844,0,train
/kaggle/input/datasets/hertiyani/batik-nitik-960-official-mendeley/Batik Nitik 960/Batik Nitik 960 Images/57 Truntum Kurung 4_rotate_90.jpg,57 Truntum Kurung 4_rotate_90.jpg,57 Truntum Kurung,844,0,train
/kaggle/input/datasets/hertiyani/batik-nitik-960-official-mendeley/Batik Nitik 960/Batik Nitik 960 Images/58 Jayakusuma 1.jpg,58 Jayakusuma 1.jpg,58 Jayakusuma,848,0,test
/kaggle/input/datasets/hertiyani/batik-nitik-960-official-mendeley/Batik Nitik 960/Batik Nitik 960 Images/58 Jayakusuma 1_rotate_180.jpg,58 Jayakusuma 1_rotate_180.jpg,58 Jayakusuma,848,0,test
/kaggle/input/datasets/hertiyani/batik-nitik-960-official-mendeley/Batik Nitik 960/Batik Nitik 960 Images/58 Jayakusuma 1_rotate_270.jpg,58 Jayakusuma 1_rotate_270.jpg,58 Jayakusuma,850,0,train
/kaggle/input/datasets/hertiyani/batik-nitik-960-official-mendeley/Batik Nitik 960/Batik Nitik 960 Images/58 Jayakusuma 1_rotate_90.jpg,58 Jayakusuma 1_rotate_90.jpg,58 Jayakusuma,850,0,train
/kaggle/input/datasets/hertiyani/batik-nitik-960-official-mendeley/Batik Nitik 960/Batik Nitik 960 Images/58 Jayakusuma 2.jpg,58 Jayakusuma 2.jpg,58 Jayakusuma,852,0,train
/kaggle/input/datasets/hertiyani/batik-nitik-960-official-mendeley/Batik Nitik 960/Batik Nitik 960 Images/58 Jayakusuma 2_rotate_180.jpg,58 Jayakusuma 2_rotate_180.jpg,58 Jayakusuma,852,0,train
/kaggle/input/datasets/hertiyani/batik-nitik-960-official-mendeley/Batik Nitik 960/Batik Nitik 960 Images/58 Jayakusuma 2_rotate_270.jpg,58 Jayakusuma 2_rotate_270.jpg,58 Jayakusuma,854,0,train
/kaggle/input/datasets/hertiyani/batik-nitik-960-official-mendeley/Batik Nitik 960/Batik Nitik 960 Images/58 Jayakusuma 2_rotate_90.jpg,58 Jayakusuma 2_rotate_90.jpg,58 Jayakusuma,854,0,train
/kaggle/input/datasets/hertiyani/batik-nitik-960-official-mendeley/Batik Nitik 960/Batik Nitik 960 Images/58 Jayakusuma 3.jpg,58 Jayakusuma 3.jpg,58 Jayakusuma,856,0,train
/kaggle/input/datasets/hertiyani/batik-nitik-960-official-mendeley/Batik Nitik 960/Batik Nitik 960 Images/58 Jayakusuma 3_rotate_180.jpg,58 Jayakusuma 3_rotate_180.jpg,58 Jayakusuma,856,0,train
/kaggle/input/datasets/hertiyani/batik-nitik-960-official-mendeley/Batik Nitik 960/Batik Nitik 960 Images/58 Jayakusuma 3_rotate_270.jpg,58 Jayakusuma 3_rotate_270.jpg,58 Jayakusuma,858,0,train
/kaggle/input/datasets/hertiyani/batik-nitik-960-official-mendeley/Batik Nitik 960/Batik Nitik 960 Images/58 Jayakusuma 3_rotate_90.jpg,58 Jayakusuma 3_rotate_90.jpg,58 Jayakusuma,858,0,train
/kaggle/input/datasets/hertiyani/batik-nitik-960-official-mendeley/Batik Nitik 960/Batik Nitik 960 Images/58 Jayakusuma 4.jpg,58 Jayakusuma 4.jpg,58 Jayakusuma,860,0,test
/kaggle/input/datasets/hertiyani/batik-nitik-960-official-mendeley/Batik Nitik 960/Batik Nitik 960 Images/58 Jayakusuma 4_rotate_180.jpg,58 Jayakusuma 4_rotate_180.jpg,58 Jayakusuma,860,0,test
/kaggle/input/datasets/hertiyani/batik-nitik-960-official-mendeley/Batik Nitik 960/Batik Nitik 960 Images/58 Jayakusuma 4_rotate_270.jpg,58 Jayakusuma 4_rotate_270.jpg,58 Jayakusuma,860,0,test
/kaggle/input/datasets/hertiyani/batik-nitik-960-official-mendeley/Batik Nitik 960/Batik Nitik 960 Images/58 Jayakusuma 4_rotate_90.jpg,58 Jayakusuma 4_rotate_90.jpg,58 Jayakusuma,860,0,test
/kaggle/input/datasets/hertiyani/batik-nitik-960-official-mendeley/Batik Nitik 960/Batik Nitik 960 Images/59 Rengganis 1.jpg,59 Rengganis 1.jpg,59 Rengganis,864,0,train
/kaggle/input/datasets/hertiyani/batik-nitik-960-official-mendeley/Batik Nitik 960/Batik Nitik 960 Images/59 Rengganis 1_rotate_180.jpg,59 Rengganis 1_rotate_180.jpg,59 Rengganis,864,0,train
/kaggle/input/datasets/hertiyani/batik-nitik-960-official-mendeley/Batik Nitik 960/Batik Nitik 960 Images/59 Rengganis 1_rotate_270.jpg,59 Rengganis 1_rotate_270.jpg,59 Rengganis,866,0,train
/kaggle/input/datasets/hertiyani/batik-nitik-960-official-mendeley/Batik Nitik 960/Batik Nitik 960 Images/59 Rengganis 1_rotate_90.jpg,59 Rengganis 1_rotate_90.jpg,59 Rengganis,866,0,train
/kaggle/input/datasets/hertiyani/batik-nitik-960-official-mendeley/Batik Nitik 960/Batik Nitik 960 Images/59 Rengganis 2.jpg,59 Rengganis 2.jpg,59 Rengganis,868,0,train
/kaggle/input/datasets/hertiyani/batik-nitik-960-official-mendeley/Batik Nitik 960/Batik Nitik 960 Images/59 Rengganis 2_rotate_180.jpg,59 Rengganis 2_rotate_180.jpg,59 Rengganis,868,0,train
/kaggle/input/datasets/hertiyani/batik-nitik-960-official-mendeley/Batik Nitik 960/Batik Nitik 960 Images/59 Rengganis 2_rotate_270.jpg,59 Rengganis 2_rotate_270.jpg,59 Rengganis,870,0,test
/kaggle/input/datasets/hertiyani/batik-nitik-960-official-mendeley/Batik Nitik 960/Batik Nitik 960 Images/59 Rengganis 2_rotate_90.jpg,59 Rengganis 2_rotate_90.jpg,59 Rengganis,870,0,test
/kaggle/input/datasets/hertiyani/batik-nitik-960-official-mendeley/Batik Nitik 960/Batik Nitik 960 Images/59 Rengganis 3.jpg,59 Rengganis 3.jpg,59 Rengganis,872,0,test
/kaggle/input/datasets/hertiyani/batik-nitik-960-official-mendeley/Batik Nitik 960/Batik Nitik 960 Images/59 Rengganis 3_rotate_180.jpg,59 Rengganis 3_rotate_180.jpg,59 Rengganis,872,0,test
/kaggle/input/datasets/hertiyani/batik-nitik-960-official-mendeley/Batik Nitik 960/Batik Nitik 960 Images/59 Rengganis 3_rotate_270.jpg,59 Rengganis 3_rotate_270.jpg,59 Rengganis,872,0,test
/kaggle/input/datasets/hertiyani/batik-nitik-960-official-mendeley/Batik Nitik 960/Batik Nitik 960 Images/59 Rengganis 3_rotate_90.jpg,59 Rengganis 3_rotate_90.jpg,59 Rengganis,872,0,test
/kaggle/input/datasets/hertiyani/batik-nitik-960-official-mendeley/Batik Nitik 960/Batik Nitik 960 Images/59 Rengganis 4.jpg,59 Rengganis 4.jpg,59 Rengganis,876,0,train
/kaggle/input/datasets/hertiyani/batik-nitik-960-official-mendeley/Batik Nitik 960/Batik Nitik 960 Images/59 Rengganis 4_rotate_180.jpg,59 Rengganis 4_rotate_180.jpg,59 Rengganis,876,0,train
/kaggle/input/datasets/hertiyani/batik-nitik-960-official-mendeley/Batik Nitik 960/Batik Nitik 960 Images/59 Rengganis 4_rotate_270.jpg,59 Rengganis 4_rotate_270.jpg,59 Rengganis,878,0,train
/kaggle/input/datasets/hertiyani/batik-nitik-960-official-mendeley/Batik Nitik 960/Batik Nitik 960 Images/59 Rengganis 4_rotate_90.jpg,59 Rengganis 4_rotate_90.jpg,59 Rengganis,878,0,train
/kaggle/input/datasets/hertiyani/batik-nitik-960-official-mendeley/Batik Nitik 960/Batik Nitik 960 Images/6 Arumdalu 1.jpg,6 Arumdalu 1.jpg,6 Arumdalu,880,0,train
/kaggle/input/datasets/hertiyani/batik-nitik-960-official-mendeley/Batik Nitik 960/Batik Nitik 960 Images/6 Arumdalu 1_rotate_180.jpg,6 Arumdalu 1_rotate_180.jpg,6 Arumdalu,880,0,train
/kaggle/input/datasets/hertiyani/batik-nitik-960-official-mendeley/Batik Nitik 960/Batik Nitik 960 Images/6 Arumdalu 1_rotate_270.jpg,6 Arumdalu 1_rotate_270.jpg,6 Arumdalu,880,0,train
/kaggle/input/datasets/hertiyani/batik-nitik-960-official-mendeley/Batik Nitik 960/Batik Nitik 960 Images/6 Arumdalu 1_rotate_90.jpg,6 Arumdalu 1_rotate_90.jpg,6 Arumdalu,880,0,train
/kaggle/input/datasets/hertiyani/batik-nitik-960-official-mendeley/Batik Nitik 960/Batik Nitik 960 Images/6 Arumdalu 2.jpg,6 Arumdalu 2.jpg,6 Arumdalu,884,0,train
/kaggle/input/datasets/hertiyani/batik-nitik-960-official-mendeley/Batik Nitik 960/Batik Nitik 960 Images/6 Arumdalu 2_rotate_180.jpg,6 Arumdalu 2_rotate_180.jpg,6 Arumdalu,884,0,train
/kaggle/input/datasets/hertiyani/batik-nitik-960-official-mendeley/Batik Nitik 960/Batik Nitik 960 Images/6 Arumdalu 2_rotate_270.jpg,6 Arumdalu 2_rotate_270.jpg,6 Arumdalu,886,0,train
/kaggle/input/datasets/hertiyani/batik-nitik-960-official-mendeley/Batik Nitik 960/Batik Nitik 960 Images/6 Arumdalu 2_rotate_90.jpg,6 Arumdalu 2_rotate_90.jpg,6 Arumdalu,886,0,train
/kaggle/input/datasets/hertiyani/batik-nitik-960-official-mendeley/Batik Nitik 960/Batik Nitik 960 Images/6 Arumdalu 3.jpg,6 Arumdalu 3.jpg,6 Arumdalu,888,0,test
/kaggle/input/datasets/hertiyani/batik-nitik-960-official-mendeley/Batik Nitik 960/Batik Nitik 960 Images/6 Arumdalu 3_rotate_180.jpg,6 Arumdalu 3_rotate_180.jpg,6 Arumdalu,888,0,test
/kaggle/input/datasets/hertiyani/batik-nitik-960-official-mendeley/Batik Nitik 960/Batik Nitik 960 Images/6 Arumdalu 3_rotate_270.jpg,6 Arumdalu 3_rotate_270.jpg,6 Arumdalu,888,0,test
/kaggle/input/datasets/hertiyani/batik-nitik-960-official-mendeley/Batik Nitik 960/Batik Nitik 960 Images/6 Arumdalu 3_rotate_90.jpg,6 Arumdalu 3_rotate_90.jpg,6 Arumdalu,888,0,test
/kaggle/input/datasets/hertiyani/batik-nitik-960-official-mendeley/Batik Nitik 960/Batik Nitik 960 Images/6 Arumdalu 4.jpg,6 Arumdalu 4.jpg,6 Arumdalu,892,0,test
/kaggle/input/datasets/hertiyani/batik-nitik-960-official-mendeley/Batik Nitik 960/Batik Nitik 960 Images/6 Arumdalu 4_rotate_180.jpg,6 Arumdalu 4_rotate_180.jpg,6 Arumdalu,892,0,test
/kaggle/input/datasets/hertiyani/batik-nitik-960-official-mendeley/Batik Nitik 960/Batik Nitik 960 Images/6 Arumdalu 4_rotate_270.jpg,6 Arumdalu 4_rotate_270.jpg,6 Arumdalu,894,0,test
/kaggle/input/datasets/hertiyani/batik-nitik-960-official-mendeley/Batik Nitik 960/Batik Nitik 960 Images/6 Arumdalu 4_rotate_90.jpg,6 Arumdalu 4_rotate_90.jpg,6 Arumdalu,894,0,test
/kaggle/input/datasets/hertiyani/batik-nitik-960-official-mendeley/Batik Nitik 960/Batik Nitik 960 Images/60 Sekar Gambir 1.jpg,60 Sekar Gambir 1.jpg,60 Sekar Gambir,896,0,train
/kaggle/input/datasets/hertiyani/batik-nitik-960-official-mendeley/Batik Nitik 960/Batik Nitik 960 Images/60 Sekar Gambir 1_rotate_180.jpg,60 Sekar Gambir 1_rotate_180.jpg,60 Sekar Gambir,896,0,train
/kaggle/input/datasets/hertiyani/batik-nitik-960-official-mendeley/Batik Nitik 960/Batik Nitik 960 Images/60 Sekar Gambir 1_rotate_270.jpg,60 Sekar Gambir 1_rotate_270.jpg,60 Sekar Gambir,898,0,test
/kaggle/input/datasets/hertiyani/batik-nitik-960-official-mendeley/Batik Nitik 960/Batik Nitik 960 Images/60 Sekar Gambir 1_rotate_90.jpg,60 Sekar Gambir 1_rotate_90.jpg,60 Sekar Gambir,898,0,test
/kaggle/input/datasets/hertiyani/batik-nitik-960-official-mendeley/Batik Nitik 960/Batik Nitik 960 Images/60 Sekar Gambir 2.jpg,60 Sekar Gambir 2.jpg,60 Sekar Gambir,900,0,train
/kaggle/input/datasets/hertiyani/batik-nitik-960-official-mendeley/Batik Nitik 960/Batik Nitik 960 Images/60 Sekar Gambir 2_rotate_180.jpg,60 Sekar Gambir 2_rotate_180.jpg,60 Sekar Gambir,900,0,train
/kaggle/input/datasets/hertiyani/batik-nitik-960-official-mendeley/Batik Nitik 960/Batik Nitik 960 Images/60 Sekar Gambir 2_rotate_270.jpg,60 Sekar Gambir 2_rotate_270.jpg,60 Sekar Gambir,902,0,test
/kaggle/input/datasets/hertiyani/batik-nitik-960-official-mendeley/Batik Nitik 960/Batik Nitik 960 Images/60 Sekar Gambir 2_rotate_90.jpg,60 Sekar Gambir 2_rotate_90.jpg,60 Sekar Gambir,902,0,test
/kaggle/input/datasets/hertiyani/batik-nitik-960-official-mendeley/Batik Nitik 960/Batik Nitik 960 Images/60 Sekar Gambir 3.jpg,60 Sekar Gambir 3.jpg,60 Sekar Gambir,904,0,train
/kaggle/input/datasets/hertiyani/batik-nitik-960-official-mendeley/Batik Nitik 960/Batik Nitik 960 Images/60 Sekar Gambir 3_rotate_180.jpg,60 Sekar Gambir 3_rotate_180.jpg,60 Sekar Gambir,904,0,train
/kaggle/input/datasets/hertiyani/batik-nitik-960-official-mendeley/Batik Nitik 960/Batik Nitik 960 Images/60 Sekar Gambir 3_rotate_270.jpg,60 Sekar Gambir 3_rotate_270.jpg,60 Sekar Gambir,904,0,train
/kaggle/input/datasets/hertiyani/batik-nitik-960-official-mendeley/Batik Nitik 960/Batik Nitik 960 Images/60 Sekar Gambir 3_rotate_90.jpg,60 Sekar Gambir 3_rotate_90.jpg,60 Sekar Gambir,904,0,train
/kaggle/input/datasets/hertiyani/batik-nitik-960-official-mendeley/Batik Nitik 960/Batik Nitik 960 Images/60 Sekar Gambir 4.jpg,60 Sekar Gambir 4.jpg,60 Sekar Gambir,908,0,train
/kaggle/input/datasets/hertiyani/batik-nitik-960-official-mendeley/Batik Nitik 960/Batik Nitik 960 Images/60 Sekar Gambir 4_rotate_180.jpg,60 Sekar Gambir 4_rotate_180.jpg,60 Sekar Gambir,908,0,train
/kaggle/input/datasets/hertiyani/batik-nitik-960-official-mendeley/Batik Nitik 960/Batik Nitik 960 Images/60 Sekar Gambir 4_rotate_270.jpg,60 Sekar Gambir 4_rotate_270.jpg,60 Sekar Gambir,910,0,test
/kaggle/input/datasets/hertiyani/batik-nitik-960-official-mendeley/Batik Nitik 960/Batik Nitik 960 Images/60 Sekar Gambir 4_rotate_90.jpg,60 Sekar Gambir 4_rotate_90.jpg,60 Sekar Gambir,910,0,test
/kaggle/input/datasets/hertiyani/batik-nitik-960-official-mendeley/Batik Nitik 960/Batik Nitik 960 Images/7 Sekar Srigadhing 1.jpg,7 Sekar Srigadhing 1.jpg,7 Sekar Srigadhing,912,0,test
/kaggle/input/datasets/hertiyani/batik-nitik-960-official-mendeley/Batik Nitik 960/Batik Nitik 960 Images/7 Sekar Srigadhing 1_rotate_180.jpg,7 Sekar Srigadhing 1_rotate_180.jpg,7 Sekar Srigadhing,912,0,test
/kaggle/input/datasets/hertiyani/batik-nitik-960-official-mendeley/Batik Nitik 960/Batik Nitik 960 Images/7 Sekar Srigadhing 1_rotate_270.jpg,7 Sekar Srigadhing 1_rotate_270.jpg,7 Sekar Srigadhing,914,0,test
/kaggle/input/datasets/hertiyani/batik-nitik-960-official-mendeley/Batik Nitik 960/Batik Nitik 960 Images/7 Sekar Srigadhing 1_rotate_90.jpg,7 Sekar Srigadhing 1_rotate_90.jpg,7 Sekar Srigadhing,914,0,test
/kaggle/input/datasets/hertiyani/batik-nitik-960-official-mendeley/Batik Nitik 960/Batik Nitik 960 Images/7 Sekar Srigadhing 2.jpg,7 Sekar Srigadhing 2.jpg,7 Sekar Srigadhing,916,0,train
/kaggle/input/datasets/hertiyani/batik-nitik-960-official-mendeley/Batik Nitik 960/Batik Nitik 960 Images/7 Sekar Srigadhing 2_rotate_180.jpg,7 Sekar Srigadhing 2_rotate_180.jpg,7 Sekar Srigadhing,916,0,train
/kaggle/input/datasets/hertiyani/batik-nitik-960-official-mendeley/Batik Nitik 960/Batik Nitik 960 Images/7 Sekar Srigadhing 2_rotate_270.jpg,7 Sekar Srigadhing 2_rotate_270.jpg,7 Sekar Srigadhing,918,0,train
/kaggle/input/datasets/hertiyani/batik-nitik-960-official-mendeley/Batik Nitik 960/Batik Nitik 960 Images/7 Sekar Srigadhing 2_rotate_90.jpg,7 Sekar Srigadhing 2_rotate_90.jpg,7 Sekar Srigadhing,918,0,train
/kaggle/input/datasets/hertiyani/batik-nitik-960-official-mendeley/Batik Nitik 960/Batik Nitik 960 Images/7 Sekar Srigadhing 3.jpg,7 Sekar Srigadhing 3.jpg,7 Sekar Srigadhing,920,0,train
/kaggle/input/datasets/hertiyani/batik-nitik-960-official-mendeley/Batik Nitik 960/Batik Nitik 960 Images/7 Sekar Srigadhing 3_rotate_180.jpg,7 Sekar Srigadhing 3_rotate_180.jpg,7 Sekar Srigadhing,920,0,train
/kaggle/input/datasets/hertiyani/batik-nitik-960-official-mendeley/Batik Nitik 960/Batik Nitik 960 Images/7 Sekar Srigadhing 3_rotate_270.jpg,7 Sekar Srigadhing 3_rotate_270.jpg,7 Sekar Srigadhing,922,0,test
/kaggle/input/datasets/hertiyani/batik-nitik-960-official-mendeley/Batik Nitik 960/Batik Nitik 960 Images/7 Sekar Srigadhing 3_rotate_90.jpg,7 Sekar Srigadhing 3_rotate_90.jpg,7 Sekar Srigadhing,922,0,test
/kaggle/input/datasets/hertiyani/batik-nitik-960-official-mendeley/Batik Nitik 960/Batik Nitik 960 Images/7 Sekar Srigadhing 4.jpg,7 Sekar Srigadhing 4.jpg,7 Sekar Srigadhing,924,0,train
/kaggle/input/datasets/hertiyani/batik-nitik-960-official-mendeley/Batik Nitik 960/Batik Nitik 960 Images/7 Sekar Srigadhing 4_rotate_180.jpg,7 Sekar Srigadhing 4_rotate_180.jpg,7 Sekar Srigadhing,924,0,train
/kaggle/input/datasets/hertiyani/batik-nitik-960-official-mendeley/Batik Nitik 960/Batik Nitik 960 Images/7 Sekar Srigadhing 4_rotate_270.jpg,7 Sekar Srigadhing 4_rotate_270.jpg,7 Sekar Srigadhing,926,0,train
/kaggle/input/datasets/hertiyani/batik-nitik-960-official-mendeley/Batik Nitik 960/Batik Nitik 960 Images/7 Sekar Srigadhing 4_rotate_90.jpg,7 Sekar Srigadhing 4_rotate_90.jpg,7 Sekar Srigadhing,926,0,train
/kaggle/input/datasets/hertiyani/batik-nitik-960-official-mendeley/Batik Nitik 960/Batik Nitik 960 Images/8 Kemukus 1.jpg,8 Kemukus 1.jpg,8 Kemukus,928,0,train
/kaggle/input/datasets/hertiyani/batik-nitik-960-official-mendeley/Batik Nitik 960/Batik Nitik 960 Images/8 Kemukus 1_rotate_180.jpg,8 Kemukus 1_rotate_180.jpg,8 Kemukus,928,0,train
/kaggle/input/datasets/hertiyani/batik-nitik-960-official-mendeley/Batik Nitik 960/Batik Nitik 960 Images/8 Kemukus 1_rotate_270.jpg,8 Kemukus 1_rotate_270.jpg,8 Kemukus,928,0,train
/kaggle/input/datasets/hertiyani/batik-nitik-960-official-mendeley/Batik Nitik 960/Batik Nitik 960 Images/8 Kemukus 1_rotate_90.jpg,8 Kemukus 1_rotate_90.jpg,8 Kemukus,928,0,train
/kaggle/input/datasets/hertiyani/batik-nitik-960-official-mendeley/Batik Nitik 960/Batik Nitik 960 Images/8 Kemukus 2.jpg,8 Kemukus 2.jpg,8 Kemukus,932,0,test
/kaggle/input/datasets/hertiyani/batik-nitik-960-official-mendeley/Batik Nitik 960/Batik Nitik 960 Images/8 Kemukus 2_rotate_180.jpg,8 Kemukus 2_rotate_180.jpg,8 Kemukus,932,0,test
/kaggle/input/datasets/hertiyani/batik-nitik-960-official-mendeley/Batik Nitik 960/Batik Nitik 960 Images/8 Kemukus 2_rotate_270.jpg,8 Kemukus 2_rotate_270.jpg,8 Kemukus,934,0,train
/kaggle/input/datasets/hertiyani/batik-nitik-960-official-mendeley/Batik Nitik 960/Batik Nitik 960 Images/8 Kemukus 2_rotate_90.jpg,8 Kemukus 2_rotate_90.jpg,8 Kemukus,934,0,train
/kaggle/input/datasets/hertiyani/batik-nitik-960-official-mendeley/Batik Nitik 960/Batik Nitik 960 Images/8 Kemukus 3.jpg,8 Kemukus 3.jpg,8 Kemukus,936,0,test
/kaggle/input/datasets/hertiyani/batik-nitik-960-official-mendeley/Batik Nitik 960/Batik Nitik 960 Images/8 Kemukus 3_rotate_180.jpg,8 Kemukus 3_rotate_180.jpg,8 Kemukus,936,0,test
/kaggle/input/datasets/hertiyani/batik-nitik-960-official-mendeley/Batik Nitik 960/Batik Nitik 960 Images/8 Kemukus 3_rotate_270.jpg,8 Kemukus 3_rotate_270.jpg,8 Kemukus,936,0,test
/kaggle/input/datasets/hertiyani/batik-nitik-960-official-mendeley/Batik Nitik 960/Batik Nitik 960 Images/8 Kemukus 3_rotate_90.jpg,8 Kemukus 3_rotate_90.jpg,8 Kemukus,936,0,test
/kaggle/input/datasets/hertiyani/batik-nitik-960-official-mendeley/Batik Nitik 960/Batik Nitik 960 Images/8 Kemukus 4.jpg,8 Kemukus 4.jpg,8 Kemukus,940,0,train
/kaggle/input/datasets/hertiyani/batik-nitik-960-official-mendeley/Batik Nitik 960/Batik Nitik 960 Images/8 Kemukus 4_rotate_180.jpg,8 Kemukus 4_rotate_180.jpg,8 Kemukus,940,0,train
/kaggle/input/datasets/hertiyani/batik-nitik-960-official-mendeley/Batik Nitik 960/Batik Nitik 960 Images/8 Kemukus 4_rotate_270.jpg,8 Kemukus 4_rotate_270.jpg,8 Kemukus,940,0,train
/kaggle/input/datasets/hertiyani/batik-nitik-960-official-mendeley/Batik Nitik 960/Batik Nitik 960 Images/8 Kemukus 4_rotate_90.jpg,8 Kemukus 4_rotate_90.jpg,8 Kemukus,940,0,train
/kaggle/input/datasets/hertiyani/batik-nitik-960-official-mendeley/Batik Nitik 960/Batik Nitik 960 Images/9 Sekar Gudhe 1.jpg,9 Sekar Gudhe 1.jpg,9 Sekar Gudhe,944,0,test
/kaggle/input/datasets/hertiyani/batik-nitik-960-official-mendeley/Batik Nitik 960/Batik Nitik 960 Images/9 Sekar Gudhe 1_rotate_180.jpg,9 Sekar Gudhe 1_rotate_180.jpg,9 Sekar Gudhe,944,0,test
/kaggle/input/datasets/hertiyani/batik-nitik-960-official-mendeley/Batik Nitik 960/Batik Nitik 960 Images/9 Sekar Gudhe 1_rotate_270.jpg,9 Sekar Gudhe 1_rotate_270.jpg,9 Sekar Gudhe,946,0,test
/kaggle/input/datasets/hertiyani/batik-nitik-960-official-mendeley/Batik Nitik 960/Batik Nitik 960 Images/9 Sekar Gudhe 1_rotate_90.jpg,9 Sekar Gudhe 1_rotate_90.jpg,9 Sekar Gudhe,946,0,test
/kaggle/input/datasets/hertiyani/batik-nitik-960-official-mendeley/Batik Nitik 960/Batik Nitik 960 Images/9 Sekar Gudhe 2.jpg,9 Sekar Gudhe 2.jpg,9 Sekar Gudhe,948,0,train
/kaggle/input/datasets/hertiyani/batik-nitik-960-official-mendeley/Batik Nitik 960/Batik Nitik 960 Images/9 Sekar Gudhe 2_rotate_180.jpg,9 Sekar Gudhe 2_rotate_180.jpg,9 Sekar Gudhe,948,0,train
/kaggle/input/datasets/hertiyani/batik-nitik-960-official-mendeley/Batik Nitik 960/Batik Nitik 960 Images/9 Sekar Gudhe 2_rotate_270.jpg,9 Sekar Gudhe 2_rotate_270.jpg,9 Sekar Gudhe,950,0,test
/kaggle/input/datasets/hertiyani/batik-nitik-960-official-mendeley/Batik Nitik 960/Batik Nitik 960 Images/9 Sekar Gudhe 2_rotate_90.jpg,9 Sekar Gudhe 2_rotate_90.jpg,9 Sekar Gudhe,950,0,test
/kaggle/input/datasets/hertiyani/batik-nitik-960-official-mendeley/Batik Nitik 960/Batik Nitik 960 Images/9 Sekar Gudhe 3.jpg,9 Sekar Gudhe 3.jpg,9 Sekar Gudhe,952,0,train
/kaggle/input/datasets/hertiyani/batik-nitik-960-official-mendeley/Batik Nitik 960/Batik Nitik 960 Images/9 Sekar Gudhe 3_rotate_180.jpg,9 Sekar Gudhe 3_rotate_180.jpg,9 Sekar Gudhe,952,0,train
/kaggle/input/datasets/hertiyani/batik-nitik-960-official-mendeley/Batik Nitik 960/Batik Nitik 960 Images/9 Sekar Gudhe 3_rotate_270.jpg,9 Sekar Gudhe 3_rotate_270.jpg,9 Sekar Gudhe,952,0,train
/kaggle/input/datasets/hertiyani/batik-nitik-960-official-mendeley/Batik Nitik 960/Batik Nitik 960 Images/9 Sekar Gudhe 3_rotate_90.jpg,9 Sekar Gudhe 3_rotate_90.jpg,9 Sekar Gudhe,952,0,train
/kaggle/input/datasets/hertiyani/batik-nitik-960-official-mendeley/Batik Nitik 960/Batik Nitik 960 Images/9 Sekar Gudhe 4.jpg,9 Sekar Gudhe 4.jpg,9 Sekar Gudhe,956,0,train
/kaggle/input/datasets/hertiyani/batik-nitik-960-official-mendeley/Batik Nitik 960/Batik Nitik 960 Images/9 Sekar Gudhe 4_rotate_180.jpg,9 Sekar Gudhe 4_rotate_180.jpg,9 Sekar Gudhe,956,0,train
/kaggle/input/datasets/hertiyani/batik-nitik-960-official-mendeley/Batik Nitik 960/Batik Nitik 960 Images/9 Sekar Gudhe 4_rotate_270.jpg,9 Sekar Gudhe 4_rotate_270.jpg,9 Sekar Gudhe,958,0,train
/kaggle/input/datasets/hertiyani/batik-nitik-960-official-mendeley/Batik Nitik 960/Batik Nitik 960 Images/9 Sekar Gudhe 4_rotate_90.jpg,9 Sekar Gudhe 4_rotate_90.jpg,9 Sekar Gudhe,958,0,train
/kaggle/input/datasets/hertiyani/batik-nitik-960-official-mendeley/Batik Nitik 960/Batik Nitik 960 Images/1 Sekar Kemuning 1.jpg,1 Sekar Kemuning 1.jpg,1 Sekar Kemuning,0,1,train
/kaggle/input/datasets/hertiyani/batik-nitik-960-official-mendeley/Batik Nitik 960/Batik Nitik 960 Images/1 Sekar Kemuning 1_rotate_180.jpg,1 Sekar Kemuning 1_rotate_180.jpg,1 Sekar Kemuning,0,1,train
/kaggle/input/datasets/hertiyani/batik-nitik-960-official-mendeley/Batik Nitik 960/Batik Nitik 960 Images/1 Sekar Kemuning 1_rotate_270.jpg,1 Sekar Kemuning 1_rotate_270.jpg,1 Sekar Kemuning,2,1,test
/kaggle/input/datasets/hertiyani/batik-nitik-960-official-mendeley/Batik Nitik 960/Batik Nitik 960 Images/1 Sekar Kemuning 1_rotate_90.jpg,1 Sekar Kemuning 1_rotate_90.jpg,1 Sekar Kemuning,2,1,test
/kaggle/input/datasets/hertiyani/batik-nitik-960-official-mendeley/Batik Nitik 960/Batik Nitik 960 Images/1 Sekar Kemuning 2.jpg,1 Sekar Kemuning 2.jpg,1 Sekar Kemuning,4,1,train
/kaggle/input/datasets/hertiyani/batik-nitik-960-official-mendeley/Batik Nitik 960/Batik Nitik 960 Images/1 Sekar Kemuning 2_rotate_180.jpg,1 Sekar Kemuning 2_rotate_180.jpg,1 Sekar Kemuning,4,1,train
/kaggle/input/datasets/hertiyani/batik-nitik-960-official-mendeley/Batik Nitik 960/Batik Nitik 960 Images/1 Sekar Kemuning 2_rotate_270.jpg,1 Sekar Kemuning 2_rotate_270.jpg,1 Sekar Kemuning,6,1,train
/kaggle/input/datasets/hertiyani/batik-nitik-960-official-mendeley/Batik Nitik 960/Batik Nitik 960 Images/1 Sekar Kemuning 2_rotate_90.jpg,1 Sekar Kemuning 2_rotate_90.jpg,1 Sekar Kemuning,6,1,train
/kaggle/input/datasets/hertiyani/batik-nitik-960-official-mendeley/Batik Nitik 960/Batik Nitik 960 Images/1 Sekar Kemuning 3.jpg,1 Sekar Kemuning 3.jpg,1 Sekar Kemuning,8,1,test
/kaggle/input/datasets/hertiyani/batik-nitik-960-official-mendeley/Batik Nitik 960/Batik Nitik 960 Images/1 Sekar Kemuning 3_rotate_180.jpg,1 Sekar Kemuning 3_rotate_180.jpg,1 Sekar Kemuning,8,1,test
/kaggle/input/datasets/hertiyani/batik-nitik-960-official-mendeley/Batik Nitik 960/Batik Nitik 960 Images/1 Sekar Kemuning 3_rotate_270.jpg,1 Sekar Kemuning 3_rotate_270.jpg,1 Sekar Kemuning,10,1,train
/kaggle/input/datasets/hertiyani/batik-nitik-960-official-mendeley/Batik Nitik 960/Batik Nitik 960 Images/1 Sekar Kemuning 3_rotate_90.jpg,1 Sekar Kemuning 3_rotate_90.jpg,1 Sekar Kemuning,10,1,train
/kaggle/input/datasets/hertiyani/batik-nitik-960-official-mendeley/Batik Nitik 960/Batik Nitik 960 Images/1 Sekar Kemuning 4.jpg,1 Sekar Kemuning 4.jpg,1 Sekar Kemuning,12,1,test
/kaggle/input/datasets/hertiyani/batik-nitik-960-official-mendeley/Batik Nitik 960/Batik Nitik 960 Images/1 Sekar Kemuning 4_rotate_180.jpg,1 Sekar Kemuning 4_rotate_180.jpg,1 Sekar Kemuning,12,1,test
/kaggle/input/datasets/hertiyani/batik-nitik-960-official-mendeley/Batik Nitik 960/Batik Nitik 960 Images/1 Sekar Kemuning 4_rotate_270.jpg,1 Sekar Kemuning 4_rotate_270.jpg,1 Sekar Kemuning,14,1,train
/kaggle/input/datasets/hertiyani/batik-nitik-960-official-mendeley/Batik Nitik 960/Batik Nitik 960 Images/1 Sekar Kemuning 4_rotate_90.jpg,1 Sekar Kemuning 4_rotate_90.jpg,1 Sekar Kemuning,14,1,train
/kaggle/input/datasets/hertiyani/batik-nitik-960-official-mendeley/Batik Nitik 960/Batik Nitik 960 Images/10 Sekar Ketongkeng 1.jpg,10 Sekar Ketongkeng 1.jpg,10 Sekar Ketongkeng,16,1,train
/kaggle/input/datasets/hertiyani/batik-nitik-960-official-mendeley/Batik Nitik 960/Batik Nitik 960 Images/10 Sekar Ketongkeng 1_rotate_180.jpg,10 Sekar Ketongkeng 1_rotate_180.jpg,10 Sekar Ketongkeng,16,1,train
/kaggle/input/datasets/hertiyani/batik-nitik-960-official-mendeley/Batik Nitik 960/Batik Nitik 960 Images/10 Sekar Ketongkeng 1_rotate_270.jpg,10 Sekar Ketongkeng 1_rotate_270.jpg,10 Sekar Ketongkeng,16,1,train
/kaggle/input/datasets/hertiyani/batik-nitik-960-official-mendeley/Batik Nitik 960/Batik Nitik 960 Images/10 Sekar Ketongkeng 1_rotate_90.jpg,10 Sekar Ketongkeng 1_rotate_90.jpg,10 Sekar Ketongkeng,16,1,train
/kaggle/input/datasets/hertiyani/batik-nitik-960-official-mendeley/Batik Nitik 960/Batik Nitik 960 Images/10 Sekar Ketongkeng 2.jpg,10 Sekar Ketongkeng 2.jpg,10 Sekar Ketongkeng,20,1,train
/kaggle/input/datasets/hertiyani/batik-nitik-960-official-mendeley/Batik Nitik 960/Batik Nitik 960 Images/10 Sekar Ketongkeng 2_rotate_180.jpg,10 Sekar Ketongkeng 2_rotate_180.jpg,10 Sekar Ketongkeng,20,1,train
/kaggle/input/datasets/hertiyani/batik-nitik-960-official-mendeley/Batik Nitik 960/Batik Nitik 960 Images/10 Sekar Ketongkeng 2_rotate_270.jpg,10 Sekar Ketongkeng 2_rotate_270.jpg,10 Sekar Ketongkeng,22,1,train
/kaggle/input/datasets/hertiyani/batik-nitik-960-official-mendeley/Batik Nitik 960/Batik Nitik 960 Images/10 Sekar Ketongkeng 2_rotate_90.jpg,10 Sekar Ketongkeng 2_rotate_90.jpg,10 Sekar Ketongkeng,22,1,train
/kaggle/input/datasets/hertiyani/batik-nitik-960-official-mendeley/Batik Nitik 960/Batik Nitik 960 Images/10 Sekar Ketongkeng 3.jpg,10 Sekar Ketongkeng 3.jpg,10 Sekar Ketongkeng,24,1,test
/kaggle/input/datasets/hertiyani/batik-nitik-960-official-mendeley/Batik Nitik 960/Batik Nitik 960 Images/10 Sekar Ketongkeng 3_rotate_180.jpg,10 Sekar Ketongkeng 3_rotate_180.jpg,10 Sekar Ketongkeng,24,1,test
/kaggle/input/datasets/hertiyani/batik-nitik-960-official-mendeley/Batik Nitik 960/Batik Nitik 960 Images/10 Sekar Ketongkeng 3_rotate_270.jpg,10 Sekar Ketongkeng 3_rotate_270.jpg,10 Sekar Ketongkeng,24,1,test
/kaggle/input/datasets/hertiyani/batik-nitik-960-official-mendeley/Batik Nitik 960/Batik Nitik 960 Images/10 Sekar Ketongkeng 3_rotate_90.jpg,10 Sekar Ketongkeng 3_rotate_90.jpg,10 Sekar Ketongkeng,24,1,test
/kaggle/input/datasets/hertiyani/batik-nitik-960-official-mendeley/Batik Nitik 960/Batik Nitik 960 Images/10 Sekar Ketongkeng 4.jpg,10 Sekar Ketongkeng 4.jpg,10 Sekar Ketongkeng,28,1,train
/kaggle/input/datasets/hertiyani/batik-nitik-960-official-mendeley/Batik Nitik 960/Batik Nitik 960 Images/10 Sekar Ketongkeng 4_rotate_180.jpg,10 Sekar Ketongkeng 4_rotate_180.jpg,10 Sekar Ketongkeng,28,1,train
/kaggle/input/datasets/hertiyani/batik-nitik-960-official-mendeley/Batik Nitik 960/Batik Nitik 960 Images/10 Sekar Ketongkeng 4_rotate_270.jpg,10 Sekar Ketongkeng 4_rotate_270.jpg,10 Sekar Ketongkeng,30,1,test
/kaggle/input/datasets/hertiyani/batik-nitik-960-official-mendeley/Batik Nitik 960/Batik Nitik 960 Images/10 Sekar Ketongkeng 4_rotate_90.jpg,10 Sekar Ketongkeng 4_rotate_90.jpg,10 Sekar Ketongkeng,30,1,test
/kaggle/input/datasets/hertiyani/batik-nitik-960-official-mendeley/Batik Nitik 960/Batik Nitik 960 Images/11 Brendhi 1.jpg,11 Brendhi 1.jpg,11 Brendhi,32,1,test
/kaggle/input/datasets/hertiyani/batik-nitik-960-official-mendeley/Batik Nitik 960/Batik Nitik 960 Images/11 Brendhi 1_rotate_180.jpg,11 Brendhi 1_rotate_180.jpg,11 Brendhi,32,1,test
/kaggle/input/datasets/hertiyani/batik-nitik-960-official-mendeley/Batik Nitik 960/Batik Nitik 960 Images/11 Brendhi 1_rotate_270.jpg,11 Brendhi 1_rotate_270.jpg,11 Brendhi,32,1,test
/kaggle/input/datasets/hertiyani/batik-nitik-960-official-mendeley/Batik Nitik 960/Batik Nitik 960 Images/11 Brendhi 1_rotate_90.jpg,11 Brendhi 1_rotate_90.jpg,11 Brendhi,32,1,test
/kaggle/input/datasets/hertiyani/batik-nitik-960-official-mendeley/Batik Nitik 960/Batik Nitik 960 Images/11 Brendhi 2.jpg,11 Brendhi 2.jpg,11 Brendhi,36,1,test
/kaggle/input/datasets/hertiyani/batik-nitik-960-official-mendeley/Batik Nitik 960/Batik Nitik 960 Images/11 Brendhi 2_rotate_180.jpg,11 Brendhi 2_rotate_180.jpg,11 Brendhi,36,1,test
/kaggle/input/datasets/hertiyani/batik-nitik-960-official-mendeley/Batik Nitik 960/Batik Nitik 960 Images/11 Brendhi 2_rotate_270.jpg,11 Brendhi 2_rotate_270.jpg,11 Brendhi,38,1,train
/kaggle/input/datasets/hertiyani/batik-nitik-960-official-mendeley/Batik Nitik 960/Batik Nitik 960 Images/11 Brendhi 2_rotate_90.jpg,11 Brendhi 2_rotate_90.jpg,11 Brendhi,38,1,train
/kaggle/input/datasets/hertiyani/batik-nitik-960-official-mendeley/Batik Nitik 960/Batik Nitik 960 Images/11 Brendhi 3.jpg,11 Brendhi 3.jpg,11 Brendhi,40,1,train
/kaggle/input/datasets/hertiyani/batik-nitik-960-official-mendeley/Batik Nitik 960/Batik Nitik 960 Images/11 Brendhi 3_rotate_180.jpg,11 Brendhi 3_rotate_180.jpg,11 Brendhi,40,1,train
/kaggle/input/datasets/hertiyani/batik-nitik-960-official-mendeley/Batik Nitik 960/Batik Nitik 960 Images/11 Brendhi 3_rotate_270.jpg,11 Brendhi 3_rotate_270.jpg,11 Brendhi,42,1,train
/kaggle/input/datasets/hertiyani/batik-nitik-960-official-mendeley/Batik Nitik 960/Batik Nitik 960 Images/11 Brendhi 3_rotate_90.jpg,11 Brendhi 3_rotate_90.jpg,11 Brendhi,42,1,train
/kaggle/input/datasets/hertiyani/batik-nitik-960-official-mendeley/Batik Nitik 960/Batik Nitik 960 Images/11 Brendhi 4.jpg,11 Brendhi 4.jpg,11 Brendhi,44,1,train
/kaggle/input/datasets/hertiyani/batik-nitik-960-official-mendeley/Batik Nitik 960/Batik Nitik 960 Images/11 Brendhi 4_rotate_180.jpg,11 Brendhi 4_rotate_180.jpg,11 Brendhi,44,1,train
/kaggle/input/datasets/hertiyani/batik-nitik-960-official-mendeley/Batik Nitik 960/Batik Nitik 960 Images/11 Brendhi 4_rotate_270.jpg,11 Brendhi 4_rotate_270.jpg,11 Brendhi,46,1,train
/kaggle/input/datasets/hertiyani/batik-nitik-960-official-mendeley/Batik Nitik 960/Batik Nitik 960 Images/11 Brendhi 4_rotate_90.jpg,11 Brendhi 4_rotate_90.jpg,11 Brendhi,46,1,train
/kaggle/input/datasets/hertiyani/batik-nitik-960-official-mendeley/Batik Nitik 960/Batik Nitik 960 Images/12 Cakar Ayam 1.jpg,12 Cakar Ayam 1.jpg,12 Cakar Ayam,48,1,train
/kaggle/input/datasets/hertiyani/batik-nitik-960-official-mendeley/Batik Nitik 960/Batik Nitik 960 Images/12 Cakar Ayam 1_rotate_180.jpg,12 Cakar Ayam 1_rotate_180.jpg,12 Cakar Ayam,48,1,train
/kaggle/input/datasets/hertiyani/batik-nitik-960-official-mendeley/Batik Nitik 960/Batik Nitik 960 Images/12 Cakar Ayam 1_rotate_270.jpg,12 Cakar Ayam 1_rotate_270.jpg,12 Cakar Ayam,48,1,train
/kaggle/input/datasets/hertiyani/batik-nitik-960-official-mendeley/Batik Nitik 960/Batik Nitik 960 Images/12 Cakar Ayam 1_rotate_90.jpg,12 Cakar Ayam 1_rotate_90.jpg,12 Cakar Ayam,48,1,train
/kaggle/input/datasets/hertiyani/batik-nitik-960-official-mendeley/Batik Nitik 960/Batik Nitik 960 Images/12 Cakar Ayam 2.jpg,12 Cakar Ayam 2.jpg,12 Cakar Ayam,52,1,test
/kaggle/input/datasets/hertiyani/batik-nitik-960-official-mendeley/Batik Nitik 960/Batik Nitik 960 Images/12 Cakar Ayam 2_rotate_180.jpg,12 Cakar Ayam 2_rotate_180.jpg,12 Cakar Ayam,52,1,test
/kaggle/input/datasets/hertiyani/batik-nitik-960-official-mendeley/Batik Nitik 960/Batik Nitik 960 Images/12 Cakar Ayam 2_rotate_270.jpg,12 Cakar Ayam 2_rotate_270.jpg,12 Cakar Ayam,54,1,train
/kaggle/input/datasets/hertiyani/batik-nitik-960-official-mendeley/Batik Nitik 960/Batik Nitik 960 Images/12 Cakar Ayam 2_rotate_90.jpg,12 Cakar Ayam 2_rotate_90.jpg,12 Cakar Ayam,54,1,train
/kaggle/input/datasets/hertiyani/batik-nitik-960-official-mendeley/Batik Nitik 960/Batik Nitik 960 Images/12 Cakar Ayam 3.jpg,12 Cakar Ayam 3.jpg,12 Cakar Ayam,56,1,train
/kaggle/input/datasets/hertiyani/batik-nitik-960-official-mendeley/Batik Nitik 960/Batik Nitik 960 Images/12 Cakar Ayam 3_rotate_180.jpg,12 Cakar Ayam 3_rotate_180.jpg,12 Cakar Ayam,56,1,train
/kaggle/input/datasets/hertiyani/batik-nitik-960-official-mendeley/Batik Nitik 960/Batik Nitik 960 Images/12 Cakar Ayam 3_rotate_270.jpg,12 Cakar Ayam 3_rotate_270.jpg,12 Cakar Ayam,58,1,test
/kaggle/input/datasets/hertiyani/batik-nitik-960-official-mendeley/Batik Nitik 960/Batik Nitik 960 Images/12 Cakar Ayam 3_rotate_90.jpg,12 Cakar Ayam 3_rotate_90.jpg,12 Cakar Ayam,58,1,test
/kaggle/input/datasets/hertiyani/batik-nitik-960-official-mendeley/Batik Nitik 960/Batik Nitik 960 Images/12 Cakar Ayam 4.jpg,12 Cakar Ayam 4.jpg,12 Cakar Ayam,60,1,test
/kaggle/input/datasets/hertiyani/batik-nitik-960-official-mendeley/Batik Nitik 960/Batik Nitik 960 Images/12 Cakar Ayam 4_rotate_180.jpg,12 Cakar Ayam 4_rotate_180.jpg,12 Cakar Ayam,60,1,test
/kaggle/input/datasets/hertiyani/batik-nitik-960-official-mendeley/Batik Nitik 960/Batik Nitik 960 Images/12 Cakar Ayam 4_rotate_270.jpg,12 Cakar Ayam 4_rotate_270.jpg,12 Cakar Ayam,62,1,train
/kaggle/input/datasets/hertiyani/batik-nitik-960-official-mendeley/Batik Nitik 960/Batik Nitik 960 Images/12 Cakar Ayam 4_rotate_90.jpg,12 Cakar Ayam 4_rotate_90.jpg,12 Cakar Ayam,62,1,train
/kaggle/input/datasets/hertiyani/batik-nitik-960-official-mendeley/Batik Nitik 960/Batik Nitik 960 Images/13 Sekar Menur 1.jpg,13 Sekar Menur 1.jpg,13 Sekar Menur,64,1,train
/kaggle/input/datasets/hertiyani/batik-nitik-960-official-mendeley/Batik Nitik 960/Batik Nitik 960 Images/13 Sekar Menur 1_rotate_180.jpg,13 Sekar Menur 1_rotate_180.jpg,13 Sekar Menur,64,1,train
/kaggle/input/datasets/hertiyani/batik-nitik-960-official-mendeley/Batik Nitik 960/Batik Nitik 960 Images/13 Sekar Menur 1_rotate_270.jpg,13 Sekar Menur 1_rotate_270.jpg,13 Sekar Menur,66,1,train
/kaggle/input/datasets/hertiyani/batik-nitik-960-official-mendeley/Batik Nitik 960/Batik Nitik 960 Images/13 Sekar Menur 1_rotate_90.jpg,13 Sekar Menur 1_rotate_90.jpg,13 Sekar Menur,66,1,train
/kaggle/input/datasets/hertiyani/batik-nitik-960-official-mendeley/Batik Nitik 960/Batik Nitik 960 Images/13 Sekar Menur 2.jpg,13 Sekar Menur 2.jpg,13 Sekar Menur,68,1,train
/kaggle/input/datasets/hertiyani/batik-nitik-960-official-mendeley/Batik Nitik 960/Batik Nitik 960 Images/13 Sekar Menur 2_rotate_180.jpg,13 Sekar Menur 2_rotate_180.jpg,13 Sekar Menur,68,1,train
/kaggle/input/datasets/hertiyani/batik-nitik-960-official-mendeley/Batik Nitik 960/Batik Nitik 960 Images/13 Sekar Menur 2_rotate_270.jpg,13 Sekar Menur 2_rotate_270.jpg,13 Sekar Menur,70,1,train
/kaggle/input/datasets/hertiyani/batik-nitik-960-official-mendeley/Batik Nitik 960/Batik Nitik 960 Images/13 Sekar Menur 2_rotate_90.jpg,13 Sekar Menur 2_rotate_90.jpg,13 Sekar Menur,70,1,train
/kaggle/input/datasets/hertiyani/batik-nitik-960-official-mendeley/Batik Nitik 960/Batik Nitik 960 Images/13 Sekar Menur 3.jpg,13 Sekar Menur 3.jpg,13 Sekar Menur,72,1,test
/kaggle/input/datasets/hertiyani/batik-nitik-960-official-mendeley/Batik Nitik 960/Batik Nitik 960 Images/13 Sekar Menur 3_rotate_180.jpg,13 Sekar Menur 3_rotate_180.jpg,13 Sekar Menur,72,1,test
/kaggle/input/datasets/hertiyani/batik-nitik-960-official-mendeley/Batik Nitik 960/Batik Nitik 960 Images/13 Sekar Menur 3_rotate_270.jpg,13 Sekar Menur 3_rotate_270.jpg,13 Sekar Menur,74,1,train
/kaggle/input/datasets/hertiyani/batik-nitik-960-official-mendeley/Batik Nitik 960/Batik Nitik 960 Images/13 Sekar Menur 3_rotate_90.jpg,13 Sekar Menur 3_rotate_90.jpg,13 Sekar Menur,74,1,train
/kaggle/input/datasets/hertiyani/batik-nitik-960-official-mendeley/Batik Nitik 960/Batik Nitik 960 Images/13 Sekar Menur 4.jpg,13 Sekar Menur 4.jpg,13 Sekar Menur,76,1,test
/kaggle/input/datasets/hertiyani/batik-nitik-960-official-mendeley/Batik Nitik 960/Batik Nitik 960 Images/13 Sekar Menur 4_rotate_180.jpg,13 Sekar Menur 4_rotate_180.jpg,13 Sekar Menur,76,1,test
/kaggle/input/datasets/hertiyani/batik-nitik-960-official-mendeley/Batik Nitik 960/Batik Nitik 960 Images/13 Sekar Menur 4_rotate_270.jpg,13 Sekar Menur 4_rotate_270.jpg,13 Sekar Menur,78,1,test
/kaggle/input/datasets/hertiyani/batik-nitik-960-official-mendeley/Batik Nitik 960/Batik Nitik 960 Images/13 Sekar Menur 4_rotate_90.jpg,13 Sekar Menur 4_rotate_90.jpg,13 Sekar Menur,78,1,test
/kaggle/input/datasets/hertiyani/batik-nitik-960-official-mendeley/Batik Nitik 960/Batik Nitik 960 Images/14 Sekar Tebu 1.jpg,14 Sekar Tebu 1.jpg,14 Sekar Tebu,80,1,test
/kaggle/input/datasets/hertiyani/batik-nitik-960-official-mendeley/Batik Nitik 960/Batik Nitik 960 Images/14 Sekar Tebu 1_rotate_180.jpg,14 Sekar Tebu 1_rotate_180.jpg,14 Sekar Tebu,80,1,test
/kaggle/input/datasets/hertiyani/batik-nitik-960-official-mendeley/Batik Nitik 960/Batik Nitik 960 Images/14 Sekar Tebu 1_rotate_270.jpg,14 Sekar Tebu 1_rotate_270.jpg,14 Sekar Tebu,82,1,train
/kaggle/input/datasets/hertiyani/batik-nitik-960-official-mendeley/Batik Nitik 960/Batik Nitik 960 Images/14 Sekar Tebu 1_rotate_90.jpg,14 Sekar Tebu 1_rotate_90.jpg,14 Sekar Tebu,82,1,train
/kaggle/input/datasets/hertiyani/batik-nitik-960-official-mendeley/Batik Nitik 960/Batik Nitik 960 Images/14 Sekar Tebu 2.jpg,14 Sekar Tebu 2.jpg,14 Sekar Tebu,84,1,train
/kaggle/input/datasets/hertiyani/batik-nitik-960-official-mendeley/Batik Nitik 960/Batik Nitik 960 Images/14 Sekar Tebu 2_rotate_180.jpg,14 Sekar Tebu 2_rotate_180.jpg,14 Sekar Tebu,84,1,train
/kaggle/input/datasets/hertiyani/batik-nitik-960-official-mendeley/Batik Nitik 960/Batik Nitik 960 Images/14 Sekar Tebu 2_rotate_270.jpg,14 Sekar Tebu 2_rotate_270.jpg,14 Sekar Tebu,86,1,train
/kaggle/input/datasets/hertiyani/batik-nitik-960-official-mendeley/Batik Nitik 960/Batik Nitik 960 Images/14 Sekar Tebu 2_rotate_90.jpg,14 Sekar Tebu 2_rotate_90.jpg,14 Sekar Tebu,86,1,train
/kaggle/input/datasets/hertiyani/batik-nitik-960-official-mendeley/Batik Nitik 960/Batik Nitik 960 Images/14 Sekar Tebu 3.jpg,14 Sekar Tebu 3.jpg,14 Sekar Tebu,88,1,test
/kaggle/input/datasets/hertiyani/batik-nitik-960-official-mendeley/Batik Nitik 960/Batik Nitik 960 Images/14 Sekar Tebu 3_rotate_180.jpg,14 Sekar Tebu 3_rotate_180.jpg,14 Sekar Tebu,88,1,test
/kaggle/input/datasets/hertiyani/batik-nitik-960-official-mendeley/Batik Nitik 960/Batik Nitik 960 Images/14 Sekar Tebu 3_rotate_270.jpg,14 Sekar Tebu 3_rotate_270.jpg,14 Sekar Tebu,90,1,test
/kaggle/input/datasets/hertiyani/batik-nitik-960-official-mendeley/Batik Nitik 960/Batik Nitik 960 Images/14 Sekar Tebu 3_rotate_90.jpg,14 Sekar Tebu 3_rotate_90.jpg,14 Sekar Tebu,90,1,test
/kaggle/input/datasets/hertiyani/batik-nitik-960-official-mendeley/Batik Nitik 960/Batik Nitik 960 Images/14 Sekar Tebu 4.jpg,14 Sekar Tebu 4.jpg,14 Sekar Tebu,92,1,train
/kaggle/input/datasets/hertiyani/batik-nitik-960-official-mendeley/Batik Nitik 960/Batik Nitik 960 Images/14 Sekar Tebu 4_rotate_180.jpg,14 Sekar Tebu 4_rotate_180.jpg,14 Sekar Tebu,92,1,train
/kaggle/input/datasets/hertiyani/batik-nitik-960-official-mendeley/Batik Nitik 960/Batik Nitik 960 Images/14 Sekar Tebu 4_rotate_270.jpg,14 Sekar Tebu 4_rotate_270.jpg,14 Sekar Tebu,94,1,train
/kaggle/input/datasets/hertiyani/batik-nitik-960-official-mendeley/Batik Nitik 960/Batik Nitik 960 Images/14 Sekar Tebu 4_rotate_90.jpg,14 Sekar Tebu 4_rotate_90.jpg,14 Sekar Tebu,94,1,train
/kaggle/input/datasets/hertiyani/batik-nitik-960-official-mendeley/Batik Nitik 960/Batik Nitik 960 Images/15 Sekar Manggis 1.jpg,15 Sekar Manggis 1.jpg,15 Sekar Manggis,96,1,train
/kaggle/input/datasets/hertiyani/batik-nitik-960-official-mendeley/Batik Nitik 960/Batik Nitik 960 Images/15 Sekar Manggis 1_rotate_180.jpg,15 Sekar Manggis 1_rotate_180.jpg,15 Sekar Manggis,96,1,train
/kaggle/input/datasets/hertiyani/batik-nitik-960-official-mendeley/Batik Nitik 960/Batik Nitik 960 Images/15 Sekar Manggis 1_rotate_270.jpg,15 Sekar Manggis 1_rotate_270.jpg,15 Sekar Manggis,98,1,test
/kaggle/input/datasets/hertiyani/batik-nitik-960-official-mendeley/Batik Nitik 960/Batik Nitik 960 Images/15 Sekar Manggis 1_rotate_90.jpg,15 Sekar Manggis 1_rotate_90.jpg,15 Sekar Manggis,98,1,test
/kaggle/input/datasets/hertiyani/batik-nitik-960-official-mendeley/Batik Nitik 960/Batik Nitik 960 Images/15 Sekar Manggis 2.jpg,15 Sekar Manggis 2.jpg,15 Sekar Manggis,100,1,test
/kaggle/input/datasets/hertiyani/batik-nitik-960-official-mendeley/Batik Nitik 960/Batik Nitik 960 Images/15 Sekar Manggis 2_rotate_180.jpg,15 Sekar Manggis 2_rotate_180.jpg,15 Sekar Manggis,100,1,test
/kaggle/input/datasets/hertiyani/batik-nitik-960-official-mendeley/Batik Nitik 960/Batik Nitik 960 Images/15 Sekar Manggis 2_rotate_270.jpg,15 Sekar Manggis 2_rotate_270.jpg,15 Sekar Manggis,102,1,train
/kaggle/input/datasets/hertiyani/batik-nitik-960-official-mendeley/Batik Nitik 960/Batik Nitik 960 Images/15 Sekar Manggis 2_rotate_90.jpg,15 Sekar Manggis 2_rotate_90.jpg,15 Sekar Manggis,102,1,train
/kaggle/input/datasets/hertiyani/batik-nitik-960-official-mendeley/Batik Nitik 960/Batik Nitik 960 Images/15 Sekar Manggis 3.jpg,15 Sekar Manggis 3.jpg,15 Sekar Manggis,104,1,test
/kaggle/input/datasets/hertiyani/batik-nitik-960-official-mendeley/Batik Nitik 960/Batik Nitik 960 Images/15 Sekar Manggis 3_rotate_180.jpg,15 Sekar Manggis 3_rotate_180.jpg,15 Sekar Manggis,104,1,test
/kaggle/input/datasets/hertiyani/batik-nitik-960-official-mendeley/Batik Nitik 960/Batik Nitik 960 Images/15 Sekar Manggis 3_rotate_270.jpg,15 Sekar Manggis 3_rotate_270.jpg,15 Sekar Manggis,104,1,test
/kaggle/input/datasets/hertiyani/batik-nitik-960-official-mendeley/Batik Nitik 960/Batik Nitik 960 Images/15 Sekar Manggis 3_rotate_90.jpg,15 Sekar Manggis 3_rotate_90.jpg,15 Sekar Manggis,104,1,test
/kaggle/input/datasets/hertiyani/batik-nitik-960-official-mendeley/Batik Nitik 960/Batik Nitik 960 Images/15 Sekar Manggis 4.jpg,15 Sekar Manggis 4.jpg,15 Sekar Manggis,108,1,train
/kaggle/input/datasets/hertiyani/batik-nitik-960-official-mendeley/Batik Nitik 960/Batik Nitik 960 Images/15 Sekar Manggis 4_rotate_180.jpg,15 Sekar Manggis 4_rotate_180.jpg,15 Sekar Manggis,108,1,train
/kaggle/input/datasets/hertiyani/batik-nitik-960-official-mendeley/Batik Nitik 960/Batik Nitik 960 Images/15 Sekar Manggis 4_rotate_270.jpg,15 Sekar Manggis 4_rotate_270.jpg,15 Sekar Manggis,110,1,train
/kaggle/input/datasets/hertiyani/batik-nitik-960-official-mendeley/Batik Nitik 960/Batik Nitik 960 Images/15 Sekar Manggis 4_rotate_90.jpg,15 Sekar Manggis 4_rotate_90.jpg,15 Sekar Manggis,110,1,train
/kaggle/input/datasets/hertiyani/batik-nitik-960-official-mendeley/Batik Nitik 960/Batik Nitik 960 Images/16 Sekar Randhu 1.jpg,16 Sekar Randhu 1.jpg,16 Sekar Randhu,114,1,test
/kaggle/input/datasets/hertiyani/batik-nitik-960-official-mendeley/Batik Nitik 960/Batik Nitik 960 Images/16 Sekar Randhu 1_rotate_180.jpg,16 Sekar Randhu 1_rotate_180.jpg,16 Sekar Randhu,114,1,test
/kaggle/input/datasets/hertiyani/batik-nitik-960-official-mendeley/Batik Nitik 960/Batik Nitik 960 Images/16 Sekar Randhu 1_rotate_270.jpg,16 Sekar Randhu 1_rotate_270.jpg,16 Sekar Randhu,114,1,test
/kaggle/input/datasets/hertiyani/batik-nitik-960-official-mendeley/Batik Nitik 960/Batik Nitik 960 Images/16 Sekar Randhu 1_rotate_90.jpg,16 Sekar Randhu 1_rotate_90.jpg,16 Sekar Randhu,114,1,test
/kaggle/input/datasets/hertiyani/batik-nitik-960-official-mendeley/Batik Nitik 960/Batik Nitik 960 Images/16 Sekar Randhu 2.jpg,16 Sekar Randhu 2.jpg,16 Sekar Randhu,116,1,train
/kaggle/input/datasets/hertiyani/batik-nitik-960-official-mendeley/Batik Nitik 960/Batik Nitik 960 Images/16 Sekar Randhu 2_rotate_180.jpg,16 Sekar Randhu 2_rotate_180.jpg,16 Sekar Randhu,116,1,train
/kaggle/input/datasets/hertiyani/batik-nitik-960-official-mendeley/Batik Nitik 960/Batik Nitik 960 Images/16 Sekar Randhu 2_rotate_270.jpg,16 Sekar Randhu 2_rotate_270.jpg,16 Sekar Randhu,118,1,test
/kaggle/input/datasets/hertiyani/batik-nitik-960-official-mendeley/Batik Nitik 960/Batik Nitik 960 Images/16 Sekar Randhu 2_rotate_90.jpg,16 Sekar Randhu 2_rotate_90.jpg,16 Sekar Randhu,118,1,test
/kaggle/input/datasets/hertiyani/batik-nitik-960-official-mendeley/Batik Nitik 960/Batik Nitik 960 Images/16 Sekar Randhu 3.jpg,16 Sekar Randhu 3.jpg,16 Sekar Randhu,120,1,train
/kaggle/input/datasets/hertiyani/batik-nitik-960-official-mendeley/Batik Nitik 960/Batik Nitik 960 Images/16 Sekar Randhu 3_rotate_180.jpg,16 Sekar Randhu 3_rotate_180.jpg,16 Sekar Randhu,120,1,train
/kaggle/input/datasets/hertiyani/batik-nitik-960-official-mendeley/Batik Nitik 960/Batik Nitik 960 Images/16 Sekar Randhu 3_rotate_270.jpg,16 Sekar Randhu 3_rotate_270.jpg,16 Sekar Randhu,122,1,train
/kaggle/input/datasets/hertiyani/batik-nitik-960-official-mendeley/Batik Nitik 960/Batik Nitik 960 Images/16 Sekar Randhu 3_rotate_90.jpg,16 Sekar Randhu 3_rotate_90.jpg,16 Sekar Randhu,122,1,train
/kaggle/input/datasets/hertiyani/batik-nitik-960-official-mendeley/Batik Nitik 960/Batik Nitik 960 Images/16 Sekar Randhu 4.jpg,16 Sekar Randhu 4.jpg,16 Sekar Randhu,124,1,train
/kaggle/input/datasets/hertiyani/batik-nitik-960-official-mendeley/Batik Nitik 960/Batik Nitik 960 Images/16 Sekar Randhu 4_rotate_180.jpg,16 Sekar Randhu 4_rotate_180.jpg,16 Sekar Randhu,124,1,train
/kaggle/input/datasets/hertiyani/batik-nitik-960-official-mendeley/Batik Nitik 960/Batik Nitik 960 Images/16 Sekar Randhu 4_rotate_270.jpg,16 Sekar Randhu 4_rotate_270.jpg,16 Sekar Randhu,126,1,train
/kaggle/input/datasets/hertiyani/batik-nitik-960-official-mendeley/Batik Nitik 960/Batik Nitik 960 Images/16 Sekar Randhu 4_rotate_90.jpg,16 Sekar Randhu 4_rotate_90.jpg,16 Sekar Randhu,126,1,train
/kaggle/input/datasets/hertiyani/batik-nitik-960-official-mendeley/Batik Nitik 960/Batik Nitik 960 Images/17 Worawari Rumpuk 1.jpg,17 Worawari Rumpuk 1.jpg,17 Worawari Rumpuk,128,1,test
/kaggle/input/datasets/hertiyani/batik-nitik-960-official-mendeley/Batik Nitik 960/Batik Nitik 960 Images/17 Worawari Rumpuk 1_rotate_180.jpg,17 Worawari Rumpuk 1_rotate_180.jpg,17 Worawari Rumpuk,128,1,test
/kaggle/input/datasets/hertiyani/batik-nitik-960-official-mendeley/Batik Nitik 960/Batik Nitik 960 Images/17 Worawari Rumpuk 1_rotate_270.jpg,17 Worawari Rumpuk 1_rotate_270.jpg,17 Worawari Rumpuk,128,1,test
/kaggle/input/datasets/hertiyani/batik-nitik-960-official-mendeley/Batik Nitik 960/Batik Nitik 960 Images/17 Worawari Rumpuk 1_rotate_90.jpg,17 Worawari Rumpuk 1_rotate_90.jpg,17 Worawari Rumpuk,128,1,test
/kaggle/input/datasets/hertiyani/batik-nitik-960-official-mendeley/Batik Nitik 960/Batik Nitik 960 Images/17 Worawari Rumpuk 2.jpg,17 Worawari Rumpuk 2.jpg,17 Worawari Rumpuk,132,1,test
/kaggle/input/datasets/hertiyani/batik-nitik-960-official-mendeley/Batik Nitik 960/Batik Nitik 960 Images/17 Worawari Rumpuk 2_rotate_180.jpg,17 Worawari Rumpuk 2_rotate_180.jpg,17 Worawari Rumpuk,132,1,test
/kaggle/input/datasets/hertiyani/batik-nitik-960-official-mendeley/Batik Nitik 960/Batik Nitik 960 Images/17 Worawari Rumpuk 2_rotate_270.jpg,17 Worawari Rumpuk 2_rotate_270.jpg,17 Worawari Rumpuk,134,1,test
/kaggle/input/datasets/hertiyani/batik-nitik-960-official-mendeley/Batik Nitik 960/Batik Nitik 960 Images/17 Worawari Rumpuk 2_rotate_90.jpg,17 Worawari Rumpuk 2_rotate_90.jpg,17 Worawari Rumpuk,134,1,test
/kaggle/input/datasets/hertiyani/batik-nitik-960-official-mendeley/Batik Nitik 960/Batik Nitik 960 Images/17 Worawari Rumpuk 3.jpg,17 Worawari Rumpuk 3.jpg,17 Worawari Rumpuk,136,1,train
/kaggle/input/datasets/hertiyani/batik-nitik-960-official-mendeley/Batik Nitik 960/Batik Nitik 960 Images/17 Worawari Rumpuk 3_rotate_180.jpg,17 Worawari Rumpuk 3_rotate_180.jpg,17 Worawari Rumpuk,136,1,train
/kaggle/input/datasets/hertiyani/batik-nitik-960-official-mendeley/Batik Nitik 960/Batik Nitik 960 Images/17 Worawari Rumpuk 3_rotate_270.jpg,17 Worawari Rumpuk 3_rotate_270.jpg,17 Worawari Rumpuk,136,1,train
/kaggle/input/datasets/hertiyani/batik-nitik-960-official-mendeley/Batik Nitik 960/Batik Nitik 960 Images/17 Worawari Rumpuk 3_rotate_90.jpg,17 Worawari Rumpuk 3_rotate_90.jpg,17 Worawari Rumpuk,136,1,train
/kaggle/input/datasets/hertiyani/batik-nitik-960-official-mendeley/Batik Nitik 960/Batik Nitik 960 Images/17 Worawari Rumpuk 4.jpg,17 Worawari Rumpuk 4.jpg,17 Worawari Rumpuk,140,1,train
/kaggle/input/datasets/hertiyani/batik-nitik-960-official-mendeley/Batik Nitik 960/Batik Nitik 960 Images/17 Worawari Rumpuk 4_rotate_180.jpg,17 Worawari Rumpuk 4_rotate_180.jpg,17 Worawari Rumpuk,140,1,train
/kaggle/input/datasets/hertiyani/batik-nitik-960-official-mendeley/Batik Nitik 960/Batik Nitik 960 Images/17 Worawari Rumpuk 4_rotate_270.jpg,17 Worawari Rumpuk 4_rotate_270.jpg,17 Worawari Rumpuk,140,1,train
/kaggle/input/datasets/hertiyani/batik-nitik-960-official-mendeley/Batik Nitik 960/Batik Nitik 960 Images/17 Worawari Rumpuk 4_rotate_90.jpg,17 Worawari Rumpuk 4_rotate_90.jpg,17 Worawari Rumpuk,140,1,train
/kaggle/input/datasets/hertiyani/batik-nitik-960-official-mendeley/Batik Nitik 960/Batik Nitik 960 Images/18 Sekar Dhuku 1.jpg,18 Sekar Dhuku 1.jpg,18 Sekar Dhuku,144,1,train
/kaggle/input/datasets/hertiyani/batik-nitik-960-official-mendeley/Batik Nitik 960/Batik Nitik 960 Images/18 Sekar Dhuku 1_rotate_180.jpg,18 Sekar Dhuku 1_rotate_180.jpg,18 Sekar Dhuku,144,1,train
/kaggle/input/datasets/hertiyani/batik-nitik-960-official-mendeley/Batik Nitik 960/Batik Nitik 960 Images/18 Sekar Dhuku 1_rotate_270.jpg,18 Sekar Dhuku 1_rotate_270.jpg,18 Sekar Dhuku,144,1,train
/kaggle/input/datasets/hertiyani/batik-nitik-960-official-mendeley/Batik Nitik 960/Batik Nitik 960 Images/18 Sekar Dhuku 1_rotate_90.jpg,18 Sekar Dhuku 1_rotate_90.jpg,18 Sekar Dhuku,144,1,train
/kaggle/input/datasets/hertiyani/batik-nitik-960-official-mendeley/Batik Nitik 960/Batik Nitik 960 Images/18 Sekar Dhuku 2.jpg,18 Sekar Dhuku 2.jpg,18 Sekar Dhuku,148,1,train
/kaggle/input/datasets/hertiyani/batik-nitik-960-official-mendeley/Batik Nitik 960/Batik Nitik 960 Images/18 Sekar Dhuku 2_rotate_180.jpg,18 Sekar Dhuku 2_rotate_180.jpg,18 Sekar Dhuku,148,1,train
/kaggle/input/datasets/hertiyani/batik-nitik-960-official-mendeley/Batik Nitik 960/Batik Nitik 960 Images/18 Sekar Dhuku 2_rotate_270.jpg,18 Sekar Dhuku 2_rotate_270.jpg,18 Sekar Dhuku,150,1,test
/kaggle/input/datasets/hertiyani/batik-nitik-960-official-mendeley/Batik Nitik 960/Batik Nitik 960 Images/18 Sekar Dhuku 2_rotate_90.jpg,18 Sekar Dhuku 2_rotate_90.jpg,18 Sekar Dhuku,150,1,test
/kaggle/input/datasets/hertiyani/batik-nitik-960-official-mendeley/Batik Nitik 960/Batik Nitik 960 Images/18 Sekar Dhuku 3.jpg,18 Sekar Dhuku 3.jpg,18 Sekar Dhuku,152,1,train
/kaggle/input/datasets/hertiyani/batik-nitik-960-official-mendeley/Batik Nitik 960/Batik Nitik 960 Images/18 Sekar Dhuku 3_rotate_180.jpg,18 Sekar Dhuku 3_rotate_180.jpg,18 Sekar Dhuku,152,1,train
/kaggle/input/datasets/hertiyani/batik-nitik-960-official-mendeley/Batik Nitik 960/Batik Nitik 960 Images/18 Sekar Dhuku 3_rotate_270.jpg,18 Sekar Dhuku 3_rotate_270.jpg,18 Sekar Dhuku,154,1,train
/kaggle/input/datasets/hertiyani/batik-nitik-960-official-mendeley/Batik Nitik 960/Batik Nitik 960 Images/18 Sekar Dhuku 3_rotate_90.jpg,18 Sekar Dhuku 3_rotate_90.jpg,18 Sekar Dhuku,154,1,train
/kaggle/input/datasets/hertiyani/batik-nitik-960-official-mendeley/Batik Nitik 960/Batik Nitik 960 Images/18 Sekar Dhuku 4.jpg,18 Sekar Dhuku 4.jpg,18 Sekar Dhuku,156,1,test
/kaggle/input/datasets/hertiyani/batik-nitik-960-official-mendeley/Batik Nitik 960/Batik Nitik 960 Images/18 Sekar Dhuku 4_rotate_180.jpg,18 Sekar Dhuku 4_rotate_180.jpg,18 Sekar Dhuku,156,1,test
/kaggle/input/datasets/hertiyani/batik-nitik-960-official-mendeley/Batik Nitik 960/Batik Nitik 960 Images/18 Sekar Dhuku 4_rotate_270.jpg,18 Sekar Dhuku 4_rotate_270.jpg,18 Sekar Dhuku,156,1,test
/kaggle/input/datasets/hertiyani/batik-nitik-960-official-mendeley/Batik Nitik 960/Batik Nitik 960 Images/18 Sekar Dhuku 4_rotate_90.jpg,18 Sekar Dhuku 4_rotate_90.jpg,18 Sekar Dhuku,156,1,test
/kaggle/input/datasets/hertiyani/batik-nitik-960-official-mendeley/Batik Nitik 960/Batik Nitik 960 Images/19 Sekar Jagung 1.jpg,19 Sekar Jagung 1.jpg,19 Sekar Jagung,160,1,train
/kaggle/input/datasets/hertiyani/batik-nitik-960-official-mendeley/Batik Nitik 960/Batik Nitik 960 Images/19 Sekar Jagung 1_rotate_180.jpg,19 Sekar Jagung 1_rotate_180.jpg,19 Sekar Jagung,160,1,train
/kaggle/input/datasets/hertiyani/batik-nitik-960-official-mendeley/Batik Nitik 960/Batik Nitik 960 Images/19 Sekar Jagung 1_rotate_270.jpg,19 Sekar Jagung 1_rotate_270.jpg,19 Sekar Jagung,162,1,train
/kaggle/input/datasets/hertiyani/batik-nitik-960-official-mendeley/Batik Nitik 960/Batik Nitik 960 Images/19 Sekar Jagung 1_rotate_90.jpg,19 Sekar Jagung 1_rotate_90.jpg,19 Sekar Jagung,162,1,train
/kaggle/input/datasets/hertiyani/batik-nitik-960-official-mendeley/Batik Nitik 960/Batik Nitik 960 Images/19 Sekar Jagung 2.jpg,19 Sekar Jagung 2.jpg,19 Sekar Jagung,164,1,train
/kaggle/input/datasets/hertiyani/batik-nitik-960-official-mendeley/Batik Nitik 960/Batik Nitik 960 Images/19 Sekar Jagung 2_rotate_180.jpg,19 Sekar Jagung 2_rotate_180.jpg,19 Sekar Jagung,164,1,train
/kaggle/input/datasets/hertiyani/batik-nitik-960-official-mendeley/Batik Nitik 960/Batik Nitik 960 Images/19 Sekar Jagung 2_rotate_270.jpg,19 Sekar Jagung 2_rotate_270.jpg,19 Sekar Jagung,166,1,train
/kaggle/input/datasets/hertiyani/batik-nitik-960-official-mendeley/Batik Nitik 960/Batik Nitik 960 Images/19 Sekar Jagung 2_rotate_90.jpg,19 Sekar Jagung 2_rotate_90.jpg,19 Sekar Jagung,166,1,train
/kaggle/input/datasets/hertiyani/batik-nitik-960-official-mendeley/Batik Nitik 960/Batik Nitik 960 Images/19 Sekar Jagung 3.jpg,19 Sekar Jagung 3.jpg,19 Sekar Jagung,168,1,test
/kaggle/input/datasets/hertiyani/batik-nitik-960-official-mendeley/Batik Nitik 960/Batik Nitik 960 Images/19 Sekar Jagung 3_rotate_180.jpg,19 Sekar Jagung 3_rotate_180.jpg,19 Sekar Jagung,168,1,test
/kaggle/input/datasets/hertiyani/batik-nitik-960-official-mendeley/Batik Nitik 960/Batik Nitik 960 Images/19 Sekar Jagung 3_rotate_270.jpg,19 Sekar Jagung 3_rotate_270.jpg,19 Sekar Jagung,170,1,test
/kaggle/input/datasets/hertiyani/batik-nitik-960-official-mendeley/Batik Nitik 960/Batik Nitik 960 Images/19 Sekar Jagung 3_rotate_90.jpg,19 Sekar Jagung 3_rotate_90.jpg,19 Sekar Jagung,170,1,test
/kaggle/input/datasets/hertiyani/batik-nitik-960-official-mendeley/Batik Nitik 960/Batik Nitik 960 Images/19 Sekar Jagung 4.jpg,19 Sekar Jagung 4.jpg,19 Sekar Jagung,172,1,test
/kaggle/input/datasets/hertiyani/batik-nitik-960-official-mendeley/Batik Nitik 960/Batik Nitik 960 Images/19 Sekar Jagung 4_rotate_180.jpg,19 Sekar Jagung 4_rotate_180.jpg,19 Sekar Jagung,172,1,test
/kaggle/input/datasets/hertiyani/batik-nitik-960-official-mendeley/Batik Nitik 960/Batik Nitik 960 Images/19 Sekar Jagung 4_rotate_270.jpg,19 Sekar Jagung 4_rotate_270.jpg,19 Sekar Jagung,174,1,train
/kaggle/input/datasets/hertiyani/batik-nitik-960-official-mendeley/Batik Nitik 960/Batik Nitik 960 Images/19 Sekar Jagung 4_rotate_90.jpg,19 Sekar Jagung 4_rotate_90.jpg,19 Sekar Jagung,174,1,train
/kaggle/input/datasets/hertiyani/batik-nitik-960-official-mendeley/Batik Nitik 960/Batik Nitik 960 Images/2 Sekar Liring 1.jpg,2 Sekar Liring 1.jpg,2 Sekar Liring,176,1,train
/kaggle/input/datasets/hertiyani/batik-nitik-960-official-mendeley/Batik Nitik 960/Batik Nitik 960 Images/2 Sekar Liring 1_rotate_180.jpg,2 Sekar Liring 1_rotate_180.jpg,2 Sekar Liring,176,1,train
/kaggle/input/datasets/hertiyani/batik-nitik-960-official-mendeley/Batik Nitik 960/Batik Nitik 960 Images/2 Sekar Liring 1_rotate_270.jpg,2 Sekar Liring 1_rotate_270.jpg,2 Sekar Liring,178,1,test
/kaggle/input/datasets/hertiyani/batik-nitik-960-official-mendeley/Batik Nitik 960/Batik Nitik 960 Images/2 Sekar Liring 1_rotate_90.jpg,2 Sekar Liring 1_rotate_90.jpg,2 Sekar Liring,178,1,test
/kaggle/input/datasets/hertiyani/batik-nitik-960-official-mendeley/Batik Nitik 960/Batik Nitik 960 Images/2 Sekar Liring 2.jpg,2 Sekar Liring 2.jpg,2 Sekar Liring,180,1,train
/kaggle/input/datasets/hertiyani/batik-nitik-960-official-mendeley/Batik Nitik 960/Batik Nitik 960 Images/2 Sekar Liring 2_rotate_180.jpg,2 Sekar Liring 2_rotate_180.jpg,2 Sekar Liring,180,1,train
/kaggle/input/datasets/hertiyani/batik-nitik-960-official-mendeley/Batik Nitik 960/Batik Nitik 960 Images/2 Sekar Liring 2_rotate_270.jpg,2 Sekar Liring 2_rotate_270.jpg,2 Sekar Liring,182,1,train
/kaggle/input/datasets/hertiyani/batik-nitik-960-official-mendeley/Batik Nitik 960/Batik Nitik 960 Images/2 Sekar Liring 2_rotate_90.jpg,2 Sekar Liring 2_rotate_90.jpg,2 Sekar Liring,182,1,train
/kaggle/input/datasets/hertiyani/batik-nitik-960-official-mendeley/Batik Nitik 960/Batik Nitik 960 Images/2 Sekar Liring 3.jpg,2 Sekar Liring 3.jpg,2 Sekar Liring,184,1,test
/kaggle/input/datasets/hertiyani/batik-nitik-960-official-mendeley/Batik Nitik 960/Batik Nitik 960 Images/2 Sekar Liring 3_rotate_180.jpg,2 Sekar Liring 3_rotate_180.jpg,2 Sekar Liring,184,1,test
/kaggle/input/datasets/hertiyani/batik-nitik-960-official-mendeley/Batik Nitik 960/Batik Nitik 960 Images/2 Sekar Liring 3_rotate_270.jpg,2 Sekar Liring 3_rotate_270.jpg,2 Sekar Liring,186,1,train
/kaggle/input/datasets/hertiyani/batik-nitik-960-official-mendeley/Batik Nitik 960/Batik Nitik 960 Images/2 Sekar Liring 3_rotate_90.jpg,2 Sekar Liring 3_rotate_90.jpg,2 Sekar Liring,186,1,train
/kaggle/input/datasets/hertiyani/batik-nitik-960-official-mendeley/Batik Nitik 960/Batik Nitik 960 Images/2 Sekar Liring 4.jpg,2 Sekar Liring 4.jpg,2 Sekar Liring,188,1,test
/kaggle/input/datasets/hertiyani/batik-nitik-960-official-mendeley/Batik Nitik 960/Batik Nitik 960 Images/2 Sekar Liring 4_rotate_180.jpg,2 Sekar Liring 4_rotate_180.jpg,2 Sekar Liring,188,1,test
/kaggle/input/datasets/hertiyani/batik-nitik-960-official-mendeley/Batik Nitik 960/Batik Nitik 960 Images/2 Sekar Liring 4_rotate_270.jpg,2 Sekar Liring 4_rotate_270.jpg,2 Sekar Liring,190,1,train
/kaggle/input/datasets/hertiyani/batik-nitik-960-official-mendeley/Batik Nitik 960/Batik Nitik 960 Images/2 Sekar Liring 4_rotate_90.jpg,2 Sekar Liring 4_rotate_90.jpg,2 Sekar Liring,190,1,train
/kaggle/input/datasets/hertiyani/batik-nitik-960-official-mendeley/Batik Nitik 960/Batik Nitik 960 Images/20 Jayakirana 1.jpg,20 Jayakirana 1.jpg,20 Jayakirana,192,1,train
/kaggle/input/datasets/hertiyani/batik-nitik-960-official-mendeley/Batik Nitik 960/Batik Nitik 960 Images/20 Jayakirana 1_rotate_180.jpg,20 Jayakirana 1_rotate_180.jpg,20 Jayakirana,192,1,train
/kaggle/input/datasets/hertiyani/batik-nitik-960-official-mendeley/Batik Nitik 960/Batik Nitik 960 Images/20 Jayakirana 1_rotate_270.jpg,20 Jayakirana 1_rotate_270.jpg,20 Jayakirana,192,1,train
/kaggle/input/datasets/hertiyani/batik-nitik-960-official-mendeley/Batik Nitik 960/Batik Nitik 960 Images/20 Jayakirana 1_rotate_90.jpg,20 Jayakirana 1_rotate_90.jpg,20 Jayakirana,192,1,train
/kaggle/input/datasets/hertiyani/batik-nitik-960-official-mendeley/Batik Nitik 960/Batik Nitik 960 Images/20 Jayakirana 2.jpg,20 Jayakirana 2.jpg,20 Jayakirana,196,1,test
/kaggle/input/datasets/hertiyani/batik-nitik-960-official-mendeley/Batik Nitik 960/Batik Nitik 960 Images/20 Jayakirana 2_rotate_180.jpg,20 Jayakirana 2_rotate_180.jpg,20 Jayakirana,196,1,test
/kaggle/input/datasets/hertiyani/batik-nitik-960-official-mendeley/Batik Nitik 960/Batik Nitik 960 Images/20 Jayakirana 2_rotate_270.jpg,20 Jayakirana 2_rotate_270.jpg,20 Jayakirana,196,1,test
/kaggle/input/datasets/hertiyani/batik-nitik-960-official-mendeley/Batik Nitik 960/Batik Nitik 960 Images/20 Jayakirana 2_rotate_90.jpg,20 Jayakirana 2_rotate_90.jpg,20 Jayakirana,196,1,test
/kaggle/input/datasets/hertiyani/batik-nitik-960-official-mendeley/Batik Nitik 960/Batik Nitik 960 Images/20 Jayakirana 3.jpg,20 Jayakirana 3.jpg,20 Jayakirana,200,1,test
/kaggle/input/datasets/hertiyani/batik-nitik-960-official-mendeley/Batik Nitik 960/Batik Nitik 960 Images/20 Jayakirana 3_rotate_180.jpg,20 Jayakirana 3_rotate_180.jpg,20 Jayakirana,200,1,test
/kaggle/input/datasets/hertiyani/batik-nitik-960-official-mendeley/Batik Nitik 960/Batik Nitik 960 Images/20 Jayakirana 3_rotate_270.jpg,20 Jayakirana 3_rotate_270.jpg,20 Jayakirana,200,1,test
/kaggle/input/datasets/hertiyani/batik-nitik-960-official-mendeley/Batik Nitik 960/Batik Nitik 960 Images/20 Jayakirana 3_rotate_90.jpg,20 Jayakirana 3_rotate_90.jpg,20 Jayakirana,200,1,test
/kaggle/input/datasets/hertiyani/batik-nitik-960-official-mendeley/Batik Nitik 960/Batik Nitik 960 Images/20 Jayakirana 4.jpg,20 Jayakirana 4.jpg,20 Jayakirana,204,1,train
/kaggle/input/datasets/hertiyani/batik-nitik-960-official-mendeley/Batik Nitik 960/Batik Nitik 960 Images/20 Jayakirana 4_rotate_180.jpg,20 Jayakirana 4_rotate_180.jpg,20 Jayakirana,204,1,train
/kaggle/input/datasets/hertiyani/batik-nitik-960-official-mendeley/Batik Nitik 960/Batik Nitik 960 Images/20 Jayakirana 4_rotate_270.jpg,20 Jayakirana 4_rotate_270.jpg,20 Jayakirana,204,1,train
/kaggle/input/datasets/hertiyani/batik-nitik-960-official-mendeley/Batik Nitik 960/Batik Nitik 960 Images/20 Jayakirana 4_rotate_90.jpg,20 Jayakirana 4_rotate_90.jpg,20 Jayakirana,204,1,train
/kaggle/input/datasets/hertiyani/batik-nitik-960-official-mendeley/Batik Nitik 960/Batik Nitik 960 Images/21 Mawur 1.jpg,21 Mawur 1.jpg,21 Mawur,208,1,test
/kaggle/input/datasets/hertiyani/batik-nitik-960-official-mendeley/Batik Nitik 960/Batik Nitik 960 Images/21 Mawur 1_rotate_180.jpg,21 Mawur 1_rotate_180.jpg,21 Mawur,208,1,test
/kaggle/input/datasets/hertiyani/batik-nitik-960-official-mendeley/Batik Nitik 960/Batik Nitik 960 Images/21 Mawur 1_rotate_270.jpg,21 Mawur 1_rotate_270.jpg,21 Mawur,210,1,train
/kaggle/input/datasets/hertiyani/batik-nitik-960-official-mendeley/Batik Nitik 960/Batik Nitik 960 Images/21 Mawur 1_rotate_90.jpg,21 Mawur 1_rotate_90.jpg,21 Mawur,210,1,train
/kaggle/input/datasets/hertiyani/batik-nitik-960-official-mendeley/Batik Nitik 960/Batik Nitik 960 Images/21 Mawur 2.jpg,21 Mawur 2.jpg,21 Mawur,212,1,test
/kaggle/input/datasets/hertiyani/batik-nitik-960-official-mendeley/Batik Nitik 960/Batik Nitik 960 Images/21 Mawur 2_rotate_180.jpg,21 Mawur 2_rotate_180.jpg,21 Mawur,212,1,test
/kaggle/input/datasets/hertiyani/batik-nitik-960-official-mendeley/Batik Nitik 960/Batik Nitik 960 Images/21 Mawur 2_rotate_270.jpg,21 Mawur 2_rotate_270.jpg,21 Mawur,214,1,train
/kaggle/input/datasets/hertiyani/batik-nitik-960-official-mendeley/Batik Nitik 960/Batik Nitik 960 Images/21 Mawur 2_rotate_90.jpg,21 Mawur 2_rotate_90.jpg,21 Mawur,214,1,train
/kaggle/input/datasets/hertiyani/batik-nitik-960-official-mendeley/Batik Nitik 960/Batik Nitik 960 Images/21 Mawur 3.jpg,21 Mawur 3.jpg,21 Mawur,216,1,train
/kaggle/input/datasets/hertiyani/batik-nitik-960-official-mendeley/Batik Nitik 960/Batik Nitik 960 Images/21 Mawur 3_rotate_180.jpg,21 Mawur 3_rotate_180.jpg,21 Mawur,216,1,train
/kaggle/input/datasets/hertiyani/batik-nitik-960-official-mendeley/Batik Nitik 960/Batik Nitik 960 Images/21 Mawur 3_rotate_270.jpg,21 Mawur 3_rotate_270.jpg,21 Mawur,216,1,train
/kaggle/input/datasets/hertiyani/batik-nitik-960-official-mendeley/Batik Nitik 960/Batik Nitik 960 Images/21 Mawur 3_rotate_90.jpg,21 Mawur 3_rotate_90.jpg,21 Mawur,216,1,train
/kaggle/input/datasets/hertiyani/batik-nitik-960-official-mendeley/Batik Nitik 960/Batik Nitik 960 Images/21 Mawur 4.jpg,21 Mawur 4.jpg,21 Mawur,220,1,train
/kaggle/input/datasets/hertiyani/batik-nitik-960-official-mendeley/Batik Nitik 960/Batik Nitik 960 Images/21 Mawur 4_rotate_180.jpg,21 Mawur 4_rotate_180.jpg,21 Mawur,220,1,train
/kaggle/input/datasets/hertiyani/batik-nitik-960-official-mendeley/Batik Nitik 960/Batik Nitik 960 Images/21 Mawur 4_rotate_270.jpg,21 Mawur 4_rotate_270.jpg,21 Mawur,222,1,test
/kaggle/input/datasets/hertiyani/batik-nitik-960-official-mendeley/Batik Nitik 960/Batik Nitik 960 Images/21 Mawur 4_rotate_90.jpg,21 Mawur 4_rotate_90.jpg,21 Mawur,222,1,test
/kaggle/input/datasets/hertiyani/batik-nitik-960-official-mendeley/Batik Nitik 960/Batik Nitik 960 Images/22 Sekar Tanjung 1.jpg,22 Sekar Tanjung 1.jpg,22 Sekar Tanjung,224,1,train
/kaggle/input/datasets/hertiyani/batik-nitik-960-official-mendeley/Batik Nitik 960/Batik Nitik 960 Images/22 Sekar Tanjung 1_rotate_180.jpg,22 Sekar Tanjung 1_rotate_180.jpg,22 Sekar Tanjung,224,1,train
/kaggle/input/datasets/hertiyani/batik-nitik-960-official-mendeley/Batik Nitik 960/Batik Nitik 960 Images/22 Sekar Tanjung 1_rotate_270.jpg,22 Sekar Tanjung 1_rotate_270.jpg,22 Sekar Tanjung,226,1,train
/kaggle/input/datasets/hertiyani/batik-nitik-960-official-mendeley/Batik Nitik 960/Batik Nitik 960 Images/22 Sekar Tanjung 1_rotate_90.jpg,22 Sekar Tanjung 1_rotate_90.jpg,22 Sekar Tanjung,226,1,train
/kaggle/input/datasets/hertiyani/batik-nitik-960-official-mendeley/Batik Nitik 960/Batik Nitik 960 Images/22 Sekar Tanjung 2.jpg,22 Sekar Tanjung 2.jpg,22 Sekar Tanjung,228,1,test
/kaggle/input/datasets/hertiyani/batik-nitik-960-official-mendeley/Batik Nitik 960/Batik Nitik 960 Images/22 Sekar Tanjung 2_rotate_180.jpg,22 Sekar Tanjung 2_rotate_180.jpg,22 Sekar Tanjung,228,1,test
/kaggle/input/datasets/hertiyani/batik-nitik-960-official-mendeley/Batik Nitik 960/Batik Nitik 960 Images/22 Sekar Tanjung 2_rotate_270.jpg,22 Sekar Tanjung 2_rotate_270.jpg,22 Sekar Tanjung,230,1,test
/kaggle/input/datasets/hertiyani/batik-nitik-960-official-mendeley/Batik Nitik 960/Batik Nitik 960 Images/22 Sekar Tanjung 2_rotate_90.jpg,22 Sekar Tanjung 2_rotate_90.jpg,22 Sekar Tanjung,230,1,test
/kaggle/input/datasets/hertiyani/batik-nitik-960-official-mendeley/Batik Nitik 960/Batik Nitik 960 Images/22 Sekar Tanjung 3.jpg,22 Sekar Tanjung 3.jpg,22 Sekar Tanjung,232,1,train
/kaggle/input/datasets/hertiyani/batik-nitik-960-official-mendeley/Batik Nitik 960/Batik Nitik 960 Images/22 Sekar Tanjung 3_rotate_180.jpg,22 Sekar Tanjung 3_rotate_180.jpg,22 Sekar Tanjung,232,1,train
/kaggle/input/datasets/hertiyani/batik-nitik-960-official-mendeley/Batik Nitik 960/Batik Nitik 960 Images/22 Sekar Tanjung 3_rotate_270.jpg,22 Sekar Tanjung 3_rotate_270.jpg,22 Sekar Tanjung,232,1,train
/kaggle/input/datasets/hertiyani/batik-nitik-960-official-mendeley/Batik Nitik 960/Batik Nitik 960 Images/22 Sekar Tanjung 3_rotate_90.jpg,22 Sekar Tanjung 3_rotate_90.jpg,22 Sekar Tanjung,232,1,train
/kaggle/input/datasets/hertiyani/batik-nitik-960-official-mendeley/Batik Nitik 960/Batik Nitik 960 Images/22 Sekar Tanjung 4.jpg,22 Sekar Tanjung 4.jpg,22 Sekar Tanjung,236,1,train
/kaggle/input/datasets/hertiyani/batik-nitik-960-official-mendeley/Batik Nitik 960/Batik Nitik 960 Images/22 Sekar Tanjung 4_rotate_180.jpg,22 Sekar Tanjung 4_rotate_180.jpg,22 Sekar Tanjung,236,1,train
/kaggle/input/datasets/hertiyani/batik-nitik-960-official-mendeley/Batik Nitik 960/Batik Nitik 960 Images/22 Sekar Tanjung 4_rotate_270.jpg,22 Sekar Tanjung 4_rotate_270.jpg,22 Sekar Tanjung,238,1,test
/kaggle/input/datasets/hertiyani/batik-nitik-960-official-mendeley/Batik Nitik 960/Batik Nitik 960 Images/22 Sekar Tanjung 4_rotate_90.jpg,22 Sekar Tanjung 4_rotate_90.jpg,22 Sekar Tanjung,238,1,test
/kaggle/input/datasets/hertiyani/batik-nitik-960-official-mendeley/Batik Nitik 960/Batik Nitik 960 Images/23 Sekar Keben 1.jpg,23 Sekar Keben 1.jpg,23 Sekar Keben,240,1,test
/kaggle/input/datasets/hertiyani/batik-nitik-960-official-mendeley/Batik Nitik 960/Batik Nitik 960 Images/23 Sekar Keben 1_rotate_180.jpg,23 Sekar Keben 1_rotate_180.jpg,23 Sekar Keben,240,1,test
/kaggle/input/datasets/hertiyani/batik-nitik-960-official-mendeley/Batik Nitik 960/Batik Nitik 960 Images/23 Sekar Keben 1_rotate_270.jpg,23 Sekar Keben 1_rotate_270.jpg,23 Sekar Keben,242,1,train
/kaggle/input/datasets/hertiyani/batik-nitik-960-official-mendeley/Batik Nitik 960/Batik Nitik 960 Images/23 Sekar Keben 1_rotate_90.jpg,23 Sekar Keben 1_rotate_90.jpg,23 Sekar Keben,242,1,train
/kaggle/input/datasets/hertiyani/batik-nitik-960-official-mendeley/Batik Nitik 960/Batik Nitik 960 Images/23 Sekar Keben 2.jpg,23 Sekar Keben 2.jpg,23 Sekar Keben,244,1,test
/kaggle/input/datasets/hertiyani/batik-nitik-960-official-mendeley/Batik Nitik 960/Batik Nitik 960 Images/23 Sekar Keben 2_rotate_180.jpg,23 Sekar Keben 2_rotate_180.jpg,23 Sekar Keben,244,1,test
/kaggle/input/datasets/hertiyani/batik-nitik-960-official-mendeley/Batik Nitik 960/Batik Nitik 960 Images/23 Sekar Keben 2_rotate_270.jpg,23 Sekar Keben 2_rotate_270.jpg,23 Sekar Keben,246,1,train
/kaggle/input/datasets/hertiyani/batik-nitik-960-official-mendeley/Batik Nitik 960/Batik Nitik 960 Images/23 Sekar Keben 2_rotate_90.jpg,23 Sekar Keben 2_rotate_90.jpg,23 Sekar Keben,246,1,train
/kaggle/input/datasets/hertiyani/batik-nitik-960-official-mendeley/Batik Nitik 960/Batik Nitik 960 Images/23 Sekar Keben 3.jpg,23 Sekar Keben 3.jpg,23 Sekar Keben,248,1,train
/kaggle/input/datasets/hertiyani/batik-nitik-960-official-mendeley/Batik Nitik 960/Batik Nitik 960 Images/23 Sekar Keben 3_rotate_180.jpg,23 Sekar Keben 3_rotate_180.jpg,23 Sekar Keben,248,1,train
/kaggle/input/datasets/hertiyani/batik-nitik-960-official-mendeley/Batik Nitik 960/Batik Nitik 960 Images/23 Sekar Keben 3_rotate_270.jpg,23 Sekar Keben 3_rotate_270.jpg,23 Sekar Keben,250,1,test
/kaggle/input/datasets/hertiyani/batik-nitik-960-official-mendeley/Batik Nitik 960/Batik Nitik 960 Images/23 Sekar Keben 3_rotate_90.jpg,23 Sekar Keben 3_rotate_90.jpg,23 Sekar Keben,250,1,test
/kaggle/input/datasets/hertiyani/batik-nitik-960-official-mendeley/Batik Nitik 960/Batik Nitik 960 Images/23 Sekar Keben 4.jpg,23 Sekar Keben 4.jpg,23 Sekar Keben,252,1,train
/kaggle/input/datasets/hertiyani/batik-nitik-960-official-mendeley/Batik Nitik 960/Batik Nitik 960 Images/23 Sekar Keben 4_rotate_180.jpg,23 Sekar Keben 4_rotate_180.jpg,23 Sekar Keben,252,1,train
/kaggle/input/datasets/hertiyani/batik-nitik-960-official-mendeley/Batik Nitik 960/Batik Nitik 960 Images/23 Sekar Keben 4_rotate_270.jpg,23 Sekar Keben 4_rotate_270.jpg,23 Sekar Keben,254,1,train
/kaggle/input/datasets/hertiyani/batik-nitik-960-official-mendeley/Batik Nitik 960/Batik Nitik 960 Images/23 Sekar Keben 4_rotate_90.jpg,23 Sekar Keben 4_rotate_90.jpg,23 Sekar Keben,254,1,train
/kaggle/input/datasets/hertiyani/batik-nitik-960-official-mendeley/Batik Nitik 960/Batik Nitik 960 Images/24 Sekar Srengenge 1.jpg,24 Sekar Srengenge 1.jpg,24 Sekar Srengenge,256,1,train
/kaggle/input/datasets/hertiyani/batik-nitik-960-official-mendeley/Batik Nitik 960/Batik Nitik 960 Images/24 Sekar Srengenge 1_rotate_180.jpg,24 Sekar Srengenge 1_rotate_180.jpg,24 Sekar Srengenge,256,1,train
/kaggle/input/datasets/hertiyani/batik-nitik-960-official-mendeley/Batik Nitik 960/Batik Nitik 960 Images/24 Sekar Srengenge 1_rotate_270.jpg,24 Sekar Srengenge 1_rotate_270.jpg,24 Sekar Srengenge,258,1,train
/kaggle/input/datasets/hertiyani/batik-nitik-960-official-mendeley/Batik Nitik 960/Batik Nitik 960 Images/24 Sekar Srengenge 1_rotate_90.jpg,24 Sekar Srengenge 1_rotate_90.jpg,24 Sekar Srengenge,258,1,train
/kaggle/input/datasets/hertiyani/batik-nitik-960-official-mendeley/Batik Nitik 960/Batik Nitik 960 Images/24 Sekar Srengenge 2.jpg,24 Sekar Srengenge 2.jpg,24 Sekar Srengenge,260,1,train
/kaggle/input/datasets/hertiyani/batik-nitik-960-official-mendeley/Batik Nitik 960/Batik Nitik 960 Images/24 Sekar Srengenge 2_rotate_180.jpg,24 Sekar Srengenge 2_rotate_180.jpg,24 Sekar Srengenge,260,1,train
/kaggle/input/datasets/hertiyani/batik-nitik-960-official-mendeley/Batik Nitik 960/Batik Nitik 960 Images/24 Sekar Srengenge 2_rotate_270.jpg,24 Sekar Srengenge 2_rotate_270.jpg,24 Sekar Srengenge,262,1,test
/kaggle/input/datasets/hertiyani/batik-nitik-960-official-mendeley/Batik Nitik 960/Batik Nitik 960 Images/24 Sekar Srengenge 2_rotate_90.jpg,24 Sekar Srengenge 2_rotate_90.jpg,24 Sekar Srengenge,262,1,test
/kaggle/input/datasets/hertiyani/batik-nitik-960-official-mendeley/Batik Nitik 960/Batik Nitik 960 Images/24 Sekar Srengenge 3.jpg,24 Sekar Srengenge 3.jpg,24 Sekar Srengenge,264,1,test
/kaggle/input/datasets/hertiyani/batik-nitik-960-official-mendeley/Batik Nitik 960/Batik Nitik 960 Images/24 Sekar Srengenge 3_rotate_180.jpg,24 Sekar Srengenge 3_rotate_180.jpg,24 Sekar Srengenge,264,1,test
/kaggle/input/datasets/hertiyani/batik-nitik-960-official-mendeley/Batik Nitik 960/Batik Nitik 960 Images/24 Sekar Srengenge 3_rotate_270.jpg,24 Sekar Srengenge 3_rotate_270.jpg,24 Sekar Srengenge,264,1,test
/kaggle/input/datasets/hertiyani/batik-nitik-960-official-mendeley/Batik Nitik 960/Batik Nitik 960 Images/24 Sekar Srengenge 3_rotate_90.jpg,24 Sekar Srengenge 3_rotate_90.jpg,24 Sekar Srengenge,264,1,test
/kaggle/input/datasets/hertiyani/batik-nitik-960-official-mendeley/Batik Nitik 960/Batik Nitik 960 Images/24 Sekar Srengenge 4.jpg,24 Sekar Srengenge 4.jpg,24 Sekar Srengenge,268,1,train
/kaggle/input/datasets/hertiyani/batik-nitik-960-official-mendeley/Batik Nitik 960/Batik Nitik 960 Images/24 Sekar Srengenge 4_rotate_180.jpg,24 Sekar Srengenge 4_rotate_180.jpg,24 Sekar Srengenge,268,1,train
/kaggle/input/datasets/hertiyani/batik-nitik-960-official-mendeley/Batik Nitik 960/Batik Nitik 960 Images/24 Sekar Srengenge 4_rotate_270.jpg,24 Sekar Srengenge 4_rotate_270.jpg,24 Sekar Srengenge,270,1,train
/kaggle/input/datasets/hertiyani/batik-nitik-960-official-mendeley/Batik Nitik 960/Batik Nitik 960 Images/24 Sekar Srengenge 4_rotate_90.jpg,24 Sekar Srengenge 4_rotate_90.jpg,24 Sekar Srengenge,270,1,train
/kaggle/input/datasets/hertiyani/batik-nitik-960-official-mendeley/Batik Nitik 960/Batik Nitik 960 Images/25 Sekar Soka 1.jpg,25 Sekar Soka 1.jpg,25 Sekar Soka,272,1,train
/kaggle/input/datasets/hertiyani/batik-nitik-960-official-mendeley/Batik Nitik 960/Batik Nitik 960 Images/25 Sekar Soka 1_rotate_180.jpg,25 Sekar Soka 1_rotate_180.jpg,25 Sekar Soka,272,1,train
/kaggle/input/datasets/hertiyani/batik-nitik-960-official-mendeley/Batik Nitik 960/Batik Nitik 960 Images/25 Sekar Soka 1_rotate_270.jpg,25 Sekar Soka 1_rotate_270.jpg,25 Sekar Soka,274,1,train
/kaggle/input/datasets/hertiyani/batik-nitik-960-official-mendeley/Batik Nitik 960/Batik Nitik 960 Images/25 Sekar Soka 1_rotate_90.jpg,25 Sekar Soka 1_rotate_90.jpg,25 Sekar Soka,274,1,train
/kaggle/input/datasets/hertiyani/batik-nitik-960-official-mendeley/Batik Nitik 960/Batik Nitik 960 Images/25 Sekar Soka 2.jpg,25 Sekar Soka 2.jpg,25 Sekar Soka,276,1,train
/kaggle/input/datasets/hertiyani/batik-nitik-960-official-mendeley/Batik Nitik 960/Batik Nitik 960 Images/25 Sekar Soka 2_rotate_180.jpg,25 Sekar Soka 2_rotate_180.jpg,25 Sekar Soka,276,1,train
/kaggle/input/datasets/hertiyani/batik-nitik-960-official-mendeley/Batik Nitik 960/Batik Nitik 960 Images/25 Sekar Soka 2_rotate_270.jpg,25 Sekar Soka 2_rotate_270.jpg,25 Sekar Soka,278,1,train
/kaggle/input/datasets/hertiyani/batik-nitik-960-official-mendeley/Batik Nitik 960/Batik Nitik 960 Images/25 Sekar Soka 2_rotate_90.jpg,25 Sekar Soka 2_rotate_90.jpg,25 Sekar Soka,278,1,train
/kaggle/input/datasets/hertiyani/batik-nitik-960-official-mendeley/Batik Nitik 960/Batik Nitik 960 Images/25 Sekar Soka 3.jpg,25 Sekar Soka 3.jpg,25 Sekar Soka,280,1,train
/kaggle/input/datasets/hertiyani/batik-nitik-960-official-mendeley/Batik Nitik 960/Batik Nitik 960 Images/25 Sekar Soka 3_rotate_180.jpg,25 Sekar Soka 3_rotate_180.jpg,25 Sekar Soka,280,1,train
/kaggle/input/datasets/hertiyani/batik-nitik-960-official-mendeley/Batik Nitik 960/Batik Nitik 960 Images/25 Sekar Soka 3_rotate_270.jpg,25 Sekar Soka 3_rotate_270.jpg,25 Sekar Soka,282,1,test
/kaggle/input/datasets/hertiyani/batik-nitik-960-official-mendeley/Batik Nitik 960/Batik Nitik 960 Images/25 Sekar Soka 3_rotate_90.jpg,25 Sekar Soka 3_rotate_90.jpg,25 Sekar Soka,282,1,test
/kaggle/input/datasets/hertiyani/batik-nitik-960-official-mendeley/Batik Nitik 960/Batik Nitik 960 Images/25 Sekar Soka 4.jpg,25 Sekar Soka 4.jpg,25 Sekar Soka,284,1,test
/kaggle/input/datasets/hertiyani/batik-nitik-960-official-mendeley/Batik Nitik 960/Batik Nitik 960 Images/25 Sekar Soka 4_rotate_180.jpg,25 Sekar Soka 4_rotate_180.jpg,25 Sekar Soka,284,1,test
/kaggle/input/datasets/hertiyani/batik-nitik-960-official-mendeley/Batik Nitik 960/Batik Nitik 960 Images/25 Sekar Soka 4_rotate_270.jpg,25 Sekar Soka 4_rotate_270.jpg,25 Sekar Soka,286,1,test
/kaggle/input/datasets/hertiyani/batik-nitik-960-official-mendeley/Batik Nitik 960/Batik Nitik 960 Images/25 Sekar Soka 4_rotate_90.jpg,25 Sekar Soka 4_rotate_90.jpg,25 Sekar Soka,286,1,test
/kaggle/input/datasets/hertiyani/batik-nitik-960-official-mendeley/Batik Nitik 960/Batik Nitik 960 Images/26 Sekar Nangka 1.jpg,26 Sekar Nangka 1.jpg,26 Sekar Nangka,288,1,train
/kaggle/input/datasets/hertiyani/batik-nitik-960-official-mendeley/Batik Nitik 960/Batik Nitik 960 Images/26 Sekar Nangka 1_rotate_180.jpg,26 Sekar Nangka 1_rotate_180.jpg,26 Sekar Nangka,288,1,train
/kaggle/input/datasets/hertiyani/batik-nitik-960-official-mendeley/Batik Nitik 960/Batik Nitik 960 Images/26 Sekar Nangka 1_rotate_270.jpg,26 Sekar Nangka 1_rotate_270.jpg,26 Sekar Nangka,290,1,train
/kaggle/input/datasets/hertiyani/batik-nitik-960-official-mendeley/Batik Nitik 960/Batik Nitik 960 Images/26 Sekar Nangka 1_rotate_90.jpg,26 Sekar Nangka 1_rotate_90.jpg,26 Sekar Nangka,290,1,train
/kaggle/input/datasets/hertiyani/batik-nitik-960-official-mendeley/Batik Nitik 960/Batik Nitik 960 Images/26 Sekar Nangka 2.jpg,26 Sekar Nangka 2.jpg,26 Sekar Nangka,292,1,test
/kaggle/input/datasets/hertiyani/batik-nitik-960-official-mendeley/Batik Nitik 960/Batik Nitik 960 Images/26 Sekar Nangka 2_rotate_180.jpg,26 Sekar Nangka 2_rotate_180.jpg,26 Sekar Nangka,292,1,test
/kaggle/input/datasets/hertiyani/batik-nitik-960-official-mendeley/Batik Nitik 960/Batik Nitik 960 Images/26 Sekar Nangka 2_rotate_270.jpg,26 Sekar Nangka 2_rotate_270.jpg,26 Sekar Nangka,294,1,test
/kaggle/input/datasets/hertiyani/batik-nitik-960-official-mendeley/Batik Nitik 960/Batik Nitik 960 Images/26 Sekar Nangka 2_rotate_90.jpg,26 Sekar Nangka 2_rotate_90.jpg,26 Sekar Nangka,294,1,test
/kaggle/input/datasets/hertiyani/batik-nitik-960-official-mendeley/Batik Nitik 960/Batik Nitik 960 Images/26 Sekar Nangka 3.jpg,26 Sekar Nangka 3.jpg,26 Sekar Nangka,296,1,train
/kaggle/input/datasets/hertiyani/batik-nitik-960-official-mendeley/Batik Nitik 960/Batik Nitik 960 Images/26 Sekar Nangka 3_rotate_180.jpg,26 Sekar Nangka 3_rotate_180.jpg,26 Sekar Nangka,296,1,train
/kaggle/input/datasets/hertiyani/batik-nitik-960-official-mendeley/Batik Nitik 960/Batik Nitik 960 Images/26 Sekar Nangka 3_rotate_270.jpg,26 Sekar Nangka 3_rotate_270.jpg,26 Sekar Nangka,298,1,test
/kaggle/input/datasets/hertiyani/batik-nitik-960-official-mendeley/Batik Nitik 960/Batik Nitik 960 Images/26 Sekar Nangka 3_rotate_90.jpg,26 Sekar Nangka 3_rotate_90.jpg,26 Sekar Nangka,298,1,test
/kaggle/input/datasets/hertiyani/batik-nitik-960-official-mendeley/Batik Nitik 960/Batik Nitik 960 Images/26 Sekar Nangka 4.jpg,26 Sekar Nangka 4.jpg,26 Sekar Nangka,300,1,train
/kaggle/input/datasets/hertiyani/batik-nitik-960-official-mendeley/Batik Nitik 960/Batik Nitik 960 Images/26 Sekar Nangka 4_rotate_180.jpg,26 Sekar Nangka 4_rotate_180.jpg,26 Sekar Nangka,300,1,train
/kaggle/input/datasets/hertiyani/batik-nitik-960-official-mendeley/Batik Nitik 960/Batik Nitik 960 Images/26 Sekar Nangka 4_rotate_270.jpg,26 Sekar Nangka 4_rotate_270.jpg,26 Sekar Nangka,302,1,train
/kaggle/input/datasets/hertiyani/batik-nitik-960-official-mendeley/Batik Nitik 960/Batik Nitik 960 Images/26 Sekar Nangka 4_rotate_90.jpg,26 Sekar Nangka 4_rotate_90.jpg,26 Sekar Nangka,302,1,train
/kaggle/input/datasets/hertiyani/batik-nitik-960-official-mendeley/Batik Nitik 960/Batik Nitik 960 Images/27 Kawung Nitik 1.jpg,27 Kawung Nitik 1.jpg,27 Kawung Nitik,304,1,test
/kaggle/input/datasets/hertiyani/batik-nitik-960-official-mendeley/Batik Nitik 960/Batik Nitik 960 Images/27 Kawung Nitik 1_rotate_180.jpg,27 Kawung Nitik 1_rotate_180.jpg,27 Kawung Nitik,304,1,test
/kaggle/input/datasets/hertiyani/batik-nitik-960-official-mendeley/Batik Nitik 960/Batik Nitik 960 Images/27 Kawung Nitik 1_rotate_270.jpg,27 Kawung Nitik 1_rotate_270.jpg,27 Kawung Nitik,306,1,train
/kaggle/input/datasets/hertiyani/batik-nitik-960-official-mendeley/Batik Nitik 960/Batik Nitik 960 Images/27 Kawung Nitik 1_rotate_90.jpg,27 Kawung Nitik 1_rotate_90.jpg,27 Kawung Nitik,306,1,train
/kaggle/input/datasets/hertiyani/batik-nitik-960-official-mendeley/Batik Nitik 960/Batik Nitik 960 Images/27 Kawung Nitik 2.jpg,27 Kawung Nitik 2.jpg,27 Kawung Nitik,308,1,train
/kaggle/input/datasets/hertiyani/batik-nitik-960-official-mendeley/Batik Nitik 960/Batik Nitik 960 Images/27 Kawung Nitik 2_rotate_180.jpg,27 Kawung Nitik 2_rotate_180.jpg,27 Kawung Nitik,308,1,train
/kaggle/input/datasets/hertiyani/batik-nitik-960-official-mendeley/Batik Nitik 960/Batik Nitik 960 Images/27 Kawung Nitik 2_rotate_270.jpg,27 Kawung Nitik 2_rotate_270.jpg,27 Kawung Nitik,310,1,train
/kaggle/input/datasets/hertiyani/batik-nitik-960-official-mendeley/Batik Nitik 960/Batik Nitik 960 Images/27 Kawung Nitik 2_rotate_90.jpg,27 Kawung Nitik 2_rotate_90.jpg,27 Kawung Nitik,310,1,train
/kaggle/input/datasets/hertiyani/batik-nitik-960-official-mendeley/Batik Nitik 960/Batik Nitik 960 Images/27 Kawung Nitik 3.jpg,27 Kawung Nitik 3.jpg,27 Kawung Nitik,312,1,train
/kaggle/input/datasets/hertiyani/batik-nitik-960-official-mendeley/Batik Nitik 960/Batik Nitik 960 Images/27 Kawung Nitik 3_rotate_180.jpg,27 Kawung Nitik 3_rotate_180.jpg,27 Kawung Nitik,312,1,train
/kaggle/input/datasets/hertiyani/batik-nitik-960-official-mendeley/Batik Nitik 960/Batik Nitik 960 Images/27 Kawung Nitik 3_rotate_270.jpg,27 Kawung Nitik 3_rotate_270.jpg,27 Kawung Nitik,314,1,test
/kaggle/input/datasets/hertiyani/batik-nitik-960-official-mendeley/Batik Nitik 960/Batik Nitik 960 Images/27 Kawung Nitik 3_rotate_90.jpg,27 Kawung Nitik 3_rotate_90.jpg,27 Kawung Nitik,314,1,test
/kaggle/input/datasets/hertiyani/batik-nitik-960-official-mendeley/Batik Nitik 960/Batik Nitik 960 Images/27 Kawung Nitik 4.jpg,27 Kawung Nitik 4.jpg,27 Kawung Nitik,316,1,test
/kaggle/input/datasets/hertiyani/batik-nitik-960-official-mendeley/Batik Nitik 960/Batik Nitik 960 Images/27 Kawung Nitik 4_rotate_180.jpg,27 Kawung Nitik 4_rotate_180.jpg,27 Kawung Nitik,316,1,test
/kaggle/input/datasets/hertiyani/batik-nitik-960-official-mendeley/Batik Nitik 960/Batik Nitik 960 Images/27 Kawung Nitik 4_rotate_270.jpg,27 Kawung Nitik 4_rotate_270.jpg,27 Kawung Nitik,318,1,train
/kaggle/input/datasets/hertiyani/batik-nitik-960-official-mendeley/Batik Nitik 960/Batik Nitik 960 Images/27 Kawung Nitik 4_rotate_90.jpg,27 Kawung Nitik 4_rotate_90.jpg,27 Kawung Nitik,318,1,train
/kaggle/input/datasets/hertiyani/batik-nitik-960-official-mendeley/Batik Nitik 960/Batik Nitik 960 Images/28 Sekar Kenthang 1.jpg,28 Sekar Kenthang 1.jpg,28 Sekar Kenthang,320,1,test
/kaggle/input/datasets/hertiyani/batik-nitik-960-official-mendeley/Batik Nitik 960/Batik Nitik 960 Images/28 Sekar Kenthang 1_rotate_180.jpg,28 Sekar Kenthang 1_rotate_180.jpg,28 Sekar Kenthang,320,1,test
/kaggle/input/datasets/hertiyani/batik-nitik-960-official-mendeley/Batik Nitik 960/Batik Nitik 960 Images/28 Sekar Kenthang 1_rotate_270.jpg,28 Sekar Kenthang 1_rotate_270.jpg,28 Sekar Kenthang,322,1,train
/kaggle/input/datasets/hertiyani/batik-nitik-960-official-mendeley/Batik Nitik 960/Batik Nitik 960 Images/28 Sekar Kenthang 1_rotate_90.jpg,28 Sekar Kenthang 1_rotate_90.jpg,28 Sekar Kenthang,322,1,train
/kaggle/input/datasets/hertiyani/batik-nitik-960-official-mendeley/Batik Nitik 960/Batik Nitik 960 Images/28 Sekar Kenthang 2.jpg,28 Sekar Kenthang 2.jpg,28 Sekar Kenthang,324,1,test
/kaggle/input/datasets/hertiyani/batik-nitik-960-official-mendeley/Batik Nitik 960/Batik Nitik 960 Images/28 Sekar Kenthang 2_rotate_180.jpg,28 Sekar Kenthang 2_rotate_180.jpg,28 Sekar Kenthang,324,1,test
/kaggle/input/datasets/hertiyani/batik-nitik-960-official-mendeley/Batik Nitik 960/Batik Nitik 960 Images/28 Sekar Kenthang 2_rotate_270.jpg,28 Sekar Kenthang 2_rotate_270.jpg,28 Sekar Kenthang,326,1,test
/kaggle/input/datasets/hertiyani/batik-nitik-960-official-mendeley/Batik Nitik 960/Batik Nitik 960 Images/28 Sekar Kenthang 2_rotate_90.jpg,28 Sekar Kenthang 2_rotate_90.jpg,28 Sekar Kenthang,326,1,test
/kaggle/input/datasets/hertiyani/batik-nitik-960-official-mendeley/Batik Nitik 960/Batik Nitik 960 Images/28 Sekar Kenthang 3.jpg,28 Sekar Kenthang 3.jpg,28 Sekar Kenthang,328,1,train
/kaggle/input/datasets/hertiyani/batik-nitik-960-official-mendeley/Batik Nitik 960/Batik Nitik 960 Images/28 Sekar Kenthang 3_rotate_180.jpg,28 Sekar Kenthang 3_rotate_180.jpg,28 Sekar Kenthang,328,1,train
/kaggle/input/datasets/hertiyani/batik-nitik-960-official-mendeley/Batik Nitik 960/Batik Nitik 960 Images/28 Sekar Kenthang 3_rotate_270.jpg,28 Sekar Kenthang 3_rotate_270.jpg,28 Sekar Kenthang,328,1,train
/kaggle/input/datasets/hertiyani/batik-nitik-960-official-mendeley/Batik Nitik 960/Batik Nitik 960 Images/28 Sekar Kenthang 3_rotate_90.jpg,28 Sekar Kenthang 3_rotate_90.jpg,28 Sekar Kenthang,328,1,train
/kaggle/input/datasets/hertiyani/batik-nitik-960-official-mendeley/Batik Nitik 960/Batik Nitik 960 Images/28 Sekar Kenthang 4.jpg,28 Sekar Kenthang 4.jpg,28 Sekar Kenthang,332,1,train
/kaggle/input/datasets/hertiyani/batik-nitik-960-official-mendeley/Batik Nitik 960/Batik Nitik 960 Images/28 Sekar Kenthang 4_rotate_180.jpg,28 Sekar Kenthang 4_rotate_180.jpg,28 Sekar Kenthang,332,1,train
/kaggle/input/datasets/hertiyani/batik-nitik-960-official-mendeley/Batik Nitik 960/Batik Nitik 960 Images/28 Sekar Kenthang 4_rotate_270.jpg,28 Sekar Kenthang 4_rotate_270.jpg,28 Sekar Kenthang,332,1,train
/kaggle/input/datasets/hertiyani/batik-nitik-960-official-mendeley/Batik Nitik 960/Batik Nitik 960 Images/28 Sekar Kenthang 4_rotate_90.jpg,28 Sekar Kenthang 4_rotate_90.jpg,28 Sekar Kenthang,332,1,train
/kaggle/input/datasets/hertiyani/batik-nitik-960-official-mendeley/Batik Nitik 960/Batik Nitik 960 Images/29 Sekar Pudhak 1.jpg,29 Sekar Pudhak 1.jpg,29 Sekar Pudhak,336,1,train
/kaggle/input/datasets/hertiyani/batik-nitik-960-official-mendeley/Batik Nitik 960/Batik Nitik 960 Images/29 Sekar Pudhak 1_rotate_180.jpg,29 Sekar Pudhak 1_rotate_180.jpg,29 Sekar Pudhak,336,1,train
/kaggle/input/datasets/hertiyani/batik-nitik-960-official-mendeley/Batik Nitik 960/Batik Nitik 960 Images/29 Sekar Pudhak 1_rotate_270.jpg,29 Sekar Pudhak 1_rotate_270.jpg,29 Sekar Pudhak,338,1,test
/kaggle/input/datasets/hertiyani/batik-nitik-960-official-mendeley/Batik Nitik 960/Batik Nitik 960 Images/29 Sekar Pudhak 1_rotate_90.jpg,29 Sekar Pudhak 1_rotate_90.jpg,29 Sekar Pudhak,338,1,test
/kaggle/input/datasets/hertiyani/batik-nitik-960-official-mendeley/Batik Nitik 960/Batik Nitik 960 Images/29 Sekar Pudhak 2.jpg,29 Sekar Pudhak 2.jpg,29 Sekar Pudhak,340,1,train
/kaggle/input/datasets/hertiyani/batik-nitik-960-official-mendeley/Batik Nitik 960/Batik Nitik 960 Images/29 Sekar Pudhak 2_rotate_180.jpg,29 Sekar Pudhak 2_rotate_180.jpg,29 Sekar Pudhak,340,1,train
/kaggle/input/datasets/hertiyani/batik-nitik-960-official-mendeley/Batik Nitik 960/Batik Nitik 960 Images/29 Sekar Pudhak 2_rotate_270.jpg,29 Sekar Pudhak 2_rotate_270.jpg,29 Sekar Pudhak,340,1,train
/kaggle/input/datasets/hertiyani/batik-nitik-960-official-mendeley/Batik Nitik 960/Batik Nitik 960 Images/29 Sekar Pudhak 2_rotate_90.jpg,29 Sekar Pudhak 2_rotate_90.jpg,29 Sekar Pudhak,340,1,train
/kaggle/input/datasets/hertiyani/batik-nitik-960-official-mendeley/Batik Nitik 960/Batik Nitik 960 Images/29 Sekar Pudhak 3.jpg,29 Sekar Pudhak 3.jpg,29 Sekar Pudhak,344,1,test
/kaggle/input/datasets/hertiyani/batik-nitik-960-official-mendeley/Batik Nitik 960/Batik Nitik 960 Images/29 Sekar Pudhak 3_rotate_180.jpg,29 Sekar Pudhak 3_rotate_180.jpg,29 Sekar Pudhak,344,1,test
/kaggle/input/datasets/hertiyani/batik-nitik-960-official-mendeley/Batik Nitik 960/Batik Nitik 960 Images/29 Sekar Pudhak 3_rotate_270.jpg,29 Sekar Pudhak 3_rotate_270.jpg,29 Sekar Pudhak,344,1,test
/kaggle/input/datasets/hertiyani/batik-nitik-960-official-mendeley/Batik Nitik 960/Batik Nitik 960 Images/29 Sekar Pudhak 3_rotate_90.jpg,29 Sekar Pudhak 3_rotate_90.jpg,29 Sekar Pudhak,344,1,test
/kaggle/input/datasets/hertiyani/batik-nitik-960-official-mendeley/Batik Nitik 960/Batik Nitik 960 Images/29 Sekar Pudhak 4.jpg,29 Sekar Pudhak 4.jpg,29 Sekar Pudhak,348,1,train
/kaggle/input/datasets/hertiyani/batik-nitik-960-official-mendeley/Batik Nitik 960/Batik Nitik 960 Images/29 Sekar Pudhak 4_rotate_180.jpg,29 Sekar Pudhak 4_rotate_180.jpg,29 Sekar Pudhak,348,1,train
/kaggle/input/datasets/hertiyani/batik-nitik-960-official-mendeley/Batik Nitik 960/Batik Nitik 960 Images/29 Sekar Pudhak 4_rotate_270.jpg,29 Sekar Pudhak 4_rotate_270.jpg,29 Sekar Pudhak,350,1,train
/kaggle/input/datasets/hertiyani/batik-nitik-960-official-mendeley/Batik Nitik 960/Batik Nitik 960 Images/29 Sekar Pudhak 4_rotate_90.jpg,29 Sekar Pudhak 4_rotate_90.jpg,29 Sekar Pudhak,350,1,train
/kaggle/input/datasets/hertiyani/batik-nitik-960-official-mendeley/Batik Nitik 960/Batik Nitik 960 Images/3 Sekar Duren 1.jpg,3 Sekar Duren 1.jpg,3 Sekar Duren,352,1,test
/kaggle/input/datasets/hertiyani/batik-nitik-960-official-mendeley/Batik Nitik 960/Batik Nitik 960 Images/3 Sekar Duren 1_rotate_180.jpg,3 Sekar Duren 1_rotate_180.jpg,3 Sekar Duren,352,1,test
/kaggle/input/datasets/hertiyani/batik-nitik-960-official-mendeley/Batik Nitik 960/Batik Nitik 960 Images/3 Sekar Duren 1_rotate_270.jpg,3 Sekar Duren 1_rotate_270.jpg,3 Sekar Duren,354,1,test
/kaggle/input/datasets/hertiyani/batik-nitik-960-official-mendeley/Batik Nitik 960/Batik Nitik 960 Images/3 Sekar Duren 1_rotate_90.jpg,3 Sekar Duren 1_rotate_90.jpg,3 Sekar Duren,354,1,test
/kaggle/input/datasets/hertiyani/batik-nitik-960-official-mendeley/Batik Nitik 960/Batik Nitik 960 Images/3 Sekar Duren 2.jpg,3 Sekar Duren 2.jpg,3 Sekar Duren,356,1,test
/kaggle/input/datasets/hertiyani/batik-nitik-960-official-mendeley/Batik Nitik 960/Batik Nitik 960 Images/3 Sekar Duren 2_rotate_180.jpg,3 Sekar Duren 2_rotate_180.jpg,3 Sekar Duren,356,1,test
/kaggle/input/datasets/hertiyani/batik-nitik-960-official-mendeley/Batik Nitik 960/Batik Nitik 960 Images/3 Sekar Duren 2_rotate_270.jpg,3 Sekar Duren 2_rotate_270.jpg,3 Sekar Duren,358,1,train
/kaggle/input/datasets/hertiyani/batik-nitik-960-official-mendeley/Batik Nitik 960/Batik Nitik 960 Images/3 Sekar Duren 2_rotate_90.jpg,3 Sekar Duren 2_rotate_90.jpg,3 Sekar Duren,358,1,train
/kaggle/input/datasets/hertiyani/batik-nitik-960-official-mendeley/Batik Nitik 960/Batik Nitik 960 Images/3 Sekar Duren 3.jpg,3 Sekar Duren 3.jpg,3 Sekar Duren,360,1,train
/kaggle/input/datasets/hertiyani/batik-nitik-960-official-mendeley/Batik Nitik 960/Batik Nitik 960 Images/3 Sekar Duren 3_rotate_180.jpg,3 Sekar Duren 3_rotate_180.jpg,3 Sekar Duren,360,1,train
/kaggle/input/datasets/hertiyani/batik-nitik-960-official-mendeley/Batik Nitik 960/Batik Nitik 960 Images/3 Sekar Duren 3_rotate_270.jpg,3 Sekar Duren 3_rotate_270.jpg,3 Sekar Duren,362,1,train
/kaggle/input/datasets/hertiyani/batik-nitik-960-official-mendeley/Batik Nitik 960/Batik Nitik 960 Images/3 Sekar Duren 3_rotate_90.jpg,3 Sekar Duren 3_rotate_90.jpg,3 Sekar Duren,362,1,train
/kaggle/input/datasets/hertiyani/batik-nitik-960-official-mendeley/Batik Nitik 960/Batik Nitik 960 Images/3 Sekar Duren 4.jpg,3 Sekar Duren 4.jpg,3 Sekar Duren,364,1,train
/kaggle/input/datasets/hertiyani/batik-nitik-960-official-mendeley/Batik Nitik 960/Batik Nitik 960 Images/3 Sekar Duren 4_rotate_180.jpg,3 Sekar Duren 4_rotate_180.jpg,3 Sekar Duren,364,1,train
/kaggle/input/datasets/hertiyani/batik-nitik-960-official-mendeley/Batik Nitik 960/Batik Nitik 960 Images/3 Sekar Duren 4_rotate_270.jpg,3 Sekar Duren 4_rotate_270.jpg,3 Sekar Duren,366,1,train
/kaggle/input/datasets/hertiyani/batik-nitik-960-official-mendeley/Batik Nitik 960/Batik Nitik 960 Images/3 Sekar Duren 4_rotate_90.jpg,3 Sekar Duren 4_rotate_90.jpg,3 Sekar Duren,366,1,train
/kaggle/input/datasets/hertiyani/batik-nitik-960-official-mendeley/Batik Nitik 960/Batik Nitik 960 Images/30 Sekar Dlima 1.jpg,30 Sekar Dlima 1.jpg,30 Sekar Dlima,368,1,test
/kaggle/input/datasets/hertiyani/batik-nitik-960-official-mendeley/Batik Nitik 960/Batik Nitik 960 Images/30 Sekar Dlima 1_rotate_180.jpg,30 Sekar Dlima 1_rotate_180.jpg,30 Sekar Dlima,368,1,test
/kaggle/input/datasets/hertiyani/batik-nitik-960-official-mendeley/Batik Nitik 960/Batik Nitik 960 Images/30 Sekar Dlima 1_rotate_270.jpg,30 Sekar Dlima 1_rotate_270.jpg,30 Sekar Dlima,370,1,test
/kaggle/input/datasets/hertiyani/batik-nitik-960-official-mendeley/Batik Nitik 960/Batik Nitik 960 Images/30 Sekar Dlima 1_rotate_90.jpg,30 Sekar Dlima 1_rotate_90.jpg,30 Sekar Dlima,370,1,test
/kaggle/input/datasets/hertiyani/batik-nitik-960-official-mendeley/Batik Nitik 960/Batik Nitik 960 Images/30 Sekar Dlima 2.jpg,30 Sekar Dlima 2.jpg,30 Sekar Dlima,372,1,train
/kaggle/input/datasets/hertiyani/batik-nitik-960-official-mendeley/Batik Nitik 960/Batik Nitik 960 Images/30 Sekar Dlima 2_rotate_180.jpg,30 Sekar Dlima 2_rotate_180.jpg,30 Sekar Dlima,372,1,train
/kaggle/input/datasets/hertiyani/batik-nitik-960-official-mendeley/Batik Nitik 960/Batik Nitik 960 Images/30 Sekar Dlima 2_rotate_270.jpg,30 Sekar Dlima 2_rotate_270.jpg,30 Sekar Dlima,374,1,train
/kaggle/input/datasets/hertiyani/batik-nitik-960-official-mendeley/Batik Nitik 960/Batik Nitik 960 Images/30 Sekar Dlima 2_rotate_90.jpg,30 Sekar Dlima 2_rotate_90.jpg,30 Sekar Dlima,374,1,train
/kaggle/input/datasets/hertiyani/batik-nitik-960-official-mendeley/Batik Nitik 960/Batik Nitik 960 Images/30 Sekar Dlima 3.jpg,30 Sekar Dlima 3.jpg,30 Sekar Dlima,376,1,train
/kaggle/input/datasets/hertiyani/batik-nitik-960-official-mendeley/Batik Nitik 960/Batik Nitik 960 Images/30 Sekar Dlima 3_rotate_180.jpg,30 Sekar Dlima 3_rotate_180.jpg,30 Sekar Dlima,376,1,train
/kaggle/input/datasets/hertiyani/batik-nitik-960-official-mendeley/Batik Nitik 960/Batik Nitik 960 Images/30 Sekar Dlima 3_rotate_270.jpg,30 Sekar Dlima 3_rotate_270.jpg,30 Sekar Dlima,376,1,train
/kaggle/input/datasets/hertiyani/batik-nitik-960-official-mendeley/Batik Nitik 960/Batik Nitik 960 Images/30 Sekar Dlima 3_rotate_90.jpg,30 Sekar Dlima 3_rotate_90.jpg,30 Sekar Dlima,376,1,train
/kaggle/input/datasets/hertiyani/batik-nitik-960-official-mendeley/Batik Nitik 960/Batik Nitik 960 Images/30 Sekar Dlima 4.jpg,30 Sekar Dlima 4.jpg,30 Sekar Dlima,380,1,test
/kaggle/input/datasets/hertiyani/batik-nitik-960-official-mendeley/Batik Nitik 960/Batik Nitik 960 Images/30 Sekar Dlima 4_rotate_180.jpg,30 Sekar Dlima 4_rotate_180.jpg,30 Sekar Dlima,380,1,test
/kaggle/input/datasets/hertiyani/batik-nitik-960-official-mendeley/Batik Nitik 960/Batik Nitik 960 Images/30 Sekar Dlima 4_rotate_270.jpg,30 Sekar Dlima 4_rotate_270.jpg,30 Sekar Dlima,382,1,train
/kaggle/input/datasets/hertiyani/batik-nitik-960-official-mendeley/Batik Nitik 960/Batik Nitik 960 Images/30 Sekar Dlima 4_rotate_90.jpg,30 Sekar Dlima 4_rotate_90.jpg,30 Sekar Dlima,382,1,train
/kaggle/input/datasets/hertiyani/batik-nitik-960-official-mendeley/Batik Nitik 960/Batik Nitik 960 Images/31 Krawitan  2.jpg,31 Krawitan  2.jpg,31 Krawitan,384,1,train
/kaggle/input/datasets/hertiyani/batik-nitik-960-official-mendeley/Batik Nitik 960/Batik Nitik 960 Images/31 Krawitan  2_rotate_180.jpg,31 Krawitan  2_rotate_180.jpg,31 Krawitan,384,1,train
/kaggle/input/datasets/hertiyani/batik-nitik-960-official-mendeley/Batik Nitik 960/Batik Nitik 960 Images/31 Krawitan  2_rotate_270.jpg,31 Krawitan  2_rotate_270.jpg,31 Krawitan,386,1,test
/kaggle/input/datasets/hertiyani/batik-nitik-960-official-mendeley/Batik Nitik 960/Batik Nitik 960 Images/31 Krawitan  2_rotate_90.jpg,31 Krawitan  2_rotate_90.jpg,31 Krawitan,386,1,test
/kaggle/input/datasets/hertiyani/batik-nitik-960-official-mendeley/Batik Nitik 960/Batik Nitik 960 Images/31 Krawitan 1.jpg,31 Krawitan 1.jpg,31 Krawitan,388,1,test
/kaggle/input/datasets/hertiyani/batik-nitik-960-official-mendeley/Batik Nitik 960/Batik Nitik 960 Images/31 Krawitan 1_rotate_180.jpg,31 Krawitan 1_rotate_180.jpg,31 Krawitan,388,1,test
/kaggle/input/datasets/hertiyani/batik-nitik-960-official-mendeley/Batik Nitik 960/Batik Nitik 960 Images/31 Krawitan 1_rotate_270.jpg,31 Krawitan 1_rotate_270.jpg,31 Krawitan,390,1,test
/kaggle/input/datasets/hertiyani/batik-nitik-960-official-mendeley/Batik Nitik 960/Batik Nitik 960 Images/31 Krawitan 1_rotate_90.jpg,31 Krawitan 1_rotate_90.jpg,31 Krawitan,390,1,test
/kaggle/input/datasets/hertiyani/batik-nitik-960-official-mendeley/Batik Nitik 960/Batik Nitik 960 Images/31 Krawitan 3.jpg,31 Krawitan 3.jpg,31 Krawitan,392,1,train
/kaggle/input/datasets/hertiyani/batik-nitik-960-official-mendeley/Batik Nitik 960/Batik Nitik 960 Images/31 Krawitan 3_rotate_180.jpg,31 Krawitan 3_rotate_180.jpg,31 Krawitan,392,1,train
/kaggle/input/datasets/hertiyani/batik-nitik-960-official-mendeley/Batik Nitik 960/Batik Nitik 960 Images/31 Krawitan 3_rotate_270.jpg,31 Krawitan 3_rotate_270.jpg,31 Krawitan,394,1,train
/kaggle/input/datasets/hertiyani/batik-nitik-960-official-mendeley/Batik Nitik 960/Batik Nitik 960 Images/31 Krawitan 3_rotate_90.jpg,31 Krawitan 3_rotate_90.jpg,31 Krawitan,394,1,train
/kaggle/input/datasets/hertiyani/batik-nitik-960-official-mendeley/Batik Nitik 960/Batik Nitik 960 Images/31 Krawitan 4.jpg,31 Krawitan 4.jpg,31 Krawitan,396,1,train
/kaggle/input/datasets/hertiyani/batik-nitik-960-official-mendeley/Batik Nitik 960/Batik Nitik 960 Images/31 Krawitan 4_rotate_180.jpg,31 Krawitan 4_rotate_180.jpg,31 Krawitan,396,1,train
/kaggle/input/datasets/hertiyani/batik-nitik-960-official-mendeley/Batik Nitik 960/Batik Nitik 960 Images/31 Krawitan 4_rotate_270.jpg,31 Krawitan 4_rotate_270.jpg,31 Krawitan,398,1,train
/kaggle/input/datasets/hertiyani/batik-nitik-960-official-mendeley/Batik Nitik 960/Batik Nitik 960 Images/31 Krawitan 4_rotate_90.jpg,31 Krawitan 4_rotate_90.jpg,31 Krawitan,398,1,train
/kaggle/input/datasets/hertiyani/batik-nitik-960-official-mendeley/Batik Nitik 960/Batik Nitik 960 Images/32 Cinde Wilis 1.jpg,32 Cinde Wilis 1.jpg,32 Cinde Wilis,400,1,train
/kaggle/input/datasets/hertiyani/batik-nitik-960-official-mendeley/Batik Nitik 960/Batik Nitik 960 Images/32 Cinde Wilis 1_rotate_180.jpg,32 Cinde Wilis 1_rotate_180.jpg,32 Cinde Wilis,400,1,train
/kaggle/input/datasets/hertiyani/batik-nitik-960-official-mendeley/Batik Nitik 960/Batik Nitik 960 Images/32 Cinde Wilis 1_rotate_270.jpg,32 Cinde Wilis 1_rotate_270.jpg,32 Cinde Wilis,402,1,train
/kaggle/input/datasets/hertiyani/batik-nitik-960-official-mendeley/Batik Nitik 960/Batik Nitik 960 Images/32 Cinde Wilis 1_rotate_90.jpg,32 Cinde Wilis 1_rotate_90.jpg,32 Cinde Wilis,402,1,train
/kaggle/input/datasets/hertiyani/batik-nitik-960-official-mendeley/Batik Nitik 960/Batik Nitik 960 Images/32 Cinde Wilis 2.jpg,32 Cinde Wilis 2.jpg,32 Cinde Wilis,404,1,train
/kaggle/input/datasets/hertiyani/batik-nitik-960-official-mendeley/Batik Nitik 960/Batik Nitik 960 Images/32 Cinde Wilis 2_rotate_180.jpg,32 Cinde Wilis 2_rotate_180.jpg,32 Cinde Wilis,404,1,train
/kaggle/input/datasets/hertiyani/batik-nitik-960-official-mendeley/Batik Nitik 960/Batik Nitik 960 Images/32 Cinde Wilis 2_rotate_270.jpg,32 Cinde Wilis 2_rotate_270.jpg,32 Cinde Wilis,406,1,test
/kaggle/input/datasets/hertiyani/batik-nitik-960-official-mendeley/Batik Nitik 960/Batik Nitik 960 Images/32 Cinde Wilis 2_rotate_90.jpg,32 Cinde Wilis 2_rotate_90.jpg,32 Cinde Wilis,406,1,test
/kaggle/input/datasets/hertiyani/batik-nitik-960-official-mendeley/Batik Nitik 960/Batik Nitik 960 Images/32 Cinde Wilis 3.jpg,32 Cinde Wilis 3.jpg,32 Cinde Wilis,408,1,test
/kaggle/input/datasets/hertiyani/batik-nitik-960-official-mendeley/Batik Nitik 960/Batik Nitik 960 Images/32 Cinde Wilis 3_rotate_180.jpg,32 Cinde Wilis 3_rotate_180.jpg,32 Cinde Wilis,408,1,test
/kaggle/input/datasets/hertiyani/batik-nitik-960-official-mendeley/Batik Nitik 960/Batik Nitik 960 Images/32 Cinde Wilis 3_rotate_270.jpg,32 Cinde Wilis 3_rotate_270.jpg,32 Cinde Wilis,408,1,test
/kaggle/input/datasets/hertiyani/batik-nitik-960-official-mendeley/Batik Nitik 960/Batik Nitik 960 Images/32 Cinde Wilis 3_rotate_90.jpg,32 Cinde Wilis 3_rotate_90.jpg,32 Cinde Wilis,408,1,test
/kaggle/input/datasets/hertiyani/batik-nitik-960-official-mendeley/Batik Nitik 960/Batik Nitik 960 Images/32 Cinde Wilis 4.jpg,32 Cinde Wilis 4.jpg,32 Cinde Wilis,412,1,train
/kaggle/input/datasets/hertiyani/batik-nitik-960-official-mendeley/Batik Nitik 960/Batik Nitik 960 Images/32 Cinde Wilis 4_rotate_180.jpg,32 Cinde Wilis 4_rotate_180.jpg,32 Cinde Wilis,412,1,train
/kaggle/input/datasets/hertiyani/batik-nitik-960-official-mendeley/Batik Nitik 960/Batik Nitik 960 Images/32 Cinde Wilis 4_rotate_270.jpg,32 Cinde Wilis 4_rotate_270.jpg,32 Cinde Wilis,414,1,train
/kaggle/input/datasets/hertiyani/batik-nitik-960-official-mendeley/Batik Nitik 960/Batik Nitik 960 Images/32 Cinde Wilis 4_rotate_90.jpg,32 Cinde Wilis 4_rotate_90.jpg,32 Cinde Wilis,414,1,train
/kaggle/input/datasets/hertiyani/batik-nitik-960-official-mendeley/Batik Nitik 960/Batik Nitik 960 Images/33 Sekar Mlathi 1.jpg,33 Sekar Mlathi 1.jpg,33 Sekar Mlathi,416,1,test
/kaggle/input/datasets/hertiyani/batik-nitik-960-official-mendeley/Batik Nitik 960/Batik Nitik 960 Images/33 Sekar Mlathi 1_rotate_180.jpg,33 Sekar Mlathi 1_rotate_180.jpg,33 Sekar Mlathi,416,1,test
/kaggle/input/datasets/hertiyani/batik-nitik-960-official-mendeley/Batik Nitik 960/Batik Nitik 960 Images/33 Sekar Mlathi 1_rotate_270.jpg,33 Sekar Mlathi 1_rotate_270.jpg,33 Sekar Mlathi,416,1,test
/kaggle/input/datasets/hertiyani/batik-nitik-960-official-mendeley/Batik Nitik 960/Batik Nitik 960 Images/33 Sekar Mlathi 1_rotate_90.jpg,33 Sekar Mlathi 1_rotate_90.jpg,33 Sekar Mlathi,416,1,test
/kaggle/input/datasets/hertiyani/batik-nitik-960-official-mendeley/Batik Nitik 960/Batik Nitik 960 Images/33 Sekar Mlathi 2.jpg,33 Sekar Mlathi 2.jpg,33 Sekar Mlathi,420,1,train
/kaggle/input/datasets/hertiyani/batik-nitik-960-official-mendeley/Batik Nitik 960/Batik Nitik 960 Images/33 Sekar Mlathi 2_rotate_180.jpg,33 Sekar Mlathi 2_rotate_180.jpg,33 Sekar Mlathi,420,1,train
/kaggle/input/datasets/hertiyani/batik-nitik-960-official-mendeley/Batik Nitik 960/Batik Nitik 960 Images/33 Sekar Mlathi 2_rotate_270.jpg,33 Sekar Mlathi 2_rotate_270.jpg,33 Sekar Mlathi,422,1,train
/kaggle/input/datasets/hertiyani/batik-nitik-960-official-mendeley/Batik Nitik 960/Batik Nitik 960 Images/33 Sekar Mlathi 2_rotate_90.jpg,33 Sekar Mlathi 2_rotate_90.jpg,33 Sekar Mlathi,422,1,train
/kaggle/input/datasets/hertiyani/batik-nitik-960-official-mendeley/Batik Nitik 960/Batik Nitik 960 Images/33 Sekar Mlathi 3.jpg,33 Sekar Mlathi 3.jpg,33 Sekar Mlathi,424,1,test
/kaggle/input/datasets/hertiyani/batik-nitik-960-official-mendeley/Batik Nitik 960/Batik Nitik 960 Images/33 Sekar Mlathi 3_rotate_180.jpg,33 Sekar Mlathi 3_rotate_180.jpg,33 Sekar Mlathi,424,1,test
/kaggle/input/datasets/hertiyani/batik-nitik-960-official-mendeley/Batik Nitik 960/Batik Nitik 960 Images/33 Sekar Mlathi 3_rotate_270.jpg,33 Sekar Mlathi 3_rotate_270.jpg,33 Sekar Mlathi,424,1,test
/kaggle/input/datasets/hertiyani/batik-nitik-960-official-mendeley/Batik Nitik 960/Batik Nitik 960 Images/33 Sekar Mlathi 3_rotate_90.jpg,33 Sekar Mlathi 3_rotate_90.jpg,33 Sekar Mlathi,424,1,test
/kaggle/input/datasets/hertiyani/batik-nitik-960-official-mendeley/Batik Nitik 960/Batik Nitik 960 Images/33 Sekar Mlathi 4.jpg,33 Sekar Mlathi 4.jpg,33 Sekar Mlathi,428,1,train
/kaggle/input/datasets/hertiyani/batik-nitik-960-official-mendeley/Batik Nitik 960/Batik Nitik 960 Images/33 Sekar Mlathi 4_rotate_180.jpg,33 Sekar Mlathi 4_rotate_180.jpg,33 Sekar Mlathi,428,1,train
/kaggle/input/datasets/hertiyani/batik-nitik-960-official-mendeley/Batik Nitik 960/Batik Nitik 960 Images/33 Sekar Mlathi 4_rotate_270.jpg,33 Sekar Mlathi 4_rotate_270.jpg,33 Sekar Mlathi,430,1,train
/kaggle/input/datasets/hertiyani/batik-nitik-960-official-mendeley/Batik Nitik 960/Batik Nitik 960 Images/33 Sekar Mlathi 4_rotate_90.jpg,33 Sekar Mlathi 4_rotate_90.jpg,33 Sekar Mlathi,430,1,train
/kaggle/input/datasets/hertiyani/batik-nitik-960-official-mendeley/Batik Nitik 960/Batik Nitik 960 Images/34 Kuncup Kanthil 1.jpg,34 Kuncup Kanthil 1.jpg,34 Kuncup Kanthil,432,1,train
/kaggle/input/datasets/hertiyani/batik-nitik-960-official-mendeley/Batik Nitik 960/Batik Nitik 960 Images/34 Kuncup Kanthil 1_rotate_180.jpg,34 Kuncup Kanthil 1_rotate_180.jpg,34 Kuncup Kanthil,432,1,train
/kaggle/input/datasets/hertiyani/batik-nitik-960-official-mendeley/Batik Nitik 960/Batik Nitik 960 Images/34 Kuncup Kanthil 1_rotate_270.jpg,34 Kuncup Kanthil 1_rotate_270.jpg,34 Kuncup Kanthil,432,1,train
/kaggle/input/datasets/hertiyani/batik-nitik-960-official-mendeley/Batik Nitik 960/Batik Nitik 960 Images/34 Kuncup Kanthil 1_rotate_90.jpg,34 Kuncup Kanthil 1_rotate_90.jpg,34 Kuncup Kanthil,432,1,train
/kaggle/input/datasets/hertiyani/batik-nitik-960-official-mendeley/Batik Nitik 960/Batik Nitik 960 Images/34 Kuncup Kanthil 2.jpg,34 Kuncup Kanthil 2.jpg,34 Kuncup Kanthil,436,1,train
/kaggle/input/datasets/hertiyani/batik-nitik-960-official-mendeley/Batik Nitik 960/Batik Nitik 960 Images/34 Kuncup Kanthil 2_rotate_180.jpg,34 Kuncup Kanthil 2_rotate_180.jpg,34 Kuncup Kanthil,436,1,train
/kaggle/input/datasets/hertiyani/batik-nitik-960-official-mendeley/Batik Nitik 960/Batik Nitik 960 Images/34 Kuncup Kanthil 2_rotate_270.jpg,34 Kuncup Kanthil 2_rotate_270.jpg,34 Kuncup Kanthil,438,1,train
/kaggle/input/datasets/hertiyani/batik-nitik-960-official-mendeley/Batik Nitik 960/Batik Nitik 960 Images/34 Kuncup Kanthil 2_rotate_90.jpg,34 Kuncup Kanthil 2_rotate_90.jpg,34 Kuncup Kanthil,438,1,train
/kaggle/input/datasets/hertiyani/batik-nitik-960-official-mendeley/Batik Nitik 960/Batik Nitik 960 Images/34 Kuncup Kanthil 3.jpg,34 Kuncup Kanthil 3.jpg,34 Kuncup Kanthil,440,1,test
/kaggle/input/datasets/hertiyani/batik-nitik-960-official-mendeley/Batik Nitik 960/Batik Nitik 960 Images/34 Kuncup Kanthil 3_rotate_180.jpg,34 Kuncup Kanthil 3_rotate_180.jpg,34 Kuncup Kanthil,440,1,test
/kaggle/input/datasets/hertiyani/batik-nitik-960-official-mendeley/Batik Nitik 960/Batik Nitik 960 Images/34 Kuncup Kanthil 3_rotate_270.jpg,34 Kuncup Kanthil 3_rotate_270.jpg,34 Kuncup Kanthil,442,1,train
/kaggle/input/datasets/hertiyani/batik-nitik-960-official-mendeley/Batik Nitik 960/Batik Nitik 960 Images/34 Kuncup Kanthil 3_rotate_90.jpg,34 Kuncup Kanthil 3_rotate_90.jpg,34 Kuncup Kanthil,442,1,train
/kaggle/input/datasets/hertiyani/batik-nitik-960-official-mendeley/Batik Nitik 960/Batik Nitik 960 Images/34 Kuncup Kanthil 4.jpg,34 Kuncup Kanthil 4.jpg,34 Kuncup Kanthil,444,1,test
/kaggle/input/datasets/hertiyani/batik-nitik-960-official-mendeley/Batik Nitik 960/Batik Nitik 960 Images/34 Kuncup Kanthil 4_rotate_180.jpg,34 Kuncup Kanthil 4_rotate_180.jpg,34 Kuncup Kanthil,444,1,test
/kaggle/input/datasets/hertiyani/batik-nitik-960-official-mendeley/Batik Nitik 960/Batik Nitik 960 Images/34 Kuncup Kanthil 4_rotate_270.jpg,34 Kuncup Kanthil 4_rotate_270.jpg,34 Kuncup Kanthil,446,1,test
/kaggle/input/datasets/hertiyani/batik-nitik-960-official-mendeley/Batik Nitik 960/Batik Nitik 960 Images/34 Kuncup Kanthil 4_rotate_90.jpg,34 Kuncup Kanthil 4_rotate_90.jpg,34 Kuncup Kanthil,446,1,test
/kaggle/input/datasets/hertiyani/batik-nitik-960-official-mendeley/Batik Nitik 960/Batik Nitik 960 Images/35 Sekar Dangan 1.jpg,35 Sekar Dangan 1.jpg,35 Sekar Dangan,448,1,test
/kaggle/input/datasets/hertiyani/batik-nitik-960-official-mendeley/Batik Nitik 960/Batik Nitik 960 Images/35 Sekar Dangan 1_rotate_180.jpg,35 Sekar Dangan 1_rotate_180.jpg,35 Sekar Dangan,448,1,test
/kaggle/input/datasets/hertiyani/batik-nitik-960-official-mendeley/Batik Nitik 960/Batik Nitik 960 Images/35 Sekar Dangan 1_rotate_270.jpg,35 Sekar Dangan 1_rotate_270.jpg,35 Sekar Dangan,450,1,train
/kaggle/input/datasets/hertiyani/batik-nitik-960-official-mendeley/Batik Nitik 960/Batik Nitik 960 Images/35 Sekar Dangan 1_rotate_90.jpg,35 Sekar Dangan 1_rotate_90.jpg,35 Sekar Dangan,450,1,train
/kaggle/input/datasets/hertiyani/batik-nitik-960-official-mendeley/Batik Nitik 960/Batik Nitik 960 Images/35 Sekar Dangan 2.jpg,35 Sekar Dangan 2.jpg,35 Sekar Dangan,452,1,train
/kaggle/input/datasets/hertiyani/batik-nitik-960-official-mendeley/Batik Nitik 960/Batik Nitik 960 Images/35 Sekar Dangan 2_rotate_180.jpg,35 Sekar Dangan 2_rotate_180.jpg,35 Sekar Dangan,452,1,train
/kaggle/input/datasets/hertiyani/batik-nitik-960-official-mendeley/Batik Nitik 960/Batik Nitik 960 Images/35 Sekar Dangan 2_rotate_270.jpg,35 Sekar Dangan 2_rotate_270.jpg,35 Sekar Dangan,454,1,train
/kaggle/input/datasets/hertiyani/batik-nitik-960-official-mendeley/Batik Nitik 960/Batik Nitik 960 Images/35 Sekar Dangan 2_rotate_90.jpg,35 Sekar Dangan 2_rotate_90.jpg,35 Sekar Dangan,454,1,train
/kaggle/input/datasets/hertiyani/batik-nitik-960-official-mendeley/Batik Nitik 960/Batik Nitik 960 Images/35 Sekar Dangan 3.jpg,35 Sekar Dangan 3.jpg,35 Sekar Dangan,456,1,train
/kaggle/input/datasets/hertiyani/batik-nitik-960-official-mendeley/Batik Nitik 960/Batik Nitik 960 Images/35 Sekar Dangan 3_rotate_180.jpg,35 Sekar Dangan 3_rotate_180.jpg,35 Sekar Dangan,456,1,train
/kaggle/input/datasets/hertiyani/batik-nitik-960-official-mendeley/Batik Nitik 960/Batik Nitik 960 Images/35 Sekar Dangan 3_rotate_270.jpg,35 Sekar Dangan 3_rotate_270.jpg,35 Sekar Dangan,456,1,train
/kaggle/input/datasets/hertiyani/batik-nitik-960-official-mendeley/Batik Nitik 960/Batik Nitik 960 Images/35 Sekar Dangan 3_rotate_90.jpg,35 Sekar Dangan 3_rotate_90.jpg,35 Sekar Dangan,456,1,train
/kaggle/input/datasets/hertiyani/batik-nitik-960-official-mendeley/Batik Nitik 960/Batik Nitik 960 Images/35 Sekar Dangan 4.jpg,35 Sekar Dangan 4.jpg,35 Sekar Dangan,460,1,test
/kaggle/input/datasets/hertiyani/batik-nitik-960-official-mendeley/Batik Nitik 960/Batik Nitik 960 Images/35 Sekar Dangan 4_rotate_180.jpg,35 Sekar Dangan 4_rotate_180.jpg,35 Sekar Dangan,460,1,test
/kaggle/input/datasets/hertiyani/batik-nitik-960-official-mendeley/Batik Nitik 960/Batik Nitik 960 Images/35 Sekar Dangan 4_rotate_270.jpg,35 Sekar Dangan 4_rotate_270.jpg,35 Sekar Dangan,460,1,test
/kaggle/input/datasets/hertiyani/batik-nitik-960-official-mendeley/Batik Nitik 960/Batik Nitik 960 Images/35 Sekar Dangan 4_rotate_90.jpg,35 Sekar Dangan 4_rotate_90.jpg,35 Sekar Dangan,460,1,test
/kaggle/input/datasets/hertiyani/batik-nitik-960-official-mendeley/Batik Nitik 960/Batik Nitik 960 Images/36 Sekar Sawo 1.jpg,36 Sekar Sawo 1.jpg,36 Sekar Sawo,464,1,train
/kaggle/input/datasets/hertiyani/batik-nitik-960-official-mendeley/Batik Nitik 960/Batik Nitik 960 Images/36 Sekar Sawo 1_rotate_180.jpg,36 Sekar Sawo 1_rotate_180.jpg,36 Sekar Sawo,464,1,train
/kaggle/input/datasets/hertiyani/batik-nitik-960-official-mendeley/Batik Nitik 960/Batik Nitik 960 Images/36 Sekar Sawo 1_rotate_270.jpg,36 Sekar Sawo 1_rotate_270.jpg,36 Sekar Sawo,466,1,test
/kaggle/input/datasets/hertiyani/batik-nitik-960-official-mendeley/Batik Nitik 960/Batik Nitik 960 Images/36 Sekar Sawo 1_rotate_90.jpg,36 Sekar Sawo 1_rotate_90.jpg,36 Sekar Sawo,466,1,test
/kaggle/input/datasets/hertiyani/batik-nitik-960-official-mendeley/Batik Nitik 960/Batik Nitik 960 Images/36 Sekar Sawo 2.jpg,36 Sekar Sawo 2.jpg,36 Sekar Sawo,468,1,test
/kaggle/input/datasets/hertiyani/batik-nitik-960-official-mendeley/Batik Nitik 960/Batik Nitik 960 Images/36 Sekar Sawo 2_rotate_180.jpg,36 Sekar Sawo 2_rotate_180.jpg,36 Sekar Sawo,468,1,test
/kaggle/input/datasets/hertiyani/batik-nitik-960-official-mendeley/Batik Nitik 960/Batik Nitik 960 Images/36 Sekar Sawo 2_rotate_270.jpg,36 Sekar Sawo 2_rotate_270.jpg,36 Sekar Sawo,470,1,train
/kaggle/input/datasets/hertiyani/batik-nitik-960-official-mendeley/Batik Nitik 960/Batik Nitik 960 Images/36 Sekar Sawo 2_rotate_90.jpg,36 Sekar Sawo 2_rotate_90.jpg,36 Sekar Sawo,470,1,train
/kaggle/input/datasets/hertiyani/batik-nitik-960-official-mendeley/Batik Nitik 960/Batik Nitik 960 Images/36 Sekar Sawo 3.jpg,36 Sekar Sawo 3.jpg,36 Sekar Sawo,472,1,train
/kaggle/input/datasets/hertiyani/batik-nitik-960-official-mendeley/Batik Nitik 960/Batik Nitik 960 Images/36 Sekar Sawo 3_rotate_180.jpg,36 Sekar Sawo 3_rotate_180.jpg,36 Sekar Sawo,472,1,train
/kaggle/input/datasets/hertiyani/batik-nitik-960-official-mendeley/Batik Nitik 960/Batik Nitik 960 Images/36 Sekar Sawo 3_rotate_270.jpg,36 Sekar Sawo 3_rotate_270.jpg,36 Sekar Sawo,474,1,train
/kaggle/input/datasets/hertiyani/batik-nitik-960-official-mendeley/Batik Nitik 960/Batik Nitik 960 Images/36 Sekar Sawo 3_rotate_90.jpg,36 Sekar Sawo 3_rotate_90.jpg,36 Sekar Sawo,474,1,train
/kaggle/input/datasets/hertiyani/batik-nitik-960-official-mendeley/Batik Nitik 960/Batik Nitik 960 Images/36 Sekar Sawo 4.jpg,36 Sekar Sawo 4.jpg,36 Sekar Sawo,476,1,train
/kaggle/input/datasets/hertiyani/batik-nitik-960-official-mendeley/Batik Nitik 960/Batik Nitik 960 Images/36 Sekar Sawo 4_rotate_180.jpg,36 Sekar Sawo 4_rotate_180.jpg,36 Sekar Sawo,476,1,train
/kaggle/input/datasets/hertiyani/batik-nitik-960-official-mendeley/Batik Nitik 960/Batik Nitik 960 Images/36 Sekar Sawo 4_rotate_270.jpg,36 Sekar Sawo 4_rotate_270.jpg,36 Sekar Sawo,478,1,test
/kaggle/input/datasets/hertiyani/batik-nitik-960-official-mendeley/Batik Nitik 960/Batik Nitik 960 Images/36 Sekar Sawo 4_rotate_90.jpg,36 Sekar Sawo 4_rotate_90.jpg,36 Sekar Sawo,478,1,test
/kaggle/input/datasets/hertiyani/batik-nitik-960-official-mendeley/Batik Nitik 960/Batik Nitik 960 Images/37 Manggar 1.jpg,37 Manggar 1.jpg,37 Manggar,480,1,train
/kaggle/input/datasets/hertiyani/batik-nitik-960-official-mendeley/Batik Nitik 960/Batik Nitik 960 Images/37 Manggar 1_rotate_180.jpg,37 Manggar 1_rotate_180.jpg,37 Manggar,480,1,train
/kaggle/input/datasets/hertiyani/batik-nitik-960-official-mendeley/Batik Nitik 960/Batik Nitik 960 Images/37 Manggar 1_rotate_270.jpg,37 Manggar 1_rotate_270.jpg,37 Manggar,482,1,test
/kaggle/input/datasets/hertiyani/batik-nitik-960-official-mendeley/Batik Nitik 960/Batik Nitik 960 Images/37 Manggar 1_rotate_90.jpg,37 Manggar 1_rotate_90.jpg,37 Manggar,482,1,test
/kaggle/input/datasets/hertiyani/batik-nitik-960-official-mendeley/Batik Nitik 960/Batik Nitik 960 Images/37 Manggar 2.jpg,37 Manggar 2.jpg,37 Manggar,484,1,train
/kaggle/input/datasets/hertiyani/batik-nitik-960-official-mendeley/Batik Nitik 960/Batik Nitik 960 Images/37 Manggar 2_rotate_180.jpg,37 Manggar 2_rotate_180.jpg,37 Manggar,484,1,train
/kaggle/input/datasets/hertiyani/batik-nitik-960-official-mendeley/Batik Nitik 960/Batik Nitik 960 Images/37 Manggar 2_rotate_270.jpg,37 Manggar 2_rotate_270.jpg,37 Manggar,486,1,train
/kaggle/input/datasets/hertiyani/batik-nitik-960-official-mendeley/Batik Nitik 960/Batik Nitik 960 Images/37 Manggar 2_rotate_90.jpg,37 Manggar 2_rotate_90.jpg,37 Manggar,486,1,train
/kaggle/input/datasets/hertiyani/batik-nitik-960-official-mendeley/Batik Nitik 960/Batik Nitik 960 Images/37 Manggar 3.jpg,37 Manggar 3.jpg,37 Manggar,488,1,train
/kaggle/input/datasets/hertiyani/batik-nitik-960-official-mendeley/Batik Nitik 960/Batik Nitik 960 Images/37 Manggar 3_rotate_180.jpg,37 Manggar 3_rotate_180.jpg,37 Manggar,488,1,train
/kaggle/input/datasets/hertiyani/batik-nitik-960-official-mendeley/Batik Nitik 960/Batik Nitik 960 Images/37 Manggar 3_rotate_270.jpg,37 Manggar 3_rotate_270.jpg,37 Manggar,490,1,train
/kaggle/input/datasets/hertiyani/batik-nitik-960-official-mendeley/Batik Nitik 960/Batik Nitik 960 Images/37 Manggar 3_rotate_90.jpg,37 Manggar 3_rotate_90.jpg,37 Manggar,490,1,train
/kaggle/input/datasets/hertiyani/batik-nitik-960-official-mendeley/Batik Nitik 960/Batik Nitik 960 Images/37 Manggar 4.jpg,37 Manggar 4.jpg,37 Manggar,492,1,test
/kaggle/input/datasets/hertiyani/batik-nitik-960-official-mendeley/Batik Nitik 960/Batik Nitik 960 Images/37 Manggar 4_rotate_180.jpg,37 Manggar 4_rotate_180.jpg,37 Manggar,492,1,test
/kaggle/input/datasets/hertiyani/batik-nitik-960-official-mendeley/Batik Nitik 960/Batik Nitik 960 Images/37 Manggar 4_rotate_270.jpg,37 Manggar 4_rotate_270.jpg,37 Manggar,494,1,test
/kaggle/input/datasets/hertiyani/batik-nitik-960-official-mendeley/Batik Nitik 960/Batik Nitik 960 Images/37 Manggar 4_rotate_90.jpg,37 Manggar 4_rotate_90.jpg,37 Manggar,494,1,test
/kaggle/input/datasets/hertiyani/batik-nitik-960-official-mendeley/Batik Nitik 960/Batik Nitik 960 Images/38 Sekar Cengkeh 1.jpg,38 Sekar Cengkeh 1.jpg,38 Sekar Cengkeh,496,1,train
/kaggle/input/datasets/hertiyani/batik-nitik-960-official-mendeley/Batik Nitik 960/Batik Nitik 960 Images/38 Sekar Cengkeh 1_rotate_180.jpg,38 Sekar Cengkeh 1_rotate_180.jpg,38 Sekar Cengkeh,496,1,train
/kaggle/input/datasets/hertiyani/batik-nitik-960-official-mendeley/Batik Nitik 960/Batik Nitik 960 Images/38 Sekar Cengkeh 1_rotate_270.jpg,38 Sekar Cengkeh 1_rotate_270.jpg,38 Sekar Cengkeh,498,1,test
/kaggle/input/datasets/hertiyani/batik-nitik-960-official-mendeley/Batik Nitik 960/Batik Nitik 960 Images/38 Sekar Cengkeh 1_rotate_90.jpg,38 Sekar Cengkeh 1_rotate_90.jpg,38 Sekar Cengkeh,498,1,test
/kaggle/input/datasets/hertiyani/batik-nitik-960-official-mendeley/Batik Nitik 960/Batik Nitik 960 Images/38 Sekar Cengkeh 2.jpg,38 Sekar Cengkeh 2.jpg,38 Sekar Cengkeh,500,1,train
/kaggle/input/datasets/hertiyani/batik-nitik-960-official-mendeley/Batik Nitik 960/Batik Nitik 960 Images/38 Sekar Cengkeh 2_rotate_180.jpg,38 Sekar Cengkeh 2_rotate_180.jpg,38 Sekar Cengkeh,500,1,train
/kaggle/input/datasets/hertiyani/batik-nitik-960-official-mendeley/Batik Nitik 960/Batik Nitik 960 Images/38 Sekar Cengkeh 2_rotate_270.jpg,38 Sekar Cengkeh 2_rotate_270.jpg,38 Sekar Cengkeh,502,1,train
/kaggle/input/datasets/hertiyani/batik-nitik-960-official-mendeley/Batik Nitik 960/Batik Nitik 960 Images/38 Sekar Cengkeh 2_rotate_90.jpg,38 Sekar Cengkeh 2_rotate_90.jpg,38 Sekar Cengkeh,502,1,train
/kaggle/input/datasets/hertiyani/batik-nitik-960-official-mendeley/Batik Nitik 960/Batik Nitik 960 Images/38 Sekar Cengkeh 3.jpg,38 Sekar Cengkeh 3.jpg,38 Sekar Cengkeh,504,1,test
/kaggle/input/datasets/hertiyani/batik-nitik-960-official-mendeley/Batik Nitik 960/Batik Nitik 960 Images/38 Sekar Cengkeh 3_rotate_180.jpg,38 Sekar Cengkeh 3_rotate_180.jpg,38 Sekar Cengkeh,504,1,test
/kaggle/input/datasets/hertiyani/batik-nitik-960-official-mendeley/Batik Nitik 960/Batik Nitik 960 Images/38 Sekar Cengkeh 3_rotate_270.jpg,38 Sekar Cengkeh 3_rotate_270.jpg,38 Sekar Cengkeh,506,1,train
/kaggle/input/datasets/hertiyani/batik-nitik-960-official-mendeley/Batik Nitik 960/Batik Nitik 960 Images/38 Sekar Cengkeh 3_rotate_90.jpg,38 Sekar Cengkeh 3_rotate_90.jpg,38 Sekar Cengkeh,506,1,train
/kaggle/input/datasets/hertiyani/batik-nitik-960-official-mendeley/Batik Nitik 960/Batik Nitik 960 Images/38 Sekar Cengkeh 4.jpg,38 Sekar Cengkeh 4.jpg,38 Sekar Cengkeh,508,1,train
/kaggle/input/datasets/hertiyani/batik-nitik-960-official-mendeley/Batik Nitik 960/Batik Nitik 960 Images/38 Sekar Cengkeh 4_rotate_180.jpg,38 Sekar Cengkeh 4_rotate_180.jpg,38 Sekar Cengkeh,508,1,train
/kaggle/input/datasets/hertiyani/batik-nitik-960-official-mendeley/Batik Nitik 960/Batik Nitik 960 Images/38 Sekar Cengkeh 4_rotate_270.jpg,38 Sekar Cengkeh 4_rotate_270.jpg,38 Sekar Cengkeh,510,1,test
/kaggle/input/datasets/hertiyani/batik-nitik-960-official-mendeley/Batik Nitik 960/Batik Nitik 960 Images/38 Sekar Cengkeh 4_rotate_90.jpg,38 Sekar Cengkeh 4_rotate_90.jpg,38 Sekar Cengkeh,510,1,test
/kaggle/input/datasets/hertiyani/batik-nitik-960-official-mendeley/Batik Nitik 960/Batik Nitik 960 Images/39 Sritaman 1.jpg,39 Sritaman 1.jpg,39 Sritaman,512,1,test
/kaggle/input/datasets/hertiyani/batik-nitik-960-official-mendeley/Batik Nitik 960/Batik Nitik 960 Images/39 Sritaman 1_rotate_180.jpg,39 Sritaman 1_rotate_180.jpg,39 Sritaman,512,1,test
/kaggle/input/datasets/hertiyani/batik-nitik-960-official-mendeley/Batik Nitik 960/Batik Nitik 960 Images/39 Sritaman 1_rotate_270.jpg,39 Sritaman 1_rotate_270.jpg,39 Sritaman,514,1,test
/kaggle/input/datasets/hertiyani/batik-nitik-960-official-mendeley/Batik Nitik 960/Batik Nitik 960 Images/39 Sritaman 1_rotate_90.jpg,39 Sritaman 1_rotate_90.jpg,39 Sritaman,514,1,test
/kaggle/input/datasets/hertiyani/batik-nitik-960-official-mendeley/Batik Nitik 960/Batik Nitik 960 Images/39 Sritaman 2.jpg,39 Sritaman 2.jpg,39 Sritaman,516,1,test
/kaggle/input/datasets/hertiyani/batik-nitik-960-official-mendeley/Batik Nitik 960/Batik Nitik 960 Images/39 Sritaman 2_rotate_180.jpg,39 Sritaman 2_rotate_180.jpg,39 Sritaman,516,1,test
/kaggle/input/datasets/hertiyani/batik-nitik-960-official-mendeley/Batik Nitik 960/Batik Nitik 960 Images/39 Sritaman 2_rotate_270.jpg,39 Sritaman 2_rotate_270.jpg,39 Sritaman,516,1,test
/kaggle/input/datasets/hertiyani/batik-nitik-960-official-mendeley/Batik Nitik 960/Batik Nitik 960 Images/39 Sritaman 2_rotate_90.jpg,39 Sritaman 2_rotate_90.jpg,39 Sritaman,516,1,test
/kaggle/input/datasets/hertiyani/batik-nitik-960-official-mendeley/Batik Nitik 960/Batik Nitik 960 Images/39 Sritaman 3.jpg,39 Sritaman 3.jpg,39 Sritaman,520,1,train
/kaggle/input/datasets/hertiyani/batik-nitik-960-official-mendeley/Batik Nitik 960/Batik Nitik 960 Images/39 Sritaman 3_rotate_180.jpg,39 Sritaman 3_rotate_180.jpg,39 Sritaman,520,1,train
/kaggle/input/datasets/hertiyani/batik-nitik-960-official-mendeley/Batik Nitik 960/Batik Nitik 960 Images/39 Sritaman 3_rotate_270.jpg,39 Sritaman 3_rotate_270.jpg,39 Sritaman,522,1,train
/kaggle/input/datasets/hertiyani/batik-nitik-960-official-mendeley/Batik Nitik 960/Batik Nitik 960 Images/39 Sritaman 3_rotate_90.jpg,39 Sritaman 3_rotate_90.jpg,39 Sritaman,522,1,train
/kaggle/input/datasets/hertiyani/batik-nitik-960-official-mendeley/Batik Nitik 960/Batik Nitik 960 Images/39 Sritaman 4.jpg,39 Sritaman 4.jpg,39 Sritaman,524,1,train
/kaggle/input/datasets/hertiyani/batik-nitik-960-official-mendeley/Batik Nitik 960/Batik Nitik 960 Images/39 Sritaman 4_rotate_180.jpg,39 Sritaman 4_rotate_180.jpg,39 Sritaman,524,1,train
/kaggle/input/datasets/hertiyani/batik-nitik-960-official-mendeley/Batik Nitik 960/Batik Nitik 960 Images/39 Sritaman 4_rotate_270.jpg,39 Sritaman 4_rotate_270.jpg,39 Sritaman,526,1,train
/kaggle/input/datasets/hertiyani/batik-nitik-960-official-mendeley/Batik Nitik 960/Batik Nitik 960 Images/39 Sritaman 4_rotate_90.jpg,39 Sritaman 4_rotate_90.jpg,39 Sritaman,526,1,train
/kaggle/input/datasets/hertiyani/batik-nitik-960-official-mendeley/Batik Nitik 960/Batik Nitik 960 Images/4 Sekar Gayam 1.jpg,4 Sekar Gayam 1.jpg,4 Sekar Gayam,528,1,train
/kaggle/input/datasets/hertiyani/batik-nitik-960-official-mendeley/Batik Nitik 960/Batik Nitik 960 Images/4 Sekar Gayam 1_rotate_180.jpg,4 Sekar Gayam 1_rotate_180.jpg,4 Sekar Gayam,528,1,train
/kaggle/input/datasets/hertiyani/batik-nitik-960-official-mendeley/Batik Nitik 960/Batik Nitik 960 Images/4 Sekar Gayam 1_rotate_270.jpg,4 Sekar Gayam 1_rotate_270.jpg,4 Sekar Gayam,528,1,train
/kaggle/input/datasets/hertiyani/batik-nitik-960-official-mendeley/Batik Nitik 960/Batik Nitik 960 Images/4 Sekar Gayam 1_rotate_90.jpg,4 Sekar Gayam 1_rotate_90.jpg,4 Sekar Gayam,528,1,train
/kaggle/input/datasets/hertiyani/batik-nitik-960-official-mendeley/Batik Nitik 960/Batik Nitik 960 Images/4 Sekar Gayam 2.jpg,4 Sekar Gayam 2.jpg,4 Sekar Gayam,532,1,test
/kaggle/input/datasets/hertiyani/batik-nitik-960-official-mendeley/Batik Nitik 960/Batik Nitik 960 Images/4 Sekar Gayam 2_rotate_180.jpg,4 Sekar Gayam 2_rotate_180.jpg,4 Sekar Gayam,532,1,test
/kaggle/input/datasets/hertiyani/batik-nitik-960-official-mendeley/Batik Nitik 960/Batik Nitik 960 Images/4 Sekar Gayam 2_rotate_270.jpg,4 Sekar Gayam 2_rotate_270.jpg,4 Sekar Gayam,532,1,test
/kaggle/input/datasets/hertiyani/batik-nitik-960-official-mendeley/Batik Nitik 960/Batik Nitik 960 Images/4 Sekar Gayam 2_rotate_90.jpg,4 Sekar Gayam 2_rotate_90.jpg,4 Sekar Gayam,532,1,test
/kaggle/input/datasets/hertiyani/batik-nitik-960-official-mendeley/Batik Nitik 960/Batik Nitik 960 Images/4 Sekar Gayam 3.jpg,4 Sekar Gayam 3.jpg,4 Sekar Gayam,536,1,test
/kaggle/input/datasets/hertiyani/batik-nitik-960-official-mendeley/Batik Nitik 960/Batik Nitik 960 Images/4 Sekar Gayam 3_rotate_180.jpg,4 Sekar Gayam 3_rotate_180.jpg,4 Sekar Gayam,536,1,test
/kaggle/input/datasets/hertiyani/batik-nitik-960-official-mendeley/Batik Nitik 960/Batik Nitik 960 Images/4 Sekar Gayam 3_rotate_270.jpg,4 Sekar Gayam 3_rotate_270.jpg,4 Sekar Gayam,538,1,train
/kaggle/input/datasets/hertiyani/batik-nitik-960-official-mendeley/Batik Nitik 960/Batik Nitik 960 Images/4 Sekar Gayam 3_rotate_90.jpg,4 Sekar Gayam 3_rotate_90.jpg,4 Sekar Gayam,538,1,train
/kaggle/input/datasets/hertiyani/batik-nitik-960-official-mendeley/Batik Nitik 960/Batik Nitik 960 Images/4 Sekar Gayam 4.jpg,4 Sekar Gayam 4.jpg,4 Sekar Gayam,540,1,test
/kaggle/input/datasets/hertiyani/batik-nitik-960-official-mendeley/Batik Nitik 960/Batik Nitik 960 Images/4 Sekar Gayam 4_rotate_180.jpg,4 Sekar Gayam 4_rotate_180.jpg,4 Sekar Gayam,540,1,test
/kaggle/input/datasets/hertiyani/batik-nitik-960-official-mendeley/Batik Nitik 960/Batik Nitik 960 Images/4 Sekar Gayam 4_rotate_270.jpg,4 Sekar Gayam 4_rotate_270.jpg,4 Sekar Gayam,542,1,train
/kaggle/input/datasets/hertiyani/batik-nitik-960-official-mendeley/Batik Nitik 960/Batik Nitik 960 Images/4 Sekar Gayam 4_rotate_90.jpg,4 Sekar Gayam 4_rotate_90.jpg,4 Sekar Gayam,542,1,train
/kaggle/input/datasets/hertiyani/batik-nitik-960-official-mendeley/Batik Nitik 960/Batik Nitik 960 Images/40 Sekar Mundhu 1.jpg,40 Sekar Mundhu 1.jpg,40 Sekar Mundhu,544,1,train
/kaggle/input/datasets/hertiyani/batik-nitik-960-official-mendeley/Batik Nitik 960/Batik Nitik 960 Images/40 Sekar Mundhu 1_rotate_180.jpg,40 Sekar Mundhu 1_rotate_180.jpg,40 Sekar Mundhu,544,1,train
/kaggle/input/datasets/hertiyani/batik-nitik-960-official-mendeley/Batik Nitik 960/Batik Nitik 960 Images/40 Sekar Mundhu 1_rotate_270.jpg,40 Sekar Mundhu 1_rotate_270.jpg,40 Sekar Mundhu,546,1,test
/kaggle/input/datasets/hertiyani/batik-nitik-960-official-mendeley/Batik Nitik 960/Batik Nitik 960 Images/40 Sekar Mundhu 1_rotate_90.jpg,40 Sekar Mundhu 1_rotate_90.jpg,40 Sekar Mundhu,546,1,test
/kaggle/input/datasets/hertiyani/batik-nitik-960-official-mendeley/Batik Nitik 960/Batik Nitik 960 Images/40 Sekar Mundhu 2.jpg,40 Sekar Mundhu 2.jpg,40 Sekar Mundhu,548,1,train
/kaggle/input/datasets/hertiyani/batik-nitik-960-official-mendeley/Batik Nitik 960/Batik Nitik 960 Images/40 Sekar Mundhu 2_rotate_180.jpg,40 Sekar Mundhu 2_rotate_180.jpg,40 Sekar Mundhu,548,1,train
/kaggle/input/datasets/hertiyani/batik-nitik-960-official-mendeley/Batik Nitik 960/Batik Nitik 960 Images/40 Sekar Mundhu 2_rotate_270.jpg,40 Sekar Mundhu 2_rotate_270.jpg,40 Sekar Mundhu,550,1,test
/kaggle/input/datasets/hertiyani/batik-nitik-960-official-mendeley/Batik Nitik 960/Batik Nitik 960 Images/40 Sekar Mundhu 2_rotate_90.jpg,40 Sekar Mundhu 2_rotate_90.jpg,40 Sekar Mundhu,550,1,test
/kaggle/input/datasets/hertiyani/batik-nitik-960-official-mendeley/Batik Nitik 960/Batik Nitik 960 Images/40 Sekar Mundhu 3.jpg,40 Sekar Mundhu 3.jpg,40 Sekar Mundhu,552,1,test
/kaggle/input/datasets/hertiyani/batik-nitik-960-official-mendeley/Batik Nitik 960/Batik Nitik 960 Images/40 Sekar Mundhu 3_rotate_180.jpg,40 Sekar Mundhu 3_rotate_180.jpg,40 Sekar Mundhu,552,1,test
/kaggle/input/datasets/hertiyani/batik-nitik-960-official-mendeley/Batik Nitik 960/Batik Nitik 960 Images/40 Sekar Mundhu 3_rotate_270.jpg,40 Sekar Mundhu 3_rotate_270.jpg,40 Sekar Mundhu,554,1,train
/kaggle/input/datasets/hertiyani/batik-nitik-960-official-mendeley/Batik Nitik 960/Batik Nitik 960 Images/40 Sekar Mundhu 3_rotate_90.jpg,40 Sekar Mundhu 3_rotate_90.jpg,40 Sekar Mundhu,554,1,train
/kaggle/input/datasets/hertiyani/batik-nitik-960-official-mendeley/Batik Nitik 960/Batik Nitik 960 Images/40 Sekar Mundhu 4.jpg,40 Sekar Mundhu 4.jpg,40 Sekar Mundhu,556,1,train
/kaggle/input/datasets/hertiyani/batik-nitik-960-official-mendeley/Batik Nitik 960/Batik Nitik 960 Images/40 Sekar Mundhu 4_rotate_180.jpg,40 Sekar Mundhu 4_rotate_180.jpg,40 Sekar Mundhu,556,1,train
/kaggle/input/datasets/hertiyani/batik-nitik-960-official-mendeley/Batik Nitik 960/Batik Nitik 960 Images/40 Sekar Mundhu 4_rotate_270.jpg,40 Sekar Mundhu 4_rotate_270.jpg,40 Sekar Mundhu,558,1,train
/kaggle/input/datasets/hertiyani/batik-nitik-960-official-mendeley/Batik Nitik 960/Batik Nitik 960 Images/40 Sekar Mundhu 4_rotate_90.jpg,40 Sekar Mundhu 4_rotate_90.jpg,40 Sekar Mundhu,558,1,train
/kaggle/input/datasets/hertiyani/batik-nitik-960-official-mendeley/Batik Nitik 960/Batik Nitik 960 Images/41 Sekar Andhong 1.jpg,41 Sekar Andhong 1.jpg,41 Sekar Andhong,560,1,train
/kaggle/input/datasets/hertiyani/batik-nitik-960-official-mendeley/Batik Nitik 960/Batik Nitik 960 Images/41 Sekar Andhong 1_rotate_180.jpg,41 Sekar Andhong 1_rotate_180.jpg,41 Sekar Andhong,560,1,train
/kaggle/input/datasets/hertiyani/batik-nitik-960-official-mendeley/Batik Nitik 960/Batik Nitik 960 Images/41 Sekar Andhong 1_rotate_270.jpg,41 Sekar Andhong 1_rotate_270.jpg,41 Sekar Andhong,562,1,test
/kaggle/input/datasets/hertiyani/batik-nitik-960-official-mendeley/Batik Nitik 960/Batik Nitik 960 Images/41 Sekar Andhong 1_rotate_90.jpg,41 Sekar Andhong 1_rotate_90.jpg,41 Sekar Andhong,562,1,test
/kaggle/input/datasets/hertiyani/batik-nitik-960-official-mendeley/Batik Nitik 960/Batik Nitik 960 Images/41 Sekar Andhong 2.jpg,41 Sekar Andhong 2.jpg,41 Sekar Andhong,564,1,train
/kaggle/input/datasets/hertiyani/batik-nitik-960-official-mendeley/Batik Nitik 960/Batik Nitik 960 Images/41 Sekar Andhong 2_rotate_180.jpg,41 Sekar Andhong 2_rotate_180.jpg,41 Sekar Andhong,564,1,train
/kaggle/input/datasets/hertiyani/batik-nitik-960-official-mendeley/Batik Nitik 960/Batik Nitik 960 Images/41 Sekar Andhong 2_rotate_270.jpg,41 Sekar Andhong 2_rotate_270.jpg,41 Sekar Andhong,566,1,train
/kaggle/input/datasets/hertiyani/batik-nitik-960-official-mendeley/Batik Nitik 960/Batik Nitik 960 Images/41 Sekar Andhong 2_rotate_90.jpg,41 Sekar Andhong 2_rotate_90.jpg,41 Sekar Andhong,566,1,train
/kaggle/input/datasets/hertiyani/batik-nitik-960-official-mendeley/Batik Nitik 960/Batik Nitik 960 Images/41 Sekar Andhong 3.jpg,41 Sekar Andhong 3.jpg,41 Sekar Andhong,568,1,test
/kaggle/input/datasets/hertiyani/batik-nitik-960-official-mendeley/Batik Nitik 960/Batik Nitik 960 Images/41 Sekar Andhong 3_rotate_180.jpg,41 Sekar Andhong 3_rotate_180.jpg,41 Sekar Andhong,568,1,test
/kaggle/input/datasets/hertiyani/batik-nitik-960-official-mendeley/Batik Nitik 960/Batik Nitik 960 Images/41 Sekar Andhong 3_rotate_270.jpg,41 Sekar Andhong 3_rotate_270.jpg,41 Sekar Andhong,568,1,test
/kaggle/input/datasets/hertiyani/batik-nitik-960-official-mendeley/Batik Nitik 960/Batik Nitik 960 Images/41 Sekar Andhong 3_rotate_90.jpg,41 Sekar Andhong 3_rotate_90.jpg,41 Sekar Andhong,568,1,test
/kaggle/input/datasets/hertiyani/batik-nitik-960-official-mendeley/Batik Nitik 960/Batik Nitik 960 Images/41 Sekar Andhong 4.jpg,41 Sekar Andhong 4.jpg,41 Sekar Andhong,572,1,train
/kaggle/input/datasets/hertiyani/batik-nitik-960-official-mendeley/Batik Nitik 960/Batik Nitik 960 Images/41 Sekar Andhong 4_rotate_180.jpg,41 Sekar Andhong 4_rotate_180.jpg,41 Sekar Andhong,572,1,train
/kaggle/input/datasets/hertiyani/batik-nitik-960-official-mendeley/Batik Nitik 960/Batik Nitik 960 Images/41 Sekar Andhong 4_rotate_270.jpg,41 Sekar Andhong 4_rotate_270.jpg,41 Sekar Andhong,574,1,test
/kaggle/input/datasets/hertiyani/batik-nitik-960-official-mendeley/Batik Nitik 960/Batik Nitik 960 Images/41 Sekar Andhong 4_rotate_90.jpg,41 Sekar Andhong 4_rotate_90.jpg,41 Sekar Andhong,574,1,test
/kaggle/input/datasets/hertiyani/batik-nitik-960-official-mendeley/Batik Nitik 960/Batik Nitik 960 Images/42 Gedhangan 1.jpg,42 Gedhangan 1.jpg,42 Gedhangan,576,1,test
/kaggle/input/datasets/hertiyani/batik-nitik-960-official-mendeley/Batik Nitik 960/Batik Nitik 960 Images/42 Gedhangan 1_rotate_180.jpg,42 Gedhangan 1_rotate_180.jpg,42 Gedhangan,576,1,test
/kaggle/input/datasets/hertiyani/batik-nitik-960-official-mendeley/Batik Nitik 960/Batik Nitik 960 Images/42 Gedhangan 1_rotate_270.jpg,42 Gedhangan 1_rotate_270.jpg,42 Gedhangan,578,1,test
/kaggle/input/datasets/hertiyani/batik-nitik-960-official-mendeley/Batik Nitik 960/Batik Nitik 960 Images/42 Gedhangan 1_rotate_90.jpg,42 Gedhangan 1_rotate_90.jpg,42 Gedhangan,578,1,test
/kaggle/input/datasets/hertiyani/batik-nitik-960-official-mendeley/Batik Nitik 960/Batik Nitik 960 Images/42 Gedhangan 2.jpg,42 Gedhangan 2.jpg,42 Gedhangan,580,1,test
/kaggle/input/datasets/hertiyani/batik-nitik-960-official-mendeley/Batik Nitik 960/Batik Nitik 960 Images/42 Gedhangan 2_rotate_180.jpg,42 Gedhangan 2_rotate_180.jpg,42 Gedhangan,580,1,test
/kaggle/input/datasets/hertiyani/batik-nitik-960-official-mendeley/Batik Nitik 960/Batik Nitik 960 Images/42 Gedhangan 2_rotate_270.jpg,42 Gedhangan 2_rotate_270.jpg,42 Gedhangan,582,1,train
/kaggle/input/datasets/hertiyani/batik-nitik-960-official-mendeley/Batik Nitik 960/Batik Nitik 960 Images/42 Gedhangan 2_rotate_90.jpg,42 Gedhangan 2_rotate_90.jpg,42 Gedhangan,582,1,train
/kaggle/input/datasets/hertiyani/batik-nitik-960-official-mendeley/Batik Nitik 960/Batik Nitik 960 Images/42 Gedhangan 3.jpg,42 Gedhangan 3.jpg,42 Gedhangan,584,1,train
/kaggle/input/datasets/hertiyani/batik-nitik-960-official-mendeley/Batik Nitik 960/Batik Nitik 960 Images/42 Gedhangan 3_rotate_180.jpg,42 Gedhangan 3_rotate_180.jpg,42 Gedhangan,584,1,train
/kaggle/input/datasets/hertiyani/batik-nitik-960-official-mendeley/Batik Nitik 960/Batik Nitik 960 Images/42 Gedhangan 3_rotate_270.jpg,42 Gedhangan 3_rotate_270.jpg,42 Gedhangan,584,1,train
/kaggle/input/datasets/hertiyani/batik-nitik-960-official-mendeley/Batik Nitik 960/Batik Nitik 960 Images/42 Gedhangan 3_rotate_90.jpg,42 Gedhangan 3_rotate_90.jpg,42 Gedhangan,584,1,train
/kaggle/input/datasets/hertiyani/batik-nitik-960-official-mendeley/Batik Nitik 960/Batik Nitik 960 Images/42 Gedhangan 4.jpg,42 Gedhangan 4.jpg,42 Gedhangan,588,1,train
/kaggle/input/datasets/hertiyani/batik-nitik-960-official-mendeley/Batik Nitik 960/Batik Nitik 960 Images/42 Gedhangan 4_rotate_180.jpg,42 Gedhangan 4_rotate_180.jpg,42 Gedhangan,588,1,train
/kaggle/input/datasets/hertiyani/batik-nitik-960-official-mendeley/Batik Nitik 960/Batik Nitik 960 Images/42 Gedhangan 4_rotate_270.jpg,42 Gedhangan 4_rotate_270.jpg,42 Gedhangan,590,1,train
/kaggle/input/datasets/hertiyani/batik-nitik-960-official-mendeley/Batik Nitik 960/Batik Nitik 960 Images/42 Gedhangan 4_rotate_90.jpg,42 Gedhangan 4_rotate_90.jpg,42 Gedhangan,590,1,train
/kaggle/input/datasets/hertiyani/batik-nitik-960-official-mendeley/Batik Nitik 960/Batik Nitik 960 Images/43 Sekar Pala 1.jpg,43 Sekar Pala 1.jpg,43 Sekar Pala,592,1,test
/kaggle/input/datasets/hertiyani/batik-nitik-960-official-mendeley/Batik Nitik 960/Batik Nitik 960 Images/43 Sekar Pala 1_rotate_180.jpg,43 Sekar Pala 1_rotate_180.jpg,43 Sekar Pala,592,1,test
/kaggle/input/datasets/hertiyani/batik-nitik-960-official-mendeley/Batik Nitik 960/Batik Nitik 960 Images/43 Sekar Pala 1_rotate_270.jpg,43 Sekar Pala 1_rotate_270.jpg,43 Sekar Pala,594,1,train
/kaggle/input/datasets/hertiyani/batik-nitik-960-official-mendeley/Batik Nitik 960/Batik Nitik 960 Images/43 Sekar Pala 1_rotate_90.jpg,43 Sekar Pala 1_rotate_90.jpg,43 Sekar Pala,594,1,train
/kaggle/input/datasets/hertiyani/batik-nitik-960-official-mendeley/Batik Nitik 960/Batik Nitik 960 Images/43 Sekar Pala 2.jpg,43 Sekar Pala 2.jpg,43 Sekar Pala,596,1,train
/kaggle/input/datasets/hertiyani/batik-nitik-960-official-mendeley/Batik Nitik 960/Batik Nitik 960 Images/43 Sekar Pala 2_rotate_180.jpg,43 Sekar Pala 2_rotate_180.jpg,43 Sekar Pala,596,1,train
/kaggle/input/datasets/hertiyani/batik-nitik-960-official-mendeley/Batik Nitik 960/Batik Nitik 960 Images/43 Sekar Pala 2_rotate_270.jpg,43 Sekar Pala 2_rotate_270.jpg,43 Sekar Pala,598,1,test
/kaggle/input/datasets/hertiyani/batik-nitik-960-official-mendeley/Batik Nitik 960/Batik Nitik 960 Images/43 Sekar Pala 2_rotate_90.jpg,43 Sekar Pala 2_rotate_90.jpg,43 Sekar Pala,598,1,test
/kaggle/input/datasets/hertiyani/batik-nitik-960-official-mendeley/Batik Nitik 960/Batik Nitik 960 Images/43 Sekar Pala 3.jpg,43 Sekar Pala 3.jpg,43 Sekar Pala,600,1,test
/kaggle/input/datasets/hertiyani/batik-nitik-960-official-mendeley/Batik Nitik 960/Batik Nitik 960 Images/43 Sekar Pala 3_rotate_180.jpg,43 Sekar Pala 3_rotate_180.jpg,43 Sekar Pala,600,1,test
/kaggle/input/datasets/hertiyani/batik-nitik-960-official-mendeley/Batik Nitik 960/Batik Nitik 960 Images/43 Sekar Pala 3_rotate_270.jpg,43 Sekar Pala 3_rotate_270.jpg,43 Sekar Pala,602,1,train
/kaggle/input/datasets/hertiyani/batik-nitik-960-official-mendeley/Batik Nitik 960/Batik Nitik 960 Images/43 Sekar Pala 3_rotate_90.jpg,43 Sekar Pala 3_rotate_90.jpg,43 Sekar Pala,602,1,train
/kaggle/input/datasets/hertiyani/batik-nitik-960-official-mendeley/Batik Nitik 960/Batik Nitik 960 Images/43 Sekar Pala 4.jpg,43 Sekar Pala 4.jpg,43 Sekar Pala,604,1,train
/kaggle/input/datasets/hertiyani/batik-nitik-960-official-mendeley/Batik Nitik 960/Batik Nitik 960 Images/43 Sekar Pala 4_rotate_180.jpg,43 Sekar Pala 4_rotate_180.jpg,43 Sekar Pala,604,1,train
/kaggle/input/datasets/hertiyani/batik-nitik-960-official-mendeley/Batik Nitik 960/Batik Nitik 960 Images/43 Sekar Pala 4_rotate_270.jpg,43 Sekar Pala 4_rotate_270.jpg,43 Sekar Pala,606,1,train
/kaggle/input/datasets/hertiyani/batik-nitik-960-official-mendeley/Batik Nitik 960/Batik Nitik 960 Images/43 Sekar Pala 4_rotate_90.jpg,43 Sekar Pala 4_rotate_90.jpg,43 Sekar Pala,606,1,train
/kaggle/input/datasets/hertiyani/batik-nitik-960-official-mendeley/Batik Nitik 960/Batik Nitik 960 Images/44 Klampok Arum 1.jpg,44 Klampok Arum 1.jpg,44 Klampok Arum,608,1,train
/kaggle/input/datasets/hertiyani/batik-nitik-960-official-mendeley/Batik Nitik 960/Batik Nitik 960 Images/44 Klampok Arum 1_rotate_180.jpg,44 Klampok Arum 1_rotate_180.jpg,44 Klampok Arum,608,1,train
/kaggle/input/datasets/hertiyani/batik-nitik-960-official-mendeley/Batik Nitik 960/Batik Nitik 960 Images/44 Klampok Arum 1_rotate_270.jpg,44 Klampok Arum 1_rotate_270.jpg,44 Klampok Arum,608,1,train
/kaggle/input/datasets/hertiyani/batik-nitik-960-official-mendeley/Batik Nitik 960/Batik Nitik 960 Images/44 Klampok Arum 1_rotate_90.jpg,44 Klampok Arum 1_rotate_90.jpg,44 Klampok Arum,608,1,train
/kaggle/input/datasets/hertiyani/batik-nitik-960-official-mendeley/Batik Nitik 960/Batik Nitik 960 Images/44 Klampok Arum 2.jpg,44 Klampok Arum 2.jpg,44 Klampok Arum,612,1,train
/kaggle/input/datasets/hertiyani/batik-nitik-960-official-mendeley/Batik Nitik 960/Batik Nitik 960 Images/44 Klampok Arum 2_rotate_180.jpg,44 Klampok Arum 2_rotate_180.jpg,44 Klampok Arum,612,1,train
/kaggle/input/datasets/hertiyani/batik-nitik-960-official-mendeley/Batik Nitik 960/Batik Nitik 960 Images/44 Klampok Arum 2_rotate_270.jpg,44 Klampok Arum 2_rotate_270.jpg,44 Klampok Arum,612,1,train
/kaggle/input/datasets/hertiyani/batik-nitik-960-official-mendeley/Batik Nitik 960/Batik Nitik 960 Images/44 Klampok Arum 2_rotate_90.jpg,44 Klampok Arum 2_rotate_90.jpg,44 Klampok Arum,612,1,train
/kaggle/input/datasets/hertiyani/batik-nitik-960-official-mendeley/Batik Nitik 960/Batik Nitik 960 Images/44 Klampok Arum 3.jpg,44 Klampok Arum 3.jpg,44 Klampok Arum,616,1,train
/kaggle/input/datasets/hertiyani/batik-nitik-960-official-mendeley/Batik Nitik 960/Batik Nitik 960 Images/44 Klampok Arum 3_rotate_180.jpg,44 Klampok Arum 3_rotate_180.jpg,44 Klampok Arum,616,1,train
/kaggle/input/datasets/hertiyani/batik-nitik-960-official-mendeley/Batik Nitik 960/Batik Nitik 960 Images/44 Klampok Arum 3_rotate_270.jpg,44 Klampok Arum 3_rotate_270.jpg,44 Klampok Arum,618,1,test
/kaggle/input/datasets/hertiyani/batik-nitik-960-official-mendeley/Batik Nitik 960/Batik Nitik 960 Images/44 Klampok Arum 3_rotate_90.jpg,44 Klampok Arum 3_rotate_90.jpg,44 Klampok Arum,618,1,test
/kaggle/input/datasets/hertiyani/batik-nitik-960-official-mendeley/Batik Nitik 960/Batik Nitik 960 Images/44 Klampok Arum 4.jpg,44 Klampok Arum 4.jpg,44 Klampok Arum,620,1,test
/kaggle/input/datasets/hertiyani/batik-nitik-960-official-mendeley/Batik Nitik 960/Batik Nitik 960 Images/44 Klampok Arum 4_rotate_180.jpg,44 Klampok Arum 4_rotate_180.jpg,44 Klampok Arum,620,1,test
/kaggle/input/datasets/hertiyani/batik-nitik-960-official-mendeley/Batik Nitik 960/Batik Nitik 960 Images/44 Klampok Arum 4_rotate_270.jpg,44 Klampok Arum 4_rotate_270.jpg,44 Klampok Arum,620,1,test
/kaggle/input/datasets/hertiyani/batik-nitik-960-official-mendeley/Batik Nitik 960/Batik Nitik 960 Images/44 Klampok Arum 4_rotate_90.jpg,44 Klampok Arum 4_rotate_90.jpg,44 Klampok Arum,620,1,test
/kaggle/input/datasets/hertiyani/batik-nitik-960-official-mendeley/Batik Nitik 960/Batik Nitik 960 Images/45 Sekar Jali 1.jpg,45 Sekar Jali 1.jpg,45 Sekar Jali,624,1,train
/kaggle/input/datasets/hertiyani/batik-nitik-960-official-mendeley/Batik Nitik 960/Batik Nitik 960 Images/45 Sekar Jali 1_rotate_180.jpg,45 Sekar Jali 1_rotate_180.jpg,45 Sekar Jali,624,1,train
/kaggle/input/datasets/hertiyani/batik-nitik-960-official-mendeley/Batik Nitik 960/Batik Nitik 960 Images/45 Sekar Jali 1_rotate_270.jpg,45 Sekar Jali 1_rotate_270.jpg,45 Sekar Jali,626,1,test
/kaggle/input/datasets/hertiyani/batik-nitik-960-official-mendeley/Batik Nitik 960/Batik Nitik 960 Images/45 Sekar Jali 1_rotate_90.jpg,45 Sekar Jali 1_rotate_90.jpg,45 Sekar Jali,626,1,test
/kaggle/input/datasets/hertiyani/batik-nitik-960-official-mendeley/Batik Nitik 960/Batik Nitik 960 Images/45 Sekar Jali 2.jpg,45 Sekar Jali 2.jpg,45 Sekar Jali,628,1,test
/kaggle/input/datasets/hertiyani/batik-nitik-960-official-mendeley/Batik Nitik 960/Batik Nitik 960 Images/45 Sekar Jali 2_rotate_180.jpg,45 Sekar Jali 2_rotate_180.jpg,45 Sekar Jali,628,1,test
/kaggle/input/datasets/hertiyani/batik-nitik-960-official-mendeley/Batik Nitik 960/Batik Nitik 960 Images/45 Sekar Jali 2_rotate_270.jpg,45 Sekar Jali 2_rotate_270.jpg,45 Sekar Jali,630,1,train
/kaggle/input/datasets/hertiyani/batik-nitik-960-official-mendeley/Batik Nitik 960/Batik Nitik 960 Images/45 Sekar Jali 2_rotate_90.jpg,45 Sekar Jali 2_rotate_90.jpg,45 Sekar Jali,630,1,train
/kaggle/input/datasets/hertiyani/batik-nitik-960-official-mendeley/Batik Nitik 960/Batik Nitik 960 Images/45 Sekar Jali 3.jpg,45 Sekar Jali 3.jpg,45 Sekar Jali,632,1,train
/kaggle/input/datasets/hertiyani/batik-nitik-960-official-mendeley/Batik Nitik 960/Batik Nitik 960 Images/45 Sekar Jali 3_rotate_180.jpg,45 Sekar Jali 3_rotate_180.jpg,45 Sekar Jali,632,1,train
/kaggle/input/datasets/hertiyani/batik-nitik-960-official-mendeley/Batik Nitik 960/Batik Nitik 960 Images/45 Sekar Jali 3_rotate_270.jpg,45 Sekar Jali 3_rotate_270.jpg,45 Sekar Jali,634,1,test
/kaggle/input/datasets/hertiyani/batik-nitik-960-official-mendeley/Batik Nitik 960/Batik Nitik 960 Images/45 Sekar Jali 3_rotate_90.jpg,45 Sekar Jali 3_rotate_90.jpg,45 Sekar Jali,634,1,test
/kaggle/input/datasets/hertiyani/batik-nitik-960-official-mendeley/Batik Nitik 960/Batik Nitik 960 Images/45 Sekar Jali 4.jpg,45 Sekar Jali 4.jpg,45 Sekar Jali,636,1,train
/kaggle/input/datasets/hertiyani/batik-nitik-960-official-mendeley/Batik Nitik 960/Batik Nitik 960 Images/45 Sekar Jali 4_rotate_180.jpg,45 Sekar Jali 4_rotate_180.jpg,45 Sekar Jali,636,1,train
/kaggle/input/datasets/hertiyani/batik-nitik-960-official-mendeley/Batik Nitik 960/Batik Nitik 960 Images/45 Sekar Jali 4_rotate_270.jpg,45 Sekar Jali 4_rotate_270.jpg,45 Sekar Jali,636,1,train
/kaggle/input/datasets/hertiyani/batik-nitik-960-official-mendeley/Batik Nitik 960/Batik Nitik 960 Images/45 Sekar Jali 4_rotate_90.jpg,45 Sekar Jali 4_rotate_90.jpg,45 Sekar Jali,636,1,train
/kaggle/input/datasets/hertiyani/batik-nitik-960-official-mendeley/Batik Nitik 960/Batik Nitik 960 Images/46 Sekar Lintang 1.jpg,46 Sekar Lintang 1.jpg,46 Sekar Lintang,640,1,test
/kaggle/input/datasets/hertiyani/batik-nitik-960-official-mendeley/Batik Nitik 960/Batik Nitik 960 Images/46 Sekar Lintang 1_rotate_180.jpg,46 Sekar Lintang 1_rotate_180.jpg,46 Sekar Lintang,640,1,test
/kaggle/input/datasets/hertiyani/batik-nitik-960-official-mendeley/Batik Nitik 960/Batik Nitik 960 Images/46 Sekar Lintang 1_rotate_270.jpg,46 Sekar Lintang 1_rotate_270.jpg,46 Sekar Lintang,642,1,train
/kaggle/input/datasets/hertiyani/batik-nitik-960-official-mendeley/Batik Nitik 960/Batik Nitik 960 Images/46 Sekar Lintang 1_rotate_90.jpg,46 Sekar Lintang 1_rotate_90.jpg,46 Sekar Lintang,642,1,train
/kaggle/input/datasets/hertiyani/batik-nitik-960-official-mendeley/Batik Nitik 960/Batik Nitik 960 Images/46 Sekar Lintang 2.jpg,46 Sekar Lintang 2.jpg,46 Sekar Lintang,644,1,test
/kaggle/input/datasets/hertiyani/batik-nitik-960-official-mendeley/Batik Nitik 960/Batik Nitik 960 Images/46 Sekar Lintang 2_rotate_180.jpg,46 Sekar Lintang 2_rotate_180.jpg,46 Sekar Lintang,644,1,test
/kaggle/input/datasets/hertiyani/batik-nitik-960-official-mendeley/Batik Nitik 960/Batik Nitik 960 Images/46 Sekar Lintang 2_rotate_270.jpg,46 Sekar Lintang 2_rotate_270.jpg,46 Sekar Lintang,646,1,train
/kaggle/input/datasets/hertiyani/batik-nitik-960-official-mendeley/Batik Nitik 960/Batik Nitik 960 Images/46 Sekar Lintang 2_rotate_90.jpg,46 Sekar Lintang 2_rotate_90.jpg,46 Sekar Lintang,646,1,train
/kaggle/input/datasets/hertiyani/batik-nitik-960-official-mendeley/Batik Nitik 960/Batik Nitik 960 Images/46 Sekar Lintang 3.jpg,46 Sekar Lintang 3.jpg,46 Sekar Lintang,648,1,train
/kaggle/input/datasets/hertiyani/batik-nitik-960-official-mendeley/Batik Nitik 960/Batik Nitik 960 Images/46 Sekar Lintang 3_rotate_180.jpg,46 Sekar Lintang 3_rotate_180.jpg,46 Sekar Lintang,648,1,train
/kaggle/input/datasets/hertiyani/batik-nitik-960-official-mendeley/Batik Nitik 960/Batik Nitik 960 Images/46 Sekar Lintang 3_rotate_270.jpg,46 Sekar Lintang 3_rotate_270.jpg,46 Sekar Lintang,648,1,train
/kaggle/input/datasets/hertiyani/batik-nitik-960-official-mendeley/Batik Nitik 960/Batik Nitik 960 Images/46 Sekar Lintang 3_rotate_90.jpg,46 Sekar Lintang 3_rotate_90.jpg,46 Sekar Lintang,648,1,train
/kaggle/input/datasets/hertiyani/batik-nitik-960-official-mendeley/Batik Nitik 960/Batik Nitik 960 Images/46 Sekar Lintang 4.jpg,46 Sekar Lintang 4.jpg,46 Sekar Lintang,652,1,train
/kaggle/input/datasets/hertiyani/batik-nitik-960-official-mendeley/Batik Nitik 960/Batik Nitik 960 Images/46 Sekar Lintang 4_rotate_180.jpg,46 Sekar Lintang 4_rotate_180.jpg,46 Sekar Lintang,652,1,train
/kaggle/input/datasets/hertiyani/batik-nitik-960-official-mendeley/Batik Nitik 960/Batik Nitik 960 Images/46 Sekar Lintang 4_rotate_270.jpg,46 Sekar Lintang 4_rotate_270.jpg,46 Sekar Lintang,654,1,test
/kaggle/input/datasets/hertiyani/batik-nitik-960-official-mendeley/Batik Nitik 960/Batik Nitik 960 Images/46 Sekar Lintang 4_rotate_90.jpg,46 Sekar Lintang 4_rotate_90.jpg,46 Sekar Lintang,654,1,test
/kaggle/input/datasets/hertiyani/batik-nitik-960-official-mendeley/Batik Nitik 960/Batik Nitik 960 Images/47 Sekar Kenanga 1.jpg,47 Sekar Kenanga 1.jpg,47 Sekar Kenanga,656,1,test
/kaggle/input/datasets/hertiyani/batik-nitik-960-official-mendeley/Batik Nitik 960/Batik Nitik 960 Images/47 Sekar Kenanga 1_rotate_180.jpg,47 Sekar Kenanga 1_rotate_180.jpg,47 Sekar Kenanga,656,1,test
/kaggle/input/datasets/hertiyani/batik-nitik-960-official-mendeley/Batik Nitik 960/Batik Nitik 960 Images/47 Sekar Kenanga 1_rotate_270.jpg,47 Sekar Kenanga 1_rotate_270.jpg,47 Sekar Kenanga,658,1,test
/kaggle/input/datasets/hertiyani/batik-nitik-960-official-mendeley/Batik Nitik 960/Batik Nitik 960 Images/47 Sekar Kenanga 1_rotate_90.jpg,47 Sekar Kenanga 1_rotate_90.jpg,47 Sekar Kenanga,658,1,test
/kaggle/input/datasets/hertiyani/batik-nitik-960-official-mendeley/Batik Nitik 960/Batik Nitik 960 Images/47 Sekar Kenanga 2.jpg,47 Sekar Kenanga 2.jpg,47 Sekar Kenanga,660,1,train
/kaggle/input/datasets/hertiyani/batik-nitik-960-official-mendeley/Batik Nitik 960/Batik Nitik 960 Images/47 Sekar Kenanga 2_rotate_180.jpg,47 Sekar Kenanga 2_rotate_180.jpg,47 Sekar Kenanga,660,1,train
/kaggle/input/datasets/hertiyani/batik-nitik-960-official-mendeley/Batik Nitik 960/Batik Nitik 960 Images/47 Sekar Kenanga 2_rotate_270.jpg,47 Sekar Kenanga 2_rotate_270.jpg,47 Sekar Kenanga,662,1,test
/kaggle/input/datasets/hertiyani/batik-nitik-960-official-mendeley/Batik Nitik 960/Batik Nitik 960 Images/47 Sekar Kenanga 2_rotate_90.jpg,47 Sekar Kenanga 2_rotate_90.jpg,47 Sekar Kenanga,662,1,test
/kaggle/input/datasets/hertiyani/batik-nitik-960-official-mendeley/Batik Nitik 960/Batik Nitik 960 Images/47 Sekar Kenanga 3.jpg,47 Sekar Kenanga 3.jpg,47 Sekar Kenanga,664,1,train
/kaggle/input/datasets/hertiyani/batik-nitik-960-official-mendeley/Batik Nitik 960/Batik Nitik 960 Images/47 Sekar Kenanga 3_rotate_180.jpg,47 Sekar Kenanga 3_rotate_180.jpg,47 Sekar Kenanga,664,1,train
/kaggle/input/datasets/hertiyani/batik-nitik-960-official-mendeley/Batik Nitik 960/Batik Nitik 960 Images/47 Sekar Kenanga 3_rotate_270.jpg,47 Sekar Kenanga 3_rotate_270.jpg,47 Sekar Kenanga,664,1,train
/kaggle/input/datasets/hertiyani/batik-nitik-960-official-mendeley/Batik Nitik 960/Batik Nitik 960 Images/47 Sekar Kenanga 3_rotate_90.jpg,47 Sekar Kenanga 3_rotate_90.jpg,47 Sekar Kenanga,664,1,train
/kaggle/input/datasets/hertiyani/batik-nitik-960-official-mendeley/Batik Nitik 960/Batik Nitik 960 Images/47 Sekar Kenanga 4.jpg,47 Sekar Kenanga 4.jpg,47 Sekar Kenanga,668,1,train
/kaggle/input/datasets/hertiyani/batik-nitik-960-official-mendeley/Batik Nitik 960/Batik Nitik 960 Images/47 Sekar Kenanga 4_rotate_180.jpg,47 Sekar Kenanga 4_rotate_180.jpg,47 Sekar Kenanga,668,1,train
/kaggle/input/datasets/hertiyani/batik-nitik-960-official-mendeley/Batik Nitik 960/Batik Nitik 960 Images/47 Sekar Kenanga 4_rotate_270.jpg,47 Sekar Kenanga 4_rotate_270.jpg,47 Sekar Kenanga,670,1,train
/kaggle/input/datasets/hertiyani/batik-nitik-960-official-mendeley/Batik Nitik 960/Batik Nitik 960 Images/47 Sekar Kenanga 4_rotate_90.jpg,47 Sekar Kenanga 4_rotate_90.jpg,47 Sekar Kenanga,670,1,train
/kaggle/input/datasets/hertiyani/batik-nitik-960-official-mendeley/Batik Nitik 960/Batik Nitik 960 Images/48 Sekar Jeruk 1.jpg,48 Sekar Jeruk 1.jpg,48 Sekar Jeruk,672,1,train
/kaggle/input/datasets/hertiyani/batik-nitik-960-official-mendeley/Batik Nitik 960/Batik Nitik 960 Images/48 Sekar Jeruk 1_rotate_180.jpg,48 Sekar Jeruk 1_rotate_180.jpg,48 Sekar Jeruk,672,1,train
/kaggle/input/datasets/hertiyani/batik-nitik-960-official-mendeley/Batik Nitik 960/Batik Nitik 960 Images/48 Sekar Jeruk 1_rotate_270.jpg,48 Sekar Jeruk 1_rotate_270.jpg,48 Sekar Jeruk,674,1,test
/kaggle/input/datasets/hertiyani/batik-nitik-960-official-mendeley/Batik Nitik 960/Batik Nitik 960 Images/48 Sekar Jeruk 1_rotate_90.jpg,48 Sekar Jeruk 1_rotate_90.jpg,48 Sekar Jeruk,674,1,test
/kaggle/input/datasets/hertiyani/batik-nitik-960-official-mendeley/Batik Nitik 960/Batik Nitik 960 Images/48 Sekar Jeruk 2.jpg,48 Sekar Jeruk 2.jpg,48 Sekar Jeruk,672,1,train
/kaggle/input/datasets/hertiyani/batik-nitik-960-official-mendeley/Batik Nitik 960/Batik Nitik 960 Images/48 Sekar Jeruk 2_rotate_180.jpg,48 Sekar Jeruk 2_rotate_180.jpg,48 Sekar Jeruk,672,1,train
/kaggle/input/datasets/hertiyani/batik-nitik-960-official-mendeley/Batik Nitik 960/Batik Nitik 960 Images/48 Sekar Jeruk 2_rotate_270.jpg,48 Sekar Jeruk 2_rotate_270.jpg,48 Sekar Jeruk,674,1,test
/kaggle/input/datasets/hertiyani/batik-nitik-960-official-mendeley/Batik Nitik 960/Batik Nitik 960 Images/48 Sekar Jeruk 2_rotate_90.jpg,48 Sekar Jeruk 2_rotate_90.jpg,48 Sekar Jeruk,674,1,test
/kaggle/input/datasets/hertiyani/batik-nitik-960-official-mendeley/Batik Nitik 960/Batik Nitik 960 Images/48 Sekar Jeruk 3.jpg,48 Sekar Jeruk 3.jpg,48 Sekar Jeruk,672,1,train
/kaggle/input/datasets/hertiyani/batik-nitik-960-official-mendeley/Batik Nitik 960/Batik Nitik 960 Images/48 Sekar Jeruk 3_rotate_180.jpg,48 Sekar Jeruk 3_rotate_180.jpg,48 Sekar Jeruk,672,1,train
/kaggle/input/datasets/hertiyani/batik-nitik-960-official-mendeley/Batik Nitik 960/Batik Nitik 960 Images/48 Sekar Jeruk 3_rotate_270.jpg,48 Sekar Jeruk 3_rotate_270.jpg,48 Sekar Jeruk,674,1,test
/kaggle/input/datasets/hertiyani/batik-nitik-960-official-mendeley/Batik Nitik 960/Batik Nitik 960 Images/48 Sekar Jeruk 3_rotate_90.jpg,48 Sekar Jeruk 3_rotate_90.jpg,48 Sekar Jeruk,674,1,test
/kaggle/input/datasets/hertiyani/batik-nitik-960-official-mendeley/Batik Nitik 960/Batik Nitik 960 Images/48 Sekar Jeruk 4.jpg,48 Sekar Jeruk 4.jpg,48 Sekar Jeruk,672,1,train
/kaggle/input/datasets/hertiyani/batik-nitik-960-official-mendeley/Batik Nitik 960/Batik Nitik 960 Images/48 Sekar Jeruk 4_rotate_180.jpg,48 Sekar Jeruk 4_rotate_180.jpg,48 Sekar Jeruk,672,1,train
/kaggle/input/datasets/hertiyani/batik-nitik-960-official-mendeley/Batik Nitik 960/Batik Nitik 960 Images/48 Sekar Jeruk 4_rotate_270.jpg,48 Sekar Jeruk 4_rotate_270.jpg,48 Sekar Jeruk,674,1,test
/kaggle/input/datasets/hertiyani/batik-nitik-960-official-mendeley/Batik Nitik 960/Batik Nitik 960 Images/48 Sekar Jeruk 4_rotate_90.jpg,48 Sekar Jeruk 4_rotate_90.jpg,48 Sekar Jeruk,674,1,test
/kaggle/input/datasets/hertiyani/batik-nitik-960-official-mendeley/Batik Nitik 960/Batik Nitik 960 Images/49 Sekar Mindi 1.jpg,49 Sekar Mindi 1.jpg,49 Sekar Mindi,688,1,train
/kaggle/input/datasets/hertiyani/batik-nitik-960-official-mendeley/Batik Nitik 960/Batik Nitik 960 Images/49 Sekar Mindi 1_rotate_180.jpg,49 Sekar Mindi 1_rotate_180.jpg,49 Sekar Mindi,688,1,train
/kaggle/input/datasets/hertiyani/batik-nitik-960-official-mendeley/Batik Nitik 960/Batik Nitik 960 Images/49 Sekar Mindi 1_rotate_270.jpg,49 Sekar Mindi 1_rotate_270.jpg,49 Sekar Mindi,688,1,train
/kaggle/input/datasets/hertiyani/batik-nitik-960-official-mendeley/Batik Nitik 960/Batik Nitik 960 Images/49 Sekar Mindi 1_rotate_90.jpg,49 Sekar Mindi 1_rotate_90.jpg,49 Sekar Mindi,688,1,train
/kaggle/input/datasets/hertiyani/batik-nitik-960-official-mendeley/Batik Nitik 960/Batik Nitik 960 Images/49 Sekar Mindi 2.jpg,49 Sekar Mindi 2.jpg,49 Sekar Mindi,692,1,train
/kaggle/input/datasets/hertiyani/batik-nitik-960-official-mendeley/Batik Nitik 960/Batik Nitik 960 Images/49 Sekar Mindi 2_rotate_180.jpg,49 Sekar Mindi 2_rotate_180.jpg,49 Sekar Mindi,692,1,train
/kaggle/input/datasets/hertiyani/batik-nitik-960-official-mendeley/Batik Nitik 960/Batik Nitik 960 Images/49 Sekar Mindi 2_rotate_270.jpg,49 Sekar Mindi 2_rotate_270.jpg,49 Sekar Mindi,694,1,train
/kaggle/input/datasets/hertiyani/batik-nitik-960-official-mendeley/Batik Nitik 960/Batik Nitik 960 Images/49 Sekar Mindi 2_rotate_90.jpg,49 Sekar Mindi 2_rotate_90.jpg,49 Sekar Mindi,694,1,train
/kaggle/input/datasets/hertiyani/batik-nitik-960-official-mendeley/Batik Nitik 960/Batik Nitik 960 Images/49 Sekar Mindi 3.jpg,49 Sekar Mindi 3.jpg,49 Sekar Mindi,696,1,test
/kaggle/input/datasets/hertiyani/batik-nitik-960-official-mendeley/Batik Nitik 960/Batik Nitik 960 Images/49 Sekar Mindi 3_rotate_180.jpg,49 Sekar Mindi 3_rotate_180.jpg,49 Sekar Mindi,696,1,test
/kaggle/input/datasets/hertiyani/batik-nitik-960-official-mendeley/Batik Nitik 960/Batik Nitik 960 Images/49 Sekar Mindi 3_rotate_270.jpg,49 Sekar Mindi 3_rotate_270.jpg,49 Sekar Mindi,696,1,test
/kaggle/input/datasets/hertiyani/batik-nitik-960-official-mendeley/Batik Nitik 960/Batik Nitik 960 Images/49 Sekar Mindi 3_rotate_90.jpg,49 Sekar Mindi 3_rotate_90.jpg,49 Sekar Mindi,696,1,test
/kaggle/input/datasets/hertiyani/batik-nitik-960-official-mendeley/Batik Nitik 960/Batik Nitik 960 Images/49 Sekar Mindi 4.jpg,49 Sekar Mindi 4.jpg,49 Sekar Mindi,700,1,train
/kaggle/input/datasets/hertiyani/batik-nitik-960-official-mendeley/Batik Nitik 960/Batik Nitik 960 Images/49 Sekar Mindi 4_rotate_180.jpg,49 Sekar Mindi 4_rotate_180.jpg,49 Sekar Mindi,700,1,train
/kaggle/input/datasets/hertiyani/batik-nitik-960-official-mendeley/Batik Nitik 960/Batik Nitik 960 Images/49 Sekar Mindi 4_rotate_270.jpg,49 Sekar Mindi 4_rotate_270.jpg,49 Sekar Mindi,702,1,test
/kaggle/input/datasets/hertiyani/batik-nitik-960-official-mendeley/Batik Nitik 960/Batik Nitik 960 Images/49 Sekar Mindi 4_rotate_90.jpg,49 Sekar Mindi 4_rotate_90.jpg,49 Sekar Mindi,702,1,test
/kaggle/input/datasets/hertiyani/batik-nitik-960-official-mendeley/Batik Nitik 960/Batik Nitik 960 Images/5 Sekar Pacar 1.jpg,5 Sekar Pacar 1.jpg,5 Sekar Pacar,704,1,test
/kaggle/input/datasets/hertiyani/batik-nitik-960-official-mendeley/Batik Nitik 960/Batik Nitik 960 Images/5 Sekar Pacar 1_rotate_180.jpg,5 Sekar Pacar 1_rotate_180.jpg,5 Sekar Pacar,704,1,test
/kaggle/input/datasets/hertiyani/batik-nitik-960-official-mendeley/Batik Nitik 960/Batik Nitik 960 Images/5 Sekar Pacar 1_rotate_270.jpg,5 Sekar Pacar 1_rotate_270.jpg,5 Sekar Pacar,704,1,test
/kaggle/input/datasets/hertiyani/batik-nitik-960-official-mendeley/Batik Nitik 960/Batik Nitik 960 Images/5 Sekar Pacar 1_rotate_90.jpg,5 Sekar Pacar 1_rotate_90.jpg,5 Sekar Pacar,704,1,test
/kaggle/input/datasets/hertiyani/batik-nitik-960-official-mendeley/Batik Nitik 960/Batik Nitik 960 Images/5 Sekar Pacar 2.jpg,5 Sekar Pacar 2.jpg,5 Sekar Pacar,708,1,train
/kaggle/input/datasets/hertiyani/batik-nitik-960-official-mendeley/Batik Nitik 960/Batik Nitik 960 Images/5 Sekar Pacar 2_rotate_180.jpg,5 Sekar Pacar 2_rotate_180.jpg,5 Sekar Pacar,708,1,train
/kaggle/input/datasets/hertiyani/batik-nitik-960-official-mendeley/Batik Nitik 960/Batik Nitik 960 Images/5 Sekar Pacar 2_rotate_270.jpg,5 Sekar Pacar 2_rotate_270.jpg,5 Sekar Pacar,710,1,train
/kaggle/input/datasets/hertiyani/batik-nitik-960-official-mendeley/Batik Nitik 960/Batik Nitik 960 Images/5 Sekar Pacar 2_rotate_90.jpg,5 Sekar Pacar 2_rotate_90.jpg,5 Sekar Pacar,710,1,train
/kaggle/input/datasets/hertiyani/batik-nitik-960-official-mendeley/Batik Nitik 960/Batik Nitik 960 Images/5 Sekar Pacar 3.jpg,5 Sekar Pacar 3.jpg,5 Sekar Pacar,712,1,test
/kaggle/input/datasets/hertiyani/batik-nitik-960-official-mendeley/Batik Nitik 960/Batik Nitik 960 Images/5 Sekar Pacar 3_rotate_180.jpg,5 Sekar Pacar 3_rotate_180.jpg,5 Sekar Pacar,712,1,test
/kaggle/input/datasets/hertiyani/batik-nitik-960-official-mendeley/Batik Nitik 960/Batik Nitik 960 Images/5 Sekar Pacar 3_rotate_270.jpg,5 Sekar Pacar 3_rotate_270.jpg,5 Sekar Pacar,714,1,train
/kaggle/input/datasets/hertiyani/batik-nitik-960-official-mendeley/Batik Nitik 960/Batik Nitik 960 Images/5 Sekar Pacar 3_rotate_90.jpg,5 Sekar Pacar 3_rotate_90.jpg,5 Sekar Pacar,714,1,train
/kaggle/input/datasets/hertiyani/batik-nitik-960-official-mendeley/Batik Nitik 960/Batik Nitik 960 Images/5 Sekar Pacar 4.jpg,5 Sekar Pacar 4.jpg,5 Sekar Pacar,716,1,train
/kaggle/input/datasets/hertiyani/batik-nitik-960-official-mendeley/Batik Nitik 960/Batik Nitik 960 Images/5 Sekar Pacar 4_rotate_180.jpg,5 Sekar Pacar 4_rotate_180.jpg,5 Sekar Pacar,716,1,train
/kaggle/input/datasets/hertiyani/batik-nitik-960-official-mendeley/Batik Nitik 960/Batik Nitik 960 Images/5 Sekar Pacar 4_rotate_270.jpg,5 Sekar Pacar 4_rotate_270.jpg,5 Sekar Pacar,718,1,train
/kaggle/input/datasets/hertiyani/batik-nitik-960-official-mendeley/Batik Nitik 960/Batik Nitik 960 Images/5 Sekar Pacar 4_rotate_90.jpg,5 Sekar Pacar 4_rotate_90.jpg,5 Sekar Pacar,718,1,train
/kaggle/input/datasets/hertiyani/batik-nitik-960-official-mendeley/Batik Nitik 960/Batik Nitik 960 Images/50 Tanjung Gunung 1.jpg,50 Tanjung Gunung 1.jpg,50 Tanjung Gunung,720,1,train
/kaggle/input/datasets/hertiyani/batik-nitik-960-official-mendeley/Batik Nitik 960/Batik Nitik 960 Images/50 Tanjung Gunung 1_rotate_180.jpg,50 Tanjung Gunung 1_rotate_180.jpg,50 Tanjung Gunung,720,1,train
/kaggle/input/datasets/hertiyani/batik-nitik-960-official-mendeley/Batik Nitik 960/Batik Nitik 960 Images/50 Tanjung Gunung 1_rotate_270.jpg,50 Tanjung Gunung 1_rotate_270.jpg,50 Tanjung Gunung,722,1,train
/kaggle/input/datasets/hertiyani/batik-nitik-960-official-mendeley/Batik Nitik 960/Batik Nitik 960 Images/50 Tanjung Gunung 1_rotate_90.jpg,50 Tanjung Gunung 1_rotate_90.jpg,50 Tanjung Gunung,722,1,train
/kaggle/input/datasets/hertiyani/batik-nitik-960-official-mendeley/Batik Nitik 960/Batik Nitik 960 Images/50 Tanjung Gunung 2.jpg,50 Tanjung Gunung 2.jpg,50 Tanjung Gunung,724,1,train
/kaggle/input/datasets/hertiyani/batik-nitik-960-official-mendeley/Batik Nitik 960/Batik Nitik 960 Images/50 Tanjung Gunung 2_rotate_180.jpg,50 Tanjung Gunung 2_rotate_180.jpg,50 Tanjung Gunung,724,1,train
/kaggle/input/datasets/hertiyani/batik-nitik-960-official-mendeley/Batik Nitik 960/Batik Nitik 960 Images/50 Tanjung Gunung 2_rotate_270.jpg,50 Tanjung Gunung 2_rotate_270.jpg,50 Tanjung Gunung,724,1,train
/kaggle/input/datasets/hertiyani/batik-nitik-960-official-mendeley/Batik Nitik 960/Batik Nitik 960 Images/50 Tanjung Gunung 2_rotate_90.jpg,50 Tanjung Gunung 2_rotate_90.jpg,50 Tanjung Gunung,724,1,train
/kaggle/input/datasets/hertiyani/batik-nitik-960-official-mendeley/Batik Nitik 960/Batik Nitik 960 Images/50 Tanjung Gunung 3.jpg,50 Tanjung Gunung 3.jpg,50 Tanjung Gunung,728,1,train
/kaggle/input/datasets/hertiyani/batik-nitik-960-official-mendeley/Batik Nitik 960/Batik Nitik 960 Images/50 Tanjung Gunung 3_rotate_180.jpg,50 Tanjung Gunung 3_rotate_180.jpg,50 Tanjung Gunung,728,1,train
/kaggle/input/datasets/hertiyani/batik-nitik-960-official-mendeley/Batik Nitik 960/Batik Nitik 960 Images/50 Tanjung Gunung 3_rotate_270.jpg,50 Tanjung Gunung 3_rotate_270.jpg,50 Tanjung Gunung,730,1,test
/kaggle/input/datasets/hertiyani/batik-nitik-960-official-mendeley/Batik Nitik 960/Batik Nitik 960 Images/50 Tanjung Gunung 3_rotate_90.jpg,50 Tanjung Gunung 3_rotate_90.jpg,50 Tanjung Gunung,730,1,test
/kaggle/input/datasets/hertiyani/batik-nitik-960-official-mendeley/Batik Nitik 960/Batik Nitik 960 Images/50 Tanjung Gunung 4.jpg,50 Tanjung Gunung 4.jpg,50 Tanjung Gunung,732,1,test
/kaggle/input/datasets/hertiyani/batik-nitik-960-official-mendeley/Batik Nitik 960/Batik Nitik 960 Images/50 Tanjung Gunung 4_rotate_180.jpg,50 Tanjung Gunung 4_rotate_180.jpg,50 Tanjung Gunung,732,1,test
/kaggle/input/datasets/hertiyani/batik-nitik-960-official-mendeley/Batik Nitik 960/Batik Nitik 960 Images/50 Tanjung Gunung 4_rotate_270.jpg,50 Tanjung Gunung 4_rotate_270.jpg,50 Tanjung Gunung,732,1,test
/kaggle/input/datasets/hertiyani/batik-nitik-960-official-mendeley/Batik Nitik 960/Batik Nitik 960 Images/50 Tanjung Gunung 4_rotate_90.jpg,50 Tanjung Gunung 4_rotate_90.jpg,50 Tanjung Gunung,732,1,test
/kaggle/input/datasets/hertiyani/batik-nitik-960-official-mendeley/Batik Nitik 960/Batik Nitik 960 Images/51 Sekar Kenikir 1.jpg,51 Sekar Kenikir 1.jpg,51 Sekar Kenikir,736,1,test
/kaggle/input/datasets/hertiyani/batik-nitik-960-official-mendeley/Batik Nitik 960/Batik Nitik 960 Images/51 Sekar Kenikir 1_rotate_180.jpg,51 Sekar Kenikir 1_rotate_180.jpg,51 Sekar Kenikir,736,1,test
/kaggle/input/datasets/hertiyani/batik-nitik-960-official-mendeley/Batik Nitik 960/Batik Nitik 960 Images/51 Sekar Kenikir 1_rotate_270.jpg,51 Sekar Kenikir 1_rotate_270.jpg,51 Sekar Kenikir,738,1,train
/kaggle/input/datasets/hertiyani/batik-nitik-960-official-mendeley/Batik Nitik 960/Batik Nitik 960 Images/51 Sekar Kenikir 1_rotate_90.jpg,51 Sekar Kenikir 1_rotate_90.jpg,51 Sekar Kenikir,738,1,train
/kaggle/input/datasets/hertiyani/batik-nitik-960-official-mendeley/Batik Nitik 960/Batik Nitik 960 Images/51 Sekar Kenikir 2.jpg,51 Sekar Kenikir 2.jpg,51 Sekar Kenikir,740,1,train
/kaggle/input/datasets/hertiyani/batik-nitik-960-official-mendeley/Batik Nitik 960/Batik Nitik 960 Images/51 Sekar Kenikir 2_rotate_180.jpg,51 Sekar Kenikir 2_rotate_180.jpg,51 Sekar Kenikir,740,1,train
/kaggle/input/datasets/hertiyani/batik-nitik-960-official-mendeley/Batik Nitik 960/Batik Nitik 960 Images/51 Sekar Kenikir 2_rotate_270.jpg,51 Sekar Kenikir 2_rotate_270.jpg,51 Sekar Kenikir,740,1,train
/kaggle/input/datasets/hertiyani/batik-nitik-960-official-mendeley/Batik Nitik 960/Batik Nitik 960 Images/51 Sekar Kenikir 2_rotate_90.jpg,51 Sekar Kenikir 2_rotate_90.jpg,51 Sekar Kenikir,740,1,train
/kaggle/input/datasets/hertiyani/batik-nitik-960-official-mendeley/Batik Nitik 960/Batik Nitik 960 Images/51 Sekar Kenikir 3.jpg,51 Sekar Kenikir 3.jpg,51 Sekar Kenikir,744,1,train
/kaggle/input/datasets/hertiyani/batik-nitik-960-official-mendeley/Batik Nitik 960/Batik Nitik 960 Images/51 Sekar Kenikir 3_rotate_180.jpg,51 Sekar Kenikir 3_rotate_180.jpg,51 Sekar Kenikir,744,1,train
/kaggle/input/datasets/hertiyani/batik-nitik-960-official-mendeley/Batik Nitik 960/Batik Nitik 960 Images/51 Sekar Kenikir 3_rotate_270.jpg,51 Sekar Kenikir 3_rotate_270.jpg,51 Sekar Kenikir,746,1,train
/kaggle/input/datasets/hertiyani/batik-nitik-960-official-mendeley/Batik Nitik 960/Batik Nitik 960 Images/51 Sekar Kenikir 3_rotate_90.jpg,51 Sekar Kenikir 3_rotate_90.jpg,51 Sekar Kenikir,746,1,train
/kaggle/input/datasets/hertiyani/batik-nitik-960-official-mendeley/Batik Nitik 960/Batik Nitik 960 Images/51 Sekar Kenikir 4.jpg,51 Sekar Kenikir 4.jpg,51 Sekar Kenikir,748,1,test
/kaggle/input/datasets/hertiyani/batik-nitik-960-official-mendeley/Batik Nitik 960/Batik Nitik 960 Images/51 Sekar Kenikir 4_rotate_180.jpg,51 Sekar Kenikir 4_rotate_180.jpg,51 Sekar Kenikir,748,1,test
/kaggle/input/datasets/hertiyani/batik-nitik-960-official-mendeley/Batik Nitik 960/Batik Nitik 960 Images/51 Sekar Kenikir 4_rotate_270.jpg,51 Sekar Kenikir 4_rotate_270.jpg,51 Sekar Kenikir,750,1,test
/kaggle/input/datasets/hertiyani/batik-nitik-960-official-mendeley/Batik Nitik 960/Batik Nitik 960 Images/51 Sekar Kenikir 4_rotate_90.jpg,51 Sekar Kenikir 4_rotate_90.jpg,51 Sekar Kenikir,750,1,test
/kaggle/input/datasets/hertiyani/batik-nitik-960-official-mendeley/Batik Nitik 960/Batik Nitik 960 Images/52 Sekar Blimbing 1.jpg,52 Sekar Blimbing 1.jpg,52 Sekar Blimbing,752,1,train
/kaggle/input/datasets/hertiyani/batik-nitik-960-official-mendeley/Batik Nitik 960/Batik Nitik 960 Images/52 Sekar Blimbing 1_rotate_180.jpg,52 Sekar Blimbing 1_rotate_180.jpg,52 Sekar Blimbing,752,1,train
/kaggle/input/datasets/hertiyani/batik-nitik-960-official-mendeley/Batik Nitik 960/Batik Nitik 960 Images/52 Sekar Blimbing 1_rotate_270.jpg,52 Sekar Blimbing 1_rotate_270.jpg,52 Sekar Blimbing,754,1,test
/kaggle/input/datasets/hertiyani/batik-nitik-960-official-mendeley/Batik Nitik 960/Batik Nitik 960 Images/52 Sekar Blimbing 1_rotate_90.jpg,52 Sekar Blimbing 1_rotate_90.jpg,52 Sekar Blimbing,754,1,test
/kaggle/input/datasets/hertiyani/batik-nitik-960-official-mendeley/Batik Nitik 960/Batik Nitik 960 Images/52 Sekar Blimbing 2.jpg,52 Sekar Blimbing 2.jpg,52 Sekar Blimbing,756,1,train
/kaggle/input/datasets/hertiyani/batik-nitik-960-official-mendeley/Batik Nitik 960/Batik Nitik 960 Images/52 Sekar Blimbing 2_rotate_180.jpg,52 Sekar Blimbing 2_rotate_180.jpg,52 Sekar Blimbing,756,1,train
/kaggle/input/datasets/hertiyani/batik-nitik-960-official-mendeley/Batik Nitik 960/Batik Nitik 960 Images/52 Sekar Blimbing 2_rotate_270.jpg,52 Sekar Blimbing 2_rotate_270.jpg,52 Sekar Blimbing,758,1,train
/kaggle/input/datasets/hertiyani/batik-nitik-960-official-mendeley/Batik Nitik 960/Batik Nitik 960 Images/52 Sekar Blimbing 2_rotate_90.jpg,52 Sekar Blimbing 2_rotate_90.jpg,52 Sekar Blimbing,758,1,train
/kaggle/input/datasets/hertiyani/batik-nitik-960-official-mendeley/Batik Nitik 960/Batik Nitik 960 Images/52 Sekar Blimbing 3.jpg,52 Sekar Blimbing 3.jpg,52 Sekar Blimbing,760,1,test
/kaggle/input/datasets/hertiyani/batik-nitik-960-official-mendeley/Batik Nitik 960/Batik Nitik 960 Images/52 Sekar Blimbing 3_rotate_180.jpg,52 Sekar Blimbing 3_rotate_180.jpg,52 Sekar Blimbing,760,1,test
/kaggle/input/datasets/hertiyani/batik-nitik-960-official-mendeley/Batik Nitik 960/Batik Nitik 960 Images/52 Sekar Blimbing 3_rotate_270.jpg,52 Sekar Blimbing 3_rotate_270.jpg,52 Sekar Blimbing,762,1,train
/kaggle/input/datasets/hertiyani/batik-nitik-960-official-mendeley/Batik Nitik 960/Batik Nitik 960 Images/52 Sekar Blimbing 3_rotate_90.jpg,52 Sekar Blimbing 3_rotate_90.jpg,52 Sekar Blimbing,762,1,train
/kaggle/input/datasets/hertiyani/batik-nitik-960-official-mendeley/Batik Nitik 960/Batik Nitik 960 Images/52 Sekar Blimbing 4.jpg,52 Sekar Blimbing 4.jpg,52 Sekar Blimbing,764,1,test
/kaggle/input/datasets/hertiyani/batik-nitik-960-official-mendeley/Batik Nitik 960/Batik Nitik 960 Images/52 Sekar Blimbing 4_rotate_180.jpg,52 Sekar Blimbing 4_rotate_180.jpg,52 Sekar Blimbing,764,1,test
/kaggle/input/datasets/hertiyani/batik-nitik-960-official-mendeley/Batik Nitik 960/Batik Nitik 960 Images/52 Sekar Blimbing 4_rotate_270.jpg,52 Sekar Blimbing 4_rotate_270.jpg,52 Sekar Blimbing,766,1,train
/kaggle/input/datasets/hertiyani/batik-nitik-960-official-mendeley/Batik Nitik 960/Batik Nitik 960 Images/52 Sekar Blimbing 4_rotate_90.jpg,52 Sekar Blimbing 4_rotate_90.jpg,52 Sekar Blimbing,766,1,train
/kaggle/input/datasets/hertiyani/batik-nitik-960-official-mendeley/Batik Nitik 960/Batik Nitik 960 Images/53 Sekar Pijetan 1.jpg,53 Sekar Pijetan 1.jpg,53 Sekar Pijetan,768,1,train
/kaggle/input/datasets/hertiyani/batik-nitik-960-official-mendeley/Batik Nitik 960/Batik Nitik 960 Images/53 Sekar Pijetan 1_rotate_180.jpg,53 Sekar Pijetan 1_rotate_180.jpg,53 Sekar Pijetan,768,1,train
/kaggle/input/datasets/hertiyani/batik-nitik-960-official-mendeley/Batik Nitik 960/Batik Nitik 960 Images/53 Sekar Pijetan 1_rotate_270.jpg,53 Sekar Pijetan 1_rotate_270.jpg,53 Sekar Pijetan,770,1,test
/kaggle/input/datasets/hertiyani/batik-nitik-960-official-mendeley/Batik Nitik 960/Batik Nitik 960 Images/53 Sekar Pijetan 1_rotate_90.jpg,53 Sekar Pijetan 1_rotate_90.jpg,53 Sekar Pijetan,770,1,test
/kaggle/input/datasets/hertiyani/batik-nitik-960-official-mendeley/Batik Nitik 960/Batik Nitik 960 Images/53 Sekar Pijetan 2.jpg,53 Sekar Pijetan 2.jpg,53 Sekar Pijetan,772,1,train
/kaggle/input/datasets/hertiyani/batik-nitik-960-official-mendeley/Batik Nitik 960/Batik Nitik 960 Images/53 Sekar Pijetan 2_rotate_180.jpg,53 Sekar Pijetan 2_rotate_180.jpg,53 Sekar Pijetan,772,1,train
/kaggle/input/datasets/hertiyani/batik-nitik-960-official-mendeley/Batik Nitik 960/Batik Nitik 960 Images/53 Sekar Pijetan 2_rotate_270.jpg,53 Sekar Pijetan 2_rotate_270.jpg,53 Sekar Pijetan,774,1,test
/kaggle/input/datasets/hertiyani/batik-nitik-960-official-mendeley/Batik Nitik 960/Batik Nitik 960 Images/53 Sekar Pijetan 2_rotate_90.jpg,53 Sekar Pijetan 2_rotate_90.jpg,53 Sekar Pijetan,774,1,test
/kaggle/input/datasets/hertiyani/batik-nitik-960-official-mendeley/Batik Nitik 960/Batik Nitik 960 Images/53 Sekar Pijetan 3.jpg,53 Sekar Pijetan 3.jpg,53 Sekar Pijetan,776,1,train
/kaggle/input/datasets/hertiyani/batik-nitik-960-official-mendeley/Batik Nitik 960/Batik Nitik 960 Images/53 Sekar Pijetan 3_rotate_180.jpg,53 Sekar Pijetan 3_rotate_180.jpg,53 Sekar Pijetan,776,1,train
/kaggle/input/datasets/hertiyani/batik-nitik-960-official-mendeley/Batik Nitik 960/Batik Nitik 960 Images/53 Sekar Pijetan 3_rotate_270.jpg,53 Sekar Pijetan 3_rotate_270.jpg,53 Sekar Pijetan,778,1,test
/kaggle/input/datasets/hertiyani/batik-nitik-960-official-mendeley/Batik Nitik 960/Batik Nitik 960 Images/53 Sekar Pijetan 3_rotate_90.jpg,53 Sekar Pijetan 3_rotate_90.jpg,53 Sekar Pijetan,778,1,test
/kaggle/input/datasets/hertiyani/batik-nitik-960-official-mendeley/Batik Nitik 960/Batik Nitik 960 Images/53 Sekar Pijetan 4.jpg,53 Sekar Pijetan 4.jpg,53 Sekar Pijetan,780,1,train
/kaggle/input/datasets/hertiyani/batik-nitik-960-official-mendeley/Batik Nitik 960/Batik Nitik 960 Images/53 Sekar Pijetan 4_rotate_180.jpg,53 Sekar Pijetan 4_rotate_180.jpg,53 Sekar Pijetan,780,1,train
/kaggle/input/datasets/hertiyani/batik-nitik-960-official-mendeley/Batik Nitik 960/Batik Nitik 960 Images/53 Sekar Pijetan 4_rotate_270.jpg,53 Sekar Pijetan 4_rotate_270.jpg,53 Sekar Pijetan,782,1,train
/kaggle/input/datasets/hertiyani/batik-nitik-960-official-mendeley/Batik Nitik 960/Batik Nitik 960 Images/53 Sekar Pijetan 4_rotate_90.jpg,53 Sekar Pijetan 4_rotate_90.jpg,53 Sekar Pijetan,782,1,train
/kaggle/input/datasets/hertiyani/batik-nitik-960-official-mendeley/Batik Nitik 960/Batik Nitik 960 Images/54 Sari Mulat 1.jpg,54 Sari Mulat 1.jpg,54 Sari Mulat,784,1,train
/kaggle/input/datasets/hertiyani/batik-nitik-960-official-mendeley/Batik Nitik 960/Batik Nitik 960 Images/54 Sari Mulat 1_rotate_180.jpg,54 Sari Mulat 1_rotate_180.jpg,54 Sari Mulat,784,1,train
/kaggle/input/datasets/hertiyani/batik-nitik-960-official-mendeley/Batik Nitik 960/Batik Nitik 960 Images/54 Sari Mulat 1_rotate_270.jpg,54 Sari Mulat 1_rotate_270.jpg,54 Sari Mulat,786,1,test
/kaggle/input/datasets/hertiyani/batik-nitik-960-official-mendeley/Batik Nitik 960/Batik Nitik 960 Images/54 Sari Mulat 1_rotate_90.jpg,54 Sari Mulat 1_rotate_90.jpg,54 Sari Mulat,786,1,test
/kaggle/input/datasets/hertiyani/batik-nitik-960-official-mendeley/Batik Nitik 960/Batik Nitik 960 Images/54 Sari Mulat 2.jpg,54 Sari Mulat 2.jpg,54 Sari Mulat,788,1,test
/kaggle/input/datasets/hertiyani/batik-nitik-960-official-mendeley/Batik Nitik 960/Batik Nitik 960 Images/54 Sari Mulat 2_rotate_180.jpg,54 Sari Mulat 2_rotate_180.jpg,54 Sari Mulat,788,1,test
/kaggle/input/datasets/hertiyani/batik-nitik-960-official-mendeley/Batik Nitik 960/Batik Nitik 960 Images/54 Sari Mulat 2_rotate_270.jpg,54 Sari Mulat 2_rotate_270.jpg,54 Sari Mulat,790,1,train
/kaggle/input/datasets/hertiyani/batik-nitik-960-official-mendeley/Batik Nitik 960/Batik Nitik 960 Images/54 Sari Mulat 2_rotate_90.jpg,54 Sari Mulat 2_rotate_90.jpg,54 Sari Mulat,790,1,train
/kaggle/input/datasets/hertiyani/batik-nitik-960-official-mendeley/Batik Nitik 960/Batik Nitik 960 Images/54 Sari Mulat 3.jpg,54 Sari Mulat 3.jpg,54 Sari Mulat,792,1,train
/kaggle/input/datasets/hertiyani/batik-nitik-960-official-mendeley/Batik Nitik 960/Batik Nitik 960 Images/54 Sari Mulat 3_rotate_180.jpg,54 Sari Mulat 3_rotate_180.jpg,54 Sari Mulat,792,1,train
/kaggle/input/datasets/hertiyani/batik-nitik-960-official-mendeley/Batik Nitik 960/Batik Nitik 960 Images/54 Sari Mulat 3_rotate_270.jpg,54 Sari Mulat 3_rotate_270.jpg,54 Sari Mulat,794,1,train
/kaggle/input/datasets/hertiyani/batik-nitik-960-official-mendeley/Batik Nitik 960/Batik Nitik 960 Images/54 Sari Mulat 3_rotate_90.jpg,54 Sari Mulat 3_rotate_90.jpg,54 Sari Mulat,794,1,train
/kaggle/input/datasets/hertiyani/batik-nitik-960-official-mendeley/Batik Nitik 960/Batik Nitik 960 Images/54 Sari Mulat 4.jpg,54 Sari Mulat 4.jpg,54 Sari Mulat,796,1,train
/kaggle/input/datasets/hertiyani/batik-nitik-960-official-mendeley/Batik Nitik 960/Batik Nitik 960 Images/54 Sari Mulat 4_rotate_180.jpg,54 Sari Mulat 4_rotate_180.jpg,54 Sari Mulat,796,1,train
/kaggle/input/datasets/hertiyani/batik-nitik-960-official-mendeley/Batik Nitik 960/Batik Nitik 960 Images/54 Sari Mulat 4_rotate_270.jpg,54 Sari Mulat 4_rotate_270.jpg,54 Sari Mulat,798,1,test
/kaggle/input/datasets/hertiyani/batik-nitik-960-official-mendeley/Batik Nitik 960/Batik Nitik 960 Images/54 Sari Mulat 4_rotate_90.jpg,54 Sari Mulat 4_rotate_90.jpg,54 Sari Mulat,798,1,test
/kaggle/input/datasets/hertiyani/batik-nitik-960-official-mendeley/Batik Nitik 960/Batik Nitik 960 Images/55 Sekar Mrica 1.jpg,55 Sekar Mrica 1.jpg,55 Sekar Mrica,800,1,train
/kaggle/input/datasets/hertiyani/batik-nitik-960-official-mendeley/Batik Nitik 960/Batik Nitik 960 Images/55 Sekar Mrica 1_rotate_180.jpg,55 Sekar Mrica 1_rotate_180.jpg,55 Sekar Mrica,800,1,train
/kaggle/input/datasets/hertiyani/batik-nitik-960-official-mendeley/Batik Nitik 960/Batik Nitik 960 Images/55 Sekar Mrica 1_rotate_270.jpg,55 Sekar Mrica 1_rotate_270.jpg,55 Sekar Mrica,802,1,train
/kaggle/input/datasets/hertiyani/batik-nitik-960-official-mendeley/Batik Nitik 960/Batik Nitik 960 Images/55 Sekar Mrica 1_rotate_90.jpg,55 Sekar Mrica 1_rotate_90.jpg,55 Sekar Mrica,802,1,train
/kaggle/input/datasets/hertiyani/batik-nitik-960-official-mendeley/Batik Nitik 960/Batik Nitik 960 Images/55 Sekar Mrica 2.jpg,55 Sekar Mrica 2.jpg,55 Sekar Mrica,804,1,train
/kaggle/input/datasets/hertiyani/batik-nitik-960-official-mendeley/Batik Nitik 960/Batik Nitik 960 Images/55 Sekar Mrica 2_rotate_180.jpg,55 Sekar Mrica 2_rotate_180.jpg,55 Sekar Mrica,804,1,train
/kaggle/input/datasets/hertiyani/batik-nitik-960-official-mendeley/Batik Nitik 960/Batik Nitik 960 Images/55 Sekar Mrica 2_rotate_270.jpg,55 Sekar Mrica 2_rotate_270.jpg,55 Sekar Mrica,806,1,test
/kaggle/input/datasets/hertiyani/batik-nitik-960-official-mendeley/Batik Nitik 960/Batik Nitik 960 Images/55 Sekar Mrica 2_rotate_90.jpg,55 Sekar Mrica 2_rotate_90.jpg,55 Sekar Mrica,806,1,test
/kaggle/input/datasets/hertiyani/batik-nitik-960-official-mendeley/Batik Nitik 960/Batik Nitik 960 Images/55 Sekar Mrica 3.jpg,55 Sekar Mrica 3.jpg,55 Sekar Mrica,808,1,train
/kaggle/input/datasets/hertiyani/batik-nitik-960-official-mendeley/Batik Nitik 960/Batik Nitik 960 Images/55 Sekar Mrica 3_rotate_180.jpg,55 Sekar Mrica 3_rotate_180.jpg,55 Sekar Mrica,808,1,train
/kaggle/input/datasets/hertiyani/batik-nitik-960-official-mendeley/Batik Nitik 960/Batik Nitik 960 Images/55 Sekar Mrica 3_rotate_270.jpg,55 Sekar Mrica 3_rotate_270.jpg,55 Sekar Mrica,810,1,test
/kaggle/input/datasets/hertiyani/batik-nitik-960-official-mendeley/Batik Nitik 960/Batik Nitik 960 Images/55 Sekar Mrica 3_rotate_90.jpg,55 Sekar Mrica 3_rotate_90.jpg,55 Sekar Mrica,810,1,test
/kaggle/input/datasets/hertiyani/batik-nitik-960-official-mendeley/Batik Nitik 960/Batik Nitik 960 Images/55 Sekar Mrica 4.jpg,55 Sekar Mrica 4.jpg,55 Sekar Mrica,812,1,test
/kaggle/input/datasets/hertiyani/batik-nitik-960-official-mendeley/Batik Nitik 960/Batik Nitik 960 Images/55 Sekar Mrica 4_rotate_180.jpg,55 Sekar Mrica 4_rotate_180.jpg,55 Sekar Mrica,812,1,test
/kaggle/input/datasets/hertiyani/batik-nitik-960-official-mendeley/Batik Nitik 960/Batik Nitik 960 Images/55 Sekar Mrica 4_rotate_270.jpg,55 Sekar Mrica 4_rotate_270.jpg,55 Sekar Mrica,814,1,train
/kaggle/input/datasets/hertiyani/batik-nitik-960-official-mendeley/Batik Nitik 960/Batik Nitik 960 Images/55 Sekar Mrica 4_rotate_90.jpg,55 Sekar Mrica 4_rotate_90.jpg,55 Sekar Mrica,814,1,train
/kaggle/input/datasets/hertiyani/batik-nitik-960-official-mendeley/Batik Nitik 960/Batik Nitik 960 Images/56 Sekar Kepel 1.jpg,56 Sekar Kepel 1.jpg,56 Sekar Kepel,816,1,train
/kaggle/input/datasets/hertiyani/batik-nitik-960-official-mendeley/Batik Nitik 960/Batik Nitik 960 Images/56 Sekar Kepel 1_rotate_180.jpg,56 Sekar Kepel 1_rotate_180.jpg,56 Sekar Kepel,816,1,train
/kaggle/input/datasets/hertiyani/batik-nitik-960-official-mendeley/Batik Nitik 960/Batik Nitik 960 Images/56 Sekar Kepel 1_rotate_270.jpg,56 Sekar Kepel 1_rotate_270.jpg,56 Sekar Kepel,816,1,train
/kaggle/input/datasets/hertiyani/batik-nitik-960-official-mendeley/Batik Nitik 960/Batik Nitik 960 Images/56 Sekar Kepel 1_rotate_90.jpg,56 Sekar Kepel 1_rotate_90.jpg,56 Sekar Kepel,816,1,train
/kaggle/input/datasets/hertiyani/batik-nitik-960-official-mendeley/Batik Nitik 960/Batik Nitik 960 Images/56 Sekar Kepel 2.jpg,56 Sekar Kepel 2.jpg,56 Sekar Kepel,820,1,train
/kaggle/input/datasets/hertiyani/batik-nitik-960-official-mendeley/Batik Nitik 960/Batik Nitik 960 Images/56 Sekar Kepel 2_rotate_180.jpg,56 Sekar Kepel 2_rotate_180.jpg,56 Sekar Kepel,820,1,train
/kaggle/input/datasets/hertiyani/batik-nitik-960-official-mendeley/Batik Nitik 960/Batik Nitik 960 Images/56 Sekar Kepel 2_rotate_270.jpg,56 Sekar Kepel 2_rotate_270.jpg,56 Sekar Kepel,822,1,test
/kaggle/input/datasets/hertiyani/batik-nitik-960-official-mendeley/Batik Nitik 960/Batik Nitik 960 Images/56 Sekar Kepel 2_rotate_90.jpg,56 Sekar Kepel 2_rotate_90.jpg,56 Sekar Kepel,822,1,test
/kaggle/input/datasets/hertiyani/batik-nitik-960-official-mendeley/Batik Nitik 960/Batik Nitik 960 Images/56 Sekar Kepel 3.jpg,56 Sekar Kepel 3.jpg,56 Sekar Kepel,824,1,train
/kaggle/input/datasets/hertiyani/batik-nitik-960-official-mendeley/Batik Nitik 960/Batik Nitik 960 Images/56 Sekar Kepel 3_rotate_180.jpg,56 Sekar Kepel 3_rotate_180.jpg,56 Sekar Kepel,824,1,train
/kaggle/input/datasets/hertiyani/batik-nitik-960-official-mendeley/Batik Nitik 960/Batik Nitik 960 Images/56 Sekar Kepel 3_rotate_270.jpg,56 Sekar Kepel 3_rotate_270.jpg,56 Sekar Kepel,826,1,test
/kaggle/input/datasets/hertiyani/batik-nitik-960-official-mendeley/Batik Nitik 960/Batik Nitik 960 Images/56 Sekar Kepel 3_rotate_90.jpg,56 Sekar Kepel 3_rotate_90.jpg,56 Sekar Kepel,826,1,test
/kaggle/input/datasets/hertiyani/batik-nitik-960-official-mendeley/Batik Nitik 960/Batik Nitik 960 Images/56 Sekar Kepel 4.jpg,56 Sekar Kepel 4.jpg,56 Sekar Kepel,828,1,test
/kaggle/input/datasets/hertiyani/batik-nitik-960-official-mendeley/Batik Nitik 960/Batik Nitik 960 Images/56 Sekar Kepel 4_rotate_180.jpg,56 Sekar Kepel 4_rotate_180.jpg,56 Sekar Kepel,828,1,test
/kaggle/input/datasets/hertiyani/batik-nitik-960-official-mendeley/Batik Nitik 960/Batik Nitik 960 Images/56 Sekar Kepel 4_rotate_270.jpg,56 Sekar Kepel 4_rotate_270.jpg,56 Sekar Kepel,830,1,train
/kaggle/input/datasets/hertiyani/batik-nitik-960-official-mendeley/Batik Nitik 960/Batik Nitik 960 Images/56 Sekar Kepel 4_rotate_90.jpg,56 Sekar Kepel 4_rotate_90.jpg,56 Sekar Kepel,830,1,train
/kaggle/input/datasets/hertiyani/batik-nitik-960-official-mendeley/Batik Nitik 960/Batik Nitik 960 Images/57 Truntum Kurung 1.jpg,57 Truntum Kurung 1.jpg,57 Truntum Kurung,832,1,train
/kaggle/input/datasets/hertiyani/batik-nitik-960-official-mendeley/Batik Nitik 960/Batik Nitik 960 Images/57 Truntum Kurung 1_rotate_180.jpg,57 Truntum Kurung 1_rotate_180.jpg,57 Truntum Kurung,832,1,train
/kaggle/input/datasets/hertiyani/batik-nitik-960-official-mendeley/Batik Nitik 960/Batik Nitik 960 Images/57 Truntum Kurung 1_rotate_270.jpg,57 Truntum Kurung 1_rotate_270.jpg,57 Truntum Kurung,832,1,train
/kaggle/input/datasets/hertiyani/batik-nitik-960-official-mendeley/Batik Nitik 960/Batik Nitik 960 Images/57 Truntum Kurung 1_rotate_90.jpg,57 Truntum Kurung 1_rotate_90.jpg,57 Truntum Kurung,832,1,train
/kaggle/input/datasets/hertiyani/batik-nitik-960-official-mendeley/Batik Nitik 960/Batik Nitik 960 Images/57 Truntum Kurung 2.jpg,57 Truntum Kurung 2.jpg,57 Truntum Kurung,836,1,test
/kaggle/input/datasets/hertiyani/batik-nitik-960-official-mendeley/Batik Nitik 960/Batik Nitik 960 Images/57 Truntum Kurung 2_rotate_180.jpg,57 Truntum Kurung 2_rotate_180.jpg,57 Truntum Kurung,836,1,test
/kaggle/input/datasets/hertiyani/batik-nitik-960-official-mendeley/Batik Nitik 960/Batik Nitik 960 Images/57 Truntum Kurung 2_rotate_270.jpg,57 Truntum Kurung 2_rotate_270.jpg,57 Truntum Kurung,838,1,train
/kaggle/input/datasets/hertiyani/batik-nitik-960-official-mendeley/Batik Nitik 960/Batik Nitik 960 Images/57 Truntum Kurung 2_rotate_90.jpg,57 Truntum Kurung 2_rotate_90.jpg,57 Truntum Kurung,838,1,train
/kaggle/input/datasets/hertiyani/batik-nitik-960-official-mendeley/Batik Nitik 960/Batik Nitik 960 Images/57 Truntum Kurung 3.jpg,57 Truntum Kurung 3.jpg,57 Truntum Kurung,840,1,test
/kaggle/input/datasets/hertiyani/batik-nitik-960-official-mendeley/Batik Nitik 960/Batik Nitik 960 Images/57 Truntum Kurung 3_rotate_180.jpg,57 Truntum Kurung 3_rotate_180.jpg,57 Truntum Kurung,840,1,test
/kaggle/input/datasets/hertiyani/batik-nitik-960-official-mendeley/Batik Nitik 960/Batik Nitik 960 Images/57 Truntum Kurung 3_rotate_270.jpg,57 Truntum Kurung 3_rotate_270.jpg,57 Truntum Kurung,842,1,test
/kaggle/input/datasets/hertiyani/batik-nitik-960-official-mendeley/Batik Nitik 960/Batik Nitik 960 Images/57 Truntum Kurung 3_rotate_90.jpg,57 Truntum Kurung 3_rotate_90.jpg,57 Truntum Kurung,842,1,test
/kaggle/input/datasets/hertiyani/batik-nitik-960-official-mendeley/Batik Nitik 960/Batik Nitik 960 Images/57 Truntum Kurung 4.jpg,57 Truntum Kurung 4.jpg,57 Truntum Kurung,844,1,train
/kaggle/input/datasets/hertiyani/batik-nitik-960-official-mendeley/Batik Nitik 960/Batik Nitik 960 Images/57 Truntum Kurung 4_rotate_180.jpg,57 Truntum Kurung 4_rotate_180.jpg,57 Truntum Kurung,844,1,train
/kaggle/input/datasets/hertiyani/batik-nitik-960-official-mendeley/Batik Nitik 960/Batik Nitik 960 Images/57 Truntum Kurung 4_rotate_270.jpg,57 Truntum Kurung 4_rotate_270.jpg,57 Truntum Kurung,844,1,train
/kaggle/input/datasets/hertiyani/batik-nitik-960-official-mendeley/Batik Nitik 960/Batik Nitik 960 Images/57 Truntum Kurung 4_rotate_90.jpg,57 Truntum Kurung 4_rotate_90.jpg,57 Truntum Kurung,844,1,train
/kaggle/input/datasets/hertiyani/batik-nitik-960-official-mendeley/Batik Nitik 960/Batik Nitik 960 Images/58 Jayakusuma 1.jpg,58 Jayakusuma 1.jpg,58 Jayakusuma,848,1,test
/kaggle/input/datasets/hertiyani/batik-nitik-960-official-mendeley/Batik Nitik 960/Batik Nitik 960 Images/58 Jayakusuma 1_rotate_180.jpg,58 Jayakusuma 1_rotate_180.jpg,58 Jayakusuma,848,1,test
/kaggle/input/datasets/hertiyani/batik-nitik-960-official-mendeley/Batik Nitik 960/Batik Nitik 960 Images/58 Jayakusuma 1_rotate_270.jpg,58 Jayakusuma 1_rotate_270.jpg,58 Jayakusuma,850,1,train
/kaggle/input/datasets/hertiyani/batik-nitik-960-official-mendeley/Batik Nitik 960/Batik Nitik 960 Images/58 Jayakusuma 1_rotate_90.jpg,58 Jayakusuma 1_rotate_90.jpg,58 Jayakusuma,850,1,train
/kaggle/input/datasets/hertiyani/batik-nitik-960-official-mendeley/Batik Nitik 960/Batik Nitik 960 Images/58 Jayakusuma 2.jpg,58 Jayakusuma 2.jpg,58 Jayakusuma,852,1,test
/kaggle/input/datasets/hertiyani/batik-nitik-960-official-mendeley/Batik Nitik 960/Batik Nitik 960 Images/58 Jayakusuma 2_rotate_180.jpg,58 Jayakusuma 2_rotate_180.jpg,58 Jayakusuma,852,1,test
/kaggle/input/datasets/hertiyani/batik-nitik-960-official-mendeley/Batik Nitik 960/Batik Nitik 960 Images/58 Jayakusuma 2_rotate_270.jpg,58 Jayakusuma 2_rotate_270.jpg,58 Jayakusuma,854,1,train
/kaggle/input/datasets/hertiyani/batik-nitik-960-official-mendeley/Batik Nitik 960/Batik Nitik 960 Images/58 Jayakusuma 2_rotate_90.jpg,58 Jayakusuma 2_rotate_90.jpg,58 Jayakusuma,854,1,train
/kaggle/input/datasets/hertiyani/batik-nitik-960-official-mendeley/Batik Nitik 960/Batik Nitik 960 Images/58 Jayakusuma 3.jpg,58 Jayakusuma 3.jpg,58 Jayakusuma,856,1,test
/kaggle/input/datasets/hertiyani/batik-nitik-960-official-mendeley/Batik Nitik 960/Batik Nitik 960 Images/58 Jayakusuma 3_rotate_180.jpg,58 Jayakusuma 3_rotate_180.jpg,58 Jayakusuma,856,1,test
/kaggle/input/datasets/hertiyani/batik-nitik-960-official-mendeley/Batik Nitik 960/Batik Nitik 960 Images/58 Jayakusuma 3_rotate_270.jpg,58 Jayakusuma 3_rotate_270.jpg,58 Jayakusuma,858,1,train
/kaggle/input/datasets/hertiyani/batik-nitik-960-official-mendeley/Batik Nitik 960/Batik Nitik 960 Images/58 Jayakusuma 3_rotate_90.jpg,58 Jayakusuma 3_rotate_90.jpg,58 Jayakusuma,858,1,train
/kaggle/input/datasets/hertiyani/batik-nitik-960-official-mendeley/Batik Nitik 960/Batik Nitik 960 Images/58 Jayakusuma 4.jpg,58 Jayakusuma 4.jpg,58 Jayakusuma,860,1,train
/kaggle/input/datasets/hertiyani/batik-nitik-960-official-mendeley/Batik Nitik 960/Batik Nitik 960 Images/58 Jayakusuma 4_rotate_180.jpg,58 Jayakusuma 4_rotate_180.jpg,58 Jayakusuma,860,1,train
/kaggle/input/datasets/hertiyani/batik-nitik-960-official-mendeley/Batik Nitik 960/Batik Nitik 960 Images/58 Jayakusuma 4_rotate_270.jpg,58 Jayakusuma 4_rotate_270.jpg,58 Jayakusuma,860,1,train
/kaggle/input/datasets/hertiyani/batik-nitik-960-official-mendeley/Batik Nitik 960/Batik Nitik 960 Images/58 Jayakusuma 4_rotate_90.jpg,58 Jayakusuma 4_rotate_90.jpg,58 Jayakusuma,860,1,train
/kaggle/input/datasets/hertiyani/batik-nitik-960-official-mendeley/Batik Nitik 960/Batik Nitik 960 Images/59 Rengganis 1.jpg,59 Rengganis 1.jpg,59 Rengganis,864,1,train
/kaggle/input/datasets/hertiyani/batik-nitik-960-official-mendeley/Batik Nitik 960/Batik Nitik 960 Images/59 Rengganis 1_rotate_180.jpg,59 Rengganis 1_rotate_180.jpg,59 Rengganis,864,1,train
/kaggle/input/datasets/hertiyani/batik-nitik-960-official-mendeley/Batik Nitik 960/Batik Nitik 960 Images/59 Rengganis 1_rotate_270.jpg,59 Rengganis 1_rotate_270.jpg,59 Rengganis,866,1,test
/kaggle/input/datasets/hertiyani/batik-nitik-960-official-mendeley/Batik Nitik 960/Batik Nitik 960 Images/59 Rengganis 1_rotate_90.jpg,59 Rengganis 1_rotate_90.jpg,59 Rengganis,866,1,test
/kaggle/input/datasets/hertiyani/batik-nitik-960-official-mendeley/Batik Nitik 960/Batik Nitik 960 Images/59 Rengganis 2.jpg,59 Rengganis 2.jpg,59 Rengganis,868,1,train
/kaggle/input/datasets/hertiyani/batik-nitik-960-official-mendeley/Batik Nitik 960/Batik Nitik 960 Images/59 Rengganis 2_rotate_180.jpg,59 Rengganis 2_rotate_180.jpg,59 Rengganis,868,1,train
/kaggle/input/datasets/hertiyani/batik-nitik-960-official-mendeley/Batik Nitik 960/Batik Nitik 960 Images/59 Rengganis 2_rotate_270.jpg,59 Rengganis 2_rotate_270.jpg,59 Rengganis,870,1,train
/kaggle/input/datasets/hertiyani/batik-nitik-960-official-mendeley/Batik Nitik 960/Batik Nitik 960 Images/59 Rengganis 2_rotate_90.jpg,59 Rengganis 2_rotate_90.jpg,59 Rengganis,870,1,train
/kaggle/input/datasets/hertiyani/batik-nitik-960-official-mendeley/Batik Nitik 960/Batik Nitik 960 Images/59 Rengganis 3.jpg,59 Rengganis 3.jpg,59 Rengganis,872,1,train
/kaggle/input/datasets/hertiyani/batik-nitik-960-official-mendeley/Batik Nitik 960/Batik Nitik 960 Images/59 Rengganis 3_rotate_180.jpg,59 Rengganis 3_rotate_180.jpg,59 Rengganis,872,1,train
/kaggle/input/datasets/hertiyani/batik-nitik-960-official-mendeley/Batik Nitik 960/Batik Nitik 960 Images/59 Rengganis 3_rotate_270.jpg,59 Rengganis 3_rotate_270.jpg,59 Rengganis,872,1,train
/kaggle/input/datasets/hertiyani/batik-nitik-960-official-mendeley/Batik Nitik 960/Batik Nitik 960 Images/59 Rengganis 3_rotate_90.jpg,59 Rengganis 3_rotate_90.jpg,59 Rengganis,872,1,train
/kaggle/input/datasets/hertiyani/batik-nitik-960-official-mendeley/Batik Nitik 960/Batik Nitik 960 Images/59 Rengganis 4.jpg,59 Rengganis 4.jpg,59 Rengganis,876,1,test
/kaggle/input/datasets/hertiyani/batik-nitik-960-official-mendeley/Batik Nitik 960/Batik Nitik 960 Images/59 Rengganis 4_rotate_180.jpg,59 Rengganis 4_rotate_180.jpg,59 Rengganis,876,1,test
/kaggle/input/datasets/hertiyani/batik-nitik-960-official-mendeley/Batik Nitik 960/Batik Nitik 960 Images/59 Rengganis 4_rotate_270.jpg,59 Rengganis 4_rotate_270.jpg,59 Rengganis,878,1,test
/kaggle/input/datasets/hertiyani/batik-nitik-960-official-mendeley/Batik Nitik 960/Batik Nitik 960 Images/59 Rengganis 4_rotate_90.jpg,59 Rengganis 4_rotate_90.jpg,59 Rengganis,878,1,test
/kaggle/input/datasets/hertiyani/batik-nitik-960-official-mendeley/Batik Nitik 960/Batik Nitik 960 Images/6 Arumdalu 1.jpg,6 Arumdalu 1.jpg,6 Arumdalu,880,1,train
/kaggle/input/datasets/hertiyani/batik-nitik-960-official-mendeley/Batik Nitik 960/Batik Nitik 960 Images/6 Arumdalu 1_rotate_180.jpg,6 Arumdalu 1_rotate_180.jpg,6 Arumdalu,880,1,train
/kaggle/input/datasets/hertiyani/batik-nitik-960-official-mendeley/Batik Nitik 960/Batik Nitik 960 Images/6 Arumdalu 1_rotate_270.jpg,6 Arumdalu 1_rotate_270.jpg,6 Arumdalu,880,1,train
/kaggle/input/datasets/hertiyani/batik-nitik-960-official-mendeley/Batik Nitik 960/Batik Nitik 960 Images/6 Arumdalu 1_rotate_90.jpg,6 Arumdalu 1_rotate_90.jpg,6 Arumdalu,880,1,train
/kaggle/input/datasets/hertiyani/batik-nitik-960-official-mendeley/Batik Nitik 960/Batik Nitik 960 Images/6 Arumdalu 2.jpg,6 Arumdalu 2.jpg,6 Arumdalu,884,1,train
/kaggle/input/datasets/hertiyani/batik-nitik-960-official-mendeley/Batik Nitik 960/Batik Nitik 960 Images/6 Arumdalu 2_rotate_180.jpg,6 Arumdalu 2_rotate_180.jpg,6 Arumdalu,884,1,train
/kaggle/input/datasets/hertiyani/batik-nitik-960-official-mendeley/Batik Nitik 960/Batik Nitik 960 Images/6 Arumdalu 2_rotate_270.jpg,6 Arumdalu 2_rotate_270.jpg,6 Arumdalu,886,1,test
/kaggle/input/datasets/hertiyani/batik-nitik-960-official-mendeley/Batik Nitik 960/Batik Nitik 960 Images/6 Arumdalu 2_rotate_90.jpg,6 Arumdalu 2_rotate_90.jpg,6 Arumdalu,886,1,test
/kaggle/input/datasets/hertiyani/batik-nitik-960-official-mendeley/Batik Nitik 960/Batik Nitik 960 Images/6 Arumdalu 3.jpg,6 Arumdalu 3.jpg,6 Arumdalu,888,1,test
/kaggle/input/datasets/hertiyani/batik-nitik-960-official-mendeley/Batik Nitik 960/Batik Nitik 960 Images/6 Arumdalu 3_rotate_180.jpg,6 Arumdalu 3_rotate_180.jpg,6 Arumdalu,888,1,test
/kaggle/input/datasets/hertiyani/batik-nitik-960-official-mendeley/Batik Nitik 960/Batik Nitik 960 Images/6 Arumdalu 3_rotate_270.jpg,6 Arumdalu 3_rotate_270.jpg,6 Arumdalu,888,1,test
/kaggle/input/datasets/hertiyani/batik-nitik-960-official-mendeley/Batik Nitik 960/Batik Nitik 960 Images/6 Arumdalu 3_rotate_90.jpg,6 Arumdalu 3_rotate_90.jpg,6 Arumdalu,888,1,test
/kaggle/input/datasets/hertiyani/batik-nitik-960-official-mendeley/Batik Nitik 960/Batik Nitik 960 Images/6 Arumdalu 4.jpg,6 Arumdalu 4.jpg,6 Arumdalu,892,1,test
/kaggle/input/datasets/hertiyani/batik-nitik-960-official-mendeley/Batik Nitik 960/Batik Nitik 960 Images/6 Arumdalu 4_rotate_180.jpg,6 Arumdalu 4_rotate_180.jpg,6 Arumdalu,892,1,test
/kaggle/input/datasets/hertiyani/batik-nitik-960-official-mendeley/Batik Nitik 960/Batik Nitik 960 Images/6 Arumdalu 4_rotate_270.jpg,6 Arumdalu 4_rotate_270.jpg,6 Arumdalu,894,1,train
/kaggle/input/datasets/hertiyani/batik-nitik-960-official-mendeley/Batik Nitik 960/Batik Nitik 960 Images/6 Arumdalu 4_rotate_90.jpg,6 Arumdalu 4_rotate_90.jpg,6 Arumdalu,894,1,train
/kaggle/input/datasets/hertiyani/batik-nitik-960-official-mendeley/Batik Nitik 960/Batik Nitik 960 Images/60 Sekar Gambir 1.jpg,60 Sekar Gambir 1.jpg,60 Sekar Gambir,896,1,train
/kaggle/input/datasets/hertiyani/batik-nitik-960-official-mendeley/Batik Nitik 960/Batik Nitik 960 Images/60 Sekar Gambir 1_rotate_180.jpg,60 Sekar Gambir 1_rotate_180.jpg,60 Sekar Gambir,896,1,train
/kaggle/input/datasets/hertiyani/batik-nitik-960-official-mendeley/Batik Nitik 960/Batik Nitik 960 Images/60 Sekar Gambir 1_rotate_270.jpg,60 Sekar Gambir 1_rotate_270.jpg,60 Sekar Gambir,898,1,train
/kaggle/input/datasets/hertiyani/batik-nitik-960-official-mendeley/Batik Nitik 960/Batik Nitik 960 Images/60 Sekar Gambir 1_rotate_90.jpg,60 Sekar Gambir 1_rotate_90.jpg,60 Sekar Gambir,898,1,train
/kaggle/input/datasets/hertiyani/batik-nitik-960-official-mendeley/Batik Nitik 960/Batik Nitik 960 Images/60 Sekar Gambir 2.jpg,60 Sekar Gambir 2.jpg,60 Sekar Gambir,900,1,train
/kaggle/input/datasets/hertiyani/batik-nitik-960-official-mendeley/Batik Nitik 960/Batik Nitik 960 Images/60 Sekar Gambir 2_rotate_180.jpg,60 Sekar Gambir 2_rotate_180.jpg,60 Sekar Gambir,900,1,train
/kaggle/input/datasets/hertiyani/batik-nitik-960-official-mendeley/Batik Nitik 960/Batik Nitik 960 Images/60 Sekar Gambir 2_rotate_270.jpg,60 Sekar Gambir 2_rotate_270.jpg,60 Sekar Gambir,902,1,test
/kaggle/input/datasets/hertiyani/batik-nitik-960-official-mendeley/Batik Nitik 960/Batik Nitik 960 Images/60 Sekar Gambir 2_rotate_90.jpg,60 Sekar Gambir 2_rotate_90.jpg,60 Sekar Gambir,902,1,test
/kaggle/input/datasets/hertiyani/batik-nitik-960-official-mendeley/Batik Nitik 960/Batik Nitik 960 Images/60 Sekar Gambir 3.jpg,60 Sekar Gambir 3.jpg,60 Sekar Gambir,904,1,train
/kaggle/input/datasets/hertiyani/batik-nitik-960-official-mendeley/Batik Nitik 960/Batik Nitik 960 Images/60 Sekar Gambir 3_rotate_180.jpg,60 Sekar Gambir 3_rotate_180.jpg,60 Sekar Gambir,904,1,train
/kaggle/input/datasets/hertiyani/batik-nitik-960-official-mendeley/Batik Nitik 960/Batik Nitik 960 Images/60 Sekar Gambir 3_rotate_270.jpg,60 Sekar Gambir 3_rotate_270.jpg,60 Sekar Gambir,904,1,train
/kaggle/input/datasets/hertiyani/batik-nitik-960-official-mendeley/Batik Nitik 960/Batik Nitik 960 Images/60 Sekar Gambir 3_rotate_90.jpg,60 Sekar Gambir 3_rotate_90.jpg,60 Sekar Gambir,904,1,train
/kaggle/input/datasets/hertiyani/batik-nitik-960-official-mendeley/Batik Nitik 960/Batik Nitik 960 Images/60 Sekar Gambir 4.jpg,60 Sekar Gambir 4.jpg,60 Sekar Gambir,908,1,test
/kaggle/input/datasets/hertiyani/batik-nitik-960-official-mendeley/Batik Nitik 960/Batik Nitik 960 Images/60 Sekar Gambir 4_rotate_180.jpg,60 Sekar Gambir 4_rotate_180.jpg,60 Sekar Gambir,908,1,test
/kaggle/input/datasets/hertiyani/batik-nitik-960-official-mendeley/Batik Nitik 960/Batik Nitik 960 Images/60 Sekar Gambir 4_rotate_270.jpg,60 Sekar Gambir 4_rotate_270.jpg,60 Sekar Gambir,910,1,test
/kaggle/input/datasets/hertiyani/batik-nitik-960-official-mendeley/Batik Nitik 960/Batik Nitik 960 Images/60 Sekar Gambir 4_rotate_90.jpg,60 Sekar Gambir 4_rotate_90.jpg,60 Sekar Gambir,910,1,test
/kaggle/input/datasets/hertiyani/batik-nitik-960-official-mendeley/Batik Nitik 960/Batik Nitik 960 Images/7 Sekar Srigadhing 1.jpg,7 Sekar Srigadhing 1.jpg,7 Sekar Srigadhing,912,1,train
/kaggle/input/datasets/hertiyani/batik-nitik-960-official-mendeley/Batik Nitik 960/Batik Nitik 960 Images/7 Sekar Srigadhing 1_rotate_180.jpg,7 Sekar Srigadhing 1_rotate_180.jpg,7 Sekar Srigadhing,912,1,train
/kaggle/input/datasets/hertiyani/batik-nitik-960-official-mendeley/Batik Nitik 960/Batik Nitik 960 Images/7 Sekar Srigadhing 1_rotate_270.jpg,7 Sekar Srigadhing 1_rotate_270.jpg,7 Sekar Srigadhing,914,1,test
/kaggle/input/datasets/hertiyani/batik-nitik-960-official-mendeley/Batik Nitik 960/Batik Nitik 960 Images/7 Sekar Srigadhing 1_rotate_90.jpg,7 Sekar Srigadhing 1_rotate_90.jpg,7 Sekar Srigadhing,914,1,test
/kaggle/input/datasets/hertiyani/batik-nitik-960-official-mendeley/Batik Nitik 960/Batik Nitik 960 Images/7 Sekar Srigadhing 2.jpg,7 Sekar Srigadhing 2.jpg,7 Sekar Srigadhing,916,1,train
/kaggle/input/datasets/hertiyani/batik-nitik-960-official-mendeley/Batik Nitik 960/Batik Nitik 960 Images/7 Sekar Srigadhing 2_rotate_180.jpg,7 Sekar Srigadhing 2_rotate_180.jpg,7 Sekar Srigadhing,916,1,train
/kaggle/input/datasets/hertiyani/batik-nitik-960-official-mendeley/Batik Nitik 960/Batik Nitik 960 Images/7 Sekar Srigadhing 2_rotate_270.jpg,7 Sekar Srigadhing 2_rotate_270.jpg,7 Sekar Srigadhing,918,1,test
/kaggle/input/datasets/hertiyani/batik-nitik-960-official-mendeley/Batik Nitik 960/Batik Nitik 960 Images/7 Sekar Srigadhing 2_rotate_90.jpg,7 Sekar Srigadhing 2_rotate_90.jpg,7 Sekar Srigadhing,918,1,test
/kaggle/input/datasets/hertiyani/batik-nitik-960-official-mendeley/Batik Nitik 960/Batik Nitik 960 Images/7 Sekar Srigadhing 3.jpg,7 Sekar Srigadhing 3.jpg,7 Sekar Srigadhing,920,1,train
/kaggle/input/datasets/hertiyani/batik-nitik-960-official-mendeley/Batik Nitik 960/Batik Nitik 960 Images/7 Sekar Srigadhing 3_rotate_180.jpg,7 Sekar Srigadhing 3_rotate_180.jpg,7 Sekar Srigadhing,920,1,train
/kaggle/input/datasets/hertiyani/batik-nitik-960-official-mendeley/Batik Nitik 960/Batik Nitik 960 Images/7 Sekar Srigadhing 3_rotate_270.jpg,7 Sekar Srigadhing 3_rotate_270.jpg,7 Sekar Srigadhing,922,1,train
/kaggle/input/datasets/hertiyani/batik-nitik-960-official-mendeley/Batik Nitik 960/Batik Nitik 960 Images/7 Sekar Srigadhing 3_rotate_90.jpg,7 Sekar Srigadhing 3_rotate_90.jpg,7 Sekar Srigadhing,922,1,train
/kaggle/input/datasets/hertiyani/batik-nitik-960-official-mendeley/Batik Nitik 960/Batik Nitik 960 Images/7 Sekar Srigadhing 4.jpg,7 Sekar Srigadhing 4.jpg,7 Sekar Srigadhing,924,1,test
/kaggle/input/datasets/hertiyani/batik-nitik-960-official-mendeley/Batik Nitik 960/Batik Nitik 960 Images/7 Sekar Srigadhing 4_rotate_180.jpg,7 Sekar Srigadhing 4_rotate_180.jpg,7 Sekar Srigadhing,924,1,test
/kaggle/input/datasets/hertiyani/batik-nitik-960-official-mendeley/Batik Nitik 960/Batik Nitik 960 Images/7 Sekar Srigadhing 4_rotate_270.jpg,7 Sekar Srigadhing 4_rotate_270.jpg,7 Sekar Srigadhing,926,1,train
/kaggle/input/datasets/hertiyani/batik-nitik-960-official-mendeley/Batik Nitik 960/Batik Nitik 960 Images/7 Sekar Srigadhing 4_rotate_90.jpg,7 Sekar Srigadhing 4_rotate_90.jpg,7 Sekar Srigadhing,926,1,train
/kaggle/input/datasets/hertiyani/batik-nitik-960-official-mendeley/Batik Nitik 960/Batik Nitik 960 Images/8 Kemukus 1.jpg,8 Kemukus 1.jpg,8 Kemukus,928,1,test
/kaggle/input/datasets/hertiyani/batik-nitik-960-official-mendeley/Batik Nitik 960/Batik Nitik 960 Images/8 Kemukus 1_rotate_180.jpg,8 Kemukus 1_rotate_180.jpg,8 Kemukus,928,1,test
/kaggle/input/datasets/hertiyani/batik-nitik-960-official-mendeley/Batik Nitik 960/Batik Nitik 960 Images/8 Kemukus 1_rotate_270.jpg,8 Kemukus 1_rotate_270.jpg,8 Kemukus,928,1,test
/kaggle/input/datasets/hertiyani/batik-nitik-960-official-mendeley/Batik Nitik 960/Batik Nitik 960 Images/8 Kemukus 1_rotate_90.jpg,8 Kemukus 1_rotate_90.jpg,8 Kemukus,928,1,test
/kaggle/input/datasets/hertiyani/batik-nitik-960-official-mendeley/Batik Nitik 960/Batik Nitik 960 Images/8 Kemukus 2.jpg,8 Kemukus 2.jpg,8 Kemukus,932,1,test
/kaggle/input/datasets/hertiyani/batik-nitik-960-official-mendeley/Batik Nitik 960/Batik Nitik 960 Images/8 Kemukus 2_rotate_180.jpg,8 Kemukus 2_rotate_180.jpg,8 Kemukus,932,1,test
/kaggle/input/datasets/hertiyani/batik-nitik-960-official-mendeley/Batik Nitik 960/Batik Nitik 960 Images/8 Kemukus 2_rotate_270.jpg,8 Kemukus 2_rotate_270.jpg,8 Kemukus,934,1,train
/kaggle/input/datasets/hertiyani/batik-nitik-960-official-mendeley/Batik Nitik 960/Batik Nitik 960 Images/8 Kemukus 2_rotate_90.jpg,8 Kemukus 2_rotate_90.jpg,8 Kemukus,934,1,train
/kaggle/input/datasets/hertiyani/batik-nitik-960-official-mendeley/Batik Nitik 960/Batik Nitik 960 Images/8 Kemukus 3.jpg,8 Kemukus 3.jpg,8 Kemukus,936,1,train
/kaggle/input/datasets/hertiyani/batik-nitik-960-official-mendeley/Batik Nitik 960/Batik Nitik 960 Images/8 Kemukus 3_rotate_180.jpg,8 Kemukus 3_rotate_180.jpg,8 Kemukus,936,1,train
/kaggle/input/datasets/hertiyani/batik-nitik-960-official-mendeley/Batik Nitik 960/Batik Nitik 960 Images/8 Kemukus 3_rotate_270.jpg,8 Kemukus 3_rotate_270.jpg,8 Kemukus,936,1,train
/kaggle/input/datasets/hertiyani/batik-nitik-960-official-mendeley/Batik Nitik 960/Batik Nitik 960 Images/8 Kemukus 3_rotate_90.jpg,8 Kemukus 3_rotate_90.jpg,8 Kemukus,936,1,train
/kaggle/input/datasets/hertiyani/batik-nitik-960-official-mendeley/Batik Nitik 960/Batik Nitik 960 Images/8 Kemukus 4.jpg,8 Kemukus 4.jpg,8 Kemukus,940,1,train
/kaggle/input/datasets/hertiyani/batik-nitik-960-official-mendeley/Batik Nitik 960/Batik Nitik 960 Images/8 Kemukus 4_rotate_180.jpg,8 Kemukus 4_rotate_180.jpg,8 Kemukus,940,1,train
/kaggle/input/datasets/hertiyani/batik-nitik-960-official-mendeley/Batik Nitik 960/Batik Nitik 960 Images/8 Kemukus 4_rotate_270.jpg,8 Kemukus 4_rotate_270.jpg,8 Kemukus,940,1,train
/kaggle/input/datasets/hertiyani/batik-nitik-960-official-mendeley/Batik Nitik 960/Batik Nitik 960 Images/8 Kemukus 4_rotate_90.jpg,8 Kemukus 4_rotate_90.jpg,8 Kemukus,940,1,train
/kaggle/input/datasets/hertiyani/batik-nitik-960-official-mendeley/Batik Nitik 960/Batik Nitik 960 Images/9 Sekar Gudhe 1.jpg,9 Sekar Gudhe 1.jpg,9 Sekar Gudhe,944,1,train
/kaggle/input/datasets/hertiyani/batik-nitik-960-official-mendeley/Batik Nitik 960/Batik Nitik 960 Images/9 Sekar Gudhe 1_rotate_180.jpg,9 Sekar Gudhe 1_rotate_180.jpg,9 Sekar Gudhe,944,1,train
/kaggle/input/datasets/hertiyani/batik-nitik-960-official-mendeley/Batik Nitik 960/Batik Nitik 960 Images/9 Sekar Gudhe 1_rotate_270.jpg,9 Sekar Gudhe 1_rotate_270.jpg,9 Sekar Gudhe,946,1,test
/kaggle/input/datasets/hertiyani/batik-nitik-960-official-mendeley/Batik Nitik 960/Batik Nitik 960 Images/9 Sekar Gudhe 1_rotate_90.jpg,9 Sekar Gudhe 1_rotate_90.jpg,9 Sekar Gudhe,946,1,test
/kaggle/input/datasets/hertiyani/batik-nitik-960-official-mendeley/Batik Nitik 960/Batik Nitik 960 Images/9 Sekar Gudhe 2.jpg,9 Sekar Gudhe 2.jpg,9 Sekar Gudhe,948,1,test
/kaggle/input/datasets/hertiyani/batik-nitik-960-official-mendeley/Batik Nitik 960/Batik Nitik 960 Images/9 Sekar Gudhe 2_rotate_180.jpg,9 Sekar Gudhe 2_rotate_180.jpg,9 Sekar Gudhe,948,1,test
/kaggle/input/datasets/hertiyani/batik-nitik-960-official-mendeley/Batik Nitik 960/Batik Nitik 960 Images/9 Sekar Gudhe 2_rotate_270.jpg,9 Sekar Gudhe 2_rotate_270.jpg,9 Sekar Gudhe,950,1,test
/kaggle/input/datasets/hertiyani/batik-nitik-960-official-mendeley/Batik Nitik 960/Batik Nitik 960 Images/9 Sekar Gudhe 2_rotate_90.jpg,9 Sekar Gudhe 2_rotate_90.jpg,9 Sekar Gudhe,950,1,test
/kaggle/input/datasets/hertiyani/batik-nitik-960-official-mendeley/Batik Nitik 960/Batik Nitik 960 Images/9 Sekar Gudhe 3.jpg,9 Sekar Gudhe 3.jpg,9 Sekar Gudhe,952,1,train
/kaggle/input/datasets/hertiyani/batik-nitik-960-official-mendeley/Batik Nitik 960/Batik Nitik 960 Images/9 Sekar Gudhe 3_rotate_180.jpg,9 Sekar Gudhe 3_rotate_180.jpg,9 Sekar Gudhe,952,1,train
/kaggle/input/datasets/hertiyani/batik-nitik-960-official-mendeley/Batik Nitik 960/Batik Nitik 960 Images/9 Sekar Gudhe 3_rotate_270.jpg,9 Sekar Gudhe 3_rotate_270.jpg,9 Sekar Gudhe,952,1,train
/kaggle/input/datasets/hertiyani/batik-nitik-960-official-mendeley/Batik Nitik 960/Batik Nitik 960 Images/9 Sekar Gudhe 3_rotate_90.jpg,9 Sekar Gudhe 3_rotate_90.jpg,9 Sekar Gudhe,952,1,train
/kaggle/input/datasets/hertiyani/batik-nitik-960-official-mendeley/Batik Nitik 960/Batik Nitik 960 Images/9 Sekar Gudhe 4.jpg,9 Sekar Gudhe 4.jpg,9 Sekar Gudhe,956,1,train
/kaggle/input/datasets/hertiyani/batik-nitik-960-official-mendeley/Batik Nitik 960/Batik Nitik 960 Images/9 Sekar Gudhe 4_rotate_180.jpg,9 Sekar Gudhe 4_rotate_180.jpg,9 Sekar Gudhe,956,1,train
/kaggle/input/datasets/hertiyani/batik-nitik-960-official-mendeley/Batik Nitik 960/Batik Nitik 960 Images/9 Sekar Gudhe 4_rotate_270.jpg,9 Sekar Gudhe 4_rotate_270.jpg,9 Sekar Gudhe,958,1,train
/kaggle/input/datasets/hertiyani/batik-nitik-960-official-mendeley/Batik Nitik 960/Batik Nitik 960 Images/9 Sekar Gudhe 4_rotate_90.jpg,9 Sekar Gudhe 4_rotate_90.jpg,9 Sekar Gudhe,958,1,train
/kaggle/input/datasets/hertiyani/batik-nitik-960-official-mendeley/Batik Nitik 960/Batik Nitik 960 Images/1 Sekar Kemuning 1.jpg,1 Sekar Kemuning 1.jpg,1 Sekar Kemuning,0,2,train
/kaggle/input/datasets/hertiyani/batik-nitik-960-official-mendeley/Batik Nitik 960/Batik Nitik 960 Images/1 Sekar Kemuning 1_rotate_180.jpg,1 Sekar Kemuning 1_rotate_180.jpg,1 Sekar Kemuning,0,2,train
/kaggle/input/datasets/hertiyani/batik-nitik-960-official-mendeley/Batik Nitik 960/Batik Nitik 960 Images/1 Sekar Kemuning 1_rotate_270.jpg,1 Sekar Kemuning 1_rotate_270.jpg,1 Sekar Kemuning,2,2,train
/kaggle/input/datasets/hertiyani/batik-nitik-960-official-mendeley/Batik Nitik 960/Batik Nitik 960 Images/1 Sekar Kemuning 1_rotate_90.jpg,1 Sekar Kemuning 1_rotate_90.jpg,1 Sekar Kemuning,2,2,train
/kaggle/input/datasets/hertiyani/batik-nitik-960-official-mendeley/Batik Nitik 960/Batik Nitik 960 Images/1 Sekar Kemuning 2.jpg,1 Sekar Kemuning 2.jpg,1 Sekar Kemuning,4,2,train
/kaggle/input/datasets/hertiyani/batik-nitik-960-official-mendeley/Batik Nitik 960/Batik Nitik 960 Images/1 Sekar Kemuning 2_rotate_180.jpg,1 Sekar Kemuning 2_rotate_180.jpg,1 Sekar Kemuning,4,2,train
/kaggle/input/datasets/hertiyani/batik-nitik-960-official-mendeley/Batik Nitik 960/Batik Nitik 960 Images/1 Sekar Kemuning 2_rotate_270.jpg,1 Sekar Kemuning 2_rotate_270.jpg,1 Sekar Kemuning,6,2,train
/kaggle/input/datasets/hertiyani/batik-nitik-960-official-mendeley/Batik Nitik 960/Batik Nitik 960 Images/1 Sekar Kemuning 2_rotate_90.jpg,1 Sekar Kemuning 2_rotate_90.jpg,1 Sekar Kemuning,6,2,train
/kaggle/input/datasets/hertiyani/batik-nitik-960-official-mendeley/Batik Nitik 960/Batik Nitik 960 Images/1 Sekar Kemuning 3.jpg,1 Sekar Kemuning 3.jpg,1 Sekar Kemuning,8,2,test
/kaggle/input/datasets/hertiyani/batik-nitik-960-official-mendeley/Batik Nitik 960/Batik Nitik 960 Images/1 Sekar Kemuning 3_rotate_180.jpg,1 Sekar Kemuning 3_rotate_180.jpg,1 Sekar Kemuning,8,2,test
/kaggle/input/datasets/hertiyani/batik-nitik-960-official-mendeley/Batik Nitik 960/Batik Nitik 960 Images/1 Sekar Kemuning 3_rotate_270.jpg,1 Sekar Kemuning 3_rotate_270.jpg,1 Sekar Kemuning,10,2,test
/kaggle/input/datasets/hertiyani/batik-nitik-960-official-mendeley/Batik Nitik 960/Batik Nitik 960 Images/1 Sekar Kemuning 3_rotate_90.jpg,1 Sekar Kemuning 3_rotate_90.jpg,1 Sekar Kemuning,10,2,test
/kaggle/input/datasets/hertiyani/batik-nitik-960-official-mendeley/Batik Nitik 960/Batik Nitik 960 Images/1 Sekar Kemuning 4.jpg,1 Sekar Kemuning 4.jpg,1 Sekar Kemuning,12,2,test
/kaggle/input/datasets/hertiyani/batik-nitik-960-official-mendeley/Batik Nitik 960/Batik Nitik 960 Images/1 Sekar Kemuning 4_rotate_180.jpg,1 Sekar Kemuning 4_rotate_180.jpg,1 Sekar Kemuning,12,2,test
/kaggle/input/datasets/hertiyani/batik-nitik-960-official-mendeley/Batik Nitik 960/Batik Nitik 960 Images/1 Sekar Kemuning 4_rotate_270.jpg,1 Sekar Kemuning 4_rotate_270.jpg,1 Sekar Kemuning,14,2,train
/kaggle/input/datasets/hertiyani/batik-nitik-960-official-mendeley/Batik Nitik 960/Batik Nitik 960 Images/1 Sekar Kemuning 4_rotate_90.jpg,1 Sekar Kemuning 4_rotate_90.jpg,1 Sekar Kemuning,14,2,train
/kaggle/input/datasets/hertiyani/batik-nitik-960-official-mendeley/Batik Nitik 960/Batik Nitik 960 Images/10 Sekar Ketongkeng 1.jpg,10 Sekar Ketongkeng 1.jpg,10 Sekar Ketongkeng,16,2,train
/kaggle/input/datasets/hertiyani/batik-nitik-960-official-mendeley/Batik Nitik 960/Batik Nitik 960 Images/10 Sekar Ketongkeng 1_rotate_180.jpg,10 Sekar Ketongkeng 1_rotate_180.jpg,10 Sekar Ketongkeng,16,2,train
/kaggle/input/datasets/hertiyani/batik-nitik-960-official-mendeley/Batik Nitik 960/Batik Nitik 960 Images/10 Sekar Ketongkeng 1_rotate_270.jpg,10 Sekar Ketongkeng 1_rotate_270.jpg,10 Sekar Ketongkeng,16,2,train
/kaggle/input/datasets/hertiyani/batik-nitik-960-official-mendeley/Batik Nitik 960/Batik Nitik 960 Images/10 Sekar Ketongkeng 1_rotate_90.jpg,10 Sekar Ketongkeng 1_rotate_90.jpg,10 Sekar Ketongkeng,16,2,train
/kaggle/input/datasets/hertiyani/batik-nitik-960-official-mendeley/Batik Nitik 960/Batik Nitik 960 Images/10 Sekar Ketongkeng 2.jpg,10 Sekar Ketongkeng 2.jpg,10 Sekar Ketongkeng,20,2,train
/kaggle/input/datasets/hertiyani/batik-nitik-960-official-mendeley/Batik Nitik 960/Batik Nitik 960 Images/10 Sekar Ketongkeng 2_rotate_180.jpg,10 Sekar Ketongkeng 2_rotate_180.jpg,10 Sekar Ketongkeng,20,2,train
/kaggle/input/datasets/hertiyani/batik-nitik-960-official-mendeley/Batik Nitik 960/Batik Nitik 960 Images/10 Sekar Ketongkeng 2_rotate_270.jpg,10 Sekar Ketongkeng 2_rotate_270.jpg,10 Sekar Ketongkeng,22,2,train
/kaggle/input/datasets/hertiyani/batik-nitik-960-official-mendeley/Batik Nitik 960/Batik Nitik 960 Images/10 Sekar Ketongkeng 2_rotate_90.jpg,10 Sekar Ketongkeng 2_rotate_90.jpg,10 Sekar Ketongkeng,22,2,train
/kaggle/input/datasets/hertiyani/batik-nitik-960-official-mendeley/Batik Nitik 960/Batik Nitik 960 Images/10 Sekar Ketongkeng 3.jpg,10 Sekar Ketongkeng 3.jpg,10 Sekar Ketongkeng,24,2,test
/kaggle/input/datasets/hertiyani/batik-nitik-960-official-mendeley/Batik Nitik 960/Batik Nitik 960 Images/10 Sekar Ketongkeng 3_rotate_180.jpg,10 Sekar Ketongkeng 3_rotate_180.jpg,10 Sekar Ketongkeng,24,2,test
/kaggle/input/datasets/hertiyani/batik-nitik-960-official-mendeley/Batik Nitik 960/Batik Nitik 960 Images/10 Sekar Ketongkeng 3_rotate_270.jpg,10 Sekar Ketongkeng 3_rotate_270.jpg,10 Sekar Ketongkeng,24,2,test
/kaggle/input/datasets/hertiyani/batik-nitik-960-official-mendeley/Batik Nitik 960/Batik Nitik 960 Images/10 Sekar Ketongkeng 3_rotate_90.jpg,10 Sekar Ketongkeng 3_rotate_90.jpg,10 Sekar Ketongkeng,24,2,test
/kaggle/input/datasets/hertiyani/batik-nitik-960-official-mendeley/Batik Nitik 960/Batik Nitik 960 Images/10 Sekar Ketongkeng 4.jpg,10 Sekar Ketongkeng 4.jpg,10 Sekar Ketongkeng,28,2,test
/kaggle/input/datasets/hertiyani/batik-nitik-960-official-mendeley/Batik Nitik 960/Batik Nitik 960 Images/10 Sekar Ketongkeng 4_rotate_180.jpg,10 Sekar Ketongkeng 4_rotate_180.jpg,10 Sekar Ketongkeng,28,2,test
/kaggle/input/datasets/hertiyani/batik-nitik-960-official-mendeley/Batik Nitik 960/Batik Nitik 960 Images/10 Sekar Ketongkeng 4_rotate_270.jpg,10 Sekar Ketongkeng 4_rotate_270.jpg,10 Sekar Ketongkeng,30,2,train
/kaggle/input/datasets/hertiyani/batik-nitik-960-official-mendeley/Batik Nitik 960/Batik Nitik 960 Images/10 Sekar Ketongkeng 4_rotate_90.jpg,10 Sekar Ketongkeng 4_rotate_90.jpg,10 Sekar Ketongkeng,30,2,train
/kaggle/input/datasets/hertiyani/batik-nitik-960-official-mendeley/Batik Nitik 960/Batik Nitik 960 Images/11 Brendhi 1.jpg,11 Brendhi 1.jpg,11 Brendhi,32,2,train
/kaggle/input/datasets/hertiyani/batik-nitik-960-official-mendeley/Batik Nitik 960/Batik Nitik 960 Images/11 Brendhi 1_rotate_180.jpg,11 Brendhi 1_rotate_180.jpg,11 Brendhi,32,2,train
/kaggle/input/datasets/hertiyani/batik-nitik-960-official-mendeley/Batik Nitik 960/Batik Nitik 960 Images/11 Brendhi 1_rotate_270.jpg,11 Brendhi 1_rotate_270.jpg,11 Brendhi,32,2,train
/kaggle/input/datasets/hertiyani/batik-nitik-960-official-mendeley/Batik Nitik 960/Batik Nitik 960 Images/11 Brendhi 1_rotate_90.jpg,11 Brendhi 1_rotate_90.jpg,11 Brendhi,32,2,train
/kaggle/input/datasets/hertiyani/batik-nitik-960-official-mendeley/Batik Nitik 960/Batik Nitik 960 Images/11 Brendhi 2.jpg,11 Brendhi 2.jpg,11 Brendhi,36,2,test
/kaggle/input/datasets/hertiyani/batik-nitik-960-official-mendeley/Batik Nitik 960/Batik Nitik 960 Images/11 Brendhi 2_rotate_180.jpg,11 Brendhi 2_rotate_180.jpg,11 Brendhi,36,2,test
/kaggle/input/datasets/hertiyani/batik-nitik-960-official-mendeley/Batik Nitik 960/Batik Nitik 960 Images/11 Brendhi 2_rotate_270.jpg,11 Brendhi 2_rotate_270.jpg,11 Brendhi,38,2,train
/kaggle/input/datasets/hertiyani/batik-nitik-960-official-mendeley/Batik Nitik 960/Batik Nitik 960 Images/11 Brendhi 2_rotate_90.jpg,11 Brendhi 2_rotate_90.jpg,11 Brendhi,38,2,train
/kaggle/input/datasets/hertiyani/batik-nitik-960-official-mendeley/Batik Nitik 960/Batik Nitik 960 Images/11 Brendhi 3.jpg,11 Brendhi 3.jpg,11 Brendhi,40,2,test
/kaggle/input/datasets/hertiyani/batik-nitik-960-official-mendeley/Batik Nitik 960/Batik Nitik 960 Images/11 Brendhi 3_rotate_180.jpg,11 Brendhi 3_rotate_180.jpg,11 Brendhi,40,2,test
/kaggle/input/datasets/hertiyani/batik-nitik-960-official-mendeley/Batik Nitik 960/Batik Nitik 960 Images/11 Brendhi 3_rotate_270.jpg,11 Brendhi 3_rotate_270.jpg,11 Brendhi,42,2,test
/kaggle/input/datasets/hertiyani/batik-nitik-960-official-mendeley/Batik Nitik 960/Batik Nitik 960 Images/11 Brendhi 3_rotate_90.jpg,11 Brendhi 3_rotate_90.jpg,11 Brendhi,42,2,test
/kaggle/input/datasets/hertiyani/batik-nitik-960-official-mendeley/Batik Nitik 960/Batik Nitik 960 Images/11 Brendhi 4.jpg,11 Brendhi 4.jpg,11 Brendhi,44,2,train
/kaggle/input/datasets/hertiyani/batik-nitik-960-official-mendeley/Batik Nitik 960/Batik Nitik 960 Images/11 Brendhi 4_rotate_180.jpg,11 Brendhi 4_rotate_180.jpg,11 Brendhi,44,2,train
/kaggle/input/datasets/hertiyani/batik-nitik-960-official-mendeley/Batik Nitik 960/Batik Nitik 960 Images/11 Brendhi 4_rotate_270.jpg,11 Brendhi 4_rotate_270.jpg,11 Brendhi,46,2,train
/kaggle/input/datasets/hertiyani/batik-nitik-960-official-mendeley/Batik Nitik 960/Batik Nitik 960 Images/11 Brendhi 4_rotate_90.jpg,11 Brendhi 4_rotate_90.jpg,11 Brendhi,46,2,train
/kaggle/input/datasets/hertiyani/batik-nitik-960-official-mendeley/Batik Nitik 960/Batik Nitik 960 Images/12 Cakar Ayam 1.jpg,12 Cakar Ayam 1.jpg,12 Cakar Ayam,48,2,train
/kaggle/input/datasets/hertiyani/batik-nitik-960-official-mendeley/Batik Nitik 960/Batik Nitik 960 Images/12 Cakar Ayam 1_rotate_180.jpg,12 Cakar Ayam 1_rotate_180.jpg,12 Cakar Ayam,48,2,train
/kaggle/input/datasets/hertiyani/batik-nitik-960-official-mendeley/Batik Nitik 960/Batik Nitik 960 Images/12 Cakar Ayam 1_rotate_270.jpg,12 Cakar Ayam 1_rotate_270.jpg,12 Cakar Ayam,48,2,train
/kaggle/input/datasets/hertiyani/batik-nitik-960-official-mendeley/Batik Nitik 960/Batik Nitik 960 Images/12 Cakar Ayam 1_rotate_90.jpg,12 Cakar Ayam 1_rotate_90.jpg,12 Cakar Ayam,48,2,train
/kaggle/input/datasets/hertiyani/batik-nitik-960-official-mendeley/Batik Nitik 960/Batik Nitik 960 Images/12 Cakar Ayam 2.jpg,12 Cakar Ayam 2.jpg,12 Cakar Ayam,52,2,train
/kaggle/input/datasets/hertiyani/batik-nitik-960-official-mendeley/Batik Nitik 960/Batik Nitik 960 Images/12 Cakar Ayam 2_rotate_180.jpg,12 Cakar Ayam 2_rotate_180.jpg,12 Cakar Ayam,52,2,train
/kaggle/input/datasets/hertiyani/batik-nitik-960-official-mendeley/Batik Nitik 960/Batik Nitik 960 Images/12 Cakar Ayam 2_rotate_270.jpg,12 Cakar Ayam 2_rotate_270.jpg,12 Cakar Ayam,54,2,train
/kaggle/input/datasets/hertiyani/batik-nitik-960-official-mendeley/Batik Nitik 960/Batik Nitik 960 Images/12 Cakar Ayam 2_rotate_90.jpg,12 Cakar Ayam 2_rotate_90.jpg,12 Cakar Ayam,54,2,train
/kaggle/input/datasets/hertiyani/batik-nitik-960-official-mendeley/Batik Nitik 960/Batik Nitik 960 Images/12 Cakar Ayam 3.jpg,12 Cakar Ayam 3.jpg,12 Cakar Ayam,56,2,test
/kaggle/input/datasets/hertiyani/batik-nitik-960-official-mendeley/Batik Nitik 960/Batik Nitik 960 Images/12 Cakar Ayam 3_rotate_180.jpg,12 Cakar Ayam 3_rotate_180.jpg,12 Cakar Ayam,56,2,test
/kaggle/input/datasets/hertiyani/batik-nitik-960-official-mendeley/Batik Nitik 960/Batik Nitik 960 Images/12 Cakar Ayam 3_rotate_270.jpg,12 Cakar Ayam 3_rotate_270.jpg,12 Cakar Ayam,58,2,test
/kaggle/input/datasets/hertiyani/batik-nitik-960-official-mendeley/Batik Nitik 960/Batik Nitik 960 Images/12 Cakar Ayam 3_rotate_90.jpg,12 Cakar Ayam 3_rotate_90.jpg,12 Cakar Ayam,58,2,test
/kaggle/input/datasets/hertiyani/batik-nitik-960-official-mendeley/Batik Nitik 960/Batik Nitik 960 Images/12 Cakar Ayam 4.jpg,12 Cakar Ayam 4.jpg,12 Cakar Ayam,60,2,train
/kaggle/input/datasets/hertiyani/batik-nitik-960-official-mendeley/Batik Nitik 960/Batik Nitik 960 Images/12 Cakar Ayam 4_rotate_180.jpg,12 Cakar Ayam 4_rotate_180.jpg,12 Cakar Ayam,60,2,train
/kaggle/input/datasets/hertiyani/batik-nitik-960-official-mendeley/Batik Nitik 960/Batik Nitik 960 Images/12 Cakar Ayam 4_rotate_270.jpg,12 Cakar Ayam 4_rotate_270.jpg,12 Cakar Ayam,62,2,test
/kaggle/input/datasets/hertiyani/batik-nitik-960-official-mendeley/Batik Nitik 960/Batik Nitik 960 Images/12 Cakar Ayam 4_rotate_90.jpg,12 Cakar Ayam 4_rotate_90.jpg,12 Cakar Ayam,62,2,test
/kaggle/input/datasets/hertiyani/batik-nitik-960-official-mendeley/Batik Nitik 960/Batik Nitik 960 Images/13 Sekar Menur 1.jpg,13 Sekar Menur 1.jpg,13 Sekar Menur,64,2,train
/kaggle/input/datasets/hertiyani/batik-nitik-960-official-mendeley/Batik Nitik 960/Batik Nitik 960 Images/13 Sekar Menur 1_rotate_180.jpg,13 Sekar Menur 1_rotate_180.jpg,13 Sekar Menur,64,2,train
/kaggle/input/datasets/hertiyani/batik-nitik-960-official-mendeley/Batik Nitik 960/Batik Nitik 960 Images/13 Sekar Menur 1_rotate_270.jpg,13 Sekar Menur 1_rotate_270.jpg,13 Sekar Menur,66,2,train
/kaggle/input/datasets/hertiyani/batik-nitik-960-official-mendeley/Batik Nitik 960/Batik Nitik 960 Images/13 Sekar Menur 1_rotate_90.jpg,13 Sekar Menur 1_rotate_90.jpg,13 Sekar Menur,66,2,train
/kaggle/input/datasets/hertiyani/batik-nitik-960-official-mendeley/Batik Nitik 960/Batik Nitik 960 Images/13 Sekar Menur 2.jpg,13 Sekar Menur 2.jpg,13 Sekar Menur,68,2,train
/kaggle/input/datasets/hertiyani/batik-nitik-960-official-mendeley/Batik Nitik 960/Batik Nitik 960 Images/13 Sekar Menur 2_rotate_180.jpg,13 Sekar Menur 2_rotate_180.jpg,13 Sekar Menur,68,2,train
/kaggle/input/datasets/hertiyani/batik-nitik-960-official-mendeley/Batik Nitik 960/Batik Nitik 960 Images/13 Sekar Menur 2_rotate_270.jpg,13 Sekar Menur 2_rotate_270.jpg,13 Sekar Menur,70,2,train
/kaggle/input/datasets/hertiyani/batik-nitik-960-official-mendeley/Batik Nitik 960/Batik Nitik 960 Images/13 Sekar Menur 2_rotate_90.jpg,13 Sekar Menur 2_rotate_90.jpg,13 Sekar Menur,70,2,train
/kaggle/input/datasets/hertiyani/batik-nitik-960-official-mendeley/Batik Nitik 960/Batik Nitik 960 Images/13 Sekar Menur 3.jpg,13 Sekar Menur 3.jpg,13 Sekar Menur,72,2,test
/kaggle/input/datasets/hertiyani/batik-nitik-960-official-mendeley/Batik Nitik 960/Batik Nitik 960 Images/13 Sekar Menur 3_rotate_180.jpg,13 Sekar Menur 3_rotate_180.jpg,13 Sekar Menur,72,2,test
/kaggle/input/datasets/hertiyani/batik-nitik-960-official-mendeley/Batik Nitik 960/Batik Nitik 960 Images/13 Sekar Menur 3_rotate_270.jpg,13 Sekar Menur 3_rotate_270.jpg,13 Sekar Menur,74,2,train
/kaggle/input/datasets/hertiyani/batik-nitik-960-official-mendeley/Batik Nitik 960/Batik Nitik 960 Images/13 Sekar Menur 3_rotate_90.jpg,13 Sekar Menur 3_rotate_90.jpg,13 Sekar Menur,74,2,train
/kaggle/input/datasets/hertiyani/batik-nitik-960-official-mendeley/Batik Nitik 960/Batik Nitik 960 Images/13 Sekar Menur 4.jpg,13 Sekar Menur 4.jpg,13 Sekar Menur,76,2,test
/kaggle/input/datasets/hertiyani/batik-nitik-960-official-mendeley/Batik Nitik 960/Batik Nitik 960 Images/13 Sekar Menur 4_rotate_180.jpg,13 Sekar Menur 4_rotate_180.jpg,13 Sekar Menur,76,2,test
/kaggle/input/datasets/hertiyani/batik-nitik-960-official-mendeley/Batik Nitik 960/Batik Nitik 960 Images/13 Sekar Menur 4_rotate_270.jpg,13 Sekar Menur 4_rotate_270.jpg,13 Sekar Menur,78,2,test
/kaggle/input/datasets/hertiyani/batik-nitik-960-official-mendeley/Batik Nitik 960/Batik Nitik 960 Images/13 Sekar Menur 4_rotate_90.jpg,13 Sekar Menur 4_rotate_90.jpg,13 Sekar Menur,78,2,test
/kaggle/input/datasets/hertiyani/batik-nitik-960-official-mendeley/Batik Nitik 960/Batik Nitik 960 Images/14 Sekar Tebu 1.jpg,14 Sekar Tebu 1.jpg,14 Sekar Tebu,80,2,train
/kaggle/input/datasets/hertiyani/batik-nitik-960-official-mendeley/Batik Nitik 960/Batik Nitik 960 Images/14 Sekar Tebu 1_rotate_180.jpg,14 Sekar Tebu 1_rotate_180.jpg,14 Sekar Tebu,80,2,train
/kaggle/input/datasets/hertiyani/batik-nitik-960-official-mendeley/Batik Nitik 960/Batik Nitik 960 Images/14 Sekar Tebu 1_rotate_270.jpg,14 Sekar Tebu 1_rotate_270.jpg,14 Sekar Tebu,82,2,train
/kaggle/input/datasets/hertiyani/batik-nitik-960-official-mendeley/Batik Nitik 960/Batik Nitik 960 Images/14 Sekar Tebu 1_rotate_90.jpg,14 Sekar Tebu 1_rotate_90.jpg,14 Sekar Tebu,82,2,train
/kaggle/input/datasets/hertiyani/batik-nitik-960-official-mendeley/Batik Nitik 960/Batik Nitik 960 Images/14 Sekar Tebu 2.jpg,14 Sekar Tebu 2.jpg,14 Sekar Tebu,84,2,test
/kaggle/input/datasets/hertiyani/batik-nitik-960-official-mendeley/Batik Nitik 960/Batik Nitik 960 Images/14 Sekar Tebu 2_rotate_180.jpg,14 Sekar Tebu 2_rotate_180.jpg,14 Sekar Tebu,84,2,test
/kaggle/input/datasets/hertiyani/batik-nitik-960-official-mendeley/Batik Nitik 960/Batik Nitik 960 Images/14 Sekar Tebu 2_rotate_270.jpg,14 Sekar Tebu 2_rotate_270.jpg,14 Sekar Tebu,86,2,train
/kaggle/input/datasets/hertiyani/batik-nitik-960-official-mendeley/Batik Nitik 960/Batik Nitik 960 Images/14 Sekar Tebu 2_rotate_90.jpg,14 Sekar Tebu 2_rotate_90.jpg,14 Sekar Tebu,86,2,train
/kaggle/input/datasets/hertiyani/batik-nitik-960-official-mendeley/Batik Nitik 960/Batik Nitik 960 Images/14 Sekar Tebu 3.jpg,14 Sekar Tebu 3.jpg,14 Sekar Tebu,88,2,train
/kaggle/input/datasets/hertiyani/batik-nitik-960-official-mendeley/Batik Nitik 960/Batik Nitik 960 Images/14 Sekar Tebu 3_rotate_180.jpg,14 Sekar Tebu 3_rotate_180.jpg,14 Sekar Tebu,88,2,train
/kaggle/input/datasets/hertiyani/batik-nitik-960-official-mendeley/Batik Nitik 960/Batik Nitik 960 Images/14 Sekar Tebu 3_rotate_270.jpg,14 Sekar Tebu 3_rotate_270.jpg,14 Sekar Tebu,90,2,test
/kaggle/input/datasets/hertiyani/batik-nitik-960-official-mendeley/Batik Nitik 960/Batik Nitik 960 Images/14 Sekar Tebu 3_rotate_90.jpg,14 Sekar Tebu 3_rotate_90.jpg,14 Sekar Tebu,90,2,test
/kaggle/input/datasets/hertiyani/batik-nitik-960-official-mendeley/Batik Nitik 960/Batik Nitik 960 Images/14 Sekar Tebu 4.jpg,14 Sekar Tebu 4.jpg,14 Sekar Tebu,92,2,test
/kaggle/input/datasets/hertiyani/batik-nitik-960-official-mendeley/Batik Nitik 960/Batik Nitik 960 Images/14 Sekar Tebu 4_rotate_180.jpg,14 Sekar Tebu 4_rotate_180.jpg,14 Sekar Tebu,92,2,test
/kaggle/input/datasets/hertiyani/batik-nitik-960-official-mendeley/Batik Nitik 960/Batik Nitik 960 Images/14 Sekar Tebu 4_rotate_270.jpg,14 Sekar Tebu 4_rotate_270.jpg,14 Sekar Tebu,94,2,train
/kaggle/input/datasets/hertiyani/batik-nitik-960-official-mendeley/Batik Nitik 960/Batik Nitik 960 Images/14 Sekar Tebu 4_rotate_90.jpg,14 Sekar Tebu 4_rotate_90.jpg,14 Sekar Tebu,94,2,train
/kaggle/input/datasets/hertiyani/batik-nitik-960-official-mendeley/Batik Nitik 960/Batik Nitik 960 Images/15 Sekar Manggis 1.jpg,15 Sekar Manggis 1.jpg,15 Sekar Manggis,96,2,test
/kaggle/input/datasets/hertiyani/batik-nitik-960-official-mendeley/Batik Nitik 960/Batik Nitik 960 Images/15 Sekar Manggis 1_rotate_180.jpg,15 Sekar Manggis 1_rotate_180.jpg,15 Sekar Manggis,96,2,test
/kaggle/input/datasets/hertiyani/batik-nitik-960-official-mendeley/Batik Nitik 960/Batik Nitik 960 Images/15 Sekar Manggis 1_rotate_270.jpg,15 Sekar Manggis 1_rotate_270.jpg,15 Sekar Manggis,98,2,test
/kaggle/input/datasets/hertiyani/batik-nitik-960-official-mendeley/Batik Nitik 960/Batik Nitik 960 Images/15 Sekar Manggis 1_rotate_90.jpg,15 Sekar Manggis 1_rotate_90.jpg,15 Sekar Manggis,98,2,test
/kaggle/input/datasets/hertiyani/batik-nitik-960-official-mendeley/Batik Nitik 960/Batik Nitik 960 Images/15 Sekar Manggis 2.jpg,15 Sekar Manggis 2.jpg,15 Sekar Manggis,100,2,train
/kaggle/input/datasets/hertiyani/batik-nitik-960-official-mendeley/Batik Nitik 960/Batik Nitik 960 Images/15 Sekar Manggis 2_rotate_180.jpg,15 Sekar Manggis 2_rotate_180.jpg,15 Sekar Manggis,100,2,train
/kaggle/input/datasets/hertiyani/batik-nitik-960-official-mendeley/Batik Nitik 960/Batik Nitik 960 Images/15 Sekar Manggis 2_rotate_270.jpg,15 Sekar Manggis 2_rotate_270.jpg,15 Sekar Manggis,102,2,test
/kaggle/input/datasets/hertiyani/batik-nitik-960-official-mendeley/Batik Nitik 960/Batik Nitik 960 Images/15 Sekar Manggis 2_rotate_90.jpg,15 Sekar Manggis 2_rotate_90.jpg,15 Sekar Manggis,102,2,test
/kaggle/input/datasets/hertiyani/batik-nitik-960-official-mendeley/Batik Nitik 960/Batik Nitik 960 Images/15 Sekar Manggis 3.jpg,15 Sekar Manggis 3.jpg,15 Sekar Manggis,104,2,train
/kaggle/input/datasets/hertiyani/batik-nitik-960-official-mendeley/Batik Nitik 960/Batik Nitik 960 Images/15 Sekar Manggis 3_rotate_180.jpg,15 Sekar Manggis 3_rotate_180.jpg,15 Sekar Manggis,104,2,train
/kaggle/input/datasets/hertiyani/batik-nitik-960-official-mendeley/Batik Nitik 960/Batik Nitik 960 Images/15 Sekar Manggis 3_rotate_270.jpg,15 Sekar Manggis 3_rotate_270.jpg,15 Sekar Manggis,104,2,train
/kaggle/input/datasets/hertiyani/batik-nitik-960-official-mendeley/Batik Nitik 960/Batik Nitik 960 Images/15 Sekar Manggis 3_rotate_90.jpg,15 Sekar Manggis 3_rotate_90.jpg,15 Sekar Manggis,104,2,train
/kaggle/input/datasets/hertiyani/batik-nitik-960-official-mendeley/Batik Nitik 960/Batik Nitik 960 Images/15 Sekar Manggis 4.jpg,15 Sekar Manggis 4.jpg,15 Sekar Manggis,108,2,train
/kaggle/input/datasets/hertiyani/batik-nitik-960-official-mendeley/Batik Nitik 960/Batik Nitik 960 Images/15 Sekar Manggis 4_rotate_180.jpg,15 Sekar Manggis 4_rotate_180.jpg,15 Sekar Manggis,108,2,train
/kaggle/input/datasets/hertiyani/batik-nitik-960-official-mendeley/Batik Nitik 960/Batik Nitik 960 Images/15 Sekar Manggis 4_rotate_270.jpg,15 Sekar Manggis 4_rotate_270.jpg,15 Sekar Manggis,110,2,train
/kaggle/input/datasets/hertiyani/batik-nitik-960-official-mendeley/Batik Nitik 960/Batik Nitik 960 Images/15 Sekar Manggis 4_rotate_90.jpg,15 Sekar Manggis 4_rotate_90.jpg,15 Sekar Manggis,110,2,train
/kaggle/input/datasets/hertiyani/batik-nitik-960-official-mendeley/Batik Nitik 960/Batik Nitik 960 Images/16 Sekar Randhu 1.jpg,16 Sekar Randhu 1.jpg,16 Sekar Randhu,114,2,train
/kaggle/input/datasets/hertiyani/batik-nitik-960-official-mendeley/Batik Nitik 960/Batik Nitik 960 Images/16 Sekar Randhu 1_rotate_180.jpg,16 Sekar Randhu 1_rotate_180.jpg,16 Sekar Randhu,114,2,train
/kaggle/input/datasets/hertiyani/batik-nitik-960-official-mendeley/Batik Nitik 960/Batik Nitik 960 Images/16 Sekar Randhu 1_rotate_270.jpg,16 Sekar Randhu 1_rotate_270.jpg,16 Sekar Randhu,114,2,train
/kaggle/input/datasets/hertiyani/batik-nitik-960-official-mendeley/Batik Nitik 960/Batik Nitik 960 Images/16 Sekar Randhu 1_rotate_90.jpg,16 Sekar Randhu 1_rotate_90.jpg,16 Sekar Randhu,114,2,train
/kaggle/input/datasets/hertiyani/batik-nitik-960-official-mendeley/Batik Nitik 960/Batik Nitik 960 Images/16 Sekar Randhu 2.jpg,16 Sekar Randhu 2.jpg,16 Sekar Randhu,116,2,train
/kaggle/input/datasets/hertiyani/batik-nitik-960-official-mendeley/Batik Nitik 960/Batik Nitik 960 Images/16 Sekar Randhu 2_rotate_180.jpg,16 Sekar Randhu 2_rotate_180.jpg,16 Sekar Randhu,116,2,train
/kaggle/input/datasets/hertiyani/batik-nitik-960-official-mendeley/Batik Nitik 960/Batik Nitik 960 Images/16 Sekar Randhu 2_rotate_270.jpg,16 Sekar Randhu 2_rotate_270.jpg,16 Sekar Randhu,118,2,test
/kaggle/input/datasets/hertiyani/batik-nitik-960-official-mendeley/Batik Nitik 960/Batik Nitik 960 Images/16 Sekar Randhu 2_rotate_90.jpg,16 Sekar Randhu 2_rotate_90.jpg,16 Sekar Randhu,118,2,test
/kaggle/input/datasets/hertiyani/batik-nitik-960-official-mendeley/Batik Nitik 960/Batik Nitik 960 Images/16 Sekar Randhu 3.jpg,16 Sekar Randhu 3.jpg,16 Sekar Randhu,120,2,train
/kaggle/input/datasets/hertiyani/batik-nitik-960-official-mendeley/Batik Nitik 960/Batik Nitik 960 Images/16 Sekar Randhu 3_rotate_180.jpg,16 Sekar Randhu 3_rotate_180.jpg,16 Sekar Randhu,120,2,train
/kaggle/input/datasets/hertiyani/batik-nitik-960-official-mendeley/Batik Nitik 960/Batik Nitik 960 Images/16 Sekar Randhu 3_rotate_270.jpg,16 Sekar Randhu 3_rotate_270.jpg,16 Sekar Randhu,122,2,test
/kaggle/input/datasets/hertiyani/batik-nitik-960-official-mendeley/Batik Nitik 960/Batik Nitik 960 Images/16 Sekar Randhu 3_rotate_90.jpg,16 Sekar Randhu 3_rotate_90.jpg,16 Sekar Randhu,122,2,test
/kaggle/input/datasets/hertiyani/batik-nitik-960-official-mendeley/Batik Nitik 960/Batik Nitik 960 Images/16 Sekar Randhu 4.jpg,16 Sekar Randhu 4.jpg,16 Sekar Randhu,124,2,train
/kaggle/input/datasets/hertiyani/batik-nitik-960-official-mendeley/Batik Nitik 960/Batik Nitik 960 Images/16 Sekar Randhu 4_rotate_180.jpg,16 Sekar Randhu 4_rotate_180.jpg,16 Sekar Randhu,124,2,train
/kaggle/input/datasets/hertiyani/batik-nitik-960-official-mendeley/Batik Nitik 960/Batik Nitik 960 Images/16 Sekar Randhu 4_rotate_270.jpg,16 Sekar Randhu 4_rotate_270.jpg,16 Sekar Randhu,126,2,test
/kaggle/input/datasets/hertiyani/batik-nitik-960-official-mendeley/Batik Nitik 960/Batik Nitik 960 Images/16 Sekar Randhu 4_rotate_90.jpg,16 Sekar Randhu 4_rotate_90.jpg,16 Sekar Randhu,126,2,test
/kaggle/input/datasets/hertiyani/batik-nitik-960-official-mendeley/Batik Nitik 960/Batik Nitik 960 Images/17 Worawari Rumpuk 1.jpg,17 Worawari Rumpuk 1.jpg,17 Worawari Rumpuk,128,2,train
/kaggle/input/datasets/hertiyani/batik-nitik-960-official-mendeley/Batik Nitik 960/Batik Nitik 960 Images/17 Worawari Rumpuk 1_rotate_180.jpg,17 Worawari Rumpuk 1_rotate_180.jpg,17 Worawari Rumpuk,128,2,train
/kaggle/input/datasets/hertiyani/batik-nitik-960-official-mendeley/Batik Nitik 960/Batik Nitik 960 Images/17 Worawari Rumpuk 1_rotate_270.jpg,17 Worawari Rumpuk 1_rotate_270.jpg,17 Worawari Rumpuk,128,2,train
/kaggle/input/datasets/hertiyani/batik-nitik-960-official-mendeley/Batik Nitik 960/Batik Nitik 960 Images/17 Worawari Rumpuk 1_rotate_90.jpg,17 Worawari Rumpuk 1_rotate_90.jpg,17 Worawari Rumpuk,128,2,train
/kaggle/input/datasets/hertiyani/batik-nitik-960-official-mendeley/Batik Nitik 960/Batik Nitik 960 Images/17 Worawari Rumpuk 2.jpg,17 Worawari Rumpuk 2.jpg,17 Worawari Rumpuk,132,2,train
/kaggle/input/datasets/hertiyani/batik-nitik-960-official-mendeley/Batik Nitik 960/Batik Nitik 960 Images/17 Worawari Rumpuk 2_rotate_180.jpg,17 Worawari Rumpuk 2_rotate_180.jpg,17 Worawari Rumpuk,132,2,train
/kaggle/input/datasets/hertiyani/batik-nitik-960-official-mendeley/Batik Nitik 960/Batik Nitik 960 Images/17 Worawari Rumpuk 2_rotate_270.jpg,17 Worawari Rumpuk 2_rotate_270.jpg,17 Worawari Rumpuk,134,2,test
/kaggle/input/datasets/hertiyani/batik-nitik-960-official-mendeley/Batik Nitik 960/Batik Nitik 960 Images/17 Worawari Rumpuk 2_rotate_90.jpg,17 Worawari Rumpuk 2_rotate_90.jpg,17 Worawari Rumpuk,134,2,test
/kaggle/input/datasets/hertiyani/batik-nitik-960-official-mendeley/Batik Nitik 960/Batik Nitik 960 Images/17 Worawari Rumpuk 3.jpg,17 Worawari Rumpuk 3.jpg,17 Worawari Rumpuk,136,2,test
/kaggle/input/datasets/hertiyani/batik-nitik-960-official-mendeley/Batik Nitik 960/Batik Nitik 960 Images/17 Worawari Rumpuk 3_rotate_180.jpg,17 Worawari Rumpuk 3_rotate_180.jpg,17 Worawari Rumpuk,136,2,test
/kaggle/input/datasets/hertiyani/batik-nitik-960-official-mendeley/Batik Nitik 960/Batik Nitik 960 Images/17 Worawari Rumpuk 3_rotate_270.jpg,17 Worawari Rumpuk 3_rotate_270.jpg,17 Worawari Rumpuk,136,2,test
/kaggle/input/datasets/hertiyani/batik-nitik-960-official-mendeley/Batik Nitik 960/Batik Nitik 960 Images/17 Worawari Rumpuk 3_rotate_90.jpg,17 Worawari Rumpuk 3_rotate_90.jpg,17 Worawari Rumpuk,136,2,test
/kaggle/input/datasets/hertiyani/batik-nitik-960-official-mendeley/Batik Nitik 960/Batik Nitik 960 Images/17 Worawari Rumpuk 4.jpg,17 Worawari Rumpuk 4.jpg,17 Worawari Rumpuk,140,2,train
/kaggle/input/datasets/hertiyani/batik-nitik-960-official-mendeley/Batik Nitik 960/Batik Nitik 960 Images/17 Worawari Rumpuk 4_rotate_180.jpg,17 Worawari Rumpuk 4_rotate_180.jpg,17 Worawari Rumpuk,140,2,train
/kaggle/input/datasets/hertiyani/batik-nitik-960-official-mendeley/Batik Nitik 960/Batik Nitik 960 Images/17 Worawari Rumpuk 4_rotate_270.jpg,17 Worawari Rumpuk 4_rotate_270.jpg,17 Worawari Rumpuk,140,2,train
/kaggle/input/datasets/hertiyani/batik-nitik-960-official-mendeley/Batik Nitik 960/Batik Nitik 960 Images/17 Worawari Rumpuk 4_rotate_90.jpg,17 Worawari Rumpuk 4_rotate_90.jpg,17 Worawari Rumpuk,140,2,train
/kaggle/input/datasets/hertiyani/batik-nitik-960-official-mendeley/Batik Nitik 960/Batik Nitik 960 Images/18 Sekar Dhuku 1.jpg,18 Sekar Dhuku 1.jpg,18 Sekar Dhuku,144,2,train
/kaggle/input/datasets/hertiyani/batik-nitik-960-official-mendeley/Batik Nitik 960/Batik Nitik 960 Images/18 Sekar Dhuku 1_rotate_180.jpg,18 Sekar Dhuku 1_rotate_180.jpg,18 Sekar Dhuku,144,2,train
/kaggle/input/datasets/hertiyani/batik-nitik-960-official-mendeley/Batik Nitik 960/Batik Nitik 960 Images/18 Sekar Dhuku 1_rotate_270.jpg,18 Sekar Dhuku 1_rotate_270.jpg,18 Sekar Dhuku,144,2,train
/kaggle/input/datasets/hertiyani/batik-nitik-960-official-mendeley/Batik Nitik 960/Batik Nitik 960 Images/18 Sekar Dhuku 1_rotate_90.jpg,18 Sekar Dhuku 1_rotate_90.jpg,18 Sekar Dhuku,144,2,train
/kaggle/input/datasets/hertiyani/batik-nitik-960-official-mendeley/Batik Nitik 960/Batik Nitik 960 Images/18 Sekar Dhuku 2.jpg,18 Sekar Dhuku 2.jpg,18 Sekar Dhuku,148,2,test
/kaggle/input/datasets/hertiyani/batik-nitik-960-official-mendeley/Batik Nitik 960/Batik Nitik 960 Images/18 Sekar Dhuku 2_rotate_180.jpg,18 Sekar Dhuku 2_rotate_180.jpg,18 Sekar Dhuku,148,2,test
/kaggle/input/datasets/hertiyani/batik-nitik-960-official-mendeley/Batik Nitik 960/Batik Nitik 960 Images/18 Sekar Dhuku 2_rotate_270.jpg,18 Sekar Dhuku 2_rotate_270.jpg,18 Sekar Dhuku,150,2,train
/kaggle/input/datasets/hertiyani/batik-nitik-960-official-mendeley/Batik Nitik 960/Batik Nitik 960 Images/18 Sekar Dhuku 2_rotate_90.jpg,18 Sekar Dhuku 2_rotate_90.jpg,18 Sekar Dhuku,150,2,train
/kaggle/input/datasets/hertiyani/batik-nitik-960-official-mendeley/Batik Nitik 960/Batik Nitik 960 Images/18 Sekar Dhuku 3.jpg,18 Sekar Dhuku 3.jpg,18 Sekar Dhuku,152,2,test
/kaggle/input/datasets/hertiyani/batik-nitik-960-official-mendeley/Batik Nitik 960/Batik Nitik 960 Images/18 Sekar Dhuku 3_rotate_180.jpg,18 Sekar Dhuku 3_rotate_180.jpg,18 Sekar Dhuku,152,2,test
/kaggle/input/datasets/hertiyani/batik-nitik-960-official-mendeley/Batik Nitik 960/Batik Nitik 960 Images/18 Sekar Dhuku 3_rotate_270.jpg,18 Sekar Dhuku 3_rotate_270.jpg,18 Sekar Dhuku,154,2,test
/kaggle/input/datasets/hertiyani/batik-nitik-960-official-mendeley/Batik Nitik 960/Batik Nitik 960 Images/18 Sekar Dhuku 3_rotate_90.jpg,18 Sekar Dhuku 3_rotate_90.jpg,18 Sekar Dhuku,154,2,test
/kaggle/input/datasets/hertiyani/batik-nitik-960-official-mendeley/Batik Nitik 960/Batik Nitik 960 Images/18 Sekar Dhuku 4.jpg,18 Sekar Dhuku 4.jpg,18 Sekar Dhuku,156,2,train
/kaggle/input/datasets/hertiyani/batik-nitik-960-official-mendeley/Batik Nitik 960/Batik Nitik 960 Images/18 Sekar Dhuku 4_rotate_180.jpg,18 Sekar Dhuku 4_rotate_180.jpg,18 Sekar Dhuku,156,2,train
/kaggle/input/datasets/hertiyani/batik-nitik-960-official-mendeley/Batik Nitik 960/Batik Nitik 960 Images/18 Sekar Dhuku 4_rotate_270.jpg,18 Sekar Dhuku 4_rotate_270.jpg,18 Sekar Dhuku,156,2,train
/kaggle/input/datasets/hertiyani/batik-nitik-960-official-mendeley/Batik Nitik 960/Batik Nitik 960 Images/18 Sekar Dhuku 4_rotate_90.jpg,18 Sekar Dhuku 4_rotate_90.jpg,18 Sekar Dhuku,156,2,train
/kaggle/input/datasets/hertiyani/batik-nitik-960-official-mendeley/Batik Nitik 960/Batik Nitik 960 Images/19 Sekar Jagung 1.jpg,19 Sekar Jagung 1.jpg,19 Sekar Jagung,160,2,test
/kaggle/input/datasets/hertiyani/batik-nitik-960-official-mendeley/Batik Nitik 960/Batik Nitik 960 Images/19 Sekar Jagung 1_rotate_180.jpg,19 Sekar Jagung 1_rotate_180.jpg,19 Sekar Jagung,160,2,test
/kaggle/input/datasets/hertiyani/batik-nitik-960-official-mendeley/Batik Nitik 960/Batik Nitik 960 Images/19 Sekar Jagung 1_rotate_270.jpg,19 Sekar Jagung 1_rotate_270.jpg,19 Sekar Jagung,162,2,train
/kaggle/input/datasets/hertiyani/batik-nitik-960-official-mendeley/Batik Nitik 960/Batik Nitik 960 Images/19 Sekar Jagung 1_rotate_90.jpg,19 Sekar Jagung 1_rotate_90.jpg,19 Sekar Jagung,162,2,train
/kaggle/input/datasets/hertiyani/batik-nitik-960-official-mendeley/Batik Nitik 960/Batik Nitik 960 Images/19 Sekar Jagung 2.jpg,19 Sekar Jagung 2.jpg,19 Sekar Jagung,164,2,train
/kaggle/input/datasets/hertiyani/batik-nitik-960-official-mendeley/Batik Nitik 960/Batik Nitik 960 Images/19 Sekar Jagung 2_rotate_180.jpg,19 Sekar Jagung 2_rotate_180.jpg,19 Sekar Jagung,164,2,train
/kaggle/input/datasets/hertiyani/batik-nitik-960-official-mendeley/Batik Nitik 960/Batik Nitik 960 Images/19 Sekar Jagung 2_rotate_270.jpg,19 Sekar Jagung 2_rotate_270.jpg,19 Sekar Jagung,166,2,test
/kaggle/input/datasets/hertiyani/batik-nitik-960-official-mendeley/Batik Nitik 960/Batik Nitik 960 Images/19 Sekar Jagung 2_rotate_90.jpg,19 Sekar Jagung 2_rotate_90.jpg,19 Sekar Jagung,166,2,test
/kaggle/input/datasets/hertiyani/batik-nitik-960-official-mendeley/Batik Nitik 960/Batik Nitik 960 Images/19 Sekar Jagung 3.jpg,19 Sekar Jagung 3.jpg,19 Sekar Jagung,168,2,train
/kaggle/input/datasets/hertiyani/batik-nitik-960-official-mendeley/Batik Nitik 960/Batik Nitik 960 Images/19 Sekar Jagung 3_rotate_180.jpg,19 Sekar Jagung 3_rotate_180.jpg,19 Sekar Jagung,168,2,train
/kaggle/input/datasets/hertiyani/batik-nitik-960-official-mendeley/Batik Nitik 960/Batik Nitik 960 Images/19 Sekar Jagung 3_rotate_270.jpg,19 Sekar Jagung 3_rotate_270.jpg,19 Sekar Jagung,170,2,train
/kaggle/input/datasets/hertiyani/batik-nitik-960-official-mendeley/Batik Nitik 960/Batik Nitik 960 Images/19 Sekar Jagung 3_rotate_90.jpg,19 Sekar Jagung 3_rotate_90.jpg,19 Sekar Jagung,170,2,train
/kaggle/input/datasets/hertiyani/batik-nitik-960-official-mendeley/Batik Nitik 960/Batik Nitik 960 Images/19 Sekar Jagung 4.jpg,19 Sekar Jagung 4.jpg,19 Sekar Jagung,172,2,test
/kaggle/input/datasets/hertiyani/batik-nitik-960-official-mendeley/Batik Nitik 960/Batik Nitik 960 Images/19 Sekar Jagung 4_rotate_180.jpg,19 Sekar Jagung 4_rotate_180.jpg,19 Sekar Jagung,172,2,test
/kaggle/input/datasets/hertiyani/batik-nitik-960-official-mendeley/Batik Nitik 960/Batik Nitik 960 Images/19 Sekar Jagung 4_rotate_270.jpg,19 Sekar Jagung 4_rotate_270.jpg,19 Sekar Jagung,174,2,train
/kaggle/input/datasets/hertiyani/batik-nitik-960-official-mendeley/Batik Nitik 960/Batik Nitik 960 Images/19 Sekar Jagung 4_rotate_90.jpg,19 Sekar Jagung 4_rotate_90.jpg,19 Sekar Jagung,174,2,train
/kaggle/input/datasets/hertiyani/batik-nitik-960-official-mendeley/Batik Nitik 960/Batik Nitik 960 Images/2 Sekar Liring 1.jpg,2 Sekar Liring 1.jpg,2 Sekar Liring,176,2,train
/kaggle/input/datasets/hertiyani/batik-nitik-960-official-mendeley/Batik Nitik 960/Batik Nitik 960 Images/2 Sekar Liring 1_rotate_180.jpg,2 Sekar Liring 1_rotate_180.jpg,2 Sekar Liring,176,2,train
/kaggle/input/datasets/hertiyani/batik-nitik-960-official-mendeley/Batik Nitik 960/Batik Nitik 960 Images/2 Sekar Liring 1_rotate_270.jpg,2 Sekar Liring 1_rotate_270.jpg,2 Sekar Liring,178,2,train
/kaggle/input/datasets/hertiyani/batik-nitik-960-official-mendeley/Batik Nitik 960/Batik Nitik 960 Images/2 Sekar Liring 1_rotate_90.jpg,2 Sekar Liring 1_rotate_90.jpg,2 Sekar Liring,178,2,train
/kaggle/input/datasets/hertiyani/batik-nitik-960-official-mendeley/Batik Nitik 960/Batik Nitik 960 Images/2 Sekar Liring 2.jpg,2 Sekar Liring 2.jpg,2 Sekar Liring,180,2,test
/kaggle/input/datasets/hertiyani/batik-nitik-960-official-mendeley/Batik Nitik 960/Batik Nitik 960 Images/2 Sekar Liring 2_rotate_180.jpg,2 Sekar Liring 2_rotate_180.jpg,2 Sekar Liring,180,2,test
/kaggle/input/datasets/hertiyani/batik-nitik-960-official-mendeley/Batik Nitik 960/Batik Nitik 960 Images/2 Sekar Liring 2_rotate_270.jpg,2 Sekar Liring 2_rotate_270.jpg,2 Sekar Liring,182,2,test
/kaggle/input/datasets/hertiyani/batik-nitik-960-official-mendeley/Batik Nitik 960/Batik Nitik 960 Images/2 Sekar Liring 2_rotate_90.jpg,2 Sekar Liring 2_rotate_90.jpg,2 Sekar Liring,182,2,test
/kaggle/input/datasets/hertiyani/batik-nitik-960-official-mendeley/Batik Nitik 960/Batik Nitik 960 Images/2 Sekar Liring 3.jpg,2 Sekar Liring 3.jpg,2 Sekar Liring,184,2,train
/kaggle/input/datasets/hertiyani/batik-nitik-960-official-mendeley/Batik Nitik 960/Batik Nitik 960 Images/2 Sekar Liring 3_rotate_180.jpg,2 Sekar Liring 3_rotate_180.jpg,2 Sekar Liring,184,2,train
/kaggle/input/datasets/hertiyani/batik-nitik-960-official-mendeley/Batik Nitik 960/Batik Nitik 960 Images/2 Sekar Liring 3_rotate_270.jpg,2 Sekar Liring 3_rotate_270.jpg,2 Sekar Liring,186,2,train
/kaggle/input/datasets/hertiyani/batik-nitik-960-official-mendeley/Batik Nitik 960/Batik Nitik 960 Images/2 Sekar Liring 3_rotate_90.jpg,2 Sekar Liring 3_rotate_90.jpg,2 Sekar Liring,186,2,train
/kaggle/input/datasets/hertiyani/batik-nitik-960-official-mendeley/Batik Nitik 960/Batik Nitik 960 Images/2 Sekar Liring 4.jpg,2 Sekar Liring 4.jpg,2 Sekar Liring,188,2,test
/kaggle/input/datasets/hertiyani/batik-nitik-960-official-mendeley/Batik Nitik 960/Batik Nitik 960 Images/2 Sekar Liring 4_rotate_180.jpg,2 Sekar Liring 4_rotate_180.jpg,2 Sekar Liring,188,2,test
/kaggle/input/datasets/hertiyani/batik-nitik-960-official-mendeley/Batik Nitik 960/Batik Nitik 960 Images/2 Sekar Liring 4_rotate_270.jpg,2 Sekar Liring 4_rotate_270.jpg,2 Sekar Liring,190,2,train
/kaggle/input/datasets/hertiyani/batik-nitik-960-official-mendeley/Batik Nitik 960/Batik Nitik 960 Images/2 Sekar Liring 4_rotate_90.jpg,2 Sekar Liring 4_rotate_90.jpg,2 Sekar Liring,190,2,train
/kaggle/input/datasets/hertiyani/batik-nitik-960-official-mendeley/Batik Nitik 960/Batik Nitik 960 Images/20 Jayakirana 1.jpg,20 Jayakirana 1.jpg,20 Jayakirana,192,2,test
/kaggle/input/datasets/hertiyani/batik-nitik-960-official-mendeley/Batik Nitik 960/Batik Nitik 960 Images/20 Jayakirana 1_rotate_180.jpg,20 Jayakirana 1_rotate_180.jpg,20 Jayakirana,192,2,test
/kaggle/input/datasets/hertiyani/batik-nitik-960-official-mendeley/Batik Nitik 960/Batik Nitik 960 Images/20 Jayakirana 1_rotate_270.jpg,20 Jayakirana 1_rotate_270.jpg,20 Jayakirana,192,2,test
/kaggle/input/datasets/hertiyani/batik-nitik-960-official-mendeley/Batik Nitik 960/Batik Nitik 960 Images/20 Jayakirana 1_rotate_90.jpg,20 Jayakirana 1_rotate_90.jpg,20 Jayakirana,192,2,test
/kaggle/input/datasets/hertiyani/batik-nitik-960-official-mendeley/Batik Nitik 960/Batik Nitik 960 Images/20 Jayakirana 2.jpg,20 Jayakirana 2.jpg,20 Jayakirana,196,2,train
/kaggle/input/datasets/hertiyani/batik-nitik-960-official-mendeley/Batik Nitik 960/Batik Nitik 960 Images/20 Jayakirana 2_rotate_180.jpg,20 Jayakirana 2_rotate_180.jpg,20 Jayakirana,196,2,train
/kaggle/input/datasets/hertiyani/batik-nitik-960-official-mendeley/Batik Nitik 960/Batik Nitik 960 Images/20 Jayakirana 2_rotate_270.jpg,20 Jayakirana 2_rotate_270.jpg,20 Jayakirana,196,2,train
/kaggle/input/datasets/hertiyani/batik-nitik-960-official-mendeley/Batik Nitik 960/Batik Nitik 960 Images/20 Jayakirana 2_rotate_90.jpg,20 Jayakirana 2_rotate_90.jpg,20 Jayakirana,196,2,train
/kaggle/input/datasets/hertiyani/batik-nitik-960-official-mendeley/Batik Nitik 960/Batik Nitik 960 Images/20 Jayakirana 3.jpg,20 Jayakirana 3.jpg,20 Jayakirana,200,2,test
/kaggle/input/datasets/hertiyani/batik-nitik-960-official-mendeley/Batik Nitik 960/Batik Nitik 960 Images/20 Jayakirana 3_rotate_180.jpg,20 Jayakirana 3_rotate_180.jpg,20 Jayakirana,200,2,test
/kaggle/input/datasets/hertiyani/batik-nitik-960-official-mendeley/Batik Nitik 960/Batik Nitik 960 Images/20 Jayakirana 3_rotate_270.jpg,20 Jayakirana 3_rotate_270.jpg,20 Jayakirana,200,2,test
/kaggle/input/datasets/hertiyani/batik-nitik-960-official-mendeley/Batik Nitik 960/Batik Nitik 960 Images/20 Jayakirana 3_rotate_90.jpg,20 Jayakirana 3_rotate_90.jpg,20 Jayakirana,200,2,test
/kaggle/input/datasets/hertiyani/batik-nitik-960-official-mendeley/Batik Nitik 960/Batik Nitik 960 Images/20 Jayakirana 4.jpg,20 Jayakirana 4.jpg,20 Jayakirana,204,2,train
/kaggle/input/datasets/hertiyani/batik-nitik-960-official-mendeley/Batik Nitik 960/Batik Nitik 960 Images/20 Jayakirana 4_rotate_180.jpg,20 Jayakirana 4_rotate_180.jpg,20 Jayakirana,204,2,train
/kaggle/input/datasets/hertiyani/batik-nitik-960-official-mendeley/Batik Nitik 960/Batik Nitik 960 Images/20 Jayakirana 4_rotate_270.jpg,20 Jayakirana 4_rotate_270.jpg,20 Jayakirana,204,2,train
/kaggle/input/datasets/hertiyani/batik-nitik-960-official-mendeley/Batik Nitik 960/Batik Nitik 960 Images/20 Jayakirana 4_rotate_90.jpg,20 Jayakirana 4_rotate_90.jpg,20 Jayakirana,204,2,train
/kaggle/input/datasets/hertiyani/batik-nitik-960-official-mendeley/Batik Nitik 960/Batik Nitik 960 Images/21 Mawur 1.jpg,21 Mawur 1.jpg,21 Mawur,208,2,train
/kaggle/input/datasets/hertiyani/batik-nitik-960-official-mendeley/Batik Nitik 960/Batik Nitik 960 Images/21 Mawur 1_rotate_180.jpg,21 Mawur 1_rotate_180.jpg,21 Mawur,208,2,train
/kaggle/input/datasets/hertiyani/batik-nitik-960-official-mendeley/Batik Nitik 960/Batik Nitik 960 Images/21 Mawur 1_rotate_270.jpg,21 Mawur 1_rotate_270.jpg,21 Mawur,210,2,test
/kaggle/input/datasets/hertiyani/batik-nitik-960-official-mendeley/Batik Nitik 960/Batik Nitik 960 Images/21 Mawur 1_rotate_90.jpg,21 Mawur 1_rotate_90.jpg,21 Mawur,210,2,test
/kaggle/input/datasets/hertiyani/batik-nitik-960-official-mendeley/Batik Nitik 960/Batik Nitik 960 Images/21 Mawur 2.jpg,21 Mawur 2.jpg,21 Mawur,212,2,test
/kaggle/input/datasets/hertiyani/batik-nitik-960-official-mendeley/Batik Nitik 960/Batik Nitik 960 Images/21 Mawur 2_rotate_180.jpg,21 Mawur 2_rotate_180.jpg,21 Mawur,212,2,test
/kaggle/input/datasets/hertiyani/batik-nitik-960-official-mendeley/Batik Nitik 960/Batik Nitik 960 Images/21 Mawur 2_rotate_270.jpg,21 Mawur 2_rotate_270.jpg,21 Mawur,214,2,train
/kaggle/input/datasets/hertiyani/batik-nitik-960-official-mendeley/Batik Nitik 960/Batik Nitik 960 Images/21 Mawur 2_rotate_90.jpg,21 Mawur 2_rotate_90.jpg,21 Mawur,214,2,train
/kaggle/input/datasets/hertiyani/batik-nitik-960-official-mendeley/Batik Nitik 960/Batik Nitik 960 Images/21 Mawur 3.jpg,21 Mawur 3.jpg,21 Mawur,216,2,train
/kaggle/input/datasets/hertiyani/batik-nitik-960-official-mendeley/Batik Nitik 960/Batik Nitik 960 Images/21 Mawur 3_rotate_180.jpg,21 Mawur 3_rotate_180.jpg,21 Mawur,216,2,train
/kaggle/input/datasets/hertiyani/batik-nitik-960-official-mendeley/Batik Nitik 960/Batik Nitik 960 Images/21 Mawur 3_rotate_270.jpg,21 Mawur 3_rotate_270.jpg,21 Mawur,216,2,train
/kaggle/input/datasets/hertiyani/batik-nitik-960-official-mendeley/Batik Nitik 960/Batik Nitik 960 Images/21 Mawur 3_rotate_90.jpg,21 Mawur 3_rotate_90.jpg,21 Mawur,216,2,train
/kaggle/input/datasets/hertiyani/batik-nitik-960-official-mendeley/Batik Nitik 960/Batik Nitik 960 Images/21 Mawur 4.jpg,21 Mawur 4.jpg,21 Mawur,220,2,test
/kaggle/input/datasets/hertiyani/batik-nitik-960-official-mendeley/Batik Nitik 960/Batik Nitik 960 Images/21 Mawur 4_rotate_180.jpg,21 Mawur 4_rotate_180.jpg,21 Mawur,220,2,test
/kaggle/input/datasets/hertiyani/batik-nitik-960-official-mendeley/Batik Nitik 960/Batik Nitik 960 Images/21 Mawur 4_rotate_270.jpg,21 Mawur 4_rotate_270.jpg,21 Mawur,222,2,train
/kaggle/input/datasets/hertiyani/batik-nitik-960-official-mendeley/Batik Nitik 960/Batik Nitik 960 Images/21 Mawur 4_rotate_90.jpg,21 Mawur 4_rotate_90.jpg,21 Mawur,222,2,train
/kaggle/input/datasets/hertiyani/batik-nitik-960-official-mendeley/Batik Nitik 960/Batik Nitik 960 Images/22 Sekar Tanjung 1.jpg,22 Sekar Tanjung 1.jpg,22 Sekar Tanjung,224,2,train
/kaggle/input/datasets/hertiyani/batik-nitik-960-official-mendeley/Batik Nitik 960/Batik Nitik 960 Images/22 Sekar Tanjung 1_rotate_180.jpg,22 Sekar Tanjung 1_rotate_180.jpg,22 Sekar Tanjung,224,2,train
/kaggle/input/datasets/hertiyani/batik-nitik-960-official-mendeley/Batik Nitik 960/Batik Nitik 960 Images/22 Sekar Tanjung 1_rotate_270.jpg,22 Sekar Tanjung 1_rotate_270.jpg,22 Sekar Tanjung,226,2,train
/kaggle/input/datasets/hertiyani/batik-nitik-960-official-mendeley/Batik Nitik 960/Batik Nitik 960 Images/22 Sekar Tanjung 1_rotate_90.jpg,22 Sekar Tanjung 1_rotate_90.jpg,22 Sekar Tanjung,226,2,train
/kaggle/input/datasets/hertiyani/batik-nitik-960-official-mendeley/Batik Nitik 960/Batik Nitik 960 Images/22 Sekar Tanjung 2.jpg,22 Sekar Tanjung 2.jpg,22 Sekar Tanjung,228,2,test
/kaggle/input/datasets/hertiyani/batik-nitik-960-official-mendeley/Batik Nitik 960/Batik Nitik 960 Images/22 Sekar Tanjung 2_rotate_180.jpg,22 Sekar Tanjung 2_rotate_180.jpg,22 Sekar Tanjung,228,2,test
/kaggle/input/datasets/hertiyani/batik-nitik-960-official-mendeley/Batik Nitik 960/Batik Nitik 960 Images/22 Sekar Tanjung 2_rotate_270.jpg,22 Sekar Tanjung 2_rotate_270.jpg,22 Sekar Tanjung,230,2,test
/kaggle/input/datasets/hertiyani/batik-nitik-960-official-mendeley/Batik Nitik 960/Batik Nitik 960 Images/22 Sekar Tanjung 2_rotate_90.jpg,22 Sekar Tanjung 2_rotate_90.jpg,22 Sekar Tanjung,230,2,test
/kaggle/input/datasets/hertiyani/batik-nitik-960-official-mendeley/Batik Nitik 960/Batik Nitik 960 Images/22 Sekar Tanjung 3.jpg,22 Sekar Tanjung 3.jpg,22 Sekar Tanjung,232,2,train
/kaggle/input/datasets/hertiyani/batik-nitik-960-official-mendeley/Batik Nitik 960/Batik Nitik 960 Images/22 Sekar Tanjung 3_rotate_180.jpg,22 Sekar Tanjung 3_rotate_180.jpg,22 Sekar Tanjung,232,2,train
/kaggle/input/datasets/hertiyani/batik-nitik-960-official-mendeley/Batik Nitik 960/Batik Nitik 960 Images/22 Sekar Tanjung 3_rotate_270.jpg,22 Sekar Tanjung 3_rotate_270.jpg,22 Sekar Tanjung,232,2,train
/kaggle/input/datasets/hertiyani/batik-nitik-960-official-mendeley/Batik Nitik 960/Batik Nitik 960 Images/22 Sekar Tanjung 3_rotate_90.jpg,22 Sekar Tanjung 3_rotate_90.jpg,22 Sekar Tanjung,232,2,train
/kaggle/input/datasets/hertiyani/batik-nitik-960-official-mendeley/Batik Nitik 960/Batik Nitik 960 Images/22 Sekar Tanjung 4.jpg,22 Sekar Tanjung 4.jpg,22 Sekar Tanjung,236,2,train
/kaggle/input/datasets/hertiyani/batik-nitik-960-official-mendeley/Batik Nitik 960/Batik Nitik 960 Images/22 Sekar Tanjung 4_rotate_180.jpg,22 Sekar Tanjung 4_rotate_180.jpg,22 Sekar Tanjung,236,2,train
/kaggle/input/datasets/hertiyani/batik-nitik-960-official-mendeley/Batik Nitik 960/Batik Nitik 960 Images/22 Sekar Tanjung 4_rotate_270.jpg,22 Sekar Tanjung 4_rotate_270.jpg,22 Sekar Tanjung,238,2,test
/kaggle/input/datasets/hertiyani/batik-nitik-960-official-mendeley/Batik Nitik 960/Batik Nitik 960 Images/22 Sekar Tanjung 4_rotate_90.jpg,22 Sekar Tanjung 4_rotate_90.jpg,22 Sekar Tanjung,238,2,test
/kaggle/input/datasets/hertiyani/batik-nitik-960-official-mendeley/Batik Nitik 960/Batik Nitik 960 Images/23 Sekar Keben 1.jpg,23 Sekar Keben 1.jpg,23 Sekar Keben,240,2,train
/kaggle/input/datasets/hertiyani/batik-nitik-960-official-mendeley/Batik Nitik 960/Batik Nitik 960 Images/23 Sekar Keben 1_rotate_180.jpg,23 Sekar Keben 1_rotate_180.jpg,23 Sekar Keben,240,2,train
/kaggle/input/datasets/hertiyani/batik-nitik-960-official-mendeley/Batik Nitik 960/Batik Nitik 960 Images/23 Sekar Keben 1_rotate_270.jpg,23 Sekar Keben 1_rotate_270.jpg,23 Sekar Keben,242,2,test
/kaggle/input/datasets/hertiyani/batik-nitik-960-official-mendeley/Batik Nitik 960/Batik Nitik 960 Images/23 Sekar Keben 1_rotate_90.jpg,23 Sekar Keben 1_rotate_90.jpg,23 Sekar Keben,242,2,test
/kaggle/input/datasets/hertiyani/batik-nitik-960-official-mendeley/Batik Nitik 960/Batik Nitik 960 Images/23 Sekar Keben 2.jpg,23 Sekar Keben 2.jpg,23 Sekar Keben,244,2,test
/kaggle/input/datasets/hertiyani/batik-nitik-960-official-mendeley/Batik Nitik 960/Batik Nitik 960 Images/23 Sekar Keben 2_rotate_180.jpg,23 Sekar Keben 2_rotate_180.jpg,23 Sekar Keben,244,2,test
/kaggle/input/datasets/hertiyani/batik-nitik-960-official-mendeley/Batik Nitik 960/Batik Nitik 960 Images/23 Sekar Keben 2_rotate_270.jpg,23 Sekar Keben 2_rotate_270.jpg,23 Sekar Keben,246,2,train
/kaggle/input/datasets/hertiyani/batik-nitik-960-official-mendeley/Batik Nitik 960/Batik Nitik 960 Images/23 Sekar Keben 2_rotate_90.jpg,23 Sekar Keben 2_rotate_90.jpg,23 Sekar Keben,246,2,train
/kaggle/input/datasets/hertiyani/batik-nitik-960-official-mendeley/Batik Nitik 960/Batik Nitik 960 Images/23 Sekar Keben 3.jpg,23 Sekar Keben 3.jpg,23 Sekar Keben,248,2,train
/kaggle/input/datasets/hertiyani/batik-nitik-960-official-mendeley/Batik Nitik 960/Batik Nitik 960 Images/23 Sekar Keben 3_rotate_180.jpg,23 Sekar Keben 3_rotate_180.jpg,23 Sekar Keben,248,2,train
/kaggle/input/datasets/hertiyani/batik-nitik-960-official-mendeley/Batik Nitik 960/Batik Nitik 960 Images/23 Sekar Keben 3_rotate_270.jpg,23 Sekar Keben 3_rotate_270.jpg,23 Sekar Keben,250,2,train
/kaggle/input/datasets/hertiyani/batik-nitik-960-official-mendeley/Batik Nitik 960/Batik Nitik 960 Images/23 Sekar Keben 3_rotate_90.jpg,23 Sekar Keben 3_rotate_90.jpg,23 Sekar Keben,250,2,train
/kaggle/input/datasets/hertiyani/batik-nitik-960-official-mendeley/Batik Nitik 960/Batik Nitik 960 Images/23 Sekar Keben 4.jpg,23 Sekar Keben 4.jpg,23 Sekar Keben,252,2,test
/kaggle/input/datasets/hertiyani/batik-nitik-960-official-mendeley/Batik Nitik 960/Batik Nitik 960 Images/23 Sekar Keben 4_rotate_180.jpg,23 Sekar Keben 4_rotate_180.jpg,23 Sekar Keben,252,2,test
/kaggle/input/datasets/hertiyani/batik-nitik-960-official-mendeley/Batik Nitik 960/Batik Nitik 960 Images/23 Sekar Keben 4_rotate_270.jpg,23 Sekar Keben 4_rotate_270.jpg,23 Sekar Keben,254,2,train
/kaggle/input/datasets/hertiyani/batik-nitik-960-official-mendeley/Batik Nitik 960/Batik Nitik 960 Images/23 Sekar Keben 4_rotate_90.jpg,23 Sekar Keben 4_rotate_90.jpg,23 Sekar Keben,254,2,train
/kaggle/input/datasets/hertiyani/batik-nitik-960-official-mendeley/Batik Nitik 960/Batik Nitik 960 Images/24 Sekar Srengenge 1.jpg,24 Sekar Srengenge 1.jpg,24 Sekar Srengenge,256,2,train
/kaggle/input/datasets/hertiyani/batik-nitik-960-official-mendeley/Batik Nitik 960/Batik Nitik 960 Images/24 Sekar Srengenge 1_rotate_180.jpg,24 Sekar Srengenge 1_rotate_180.jpg,24 Sekar Srengenge,256,2,train
/kaggle/input/datasets/hertiyani/batik-nitik-960-official-mendeley/Batik Nitik 960/Batik Nitik 960 Images/24 Sekar Srengenge 1_rotate_270.jpg,24 Sekar Srengenge 1_rotate_270.jpg,24 Sekar Srengenge,258,2,train
/kaggle/input/datasets/hertiyani/batik-nitik-960-official-mendeley/Batik Nitik 960/Batik Nitik 960 Images/24 Sekar Srengenge 1_rotate_90.jpg,24 Sekar Srengenge 1_rotate_90.jpg,24 Sekar Srengenge,258,2,train
/kaggle/input/datasets/hertiyani/batik-nitik-960-official-mendeley/Batik Nitik 960/Batik Nitik 960 Images/24 Sekar Srengenge 2.jpg,24 Sekar Srengenge 2.jpg,24 Sekar Srengenge,260,2,train
/kaggle/input/datasets/hertiyani/batik-nitik-960-official-mendeley/Batik Nitik 960/Batik Nitik 960 Images/24 Sekar Srengenge 2_rotate_180.jpg,24 Sekar Srengenge 2_rotate_180.jpg,24 Sekar Srengenge,260,2,train
/kaggle/input/datasets/hertiyani/batik-nitik-960-official-mendeley/Batik Nitik 960/Batik Nitik 960 Images/24 Sekar Srengenge 2_rotate_270.jpg,24 Sekar Srengenge 2_rotate_270.jpg,24 Sekar Srengenge,262,2,train
/kaggle/input/datasets/hertiyani/batik-nitik-960-official-mendeley/Batik Nitik 960/Batik Nitik 960 Images/24 Sekar Srengenge 2_rotate_90.jpg,24 Sekar Srengenge 2_rotate_90.jpg,24 Sekar Srengenge,262,2,train
/kaggle/input/datasets/hertiyani/batik-nitik-960-official-mendeley/Batik Nitik 960/Batik Nitik 960 Images/24 Sekar Srengenge 3.jpg,24 Sekar Srengenge 3.jpg,24 Sekar Srengenge,264,2,test
/kaggle/input/datasets/hertiyani/batik-nitik-960-official-mendeley/Batik Nitik 960/Batik Nitik 960 Images/24 Sekar Srengenge 3_rotate_180.jpg,24 Sekar Srengenge 3_rotate_180.jpg,24 Sekar Srengenge,264,2,test
/kaggle/input/datasets/hertiyani/batik-nitik-960-official-mendeley/Batik Nitik 960/Batik Nitik 960 Images/24 Sekar Srengenge 3_rotate_270.jpg,24 Sekar Srengenge 3_rotate_270.jpg,24 Sekar Srengenge,264,2,test
/kaggle/input/datasets/hertiyani/batik-nitik-960-official-mendeley/Batik Nitik 960/Batik Nitik 960 Images/24 Sekar Srengenge 3_rotate_90.jpg,24 Sekar Srengenge 3_rotate_90.jpg,24 Sekar Srengenge,264,2,test
/kaggle/input/datasets/hertiyani/batik-nitik-960-official-mendeley/Batik Nitik 960/Batik Nitik 960 Images/24 Sekar Srengenge 4.jpg,24 Sekar Srengenge 4.jpg,24 Sekar Srengenge,268,2,test
/kaggle/input/datasets/hertiyani/batik-nitik-960-official-mendeley/Batik Nitik 960/Batik Nitik 960 Images/24 Sekar Srengenge 4_rotate_180.jpg,24 Sekar Srengenge 4_rotate_180.jpg,24 Sekar Srengenge,268,2,test
/kaggle/input/datasets/hertiyani/batik-nitik-960-official-mendeley/Batik Nitik 960/Batik Nitik 960 Images/24 Sekar Srengenge 4_rotate_270.jpg,24 Sekar Srengenge 4_rotate_270.jpg,24 Sekar Srengenge,270,2,train
/kaggle/input/datasets/hertiyani/batik-nitik-960-official-mendeley/Batik Nitik 960/Batik Nitik 960 Images/24 Sekar Srengenge 4_rotate_90.jpg,24 Sekar Srengenge 4_rotate_90.jpg,24 Sekar Srengenge,270,2,train
/kaggle/input/datasets/hertiyani/batik-nitik-960-official-mendeley/Batik Nitik 960/Batik Nitik 960 Images/25 Sekar Soka 1.jpg,25 Sekar Soka 1.jpg,25 Sekar Soka,272,2,test
/kaggle/input/datasets/hertiyani/batik-nitik-960-official-mendeley/Batik Nitik 960/Batik Nitik 960 Images/25 Sekar Soka 1_rotate_180.jpg,25 Sekar Soka 1_rotate_180.jpg,25 Sekar Soka,272,2,test
/kaggle/input/datasets/hertiyani/batik-nitik-960-official-mendeley/Batik Nitik 960/Batik Nitik 960 Images/25 Sekar Soka 1_rotate_270.jpg,25 Sekar Soka 1_rotate_270.jpg,25 Sekar Soka,274,2,train
/kaggle/input/datasets/hertiyani/batik-nitik-960-official-mendeley/Batik Nitik 960/Batik Nitik 960 Images/25 Sekar Soka 1_rotate_90.jpg,25 Sekar Soka 1_rotate_90.jpg,25 Sekar Soka,274,2,train
/kaggle/input/datasets/hertiyani/batik-nitik-960-official-mendeley/Batik Nitik 960/Batik Nitik 960 Images/25 Sekar Soka 2.jpg,25 Sekar Soka 2.jpg,25 Sekar Soka,276,2,train
/kaggle/input/datasets/hertiyani/batik-nitik-960-official-mendeley/Batik Nitik 960/Batik Nitik 960 Images/25 Sekar Soka 2_rotate_180.jpg,25 Sekar Soka 2_rotate_180.jpg,25 Sekar Soka,276,2,train
/kaggle/input/datasets/hertiyani/batik-nitik-960-official-mendeley/Batik Nitik 960/Batik Nitik 960 Images/25 Sekar Soka 2_rotate_270.jpg,25 Sekar Soka 2_rotate_270.jpg,25 Sekar Soka,278,2,test
/kaggle/input/datasets/hertiyani/batik-nitik-960-official-mendeley/Batik Nitik 960/Batik Nitik 960 Images/25 Sekar Soka 2_rotate_90.jpg,25 Sekar Soka 2_rotate_90.jpg,25 Sekar Soka,278,2,test
/kaggle/input/datasets/hertiyani/batik-nitik-960-official-mendeley/Batik Nitik 960/Batik Nitik 960 Images/25 Sekar Soka 3.jpg,25 Sekar Soka 3.jpg,25 Sekar Soka,280,2,test
/kaggle/input/datasets/hertiyani/batik-nitik-960-official-mendeley/Batik Nitik 960/Batik Nitik 960 Images/25 Sekar Soka 3_rotate_180.jpg,25 Sekar Soka 3_rotate_180.jpg,25 Sekar Soka,280,2,test
/kaggle/input/datasets/hertiyani/batik-nitik-960-official-mendeley/Batik Nitik 960/Batik Nitik 960 Images/25 Sekar Soka 3_rotate_270.jpg,25 Sekar Soka 3_rotate_270.jpg,25 Sekar Soka,282,2,train
/kaggle/input/datasets/hertiyani/batik-nitik-960-official-mendeley/Batik Nitik 960/Batik Nitik 960 Images/25 Sekar Soka 3_rotate_90.jpg,25 Sekar Soka 3_rotate_90.jpg,25 Sekar Soka,282,2,train
/kaggle/input/datasets/hertiyani/batik-nitik-960-official-mendeley/Batik Nitik 960/Batik Nitik 960 Images/25 Sekar Soka 4.jpg,25 Sekar Soka 4.jpg,25 Sekar Soka,284,2,train
/kaggle/input/datasets/hertiyani/batik-nitik-960-official-mendeley/Batik Nitik 960/Batik Nitik 960 Images/25 Sekar Soka 4_rotate_180.jpg,25 Sekar Soka 4_rotate_180.jpg,25 Sekar Soka,284,2,train
/kaggle/input/datasets/hertiyani/batik-nitik-960-official-mendeley/Batik Nitik 960/Batik Nitik 960 Images/25 Sekar Soka 4_rotate_270.jpg,25 Sekar Soka 4_rotate_270.jpg,25 Sekar Soka,286,2,train
/kaggle/input/datasets/hertiyani/batik-nitik-960-official-mendeley/Batik Nitik 960/Batik Nitik 960 Images/25 Sekar Soka 4_rotate_90.jpg,25 Sekar Soka 4_rotate_90.jpg,25 Sekar Soka,286,2,train
/kaggle/input/datasets/hertiyani/batik-nitik-960-official-mendeley/Batik Nitik 960/Batik Nitik 960 Images/26 Sekar Nangka 1.jpg,26 Sekar Nangka 1.jpg,26 Sekar Nangka,288,2,test
/kaggle/input/datasets/hertiyani/batik-nitik-960-official-mendeley/Batik Nitik 960/Batik Nitik 960 Images/26 Sekar Nangka 1_rotate_180.jpg,26 Sekar Nangka 1_rotate_180.jpg,26 Sekar Nangka,288,2,test
/kaggle/input/datasets/hertiyani/batik-nitik-960-official-mendeley/Batik Nitik 960/Batik Nitik 960 Images/26 Sekar Nangka 1_rotate_270.jpg,26 Sekar Nangka 1_rotate_270.jpg,26 Sekar Nangka,290,2,train
/kaggle/input/datasets/hertiyani/batik-nitik-960-official-mendeley/Batik Nitik 960/Batik Nitik 960 Images/26 Sekar Nangka 1_rotate_90.jpg,26 Sekar Nangka 1_rotate_90.jpg,26 Sekar Nangka,290,2,train
/kaggle/input/datasets/hertiyani/batik-nitik-960-official-mendeley/Batik Nitik 960/Batik Nitik 960 Images/26 Sekar Nangka 2.jpg,26 Sekar Nangka 2.jpg,26 Sekar Nangka,292,2,train
/kaggle/input/datasets/hertiyani/batik-nitik-960-official-mendeley/Batik Nitik 960/Batik Nitik 960 Images/26 Sekar Nangka 2_rotate_180.jpg,26 Sekar Nangka 2_rotate_180.jpg,26 Sekar Nangka,292,2,train
/kaggle/input/datasets/hertiyani/batik-nitik-960-official-mendeley/Batik Nitik 960/Batik Nitik 960 Images/26 Sekar Nangka 2_rotate_270.jpg,26 Sekar Nangka 2_rotate_270.jpg,26 Sekar Nangka,294,2,train
/kaggle/input/datasets/hertiyani/batik-nitik-960-official-mendeley/Batik Nitik 960/Batik Nitik 960 Images/26 Sekar Nangka 2_rotate_90.jpg,26 Sekar Nangka 2_rotate_90.jpg,26 Sekar Nangka,294,2,train
/kaggle/input/datasets/hertiyani/batik-nitik-960-official-mendeley/Batik Nitik 960/Batik Nitik 960 Images/26 Sekar Nangka 3.jpg,26 Sekar Nangka 3.jpg,26 Sekar Nangka,296,2,test
/kaggle/input/datasets/hertiyani/batik-nitik-960-official-mendeley/Batik Nitik 960/Batik Nitik 960 Images/26 Sekar Nangka 3_rotate_180.jpg,26 Sekar Nangka 3_rotate_180.jpg,26 Sekar Nangka,296,2,test
/kaggle/input/datasets/hertiyani/batik-nitik-960-official-mendeley/Batik Nitik 960/Batik Nitik 960 Images/26 Sekar Nangka 3_rotate_270.jpg,26 Sekar Nangka 3_rotate_270.jpg,26 Sekar Nangka,298,2,test
/kaggle/input/datasets/hertiyani/batik-nitik-960-official-mendeley/Batik Nitik 960/Batik Nitik 960 Images/26 Sekar Nangka 3_rotate_90.jpg,26 Sekar Nangka 3_rotate_90.jpg,26 Sekar Nangka,298,2,test
/kaggle/input/datasets/hertiyani/batik-nitik-960-official-mendeley/Batik Nitik 960/Batik Nitik 960 Images/26 Sekar Nangka 4.jpg,26 Sekar Nangka 4.jpg,26 Sekar Nangka,300,2,train
/kaggle/input/datasets/hertiyani/batik-nitik-960-official-mendeley/Batik Nitik 960/Batik Nitik 960 Images/26 Sekar Nangka 4_rotate_180.jpg,26 Sekar Nangka 4_rotate_180.jpg,26 Sekar Nangka,300,2,train
/kaggle/input/datasets/hertiyani/batik-nitik-960-official-mendeley/Batik Nitik 960/Batik Nitik 960 Images/26 Sekar Nangka 4_rotate_270.jpg,26 Sekar Nangka 4_rotate_270.jpg,26 Sekar Nangka,302,2,train
/kaggle/input/datasets/hertiyani/batik-nitik-960-official-mendeley/Batik Nitik 960/Batik Nitik 960 Images/26 Sekar Nangka 4_rotate_90.jpg,26 Sekar Nangka 4_rotate_90.jpg,26 Sekar Nangka,302,2,train
/kaggle/input/datasets/hertiyani/batik-nitik-960-official-mendeley/Batik Nitik 960/Batik Nitik 960 Images/27 Kawung Nitik 1.jpg,27 Kawung Nitik 1.jpg,27 Kawung Nitik,304,2,train
/kaggle/input/datasets/hertiyani/batik-nitik-960-official-mendeley/Batik Nitik 960/Batik Nitik 960 Images/27 Kawung Nitik 1_rotate_180.jpg,27 Kawung Nitik 1_rotate_180.jpg,27 Kawung Nitik,304,2,train
/kaggle/input/datasets/hertiyani/batik-nitik-960-official-mendeley/Batik Nitik 960/Batik Nitik 960 Images/27 Kawung Nitik 1_rotate_270.jpg,27 Kawung Nitik 1_rotate_270.jpg,27 Kawung Nitik,306,2,train
/kaggle/input/datasets/hertiyani/batik-nitik-960-official-mendeley/Batik Nitik 960/Batik Nitik 960 Images/27 Kawung Nitik 1_rotate_90.jpg,27 Kawung Nitik 1_rotate_90.jpg,27 Kawung Nitik,306,2,train
/kaggle/input/datasets/hertiyani/batik-nitik-960-official-mendeley/Batik Nitik 960/Batik Nitik 960 Images/27 Kawung Nitik 2.jpg,27 Kawung Nitik 2.jpg,27 Kawung Nitik,308,2,test
/kaggle/input/datasets/hertiyani/batik-nitik-960-official-mendeley/Batik Nitik 960/Batik Nitik 960 Images/27 Kawung Nitik 2_rotate_180.jpg,27 Kawung Nitik 2_rotate_180.jpg,27 Kawung Nitik,308,2,test
/kaggle/input/datasets/hertiyani/batik-nitik-960-official-mendeley/Batik Nitik 960/Batik Nitik 960 Images/27 Kawung Nitik 2_rotate_270.jpg,27 Kawung Nitik 2_rotate_270.jpg,27 Kawung Nitik,310,2,test
/kaggle/input/datasets/hertiyani/batik-nitik-960-official-mendeley/Batik Nitik 960/Batik Nitik 960 Images/27 Kawung Nitik 2_rotate_90.jpg,27 Kawung Nitik 2_rotate_90.jpg,27 Kawung Nitik,310,2,test
/kaggle/input/datasets/hertiyani/batik-nitik-960-official-mendeley/Batik Nitik 960/Batik Nitik 960 Images/27 Kawung Nitik 3.jpg,27 Kawung Nitik 3.jpg,27 Kawung Nitik,312,2,train
/kaggle/input/datasets/hertiyani/batik-nitik-960-official-mendeley/Batik Nitik 960/Batik Nitik 960 Images/27 Kawung Nitik 3_rotate_180.jpg,27 Kawung Nitik 3_rotate_180.jpg,27 Kawung Nitik,312,2,train
/kaggle/input/datasets/hertiyani/batik-nitik-960-official-mendeley/Batik Nitik 960/Batik Nitik 960 Images/27 Kawung Nitik 3_rotate_270.jpg,27 Kawung Nitik 3_rotate_270.jpg,27 Kawung Nitik,314,2,test
/kaggle/input/datasets/hertiyani/batik-nitik-960-official-mendeley/Batik Nitik 960/Batik Nitik 960 Images/27 Kawung Nitik 3_rotate_90.jpg,27 Kawung Nitik 3_rotate_90.jpg,27 Kawung Nitik,314,2,test
/kaggle/input/datasets/hertiyani/batik-nitik-960-official-mendeley/Batik Nitik 960/Batik Nitik 960 Images/27 Kawung Nitik 4.jpg,27 Kawung Nitik 4.jpg,27 Kawung Nitik,316,2,train
/kaggle/input/datasets/hertiyani/batik-nitik-960-official-mendeley/Batik Nitik 960/Batik Nitik 960 Images/27 Kawung Nitik 4_rotate_180.jpg,27 Kawung Nitik 4_rotate_180.jpg,27 Kawung Nitik,316,2,train
/kaggle/input/datasets/hertiyani/batik-nitik-960-official-mendeley/Batik Nitik 960/Batik Nitik 960 Images/27 Kawung Nitik 4_rotate_270.jpg,27 Kawung Nitik 4_rotate_270.jpg,27 Kawung Nitik,318,2,train
/kaggle/input/datasets/hertiyani/batik-nitik-960-official-mendeley/Batik Nitik 960/Batik Nitik 960 Images/27 Kawung Nitik 4_rotate_90.jpg,27 Kawung Nitik 4_rotate_90.jpg,27 Kawung Nitik,318,2,train
/kaggle/input/datasets/hertiyani/batik-nitik-960-official-mendeley/Batik Nitik 960/Batik Nitik 960 Images/28 Sekar Kenthang 1.jpg,28 Sekar Kenthang 1.jpg,28 Sekar Kenthang,320,2,test
/kaggle/input/datasets/hertiyani/batik-nitik-960-official-mendeley/Batik Nitik 960/Batik Nitik 960 Images/28 Sekar Kenthang 1_rotate_180.jpg,28 Sekar Kenthang 1_rotate_180.jpg,28 Sekar Kenthang,320,2,test
/kaggle/input/datasets/hertiyani/batik-nitik-960-official-mendeley/Batik Nitik 960/Batik Nitik 960 Images/28 Sekar Kenthang 1_rotate_270.jpg,28 Sekar Kenthang 1_rotate_270.jpg,28 Sekar Kenthang,322,2,test
/kaggle/input/datasets/hertiyani/batik-nitik-960-official-mendeley/Batik Nitik 960/Batik Nitik 960 Images/28 Sekar Kenthang 1_rotate_90.jpg,28 Sekar Kenthang 1_rotate_90.jpg,28 Sekar Kenthang,322,2,test
/kaggle/input/datasets/hertiyani/batik-nitik-960-official-mendeley/Batik Nitik 960/Batik Nitik 960 Images/28 Sekar Kenthang 2.jpg,28 Sekar Kenthang 2.jpg,28 Sekar Kenthang,324,2,train
/kaggle/input/datasets/hertiyani/batik-nitik-960-official-mendeley/Batik Nitik 960/Batik Nitik 960 Images/28 Sekar Kenthang 2_rotate_180.jpg,28 Sekar Kenthang 2_rotate_180.jpg,28 Sekar Kenthang,324,2,train
/kaggle/input/datasets/hertiyani/batik-nitik-960-official-mendeley/Batik Nitik 960/Batik Nitik 960 Images/28 Sekar Kenthang 2_rotate_270.jpg,28 Sekar Kenthang 2_rotate_270.jpg,28 Sekar Kenthang,326,2,test
/kaggle/input/datasets/hertiyani/batik-nitik-960-official-mendeley/Batik Nitik 960/Batik Nitik 960 Images/28 Sekar Kenthang 2_rotate_90.jpg,28 Sekar Kenthang 2_rotate_90.jpg,28 Sekar Kenthang,326,2,test
/kaggle/input/datasets/hertiyani/batik-nitik-960-official-mendeley/Batik Nitik 960/Batik Nitik 960 Images/28 Sekar Kenthang 3.jpg,28 Sekar Kenthang 3.jpg,28 Sekar Kenthang,328,2,train
/kaggle/input/datasets/hertiyani/batik-nitik-960-official-mendeley/Batik Nitik 960/Batik Nitik 960 Images/28 Sekar Kenthang 3_rotate_180.jpg,28 Sekar Kenthang 3_rotate_180.jpg,28 Sekar Kenthang,328,2,train
/kaggle/input/datasets/hertiyani/batik-nitik-960-official-mendeley/Batik Nitik 960/Batik Nitik 960 Images/28 Sekar Kenthang 3_rotate_270.jpg,28 Sekar Kenthang 3_rotate_270.jpg,28 Sekar Kenthang,328,2,train
/kaggle/input/datasets/hertiyani/batik-nitik-960-official-mendeley/Batik Nitik 960/Batik Nitik 960 Images/28 Sekar Kenthang 3_rotate_90.jpg,28 Sekar Kenthang 3_rotate_90.jpg,28 Sekar Kenthang,328,2,train
/kaggle/input/datasets/hertiyani/batik-nitik-960-official-mendeley/Batik Nitik 960/Batik Nitik 960 Images/28 Sekar Kenthang 4.jpg,28 Sekar Kenthang 4.jpg,28 Sekar Kenthang,332,2,train
/kaggle/input/datasets/hertiyani/batik-nitik-960-official-mendeley/Batik Nitik 960/Batik Nitik 960 Images/28 Sekar Kenthang 4_rotate_180.jpg,28 Sekar Kenthang 4_rotate_180.jpg,28 Sekar Kenthang,332,2,train
/kaggle/input/datasets/hertiyani/batik-nitik-960-official-mendeley/Batik Nitik 960/Batik Nitik 960 Images/28 Sekar Kenthang 4_rotate_270.jpg,28 Sekar Kenthang 4_rotate_270.jpg,28 Sekar Kenthang,332,2,train
/kaggle/input/datasets/hertiyani/batik-nitik-960-official-mendeley/Batik Nitik 960/Batik Nitik 960 Images/28 Sekar Kenthang 4_rotate_90.jpg,28 Sekar Kenthang 4_rotate_90.jpg,28 Sekar Kenthang,332,2,train
/kaggle/input/datasets/hertiyani/batik-nitik-960-official-mendeley/Batik Nitik 960/Batik Nitik 960 Images/29 Sekar Pudhak 1.jpg,29 Sekar Pudhak 1.jpg,29 Sekar Pudhak,336,2,test
/kaggle/input/datasets/hertiyani/batik-nitik-960-official-mendeley/Batik Nitik 960/Batik Nitik 960 Images/29 Sekar Pudhak 1_rotate_180.jpg,29 Sekar Pudhak 1_rotate_180.jpg,29 Sekar Pudhak,336,2,test
/kaggle/input/datasets/hertiyani/batik-nitik-960-official-mendeley/Batik Nitik 960/Batik Nitik 960 Images/29 Sekar Pudhak 1_rotate_270.jpg,29 Sekar Pudhak 1_rotate_270.jpg,29 Sekar Pudhak,338,2,train
/kaggle/input/datasets/hertiyani/batik-nitik-960-official-mendeley/Batik Nitik 960/Batik Nitik 960 Images/29 Sekar Pudhak 1_rotate_90.jpg,29 Sekar Pudhak 1_rotate_90.jpg,29 Sekar Pudhak,338,2,train
/kaggle/input/datasets/hertiyani/batik-nitik-960-official-mendeley/Batik Nitik 960/Batik Nitik 960 Images/29 Sekar Pudhak 2.jpg,29 Sekar Pudhak 2.jpg,29 Sekar Pudhak,340,2,train
/kaggle/input/datasets/hertiyani/batik-nitik-960-official-mendeley/Batik Nitik 960/Batik Nitik 960 Images/29 Sekar Pudhak 2_rotate_180.jpg,29 Sekar Pudhak 2_rotate_180.jpg,29 Sekar Pudhak,340,2,train
/kaggle/input/datasets/hertiyani/batik-nitik-960-official-mendeley/Batik Nitik 960/Batik Nitik 960 Images/29 Sekar Pudhak 2_rotate_270.jpg,29 Sekar Pudhak 2_rotate_270.jpg,29 Sekar Pudhak,340,2,train
/kaggle/input/datasets/hertiyani/batik-nitik-960-official-mendeley/Batik Nitik 960/Batik Nitik 960 Images/29 Sekar Pudhak 2_rotate_90.jpg,29 Sekar Pudhak 2_rotate_90.jpg,29 Sekar Pudhak,340,2,train
/kaggle/input/datasets/hertiyani/batik-nitik-960-official-mendeley/Batik Nitik 960/Batik Nitik 960 Images/29 Sekar Pudhak 3.jpg,29 Sekar Pudhak 3.jpg,29 Sekar Pudhak,344,2,test
/kaggle/input/datasets/hertiyani/batik-nitik-960-official-mendeley/Batik Nitik 960/Batik Nitik 960 Images/29 Sekar Pudhak 3_rotate_180.jpg,29 Sekar Pudhak 3_rotate_180.jpg,29 Sekar Pudhak,344,2,test
/kaggle/input/datasets/hertiyani/batik-nitik-960-official-mendeley/Batik Nitik 960/Batik Nitik 960 Images/29 Sekar Pudhak 3_rotate_270.jpg,29 Sekar Pudhak 3_rotate_270.jpg,29 Sekar Pudhak,344,2,test
/kaggle/input/datasets/hertiyani/batik-nitik-960-official-mendeley/Batik Nitik 960/Batik Nitik 960 Images/29 Sekar Pudhak 3_rotate_90.jpg,29 Sekar Pudhak 3_rotate_90.jpg,29 Sekar Pudhak,344,2,test
/kaggle/input/datasets/hertiyani/batik-nitik-960-official-mendeley/Batik Nitik 960/Batik Nitik 960 Images/29 Sekar Pudhak 4.jpg,29 Sekar Pudhak 4.jpg,29 Sekar Pudhak,348,2,train
/kaggle/input/datasets/hertiyani/batik-nitik-960-official-mendeley/Batik Nitik 960/Batik Nitik 960 Images/29 Sekar Pudhak 4_rotate_180.jpg,29 Sekar Pudhak 4_rotate_180.jpg,29 Sekar Pudhak,348,2,train
/kaggle/input/datasets/hertiyani/batik-nitik-960-official-mendeley/Batik Nitik 960/Batik Nitik 960 Images/29 Sekar Pudhak 4_rotate_270.jpg,29 Sekar Pudhak 4_rotate_270.jpg,29 Sekar Pudhak,350,2,train
/kaggle/input/datasets/hertiyani/batik-nitik-960-official-mendeley/Batik Nitik 960/Batik Nitik 960 Images/29 Sekar Pudhak 4_rotate_90.jpg,29 Sekar Pudhak 4_rotate_90.jpg,29 Sekar Pudhak,350,2,train
/kaggle/input/datasets/hertiyani/batik-nitik-960-official-mendeley/Batik Nitik 960/Batik Nitik 960 Images/3 Sekar Duren 1.jpg,3 Sekar Duren 1.jpg,3 Sekar Duren,352,2,test
/kaggle/input/datasets/hertiyani/batik-nitik-960-official-mendeley/Batik Nitik 960/Batik Nitik 960 Images/3 Sekar Duren 1_rotate_180.jpg,3 Sekar Duren 1_rotate_180.jpg,3 Sekar Duren,352,2,test
/kaggle/input/datasets/hertiyani/batik-nitik-960-official-mendeley/Batik Nitik 960/Batik Nitik 960 Images/3 Sekar Duren 1_rotate_270.jpg,3 Sekar Duren 1_rotate_270.jpg,3 Sekar Duren,354,2,train
/kaggle/input/datasets/hertiyani/batik-nitik-960-official-mendeley/Batik Nitik 960/Batik Nitik 960 Images/3 Sekar Duren 1_rotate_90.jpg,3 Sekar Duren 1_rotate_90.jpg,3 Sekar Duren,354,2,train
/kaggle/input/datasets/hertiyani/batik-nitik-960-official-mendeley/Batik Nitik 960/Batik Nitik 960 Images/3 Sekar Duren 2.jpg,3 Sekar Duren 2.jpg,3 Sekar Duren,356,2,train
/kaggle/input/datasets/hertiyani/batik-nitik-960-official-mendeley/Batik Nitik 960/Batik Nitik 960 Images/3 Sekar Duren 2_rotate_180.jpg,3 Sekar Duren 2_rotate_180.jpg,3 Sekar Duren,356,2,train
/kaggle/input/datasets/hertiyani/batik-nitik-960-official-mendeley/Batik Nitik 960/Batik Nitik 960 Images/3 Sekar Duren 2_rotate_270.jpg,3 Sekar Duren 2_rotate_270.jpg,3 Sekar Duren,358,2,test
/kaggle/input/datasets/hertiyani/batik-nitik-960-official-mendeley/Batik Nitik 960/Batik Nitik 960 Images/3 Sekar Duren 2_rotate_90.jpg,3 Sekar Duren 2_rotate_90.jpg,3 Sekar Duren,358,2,test
/kaggle/input/datasets/hertiyani/batik-nitik-960-official-mendeley/Batik Nitik 960/Batik Nitik 960 Images/3 Sekar Duren 3.jpg,3 Sekar Duren 3.jpg,3 Sekar Duren,360,2,train
/kaggle/input/datasets/hertiyani/batik-nitik-960-official-mendeley/Batik Nitik 960/Batik Nitik 960 Images/3 Sekar Duren 3_rotate_180.jpg,3 Sekar Duren 3_rotate_180.jpg,3 Sekar Duren,360,2,train
/kaggle/input/datasets/hertiyani/batik-nitik-960-official-mendeley/Batik Nitik 960/Batik Nitik 960 Images/3 Sekar Duren 3_rotate_270.jpg,3 Sekar Duren 3_rotate_270.jpg,3 Sekar Duren,362,2,test
/kaggle/input/datasets/hertiyani/batik-nitik-960-official-mendeley/Batik Nitik 960/Batik Nitik 960 Images/3 Sekar Duren 3_rotate_90.jpg,3 Sekar Duren 3_rotate_90.jpg,3 Sekar Duren,362,2,test
/kaggle/input/datasets/hertiyani/batik-nitik-960-official-mendeley/Batik Nitik 960/Batik Nitik 960 Images/3 Sekar Duren 4.jpg,3 Sekar Duren 4.jpg,3 Sekar Duren,364,2,train
/kaggle/input/datasets/hertiyani/batik-nitik-960-official-mendeley/Batik Nitik 960/Batik Nitik 960 Images/3 Sekar Duren 4_rotate_180.jpg,3 Sekar Duren 4_rotate_180.jpg,3 Sekar Duren,364,2,train
/kaggle/input/datasets/hertiyani/batik-nitik-960-official-mendeley/Batik Nitik 960/Batik Nitik 960 Images/3 Sekar Duren 4_rotate_270.jpg,3 Sekar Duren 4_rotate_270.jpg,3 Sekar Duren,366,2,train
/kaggle/input/datasets/hertiyani/batik-nitik-960-official-mendeley/Batik Nitik 960/Batik Nitik 960 Images/3 Sekar Duren 4_rotate_90.jpg,3 Sekar Duren 4_rotate_90.jpg,3 Sekar Duren,366,2,train
/kaggle/input/datasets/hertiyani/batik-nitik-960-official-mendeley/Batik Nitik 960/Batik Nitik 960 Images/30 Sekar Dlima 1.jpg,30 Sekar Dlima 1.jpg,30 Sekar Dlima,368,2,train
/kaggle/input/datasets/hertiyani/batik-nitik-960-official-mendeley/Batik Nitik 960/Batik Nitik 960 Images/30 Sekar Dlima 1_rotate_180.jpg,30 Sekar Dlima 1_rotate_180.jpg,30 Sekar Dlima,368,2,train
/kaggle/input/datasets/hertiyani/batik-nitik-960-official-mendeley/Batik Nitik 960/Batik Nitik 960 Images/30 Sekar Dlima 1_rotate_270.jpg,30 Sekar Dlima 1_rotate_270.jpg,30 Sekar Dlima,370,2,train
/kaggle/input/datasets/hertiyani/batik-nitik-960-official-mendeley/Batik Nitik 960/Batik Nitik 960 Images/30 Sekar Dlima 1_rotate_90.jpg,30 Sekar Dlima 1_rotate_90.jpg,30 Sekar Dlima,370,2,train
/kaggle/input/datasets/hertiyani/batik-nitik-960-official-mendeley/Batik Nitik 960/Batik Nitik 960 Images/30 Sekar Dlima 2.jpg,30 Sekar Dlima 2.jpg,30 Sekar Dlima,372,2,train
/kaggle/input/datasets/hertiyani/batik-nitik-960-official-mendeley/Batik Nitik 960/Batik Nitik 960 Images/30 Sekar Dlima 2_rotate_180.jpg,30 Sekar Dlima 2_rotate_180.jpg,30 Sekar Dlima,372,2,train
/kaggle/input/datasets/hertiyani/batik-nitik-960-official-mendeley/Batik Nitik 960/Batik Nitik 960 Images/30 Sekar Dlima 2_rotate_270.jpg,30 Sekar Dlima 2_rotate_270.jpg,30 Sekar Dlima,374,2,train
/kaggle/input/datasets/hertiyani/batik-nitik-960-official-mendeley/Batik Nitik 960/Batik Nitik 960 Images/30 Sekar Dlima 2_rotate_90.jpg,30 Sekar Dlima 2_rotate_90.jpg,30 Sekar Dlima,374,2,train
/kaggle/input/datasets/hertiyani/batik-nitik-960-official-mendeley/Batik Nitik 960/Batik Nitik 960 Images/30 Sekar Dlima 3.jpg,30 Sekar Dlima 3.jpg,30 Sekar Dlima,376,2,test
/kaggle/input/datasets/hertiyani/batik-nitik-960-official-mendeley/Batik Nitik 960/Batik Nitik 960 Images/30 Sekar Dlima 3_rotate_180.jpg,30 Sekar Dlima 3_rotate_180.jpg,30 Sekar Dlima,376,2,test
/kaggle/input/datasets/hertiyani/batik-nitik-960-official-mendeley/Batik Nitik 960/Batik Nitik 960 Images/30 Sekar Dlima 3_rotate_270.jpg,30 Sekar Dlima 3_rotate_270.jpg,30 Sekar Dlima,376,2,test
/kaggle/input/datasets/hertiyani/batik-nitik-960-official-mendeley/Batik Nitik 960/Batik Nitik 960 Images/30 Sekar Dlima 3_rotate_90.jpg,30 Sekar Dlima 3_rotate_90.jpg,30 Sekar Dlima,376,2,test
/kaggle/input/datasets/hertiyani/batik-nitik-960-official-mendeley/Batik Nitik 960/Batik Nitik 960 Images/30 Sekar Dlima 4.jpg,30 Sekar Dlima 4.jpg,30 Sekar Dlima,380,2,test
/kaggle/input/datasets/hertiyani/batik-nitik-960-official-mendeley/Batik Nitik 960/Batik Nitik 960 Images/30 Sekar Dlima 4_rotate_180.jpg,30 Sekar Dlima 4_rotate_180.jpg,30 Sekar Dlima,380,2,test
/kaggle/input/datasets/hertiyani/batik-nitik-960-official-mendeley/Batik Nitik 960/Batik Nitik 960 Images/30 Sekar Dlima 4_rotate_270.jpg,30 Sekar Dlima 4_rotate_270.jpg,30 Sekar Dlima,382,2,train
/kaggle/input/datasets/hertiyani/batik-nitik-960-official-mendeley/Batik Nitik 960/Batik Nitik 960 Images/30 Sekar Dlima 4_rotate_90.jpg,30 Sekar Dlima 4_rotate_90.jpg,30 Sekar Dlima,382,2,train
/kaggle/input/datasets/hertiyani/batik-nitik-960-official-mendeley/Batik Nitik 960/Batik Nitik 960 Images/31 Krawitan  2.jpg,31 Krawitan  2.jpg,31 Krawitan,384,2,test
/kaggle/input/datasets/hertiyani/batik-nitik-960-official-mendeley/Batik Nitik 960/Batik Nitik 960 Images/31 Krawitan  2_rotate_180.jpg,31 Krawitan  2_rotate_180.jpg,31 Krawitan,384,2,test
/kaggle/input/datasets/hertiyani/batik-nitik-960-official-mendeley/Batik Nitik 960/Batik Nitik 960 Images/31 Krawitan  2_rotate_270.jpg,31 Krawitan  2_rotate_270.jpg,31 Krawitan,386,2,train
/kaggle/input/datasets/hertiyani/batik-nitik-960-official-mendeley/Batik Nitik 960/Batik Nitik 960 Images/31 Krawitan  2_rotate_90.jpg,31 Krawitan  2_rotate_90.jpg,31 Krawitan,386,2,train
/kaggle/input/datasets/hertiyani/batik-nitik-960-official-mendeley/Batik Nitik 960/Batik Nitik 960 Images/31 Krawitan 1.jpg,31 Krawitan 1.jpg,31 Krawitan,388,2,train
/kaggle/input/datasets/hertiyani/batik-nitik-960-official-mendeley/Batik Nitik 960/Batik Nitik 960 Images/31 Krawitan 1_rotate_180.jpg,31 Krawitan 1_rotate_180.jpg,31 Krawitan,388,2,train
/kaggle/input/datasets/hertiyani/batik-nitik-960-official-mendeley/Batik Nitik 960/Batik Nitik 960 Images/31 Krawitan 1_rotate_270.jpg,31 Krawitan 1_rotate_270.jpg,31 Krawitan,390,2,train
/kaggle/input/datasets/hertiyani/batik-nitik-960-official-mendeley/Batik Nitik 960/Batik Nitik 960 Images/31 Krawitan 1_rotate_90.jpg,31 Krawitan 1_rotate_90.jpg,31 Krawitan,390,2,train
/kaggle/input/datasets/hertiyani/batik-nitik-960-official-mendeley/Batik Nitik 960/Batik Nitik 960 Images/31 Krawitan 3.jpg,31 Krawitan 3.jpg,31 Krawitan,392,2,test
/kaggle/input/datasets/hertiyani/batik-nitik-960-official-mendeley/Batik Nitik 960/Batik Nitik 960 Images/31 Krawitan 3_rotate_180.jpg,31 Krawitan 3_rotate_180.jpg,31 Krawitan,392,2,test
/kaggle/input/datasets/hertiyani/batik-nitik-960-official-mendeley/Batik Nitik 960/Batik Nitik 960 Images/31 Krawitan 3_rotate_270.jpg,31 Krawitan 3_rotate_270.jpg,31 Krawitan,394,2,train
/kaggle/input/datasets/hertiyani/batik-nitik-960-official-mendeley/Batik Nitik 960/Batik Nitik 960 Images/31 Krawitan 3_rotate_90.jpg,31 Krawitan 3_rotate_90.jpg,31 Krawitan,394,2,train
/kaggle/input/datasets/hertiyani/batik-nitik-960-official-mendeley/Batik Nitik 960/Batik Nitik 960 Images/31 Krawitan 4.jpg,31 Krawitan 4.jpg,31 Krawitan,396,2,train
/kaggle/input/datasets/hertiyani/batik-nitik-960-official-mendeley/Batik Nitik 960/Batik Nitik 960 Images/31 Krawitan 4_rotate_180.jpg,31 Krawitan 4_rotate_180.jpg,31 Krawitan,396,2,train
/kaggle/input/datasets/hertiyani/batik-nitik-960-official-mendeley/Batik Nitik 960/Batik Nitik 960 Images/31 Krawitan 4_rotate_270.jpg,31 Krawitan 4_rotate_270.jpg,31 Krawitan,398,2,test
/kaggle/input/datasets/hertiyani/batik-nitik-960-official-mendeley/Batik Nitik 960/Batik Nitik 960 Images/31 Krawitan 4_rotate_90.jpg,31 Krawitan 4_rotate_90.jpg,31 Krawitan,398,2,test
/kaggle/input/datasets/hertiyani/batik-nitik-960-official-mendeley/Batik Nitik 960/Batik Nitik 960 Images/32 Cinde Wilis 1.jpg,32 Cinde Wilis 1.jpg,32 Cinde Wilis,400,2,test
/kaggle/input/datasets/hertiyani/batik-nitik-960-official-mendeley/Batik Nitik 960/Batik Nitik 960 Images/32 Cinde Wilis 1_rotate_180.jpg,32 Cinde Wilis 1_rotate_180.jpg,32 Cinde Wilis,400,2,test
/kaggle/input/datasets/hertiyani/batik-nitik-960-official-mendeley/Batik Nitik 960/Batik Nitik 960 Images/32 Cinde Wilis 1_rotate_270.jpg,32 Cinde Wilis 1_rotate_270.jpg,32 Cinde Wilis,402,2,train
/kaggle/input/datasets/hertiyani/batik-nitik-960-official-mendeley/Batik Nitik 960/Batik Nitik 960 Images/32 Cinde Wilis 1_rotate_90.jpg,32 Cinde Wilis 1_rotate_90.jpg,32 Cinde Wilis,402,2,train
/kaggle/input/datasets/hertiyani/batik-nitik-960-official-mendeley/Batik Nitik 960/Batik Nitik 960 Images/32 Cinde Wilis 2.jpg,32 Cinde Wilis 2.jpg,32 Cinde Wilis,404,2,train
/kaggle/input/datasets/hertiyani/batik-nitik-960-official-mendeley/Batik Nitik 960/Batik Nitik 960 Images/32 Cinde Wilis 2_rotate_180.jpg,32 Cinde Wilis 2_rotate_180.jpg,32 Cinde Wilis,404,2,train
/kaggle/input/datasets/hertiyani/batik-nitik-960-official-mendeley/Batik Nitik 960/Batik Nitik 960 Images/32 Cinde Wilis 2_rotate_270.jpg,32 Cinde Wilis 2_rotate_270.jpg,32 Cinde Wilis,406,2,train
/kaggle/input/datasets/hertiyani/batik-nitik-960-official-mendeley/Batik Nitik 960/Batik Nitik 960 Images/32 Cinde Wilis 2_rotate_90.jpg,32 Cinde Wilis 2_rotate_90.jpg,32 Cinde Wilis,406,2,train
/kaggle/input/datasets/hertiyani/batik-nitik-960-official-mendeley/Batik Nitik 960/Batik Nitik 960 Images/32 Cinde Wilis 3.jpg,32 Cinde Wilis 3.jpg,32 Cinde Wilis,408,2,train
/kaggle/input/datasets/hertiyani/batik-nitik-960-official-mendeley/Batik Nitik 960/Batik Nitik 960 Images/32 Cinde Wilis 3_rotate_180.jpg,32 Cinde Wilis 3_rotate_180.jpg,32 Cinde Wilis,408,2,train
/kaggle/input/datasets/hertiyani/batik-nitik-960-official-mendeley/Batik Nitik 960/Batik Nitik 960 Images/32 Cinde Wilis 3_rotate_270.jpg,32 Cinde Wilis 3_rotate_270.jpg,32 Cinde Wilis,408,2,train
/kaggle/input/datasets/hertiyani/batik-nitik-960-official-mendeley/Batik Nitik 960/Batik Nitik 960 Images/32 Cinde Wilis 3_rotate_90.jpg,32 Cinde Wilis 3_rotate_90.jpg,32 Cinde Wilis,408,2,train
/kaggle/input/datasets/hertiyani/batik-nitik-960-official-mendeley/Batik Nitik 960/Batik Nitik 960 Images/32 Cinde Wilis 4.jpg,32 Cinde Wilis 4.jpg,32 Cinde Wilis,412,2,test
/kaggle/input/datasets/hertiyani/batik-nitik-960-official-mendeley/Batik Nitik 960/Batik Nitik 960 Images/32 Cinde Wilis 4_rotate_180.jpg,32 Cinde Wilis 4_rotate_180.jpg,32 Cinde Wilis,412,2,test
/kaggle/input/datasets/hertiyani/batik-nitik-960-official-mendeley/Batik Nitik 960/Batik Nitik 960 Images/32 Cinde Wilis 4_rotate_270.jpg,32 Cinde Wilis 4_rotate_270.jpg,32 Cinde Wilis,414,2,test
/kaggle/input/datasets/hertiyani/batik-nitik-960-official-mendeley/Batik Nitik 960/Batik Nitik 960 Images/32 Cinde Wilis 4_rotate_90.jpg,32 Cinde Wilis 4_rotate_90.jpg,32 Cinde Wilis,414,2,test
/kaggle/input/datasets/hertiyani/batik-nitik-960-official-mendeley/Batik Nitik 960/Batik Nitik 960 Images/33 Sekar Mlathi 1.jpg,33 Sekar Mlathi 1.jpg,33 Sekar Mlathi,416,2,test
/kaggle/input/datasets/hertiyani/batik-nitik-960-official-mendeley/Batik Nitik 960/Batik Nitik 960 Images/33 Sekar Mlathi 1_rotate_180.jpg,33 Sekar Mlathi 1_rotate_180.jpg,33 Sekar Mlathi,416,2,test
/kaggle/input/datasets/hertiyani/batik-nitik-960-official-mendeley/Batik Nitik 960/Batik Nitik 960 Images/33 Sekar Mlathi 1_rotate_270.jpg,33 Sekar Mlathi 1_rotate_270.jpg,33 Sekar Mlathi,416,2,test
/kaggle/input/datasets/hertiyani/batik-nitik-960-official-mendeley/Batik Nitik 960/Batik Nitik 960 Images/33 Sekar Mlathi 1_rotate_90.jpg,33 Sekar Mlathi 1_rotate_90.jpg,33 Sekar Mlathi,416,2,test
/kaggle/input/datasets/hertiyani/batik-nitik-960-official-mendeley/Batik Nitik 960/Batik Nitik 960 Images/33 Sekar Mlathi 2.jpg,33 Sekar Mlathi 2.jpg,33 Sekar Mlathi,420,2,train
/kaggle/input/datasets/hertiyani/batik-nitik-960-official-mendeley/Batik Nitik 960/Batik Nitik 960 Images/33 Sekar Mlathi 2_rotate_180.jpg,33 Sekar Mlathi 2_rotate_180.jpg,33 Sekar Mlathi,420,2,train
/kaggle/input/datasets/hertiyani/batik-nitik-960-official-mendeley/Batik Nitik 960/Batik Nitik 960 Images/33 Sekar Mlathi 2_rotate_270.jpg,33 Sekar Mlathi 2_rotate_270.jpg,33 Sekar Mlathi,422,2,train
/kaggle/input/datasets/hertiyani/batik-nitik-960-official-mendeley/Batik Nitik 960/Batik Nitik 960 Images/33 Sekar Mlathi 2_rotate_90.jpg,33 Sekar Mlathi 2_rotate_90.jpg,33 Sekar Mlathi,422,2,train
/kaggle/input/datasets/hertiyani/batik-nitik-960-official-mendeley/Batik Nitik 960/Batik Nitik 960 Images/33 Sekar Mlathi 3.jpg,33 Sekar Mlathi 3.jpg,33 Sekar Mlathi,424,2,train
/kaggle/input/datasets/hertiyani/batik-nitik-960-official-mendeley/Batik Nitik 960/Batik Nitik 960 Images/33 Sekar Mlathi 3_rotate_180.jpg,33 Sekar Mlathi 3_rotate_180.jpg,33 Sekar Mlathi,424,2,train
/kaggle/input/datasets/hertiyani/batik-nitik-960-official-mendeley/Batik Nitik 960/Batik Nitik 960 Images/33 Sekar Mlathi 3_rotate_270.jpg,33 Sekar Mlathi 3_rotate_270.jpg,33 Sekar Mlathi,424,2,train
/kaggle/input/datasets/hertiyani/batik-nitik-960-official-mendeley/Batik Nitik 960/Batik Nitik 960 Images/33 Sekar Mlathi 3_rotate_90.jpg,33 Sekar Mlathi 3_rotate_90.jpg,33 Sekar Mlathi,424,2,train
/kaggle/input/datasets/hertiyani/batik-nitik-960-official-mendeley/Batik Nitik 960/Batik Nitik 960 Images/33 Sekar Mlathi 4.jpg,33 Sekar Mlathi 4.jpg,33 Sekar Mlathi,428,2,train
/kaggle/input/datasets/hertiyani/batik-nitik-960-official-mendeley/Batik Nitik 960/Batik Nitik 960 Images/33 Sekar Mlathi 4_rotate_180.jpg,33 Sekar Mlathi 4_rotate_180.jpg,33 Sekar Mlathi,428,2,train
/kaggle/input/datasets/hertiyani/batik-nitik-960-official-mendeley/Batik Nitik 960/Batik Nitik 960 Images/33 Sekar Mlathi 4_rotate_270.jpg,33 Sekar Mlathi 4_rotate_270.jpg,33 Sekar Mlathi,430,2,test
/kaggle/input/datasets/hertiyani/batik-nitik-960-official-mendeley/Batik Nitik 960/Batik Nitik 960 Images/33 Sekar Mlathi 4_rotate_90.jpg,33 Sekar Mlathi 4_rotate_90.jpg,33 Sekar Mlathi,430,2,test
/kaggle/input/datasets/hertiyani/batik-nitik-960-official-mendeley/Batik Nitik 960/Batik Nitik 960 Images/34 Kuncup Kanthil 1.jpg,34 Kuncup Kanthil 1.jpg,34 Kuncup Kanthil,432,2,test
/kaggle/input/datasets/hertiyani/batik-nitik-960-official-mendeley/Batik Nitik 960/Batik Nitik 960 Images/34 Kuncup Kanthil 1_rotate_180.jpg,34 Kuncup Kanthil 1_rotate_180.jpg,34 Kuncup Kanthil,432,2,test
/kaggle/input/datasets/hertiyani/batik-nitik-960-official-mendeley/Batik Nitik 960/Batik Nitik 960 Images/34 Kuncup Kanthil 1_rotate_270.jpg,34 Kuncup Kanthil 1_rotate_270.jpg,34 Kuncup Kanthil,432,2,test
/kaggle/input/datasets/hertiyani/batik-nitik-960-official-mendeley/Batik Nitik 960/Batik Nitik 960 Images/34 Kuncup Kanthil 1_rotate_90.jpg,34 Kuncup Kanthil 1_rotate_90.jpg,34 Kuncup Kanthil,432,2,test
/kaggle/input/datasets/hertiyani/batik-nitik-960-official-mendeley/Batik Nitik 960/Batik Nitik 960 Images/34 Kuncup Kanthil 2.jpg,34 Kuncup Kanthil 2.jpg,34 Kuncup Kanthil,436,2,train
/kaggle/input/datasets/hertiyani/batik-nitik-960-official-mendeley/Batik Nitik 960/Batik Nitik 960 Images/34 Kuncup Kanthil 2_rotate_180.jpg,34 Kuncup Kanthil 2_rotate_180.jpg,34 Kuncup Kanthil,436,2,train
/kaggle/input/datasets/hertiyani/batik-nitik-960-official-mendeley/Batik Nitik 960/Batik Nitik 960 Images/34 Kuncup Kanthil 2_rotate_270.jpg,34 Kuncup Kanthil 2_rotate_270.jpg,34 Kuncup Kanthil,438,2,train
/kaggle/input/datasets/hertiyani/batik-nitik-960-official-mendeley/Batik Nitik 960/Batik Nitik 960 Images/34 Kuncup Kanthil 2_rotate_90.jpg,34 Kuncup Kanthil 2_rotate_90.jpg,34 Kuncup Kanthil,438,2,train
/kaggle/input/datasets/hertiyani/batik-nitik-960-official-mendeley/Batik Nitik 960/Batik Nitik 960 Images/34 Kuncup Kanthil 3.jpg,34 Kuncup Kanthil 3.jpg,34 Kuncup Kanthil,440,2,test
/kaggle/input/datasets/hertiyani/batik-nitik-960-official-mendeley/Batik Nitik 960/Batik Nitik 960 Images/34 Kuncup Kanthil 3_rotate_180.jpg,34 Kuncup Kanthil 3_rotate_180.jpg,34 Kuncup Kanthil,440,2,test
/kaggle/input/datasets/hertiyani/batik-nitik-960-official-mendeley/Batik Nitik 960/Batik Nitik 960 Images/34 Kuncup Kanthil 3_rotate_270.jpg,34 Kuncup Kanthil 3_rotate_270.jpg,34 Kuncup Kanthil,442,2,test
/kaggle/input/datasets/hertiyani/batik-nitik-960-official-mendeley/Batik Nitik 960/Batik Nitik 960 Images/34 Kuncup Kanthil 3_rotate_90.jpg,34 Kuncup Kanthil 3_rotate_90.jpg,34 Kuncup Kanthil,442,2,test
/kaggle/input/datasets/hertiyani/batik-nitik-960-official-mendeley/Batik Nitik 960/Batik Nitik 960 Images/34 Kuncup Kanthil 4.jpg,34 Kuncup Kanthil 4.jpg,34 Kuncup Kanthil,444,2,train
/kaggle/input/datasets/hertiyani/batik-nitik-960-official-mendeley/Batik Nitik 960/Batik Nitik 960 Images/34 Kuncup Kanthil 4_rotate_180.jpg,34 Kuncup Kanthil 4_rotate_180.jpg,34 Kuncup Kanthil,444,2,train
/kaggle/input/datasets/hertiyani/batik-nitik-960-official-mendeley/Batik Nitik 960/Batik Nitik 960 Images/34 Kuncup Kanthil 4_rotate_270.jpg,34 Kuncup Kanthil 4_rotate_270.jpg,34 Kuncup Kanthil,446,2,train
/kaggle/input/datasets/hertiyani/batik-nitik-960-official-mendeley/Batik Nitik 960/Batik Nitik 960 Images/34 Kuncup Kanthil 4_rotate_90.jpg,34 Kuncup Kanthil 4_rotate_90.jpg,34 Kuncup Kanthil,446,2,train
/kaggle/input/datasets/hertiyani/batik-nitik-960-official-mendeley/Batik Nitik 960/Batik Nitik 960 Images/35 Sekar Dangan 1.jpg,35 Sekar Dangan 1.jpg,35 Sekar Dangan,448,2,test
/kaggle/input/datasets/hertiyani/batik-nitik-960-official-mendeley/Batik Nitik 960/Batik Nitik 960 Images/35 Sekar Dangan 1_rotate_180.jpg,35 Sekar Dangan 1_rotate_180.jpg,35 Sekar Dangan,448,2,test
/kaggle/input/datasets/hertiyani/batik-nitik-960-official-mendeley/Batik Nitik 960/Batik Nitik 960 Images/35 Sekar Dangan 1_rotate_270.jpg,35 Sekar Dangan 1_rotate_270.jpg,35 Sekar Dangan,450,2,train
/kaggle/input/datasets/hertiyani/batik-nitik-960-official-mendeley/Batik Nitik 960/Batik Nitik 960 Images/35 Sekar Dangan 1_rotate_90.jpg,35 Sekar Dangan 1_rotate_90.jpg,35 Sekar Dangan,450,2,train
/kaggle/input/datasets/hertiyani/batik-nitik-960-official-mendeley/Batik Nitik 960/Batik Nitik 960 Images/35 Sekar Dangan 2.jpg,35 Sekar Dangan 2.jpg,35 Sekar Dangan,452,2,train
/kaggle/input/datasets/hertiyani/batik-nitik-960-official-mendeley/Batik Nitik 960/Batik Nitik 960 Images/35 Sekar Dangan 2_rotate_180.jpg,35 Sekar Dangan 2_rotate_180.jpg,35 Sekar Dangan,452,2,train
/kaggle/input/datasets/hertiyani/batik-nitik-960-official-mendeley/Batik Nitik 960/Batik Nitik 960 Images/35 Sekar Dangan 2_rotate_270.jpg,35 Sekar Dangan 2_rotate_270.jpg,35 Sekar Dangan,454,2,train
/kaggle/input/datasets/hertiyani/batik-nitik-960-official-mendeley/Batik Nitik 960/Batik Nitik 960 Images/35 Sekar Dangan 2_rotate_90.jpg,35 Sekar Dangan 2_rotate_90.jpg,35 Sekar Dangan,454,2,train
/kaggle/input/datasets/hertiyani/batik-nitik-960-official-mendeley/Batik Nitik 960/Batik Nitik 960 Images/35 Sekar Dangan 3.jpg,35 Sekar Dangan 3.jpg,35 Sekar Dangan,456,2,train
/kaggle/input/datasets/hertiyani/batik-nitik-960-official-mendeley/Batik Nitik 960/Batik Nitik 960 Images/35 Sekar Dangan 3_rotate_180.jpg,35 Sekar Dangan 3_rotate_180.jpg,35 Sekar Dangan,456,2,train
/kaggle/input/datasets/hertiyani/batik-nitik-960-official-mendeley/Batik Nitik 960/Batik Nitik 960 Images/35 Sekar Dangan 3_rotate_270.jpg,35 Sekar Dangan 3_rotate_270.jpg,35 Sekar Dangan,456,2,train
/kaggle/input/datasets/hertiyani/batik-nitik-960-official-mendeley/Batik Nitik 960/Batik Nitik 960 Images/35 Sekar Dangan 3_rotate_90.jpg,35 Sekar Dangan 3_rotate_90.jpg,35 Sekar Dangan,456,2,train
/kaggle/input/datasets/hertiyani/batik-nitik-960-official-mendeley/Batik Nitik 960/Batik Nitik 960 Images/35 Sekar Dangan 4.jpg,35 Sekar Dangan 4.jpg,35 Sekar Dangan,460,2,test
/kaggle/input/datasets/hertiyani/batik-nitik-960-official-mendeley/Batik Nitik 960/Batik Nitik 960 Images/35 Sekar Dangan 4_rotate_180.jpg,35 Sekar Dangan 4_rotate_180.jpg,35 Sekar Dangan,460,2,test
/kaggle/input/datasets/hertiyani/batik-nitik-960-official-mendeley/Batik Nitik 960/Batik Nitik 960 Images/35 Sekar Dangan 4_rotate_270.jpg,35 Sekar Dangan 4_rotate_270.jpg,35 Sekar Dangan,460,2,test
/kaggle/input/datasets/hertiyani/batik-nitik-960-official-mendeley/Batik Nitik 960/Batik Nitik 960 Images/35 Sekar Dangan 4_rotate_90.jpg,35 Sekar Dangan 4_rotate_90.jpg,35 Sekar Dangan,460,2,test
/kaggle/input/datasets/hertiyani/batik-nitik-960-official-mendeley/Batik Nitik 960/Batik Nitik 960 Images/36 Sekar Sawo 1.jpg,36 Sekar Sawo 1.jpg,36 Sekar Sawo,464,2,train
/kaggle/input/datasets/hertiyani/batik-nitik-960-official-mendeley/Batik Nitik 960/Batik Nitik 960 Images/36 Sekar Sawo 1_rotate_180.jpg,36 Sekar Sawo 1_rotate_180.jpg,36 Sekar Sawo,464,2,train
/kaggle/input/datasets/hertiyani/batik-nitik-960-official-mendeley/Batik Nitik 960/Batik Nitik 960 Images/36 Sekar Sawo 1_rotate_270.jpg,36 Sekar Sawo 1_rotate_270.jpg,36 Sekar Sawo,466,2,train
/kaggle/input/datasets/hertiyani/batik-nitik-960-official-mendeley/Batik Nitik 960/Batik Nitik 960 Images/36 Sekar Sawo 1_rotate_90.jpg,36 Sekar Sawo 1_rotate_90.jpg,36 Sekar Sawo,466,2,train
/kaggle/input/datasets/hertiyani/batik-nitik-960-official-mendeley/Batik Nitik 960/Batik Nitik 960 Images/36 Sekar Sawo 2.jpg,36 Sekar Sawo 2.jpg,36 Sekar Sawo,468,2,train
/kaggle/input/datasets/hertiyani/batik-nitik-960-official-mendeley/Batik Nitik 960/Batik Nitik 960 Images/36 Sekar Sawo 2_rotate_180.jpg,36 Sekar Sawo 2_rotate_180.jpg,36 Sekar Sawo,468,2,train
/kaggle/input/datasets/hertiyani/batik-nitik-960-official-mendeley/Batik Nitik 960/Batik Nitik 960 Images/36 Sekar Sawo 2_rotate_270.jpg,36 Sekar Sawo 2_rotate_270.jpg,36 Sekar Sawo,470,2,train
/kaggle/input/datasets/hertiyani/batik-nitik-960-official-mendeley/Batik Nitik 960/Batik Nitik 960 Images/36 Sekar Sawo 2_rotate_90.jpg,36 Sekar Sawo 2_rotate_90.jpg,36 Sekar Sawo,470,2,train
/kaggle/input/datasets/hertiyani/batik-nitik-960-official-mendeley/Batik Nitik 960/Batik Nitik 960 Images/36 Sekar Sawo 3.jpg,36 Sekar Sawo 3.jpg,36 Sekar Sawo,472,2,train
/kaggle/input/datasets/hertiyani/batik-nitik-960-official-mendeley/Batik Nitik 960/Batik Nitik 960 Images/36 Sekar Sawo 3_rotate_180.jpg,36 Sekar Sawo 3_rotate_180.jpg,36 Sekar Sawo,472,2,train
/kaggle/input/datasets/hertiyani/batik-nitik-960-official-mendeley/Batik Nitik 960/Batik Nitik 960 Images/36 Sekar Sawo 3_rotate_270.jpg,36 Sekar Sawo 3_rotate_270.jpg,36 Sekar Sawo,474,2,test
/kaggle/input/datasets/hertiyani/batik-nitik-960-official-mendeley/Batik Nitik 960/Batik Nitik 960 Images/36 Sekar Sawo 3_rotate_90.jpg,36 Sekar Sawo 3_rotate_90.jpg,36 Sekar Sawo,474,2,test
/kaggle/input/datasets/hertiyani/batik-nitik-960-official-mendeley/Batik Nitik 960/Batik Nitik 960 Images/36 Sekar Sawo 4.jpg,36 Sekar Sawo 4.jpg,36 Sekar Sawo,476,2,test
/kaggle/input/datasets/hertiyani/batik-nitik-960-official-mendeley/Batik Nitik 960/Batik Nitik 960 Images/36 Sekar Sawo 4_rotate_180.jpg,36 Sekar Sawo 4_rotate_180.jpg,36 Sekar Sawo,476,2,test
/kaggle/input/datasets/hertiyani/batik-nitik-960-official-mendeley/Batik Nitik 960/Batik Nitik 960 Images/36 Sekar Sawo 4_rotate_270.jpg,36 Sekar Sawo 4_rotate_270.jpg,36 Sekar Sawo,478,2,test
/kaggle/input/datasets/hertiyani/batik-nitik-960-official-mendeley/Batik Nitik 960/Batik Nitik 960 Images/36 Sekar Sawo 4_rotate_90.jpg,36 Sekar Sawo 4_rotate_90.jpg,36 Sekar Sawo,478,2,test
/kaggle/input/datasets/hertiyani/batik-nitik-960-official-mendeley/Batik Nitik 960/Batik Nitik 960 Images/37 Manggar 1.jpg,37 Manggar 1.jpg,37 Manggar,480,2,train
/kaggle/input/datasets/hertiyani/batik-nitik-960-official-mendeley/Batik Nitik 960/Batik Nitik 960 Images/37 Manggar 1_rotate_180.jpg,37 Manggar 1_rotate_180.jpg,37 Manggar,480,2,train
/kaggle/input/datasets/hertiyani/batik-nitik-960-official-mendeley/Batik Nitik 960/Batik Nitik 960 Images/37 Manggar 1_rotate_270.jpg,37 Manggar 1_rotate_270.jpg,37 Manggar,482,2,train
/kaggle/input/datasets/hertiyani/batik-nitik-960-official-mendeley/Batik Nitik 960/Batik Nitik 960 Images/37 Manggar 1_rotate_90.jpg,37 Manggar 1_rotate_90.jpg,37 Manggar,482,2,train
/kaggle/input/datasets/hertiyani/batik-nitik-960-official-mendeley/Batik Nitik 960/Batik Nitik 960 Images/37 Manggar 2.jpg,37 Manggar 2.jpg,37 Manggar,484,2,train
/kaggle/input/datasets/hertiyani/batik-nitik-960-official-mendeley/Batik Nitik 960/Batik Nitik 960 Images/37 Manggar 2_rotate_180.jpg,37 Manggar 2_rotate_180.jpg,37 Manggar,484,2,train
/kaggle/input/datasets/hertiyani/batik-nitik-960-official-mendeley/Batik Nitik 960/Batik Nitik 960 Images/37 Manggar 2_rotate_270.jpg,37 Manggar 2_rotate_270.jpg,37 Manggar,486,2,train
/kaggle/input/datasets/hertiyani/batik-nitik-960-official-mendeley/Batik Nitik 960/Batik Nitik 960 Images/37 Manggar 2_rotate_90.jpg,37 Manggar 2_rotate_90.jpg,37 Manggar,486,2,train
/kaggle/input/datasets/hertiyani/batik-nitik-960-official-mendeley/Batik Nitik 960/Batik Nitik 960 Images/37 Manggar 3.jpg,37 Manggar 3.jpg,37 Manggar,488,2,test
/kaggle/input/datasets/hertiyani/batik-nitik-960-official-mendeley/Batik Nitik 960/Batik Nitik 960 Images/37 Manggar 3_rotate_180.jpg,37 Manggar 3_rotate_180.jpg,37 Manggar,488,2,test
/kaggle/input/datasets/hertiyani/batik-nitik-960-official-mendeley/Batik Nitik 960/Batik Nitik 960 Images/37 Manggar 3_rotate_270.jpg,37 Manggar 3_rotate_270.jpg,37 Manggar,490,2,test
/kaggle/input/datasets/hertiyani/batik-nitik-960-official-mendeley/Batik Nitik 960/Batik Nitik 960 Images/37 Manggar 3_rotate_90.jpg,37 Manggar 3_rotate_90.jpg,37 Manggar,490,2,test
/kaggle/input/datasets/hertiyani/batik-nitik-960-official-mendeley/Batik Nitik 960/Batik Nitik 960 Images/37 Manggar 4.jpg,37 Manggar 4.jpg,37 Manggar,492,2,test
/kaggle/input/datasets/hertiyani/batik-nitik-960-official-mendeley/Batik Nitik 960/Batik Nitik 960 Images/37 Manggar 4_rotate_180.jpg,37 Manggar 4_rotate_180.jpg,37 Manggar,492,2,test
/kaggle/input/datasets/hertiyani/batik-nitik-960-official-mendeley/Batik Nitik 960/Batik Nitik 960 Images/37 Manggar 4_rotate_270.jpg,37 Manggar 4_rotate_270.jpg,37 Manggar,494,2,train
/kaggle/input/datasets/hertiyani/batik-nitik-960-official-mendeley/Batik Nitik 960/Batik Nitik 960 Images/37 Manggar 4_rotate_90.jpg,37 Manggar 4_rotate_90.jpg,37 Manggar,494,2,train
/kaggle/input/datasets/hertiyani/batik-nitik-960-official-mendeley/Batik Nitik 960/Batik Nitik 960 Images/38 Sekar Cengkeh 1.jpg,38 Sekar Cengkeh 1.jpg,38 Sekar Cengkeh,496,2,train
/kaggle/input/datasets/hertiyani/batik-nitik-960-official-mendeley/Batik Nitik 960/Batik Nitik 960 Images/38 Sekar Cengkeh 1_rotate_180.jpg,38 Sekar Cengkeh 1_rotate_180.jpg,38 Sekar Cengkeh,496,2,train
/kaggle/input/datasets/hertiyani/batik-nitik-960-official-mendeley/Batik Nitik 960/Batik Nitik 960 Images/38 Sekar Cengkeh 1_rotate_270.jpg,38 Sekar Cengkeh 1_rotate_270.jpg,38 Sekar Cengkeh,498,2,test
/kaggle/input/datasets/hertiyani/batik-nitik-960-official-mendeley/Batik Nitik 960/Batik Nitik 960 Images/38 Sekar Cengkeh 1_rotate_90.jpg,38 Sekar Cengkeh 1_rotate_90.jpg,38 Sekar Cengkeh,498,2,test
/kaggle/input/datasets/hertiyani/batik-nitik-960-official-mendeley/Batik Nitik 960/Batik Nitik 960 Images/38 Sekar Cengkeh 2.jpg,38 Sekar Cengkeh 2.jpg,38 Sekar Cengkeh,500,2,train
/kaggle/input/datasets/hertiyani/batik-nitik-960-official-mendeley/Batik Nitik 960/Batik Nitik 960 Images/38 Sekar Cengkeh 2_rotate_180.jpg,38 Sekar Cengkeh 2_rotate_180.jpg,38 Sekar Cengkeh,500,2,train
/kaggle/input/datasets/hertiyani/batik-nitik-960-official-mendeley/Batik Nitik 960/Batik Nitik 960 Images/38 Sekar Cengkeh 2_rotate_270.jpg,38 Sekar Cengkeh 2_rotate_270.jpg,38 Sekar Cengkeh,502,2,test
/kaggle/input/datasets/hertiyani/batik-nitik-960-official-mendeley/Batik Nitik 960/Batik Nitik 960 Images/38 Sekar Cengkeh 2_rotate_90.jpg,38 Sekar Cengkeh 2_rotate_90.jpg,38 Sekar Cengkeh,502,2,test
/kaggle/input/datasets/hertiyani/batik-nitik-960-official-mendeley/Batik Nitik 960/Batik Nitik 960 Images/38 Sekar Cengkeh 3.jpg,38 Sekar Cengkeh 3.jpg,38 Sekar Cengkeh,504,2,train
/kaggle/input/datasets/hertiyani/batik-nitik-960-official-mendeley/Batik Nitik 960/Batik Nitik 960 Images/38 Sekar Cengkeh 3_rotate_180.jpg,38 Sekar Cengkeh 3_rotate_180.jpg,38 Sekar Cengkeh,504,2,train
/kaggle/input/datasets/hertiyani/batik-nitik-960-official-mendeley/Batik Nitik 960/Batik Nitik 960 Images/38 Sekar Cengkeh 3_rotate_270.jpg,38 Sekar Cengkeh 3_rotate_270.jpg,38 Sekar Cengkeh,506,2,train
/kaggle/input/datasets/hertiyani/batik-nitik-960-official-mendeley/Batik Nitik 960/Batik Nitik 960 Images/38 Sekar Cengkeh 3_rotate_90.jpg,38 Sekar Cengkeh 3_rotate_90.jpg,38 Sekar Cengkeh,506,2,train
/kaggle/input/datasets/hertiyani/batik-nitik-960-official-mendeley/Batik Nitik 960/Batik Nitik 960 Images/38 Sekar Cengkeh 4.jpg,38 Sekar Cengkeh 4.jpg,38 Sekar Cengkeh,508,2,test
/kaggle/input/datasets/hertiyani/batik-nitik-960-official-mendeley/Batik Nitik 960/Batik Nitik 960 Images/38 Sekar Cengkeh 4_rotate_180.jpg,38 Sekar Cengkeh 4_rotate_180.jpg,38 Sekar Cengkeh,508,2,test
/kaggle/input/datasets/hertiyani/batik-nitik-960-official-mendeley/Batik Nitik 960/Batik Nitik 960 Images/38 Sekar Cengkeh 4_rotate_270.jpg,38 Sekar Cengkeh 4_rotate_270.jpg,38 Sekar Cengkeh,510,2,train
/kaggle/input/datasets/hertiyani/batik-nitik-960-official-mendeley/Batik Nitik 960/Batik Nitik 960 Images/38 Sekar Cengkeh 4_rotate_90.jpg,38 Sekar Cengkeh 4_rotate_90.jpg,38 Sekar Cengkeh,510,2,train
/kaggle/input/datasets/hertiyani/batik-nitik-960-official-mendeley/Batik Nitik 960/Batik Nitik 960 Images/39 Sritaman 1.jpg,39 Sritaman 1.jpg,39 Sritaman,512,2,train
/kaggle/input/datasets/hertiyani/batik-nitik-960-official-mendeley/Batik Nitik 960/Batik Nitik 960 Images/39 Sritaman 1_rotate_180.jpg,39 Sritaman 1_rotate_180.jpg,39 Sritaman,512,2,train
/kaggle/input/datasets/hertiyani/batik-nitik-960-official-mendeley/Batik Nitik 960/Batik Nitik 960 Images/39 Sritaman 1_rotate_270.jpg,39 Sritaman 1_rotate_270.jpg,39 Sritaman,514,2,train
/kaggle/input/datasets/hertiyani/batik-nitik-960-official-mendeley/Batik Nitik 960/Batik Nitik 960 Images/39 Sritaman 1_rotate_90.jpg,39 Sritaman 1_rotate_90.jpg,39 Sritaman,514,2,train
/kaggle/input/datasets/hertiyani/batik-nitik-960-official-mendeley/Batik Nitik 960/Batik Nitik 960 Images/39 Sritaman 2.jpg,39 Sritaman 2.jpg,39 Sritaman,516,2,test
/kaggle/input/datasets/hertiyani/batik-nitik-960-official-mendeley/Batik Nitik 960/Batik Nitik 960 Images/39 Sritaman 2_rotate_180.jpg,39 Sritaman 2_rotate_180.jpg,39 Sritaman,516,2,test
/kaggle/input/datasets/hertiyani/batik-nitik-960-official-mendeley/Batik Nitik 960/Batik Nitik 960 Images/39 Sritaman 2_rotate_270.jpg,39 Sritaman 2_rotate_270.jpg,39 Sritaman,516,2,test
/kaggle/input/datasets/hertiyani/batik-nitik-960-official-mendeley/Batik Nitik 960/Batik Nitik 960 Images/39 Sritaman 2_rotate_90.jpg,39 Sritaman 2_rotate_90.jpg,39 Sritaman,516,2,test
/kaggle/input/datasets/hertiyani/batik-nitik-960-official-mendeley/Batik Nitik 960/Batik Nitik 960 Images/39 Sritaman 3.jpg,39 Sritaman 3.jpg,39 Sritaman,520,2,test
/kaggle/input/datasets/hertiyani/batik-nitik-960-official-mendeley/Batik Nitik 960/Batik Nitik 960 Images/39 Sritaman 3_rotate_180.jpg,39 Sritaman 3_rotate_180.jpg,39 Sritaman,520,2,test
/kaggle/input/datasets/hertiyani/batik-nitik-960-official-mendeley/Batik Nitik 960/Batik Nitik 960 Images/39 Sritaman 3_rotate_270.jpg,39 Sritaman 3_rotate_270.jpg,39 Sritaman,522,2,train
/kaggle/input/datasets/hertiyani/batik-nitik-960-official-mendeley/Batik Nitik 960/Batik Nitik 960 Images/39 Sritaman 3_rotate_90.jpg,39 Sritaman 3_rotate_90.jpg,39 Sritaman,522,2,train
/kaggle/input/datasets/hertiyani/batik-nitik-960-official-mendeley/Batik Nitik 960/Batik Nitik 960 Images/39 Sritaman 4.jpg,39 Sritaman 4.jpg,39 Sritaman,524,2,train
/kaggle/input/datasets/hertiyani/batik-nitik-960-official-mendeley/Batik Nitik 960/Batik Nitik 960 Images/39 Sritaman 4_rotate_180.jpg,39 Sritaman 4_rotate_180.jpg,39 Sritaman,524,2,train
/kaggle/input/datasets/hertiyani/batik-nitik-960-official-mendeley/Batik Nitik 960/Batik Nitik 960 Images/39 Sritaman 4_rotate_270.jpg,39 Sritaman 4_rotate_270.jpg,39 Sritaman,526,2,train
/kaggle/input/datasets/hertiyani/batik-nitik-960-official-mendeley/Batik Nitik 960/Batik Nitik 960 Images/39 Sritaman 4_rotate_90.jpg,39 Sritaman 4_rotate_90.jpg,39 Sritaman,526,2,train
/kaggle/input/datasets/hertiyani/batik-nitik-960-official-mendeley/Batik Nitik 960/Batik Nitik 960 Images/4 Sekar Gayam 1.jpg,4 Sekar Gayam 1.jpg,4 Sekar Gayam,528,2,train
/kaggle/input/datasets/hertiyani/batik-nitik-960-official-mendeley/Batik Nitik 960/Batik Nitik 960 Images/4 Sekar Gayam 1_rotate_180.jpg,4 Sekar Gayam 1_rotate_180.jpg,4 Sekar Gayam,528,2,train
/kaggle/input/datasets/hertiyani/batik-nitik-960-official-mendeley/Batik Nitik 960/Batik Nitik 960 Images/4 Sekar Gayam 1_rotate_270.jpg,4 Sekar Gayam 1_rotate_270.jpg,4 Sekar Gayam,528,2,train
/kaggle/input/datasets/hertiyani/batik-nitik-960-official-mendeley/Batik Nitik 960/Batik Nitik 960 Images/4 Sekar Gayam 1_rotate_90.jpg,4 Sekar Gayam 1_rotate_90.jpg,4 Sekar Gayam,528,2,train
/kaggle/input/datasets/hertiyani/batik-nitik-960-official-mendeley/Batik Nitik 960/Batik Nitik 960 Images/4 Sekar Gayam 2.jpg,4 Sekar Gayam 2.jpg,4 Sekar Gayam,532,2,test
/kaggle/input/datasets/hertiyani/batik-nitik-960-official-mendeley/Batik Nitik 960/Batik Nitik 960 Images/4 Sekar Gayam 2_rotate_180.jpg,4 Sekar Gayam 2_rotate_180.jpg,4 Sekar Gayam,532,2,test
/kaggle/input/datasets/hertiyani/batik-nitik-960-official-mendeley/Batik Nitik 960/Batik Nitik 960 Images/4 Sekar Gayam 2_rotate_270.jpg,4 Sekar Gayam 2_rotate_270.jpg,4 Sekar Gayam,532,2,test
/kaggle/input/datasets/hertiyani/batik-nitik-960-official-mendeley/Batik Nitik 960/Batik Nitik 960 Images/4 Sekar Gayam 2_rotate_90.jpg,4 Sekar Gayam 2_rotate_90.jpg,4 Sekar Gayam,532,2,test
/kaggle/input/datasets/hertiyani/batik-nitik-960-official-mendeley/Batik Nitik 960/Batik Nitik 960 Images/4 Sekar Gayam 3.jpg,4 Sekar Gayam 3.jpg,4 Sekar Gayam,536,2,train
/kaggle/input/datasets/hertiyani/batik-nitik-960-official-mendeley/Batik Nitik 960/Batik Nitik 960 Images/4 Sekar Gayam 3_rotate_180.jpg,4 Sekar Gayam 3_rotate_180.jpg,4 Sekar Gayam,536,2,train
/kaggle/input/datasets/hertiyani/batik-nitik-960-official-mendeley/Batik Nitik 960/Batik Nitik 960 Images/4 Sekar Gayam 3_rotate_270.jpg,4 Sekar Gayam 3_rotate_270.jpg,4 Sekar Gayam,538,2,train
/kaggle/input/datasets/hertiyani/batik-nitik-960-official-mendeley/Batik Nitik 960/Batik Nitik 960 Images/4 Sekar Gayam 3_rotate_90.jpg,4 Sekar Gayam 3_rotate_90.jpg,4 Sekar Gayam,538,2,train
/kaggle/input/datasets/hertiyani/batik-nitik-960-official-mendeley/Batik Nitik 960/Batik Nitik 960 Images/4 Sekar Gayam 4.jpg,4 Sekar Gayam 4.jpg,4 Sekar Gayam,540,2,test
/kaggle/input/datasets/hertiyani/batik-nitik-960-official-mendeley/Batik Nitik 960/Batik Nitik 960 Images/4 Sekar Gayam 4_rotate_180.jpg,4 Sekar Gayam 4_rotate_180.jpg,4 Sekar Gayam,540,2,test
/kaggle/input/datasets/hertiyani/batik-nitik-960-official-mendeley/Batik Nitik 960/Batik Nitik 960 Images/4 Sekar Gayam 4_rotate_270.jpg,4 Sekar Gayam 4_rotate_270.jpg,4 Sekar Gayam,542,2,train
/kaggle/input/datasets/hertiyani/batik-nitik-960-official-mendeley/Batik Nitik 960/Batik Nitik 960 Images/4 Sekar Gayam 4_rotate_90.jpg,4 Sekar Gayam 4_rotate_90.jpg,4 Sekar Gayam,542,2,train
/kaggle/input/datasets/hertiyani/batik-nitik-960-official-mendeley/Batik Nitik 960/Batik Nitik 960 Images/40 Sekar Mundhu 1.jpg,40 Sekar Mundhu 1.jpg,40 Sekar Mundhu,544,2,test
/kaggle/input/datasets/hertiyani/batik-nitik-960-official-mendeley/Batik Nitik 960/Batik Nitik 960 Images/40 Sekar Mundhu 1_rotate_180.jpg,40 Sekar Mundhu 1_rotate_180.jpg,40 Sekar Mundhu,544,2,test
/kaggle/input/datasets/hertiyani/batik-nitik-960-official-mendeley/Batik Nitik 960/Batik Nitik 960 Images/40 Sekar Mundhu 1_rotate_270.jpg,40 Sekar Mundhu 1_rotate_270.jpg,40 Sekar Mundhu,546,2,train
/kaggle/input/datasets/hertiyani/batik-nitik-960-official-mendeley/Batik Nitik 960/Batik Nitik 960 Images/40 Sekar Mundhu 1_rotate_90.jpg,40 Sekar Mundhu 1_rotate_90.jpg,40 Sekar Mundhu,546,2,train
/kaggle/input/datasets/hertiyani/batik-nitik-960-official-mendeley/Batik Nitik 960/Batik Nitik 960 Images/40 Sekar Mundhu 2.jpg,40 Sekar Mundhu 2.jpg,40 Sekar Mundhu,548,2,test
/kaggle/input/datasets/hertiyani/batik-nitik-960-official-mendeley/Batik Nitik 960/Batik Nitik 960 Images/40 Sekar Mundhu 2_rotate_180.jpg,40 Sekar Mundhu 2_rotate_180.jpg,40 Sekar Mundhu,548,2,test
/kaggle/input/datasets/hertiyani/batik-nitik-960-official-mendeley/Batik Nitik 960/Batik Nitik 960 Images/40 Sekar Mundhu 2_rotate_270.jpg,40 Sekar Mundhu 2_rotate_270.jpg,40 Sekar Mundhu,550,2,train
/kaggle/input/datasets/hertiyani/batik-nitik-960-official-mendeley/Batik Nitik 960/Batik Nitik 960 Images/40 Sekar Mundhu 2_rotate_90.jpg,40 Sekar Mundhu 2_rotate_90.jpg,40 Sekar Mundhu,550,2,train
/kaggle/input/datasets/hertiyani/batik-nitik-960-official-mendeley/Batik Nitik 960/Batik Nitik 960 Images/40 Sekar Mundhu 3.jpg,40 Sekar Mundhu 3.jpg,40 Sekar Mundhu,552,2,train
/kaggle/input/datasets/hertiyani/batik-nitik-960-official-mendeley/Batik Nitik 960/Batik Nitik 960 Images/40 Sekar Mundhu 3_rotate_180.jpg,40 Sekar Mundhu 3_rotate_180.jpg,40 Sekar Mundhu,552,2,train
/kaggle/input/datasets/hertiyani/batik-nitik-960-official-mendeley/Batik Nitik 960/Batik Nitik 960 Images/40 Sekar Mundhu 3_rotate_270.jpg,40 Sekar Mundhu 3_rotate_270.jpg,40 Sekar Mundhu,554,2,train
/kaggle/input/datasets/hertiyani/batik-nitik-960-official-mendeley/Batik Nitik 960/Batik Nitik 960 Images/40 Sekar Mundhu 3_rotate_90.jpg,40 Sekar Mundhu 3_rotate_90.jpg,40 Sekar Mundhu,554,2,train
/kaggle/input/datasets/hertiyani/batik-nitik-960-official-mendeley/Batik Nitik 960/Batik Nitik 960 Images/40 Sekar Mundhu 4.jpg,40 Sekar Mundhu 4.jpg,40 Sekar Mundhu,556,2,test
/kaggle/input/datasets/hertiyani/batik-nitik-960-official-mendeley/Batik Nitik 960/Batik Nitik 960 Images/40 Sekar Mundhu 4_rotate_180.jpg,40 Sekar Mundhu 4_rotate_180.jpg,40 Sekar Mundhu,556,2,test
/kaggle/input/datasets/hertiyani/batik-nitik-960-official-mendeley/Batik Nitik 960/Batik Nitik 960 Images/40 Sekar Mundhu 4_rotate_270.jpg,40 Sekar Mundhu 4_rotate_270.jpg,40 Sekar Mundhu,558,2,train
/kaggle/input/datasets/hertiyani/batik-nitik-960-official-mendeley/Batik Nitik 960/Batik Nitik 960 Images/40 Sekar Mundhu 4_rotate_90.jpg,40 Sekar Mundhu 4_rotate_90.jpg,40 Sekar Mundhu,558,2,train
/kaggle/input/datasets/hertiyani/batik-nitik-960-official-mendeley/Batik Nitik 960/Batik Nitik 960 Images/41 Sekar Andhong 1.jpg,41 Sekar Andhong 1.jpg,41 Sekar Andhong,560,2,test
/kaggle/input/datasets/hertiyani/batik-nitik-960-official-mendeley/Batik Nitik 960/Batik Nitik 960 Images/41 Sekar Andhong 1_rotate_180.jpg,41 Sekar Andhong 1_rotate_180.jpg,41 Sekar Andhong,560,2,test
/kaggle/input/datasets/hertiyani/batik-nitik-960-official-mendeley/Batik Nitik 960/Batik Nitik 960 Images/41 Sekar Andhong 1_rotate_270.jpg,41 Sekar Andhong 1_rotate_270.jpg,41 Sekar Andhong,562,2,test
/kaggle/input/datasets/hertiyani/batik-nitik-960-official-mendeley/Batik Nitik 960/Batik Nitik 960 Images/41 Sekar Andhong 1_rotate_90.jpg,41 Sekar Andhong 1_rotate_90.jpg,41 Sekar Andhong,562,2,test
/kaggle/input/datasets/hertiyani/batik-nitik-960-official-mendeley/Batik Nitik 960/Batik Nitik 960 Images/41 Sekar Andhong 2.jpg,41 Sekar Andhong 2.jpg,41 Sekar Andhong,564,2,train
/kaggle/input/datasets/hertiyani/batik-nitik-960-official-mendeley/Batik Nitik 960/Batik Nitik 960 Images/41 Sekar Andhong 2_rotate_180.jpg,41 Sekar Andhong 2_rotate_180.jpg,41 Sekar Andhong,564,2,train
/kaggle/input/datasets/hertiyani/batik-nitik-960-official-mendeley/Batik Nitik 960/Batik Nitik 960 Images/41 Sekar Andhong 2_rotate_270.jpg,41 Sekar Andhong 2_rotate_270.jpg,41 Sekar Andhong,566,2,train
/kaggle/input/datasets/hertiyani/batik-nitik-960-official-mendeley/Batik Nitik 960/Batik Nitik 960 Images/41 Sekar Andhong 2_rotate_90.jpg,41 Sekar Andhong 2_rotate_90.jpg,41 Sekar Andhong,566,2,train
/kaggle/input/datasets/hertiyani/batik-nitik-960-official-mendeley/Batik Nitik 960/Batik Nitik 960 Images/41 Sekar Andhong 3.jpg,41 Sekar Andhong 3.jpg,41 Sekar Andhong,568,2,train
/kaggle/input/datasets/hertiyani/batik-nitik-960-official-mendeley/Batik Nitik 960/Batik Nitik 960 Images/41 Sekar Andhong 3_rotate_180.jpg,41 Sekar Andhong 3_rotate_180.jpg,41 Sekar Andhong,568,2,train
/kaggle/input/datasets/hertiyani/batik-nitik-960-official-mendeley/Batik Nitik 960/Batik Nitik 960 Images/41 Sekar Andhong 3_rotate_270.jpg,41 Sekar Andhong 3_rotate_270.jpg,41 Sekar Andhong,568,2,train
/kaggle/input/datasets/hertiyani/batik-nitik-960-official-mendeley/Batik Nitik 960/Batik Nitik 960 Images/41 Sekar Andhong 3_rotate_90.jpg,41 Sekar Andhong 3_rotate_90.jpg,41 Sekar Andhong,568,2,train
/kaggle/input/datasets/hertiyani/batik-nitik-960-official-mendeley/Batik Nitik 960/Batik Nitik 960 Images/41 Sekar Andhong 4.jpg,41 Sekar Andhong 4.jpg,41 Sekar Andhong,572,2,test
/kaggle/input/datasets/hertiyani/batik-nitik-960-official-mendeley/Batik Nitik 960/Batik Nitik 960 Images/41 Sekar Andhong 4_rotate_180.jpg,41 Sekar Andhong 4_rotate_180.jpg,41 Sekar Andhong,572,2,test
/kaggle/input/datasets/hertiyani/batik-nitik-960-official-mendeley/Batik Nitik 960/Batik Nitik 960 Images/41 Sekar Andhong 4_rotate_270.jpg,41 Sekar Andhong 4_rotate_270.jpg,41 Sekar Andhong,574,2,train
/kaggle/input/datasets/hertiyani/batik-nitik-960-official-mendeley/Batik Nitik 960/Batik Nitik 960 Images/41 Sekar Andhong 4_rotate_90.jpg,41 Sekar Andhong 4_rotate_90.jpg,41 Sekar Andhong,574,2,train
/kaggle/input/datasets/hertiyani/batik-nitik-960-official-mendeley/Batik Nitik 960/Batik Nitik 960 Images/42 Gedhangan 1.jpg,42 Gedhangan 1.jpg,42 Gedhangan,576,2,test
/kaggle/input/datasets/hertiyani/batik-nitik-960-official-mendeley/Batik Nitik 960/Batik Nitik 960 Images/42 Gedhangan 1_rotate_180.jpg,42 Gedhangan 1_rotate_180.jpg,42 Gedhangan,576,2,test
/kaggle/input/datasets/hertiyani/batik-nitik-960-official-mendeley/Batik Nitik 960/Batik Nitik 960 Images/42 Gedhangan 1_rotate_270.jpg,42 Gedhangan 1_rotate_270.jpg,42 Gedhangan,578,2,train
/kaggle/input/datasets/hertiyani/batik-nitik-960-official-mendeley/Batik Nitik 960/Batik Nitik 960 Images/42 Gedhangan 1_rotate_90.jpg,42 Gedhangan 1_rotate_90.jpg,42 Gedhangan,578,2,train
/kaggle/input/datasets/hertiyani/batik-nitik-960-official-mendeley/Batik Nitik 960/Batik Nitik 960 Images/42 Gedhangan 2.jpg,42 Gedhangan 2.jpg,42 Gedhangan,580,2,train
/kaggle/input/datasets/hertiyani/batik-nitik-960-official-mendeley/Batik Nitik 960/Batik Nitik 960 Images/42 Gedhangan 2_rotate_180.jpg,42 Gedhangan 2_rotate_180.jpg,42 Gedhangan,580,2,train
/kaggle/input/datasets/hertiyani/batik-nitik-960-official-mendeley/Batik Nitik 960/Batik Nitik 960 Images/42 Gedhangan 2_rotate_270.jpg,42 Gedhangan 2_rotate_270.jpg,42 Gedhangan,582,2,test
/kaggle/input/datasets/hertiyani/batik-nitik-960-official-mendeley/Batik Nitik 960/Batik Nitik 960 Images/42 Gedhangan 2_rotate_90.jpg,42 Gedhangan 2_rotate_90.jpg,42 Gedhangan,582,2,test
/kaggle/input/datasets/hertiyani/batik-nitik-960-official-mendeley/Batik Nitik 960/Batik Nitik 960 Images/42 Gedhangan 3.jpg,42 Gedhangan 3.jpg,42 Gedhangan,584,2,train
/kaggle/input/datasets/hertiyani/batik-nitik-960-official-mendeley/Batik Nitik 960/Batik Nitik 960 Images/42 Gedhangan 3_rotate_180.jpg,42 Gedhangan 3_rotate_180.jpg,42 Gedhangan,584,2,train
/kaggle/input/datasets/hertiyani/batik-nitik-960-official-mendeley/Batik Nitik 960/Batik Nitik 960 Images/42 Gedhangan 3_rotate_270.jpg,42 Gedhangan 3_rotate_270.jpg,42 Gedhangan,584,2,train
/kaggle/input/datasets/hertiyani/batik-nitik-960-official-mendeley/Batik Nitik 960/Batik Nitik 960 Images/42 Gedhangan 3_rotate_90.jpg,42 Gedhangan 3_rotate_90.jpg,42 Gedhangan,584,2,train
/kaggle/input/datasets/hertiyani/batik-nitik-960-official-mendeley/Batik Nitik 960/Batik Nitik 960 Images/42 Gedhangan 4.jpg,42 Gedhangan 4.jpg,42 Gedhangan,588,2,test
/kaggle/input/datasets/hertiyani/batik-nitik-960-official-mendeley/Batik Nitik 960/Batik Nitik 960 Images/42 Gedhangan 4_rotate_180.jpg,42 Gedhangan 4_rotate_180.jpg,42 Gedhangan,588,2,test
/kaggle/input/datasets/hertiyani/batik-nitik-960-official-mendeley/Batik Nitik 960/Batik Nitik 960 Images/42 Gedhangan 4_rotate_270.jpg,42 Gedhangan 4_rotate_270.jpg,42 Gedhangan,590,2,train
/kaggle/input/datasets/hertiyani/batik-nitik-960-official-mendeley/Batik Nitik 960/Batik Nitik 960 Images/42 Gedhangan 4_rotate_90.jpg,42 Gedhangan 4_rotate_90.jpg,42 Gedhangan,590,2,train
/kaggle/input/datasets/hertiyani/batik-nitik-960-official-mendeley/Batik Nitik 960/Batik Nitik 960 Images/43 Sekar Pala 1.jpg,43 Sekar Pala 1.jpg,43 Sekar Pala,592,2,train
/kaggle/input/datasets/hertiyani/batik-nitik-960-official-mendeley/Batik Nitik 960/Batik Nitik 960 Images/43 Sekar Pala 1_rotate_180.jpg,43 Sekar Pala 1_rotate_180.jpg,43 Sekar Pala,592,2,train
/kaggle/input/datasets/hertiyani/batik-nitik-960-official-mendeley/Batik Nitik 960/Batik Nitik 960 Images/43 Sekar Pala 1_rotate_270.jpg,43 Sekar Pala 1_rotate_270.jpg,43 Sekar Pala,594,2,test
/kaggle/input/datasets/hertiyani/batik-nitik-960-official-mendeley/Batik Nitik 960/Batik Nitik 960 Images/43 Sekar Pala 1_rotate_90.jpg,43 Sekar Pala 1_rotate_90.jpg,43 Sekar Pala,594,2,test
/kaggle/input/datasets/hertiyani/batik-nitik-960-official-mendeley/Batik Nitik 960/Batik Nitik 960 Images/43 Sekar Pala 2.jpg,43 Sekar Pala 2.jpg,43 Sekar Pala,596,2,train
/kaggle/input/datasets/hertiyani/batik-nitik-960-official-mendeley/Batik Nitik 960/Batik Nitik 960 Images/43 Sekar Pala 2_rotate_180.jpg,43 Sekar Pala 2_rotate_180.jpg,43 Sekar Pala,596,2,train
/kaggle/input/datasets/hertiyani/batik-nitik-960-official-mendeley/Batik Nitik 960/Batik Nitik 960 Images/43 Sekar Pala 2_rotate_270.jpg,43 Sekar Pala 2_rotate_270.jpg,43 Sekar Pala,598,2,train
/kaggle/input/datasets/hertiyani/batik-nitik-960-official-mendeley/Batik Nitik 960/Batik Nitik 960 Images/43 Sekar Pala 2_rotate_90.jpg,43 Sekar Pala 2_rotate_90.jpg,43 Sekar Pala,598,2,train
/kaggle/input/datasets/hertiyani/batik-nitik-960-official-mendeley/Batik Nitik 960/Batik Nitik 960 Images/43 Sekar Pala 3.jpg,43 Sekar Pala 3.jpg,43 Sekar Pala,600,2,test
/kaggle/input/datasets/hertiyani/batik-nitik-960-official-mendeley/Batik Nitik 960/Batik Nitik 960 Images/43 Sekar Pala 3_rotate_180.jpg,43 Sekar Pala 3_rotate_180.jpg,43 Sekar Pala,600,2,test
/kaggle/input/datasets/hertiyani/batik-nitik-960-official-mendeley/Batik Nitik 960/Batik Nitik 960 Images/43 Sekar Pala 3_rotate_270.jpg,43 Sekar Pala 3_rotate_270.jpg,43 Sekar Pala,602,2,train
/kaggle/input/datasets/hertiyani/batik-nitik-960-official-mendeley/Batik Nitik 960/Batik Nitik 960 Images/43 Sekar Pala 3_rotate_90.jpg,43 Sekar Pala 3_rotate_90.jpg,43 Sekar Pala,602,2,train
/kaggle/input/datasets/hertiyani/batik-nitik-960-official-mendeley/Batik Nitik 960/Batik Nitik 960 Images/43 Sekar Pala 4.jpg,43 Sekar Pala 4.jpg,43 Sekar Pala,604,2,test
/kaggle/input/datasets/hertiyani/batik-nitik-960-official-mendeley/Batik Nitik 960/Batik Nitik 960 Images/43 Sekar Pala 4_rotate_180.jpg,43 Sekar Pala 4_rotate_180.jpg,43 Sekar Pala,604,2,test
/kaggle/input/datasets/hertiyani/batik-nitik-960-official-mendeley/Batik Nitik 960/Batik Nitik 960 Images/43 Sekar Pala 4_rotate_270.jpg,43 Sekar Pala 4_rotate_270.jpg,43 Sekar Pala,606,2,train
/kaggle/input/datasets/hertiyani/batik-nitik-960-official-mendeley/Batik Nitik 960/Batik Nitik 960 Images/43 Sekar Pala 4_rotate_90.jpg,43 Sekar Pala 4_rotate_90.jpg,43 Sekar Pala,606,2,train
/kaggle/input/datasets/hertiyani/batik-nitik-960-official-mendeley/Batik Nitik 960/Batik Nitik 960 Images/44 Klampok Arum 1.jpg,44 Klampok Arum 1.jpg,44 Klampok Arum,608,2,test
/kaggle/input/datasets/hertiyani/batik-nitik-960-official-mendeley/Batik Nitik 960/Batik Nitik 960 Images/44 Klampok Arum 1_rotate_180.jpg,44 Klampok Arum 1_rotate_180.jpg,44 Klampok Arum,608,2,test
/kaggle/input/datasets/hertiyani/batik-nitik-960-official-mendeley/Batik Nitik 960/Batik Nitik 960 Images/44 Klampok Arum 1_rotate_270.jpg,44 Klampok Arum 1_rotate_270.jpg,44 Klampok Arum,608,2,test
/kaggle/input/datasets/hertiyani/batik-nitik-960-official-mendeley/Batik Nitik 960/Batik Nitik 960 Images/44 Klampok Arum 1_rotate_90.jpg,44 Klampok Arum 1_rotate_90.jpg,44 Klampok Arum,608,2,test
/kaggle/input/datasets/hertiyani/batik-nitik-960-official-mendeley/Batik Nitik 960/Batik Nitik 960 Images/44 Klampok Arum 2.jpg,44 Klampok Arum 2.jpg,44 Klampok Arum,612,2,train
/kaggle/input/datasets/hertiyani/batik-nitik-960-official-mendeley/Batik Nitik 960/Batik Nitik 960 Images/44 Klampok Arum 2_rotate_180.jpg,44 Klampok Arum 2_rotate_180.jpg,44 Klampok Arum,612,2,train
/kaggle/input/datasets/hertiyani/batik-nitik-960-official-mendeley/Batik Nitik 960/Batik Nitik 960 Images/44 Klampok Arum 2_rotate_270.jpg,44 Klampok Arum 2_rotate_270.jpg,44 Klampok Arum,612,2,train
/kaggle/input/datasets/hertiyani/batik-nitik-960-official-mendeley/Batik Nitik 960/Batik Nitik 960 Images/44 Klampok Arum 2_rotate_90.jpg,44 Klampok Arum 2_rotate_90.jpg,44 Klampok Arum,612,2,train
/kaggle/input/datasets/hertiyani/batik-nitik-960-official-mendeley/Batik Nitik 960/Batik Nitik 960 Images/44 Klampok Arum 3.jpg,44 Klampok Arum 3.jpg,44 Klampok Arum,616,2,train
/kaggle/input/datasets/hertiyani/batik-nitik-960-official-mendeley/Batik Nitik 960/Batik Nitik 960 Images/44 Klampok Arum 3_rotate_180.jpg,44 Klampok Arum 3_rotate_180.jpg,44 Klampok Arum,616,2,train
/kaggle/input/datasets/hertiyani/batik-nitik-960-official-mendeley/Batik Nitik 960/Batik Nitik 960 Images/44 Klampok Arum 3_rotate_270.jpg,44 Klampok Arum 3_rotate_270.jpg,44 Klampok Arum,618,2,train
/kaggle/input/datasets/hertiyani/batik-nitik-960-official-mendeley/Batik Nitik 960/Batik Nitik 960 Images/44 Klampok Arum 3_rotate_90.jpg,44 Klampok Arum 3_rotate_90.jpg,44 Klampok Arum,618,2,train
/kaggle/input/datasets/hertiyani/batik-nitik-960-official-mendeley/Batik Nitik 960/Batik Nitik 960 Images/44 Klampok Arum 4.jpg,44 Klampok Arum 4.jpg,44 Klampok Arum,620,2,test
/kaggle/input/datasets/hertiyani/batik-nitik-960-official-mendeley/Batik Nitik 960/Batik Nitik 960 Images/44 Klampok Arum 4_rotate_180.jpg,44 Klampok Arum 4_rotate_180.jpg,44 Klampok Arum,620,2,test
/kaggle/input/datasets/hertiyani/batik-nitik-960-official-mendeley/Batik Nitik 960/Batik Nitik 960 Images/44 Klampok Arum 4_rotate_270.jpg,44 Klampok Arum 4_rotate_270.jpg,44 Klampok Arum,620,2,test
/kaggle/input/datasets/hertiyani/batik-nitik-960-official-mendeley/Batik Nitik 960/Batik Nitik 960 Images/44 Klampok Arum 4_rotate_90.jpg,44 Klampok Arum 4_rotate_90.jpg,44 Klampok Arum,620,2,test
/kaggle/input/datasets/hertiyani/batik-nitik-960-official-mendeley/Batik Nitik 960/Batik Nitik 960 Images/45 Sekar Jali 1.jpg,45 Sekar Jali 1.jpg,45 Sekar Jali,624,2,train
/kaggle/input/datasets/hertiyani/batik-nitik-960-official-mendeley/Batik Nitik 960/Batik Nitik 960 Images/45 Sekar Jali 1_rotate_180.jpg,45 Sekar Jali 1_rotate_180.jpg,45 Sekar Jali,624,2,train
/kaggle/input/datasets/hertiyani/batik-nitik-960-official-mendeley/Batik Nitik 960/Batik Nitik 960 Images/45 Sekar Jali 1_rotate_270.jpg,45 Sekar Jali 1_rotate_270.jpg,45 Sekar Jali,626,2,test
/kaggle/input/datasets/hertiyani/batik-nitik-960-official-mendeley/Batik Nitik 960/Batik Nitik 960 Images/45 Sekar Jali 1_rotate_90.jpg,45 Sekar Jali 1_rotate_90.jpg,45 Sekar Jali,626,2,test
/kaggle/input/datasets/hertiyani/batik-nitik-960-official-mendeley/Batik Nitik 960/Batik Nitik 960 Images/45 Sekar Jali 2.jpg,45 Sekar Jali 2.jpg,45 Sekar Jali,628,2,train
/kaggle/input/datasets/hertiyani/batik-nitik-960-official-mendeley/Batik Nitik 960/Batik Nitik 960 Images/45 Sekar Jali 2_rotate_180.jpg,45 Sekar Jali 2_rotate_180.jpg,45 Sekar Jali,628,2,train
/kaggle/input/datasets/hertiyani/batik-nitik-960-official-mendeley/Batik Nitik 960/Batik Nitik 960 Images/45 Sekar Jali 2_rotate_270.jpg,45 Sekar Jali 2_rotate_270.jpg,45 Sekar Jali,630,2,test
/kaggle/input/datasets/hertiyani/batik-nitik-960-official-mendeley/Batik Nitik 960/Batik Nitik 960 Images/45 Sekar Jali 2_rotate_90.jpg,45 Sekar Jali 2_rotate_90.jpg,45 Sekar Jali,630,2,test
/kaggle/input/datasets/hertiyani/batik-nitik-960-official-mendeley/Batik Nitik 960/Batik Nitik 960 Images/45 Sekar Jali 3.jpg,45 Sekar Jali 3.jpg,45 Sekar Jali,632,2,train
/kaggle/input/datasets/hertiyani/batik-nitik-960-official-mendeley/Batik Nitik 960/Batik Nitik 960 Images/45 Sekar Jali 3_rotate_180.jpg,45 Sekar Jali 3_rotate_180.jpg,45 Sekar Jali,632,2,train
/kaggle/input/datasets/hertiyani/batik-nitik-960-official-mendeley/Batik Nitik 960/Batik Nitik 960 Images/45 Sekar Jali 3_rotate_270.jpg,45 Sekar Jali 3_rotate_270.jpg,45 Sekar Jali,634,2,test
/kaggle/input/datasets/hertiyani/batik-nitik-960-official-mendeley/Batik Nitik 960/Batik Nitik 960 Images/45 Sekar Jali 3_rotate_90.jpg,45 Sekar Jali 3_rotate_90.jpg,45 Sekar Jali,634,2,test
/kaggle/input/datasets/hertiyani/batik-nitik-960-official-mendeley/Batik Nitik 960/Batik Nitik 960 Images/45 Sekar Jali 4.jpg,45 Sekar Jali 4.jpg,45 Sekar Jali,636,2,train
/kaggle/input/datasets/hertiyani/batik-nitik-960-official-mendeley/Batik Nitik 960/Batik Nitik 960 Images/45 Sekar Jali 4_rotate_180.jpg,45 Sekar Jali 4_rotate_180.jpg,45 Sekar Jali,636,2,train
/kaggle/input/datasets/hertiyani/batik-nitik-960-official-mendeley/Batik Nitik 960/Batik Nitik 960 Images/45 Sekar Jali 4_rotate_270.jpg,45 Sekar Jali 4_rotate_270.jpg,45 Sekar Jali,636,2,train
/kaggle/input/datasets/hertiyani/batik-nitik-960-official-mendeley/Batik Nitik 960/Batik Nitik 960 Images/45 Sekar Jali 4_rotate_90.jpg,45 Sekar Jali 4_rotate_90.jpg,45 Sekar Jali,636,2,train
/kaggle/input/datasets/hertiyani/batik-nitik-960-official-mendeley/Batik Nitik 960/Batik Nitik 960 Images/46 Sekar Lintang 1.jpg,46 Sekar Lintang 1.jpg,46 Sekar Lintang,640,2,train
/kaggle/input/datasets/hertiyani/batik-nitik-960-official-mendeley/Batik Nitik 960/Batik Nitik 960 Images/46 Sekar Lintang 1_rotate_180.jpg,46 Sekar Lintang 1_rotate_180.jpg,46 Sekar Lintang,640,2,train
/kaggle/input/datasets/hertiyani/batik-nitik-960-official-mendeley/Batik Nitik 960/Batik Nitik 960 Images/46 Sekar Lintang 1_rotate_270.jpg,46 Sekar Lintang 1_rotate_270.jpg,46 Sekar Lintang,642,2,train
/kaggle/input/datasets/hertiyani/batik-nitik-960-official-mendeley/Batik Nitik 960/Batik Nitik 960 Images/46 Sekar Lintang 1_rotate_90.jpg,46 Sekar Lintang 1_rotate_90.jpg,46 Sekar Lintang,642,2,train
/kaggle/input/datasets/hertiyani/batik-nitik-960-official-mendeley/Batik Nitik 960/Batik Nitik 960 Images/46 Sekar Lintang 2.jpg,46 Sekar Lintang 2.jpg,46 Sekar Lintang,644,2,train
/kaggle/input/datasets/hertiyani/batik-nitik-960-official-mendeley/Batik Nitik 960/Batik Nitik 960 Images/46 Sekar Lintang 2_rotate_180.jpg,46 Sekar Lintang 2_rotate_180.jpg,46 Sekar Lintang,644,2,train
/kaggle/input/datasets/hertiyani/batik-nitik-960-official-mendeley/Batik Nitik 960/Batik Nitik 960 Images/46 Sekar Lintang 2_rotate_270.jpg,46 Sekar Lintang 2_rotate_270.jpg,46 Sekar Lintang,646,2,test
/kaggle/input/datasets/hertiyani/batik-nitik-960-official-mendeley/Batik Nitik 960/Batik Nitik 960 Images/46 Sekar Lintang 2_rotate_90.jpg,46 Sekar Lintang 2_rotate_90.jpg,46 Sekar Lintang,646,2,test
/kaggle/input/datasets/hertiyani/batik-nitik-960-official-mendeley/Batik Nitik 960/Batik Nitik 960 Images/46 Sekar Lintang 3.jpg,46 Sekar Lintang 3.jpg,46 Sekar Lintang,648,2,test
/kaggle/input/datasets/hertiyani/batik-nitik-960-official-mendeley/Batik Nitik 960/Batik Nitik 960 Images/46 Sekar Lintang 3_rotate_180.jpg,46 Sekar Lintang 3_rotate_180.jpg,46 Sekar Lintang,648,2,test
/kaggle/input/datasets/hertiyani/batik-nitik-960-official-mendeley/Batik Nitik 960/Batik Nitik 960 Images/46 Sekar Lintang 3_rotate_270.jpg,46 Sekar Lintang 3_rotate_270.jpg,46 Sekar Lintang,648,2,test
/kaggle/input/datasets/hertiyani/batik-nitik-960-official-mendeley/Batik Nitik 960/Batik Nitik 960 Images/46 Sekar Lintang 3_rotate_90.jpg,46 Sekar Lintang 3_rotate_90.jpg,46 Sekar Lintang,648,2,test
/kaggle/input/datasets/hertiyani/batik-nitik-960-official-mendeley/Batik Nitik 960/Batik Nitik 960 Images/46 Sekar Lintang 4.jpg,46 Sekar Lintang 4.jpg,46 Sekar Lintang,652,2,train
/kaggle/input/datasets/hertiyani/batik-nitik-960-official-mendeley/Batik Nitik 960/Batik Nitik 960 Images/46 Sekar Lintang 4_rotate_180.jpg,46 Sekar Lintang 4_rotate_180.jpg,46 Sekar Lintang,652,2,train
/kaggle/input/datasets/hertiyani/batik-nitik-960-official-mendeley/Batik Nitik 960/Batik Nitik 960 Images/46 Sekar Lintang 4_rotate_270.jpg,46 Sekar Lintang 4_rotate_270.jpg,46 Sekar Lintang,654,2,train
/kaggle/input/datasets/hertiyani/batik-nitik-960-official-mendeley/Batik Nitik 960/Batik Nitik 960 Images/46 Sekar Lintang 4_rotate_90.jpg,46 Sekar Lintang 4_rotate_90.jpg,46 Sekar Lintang,654,2,train
/kaggle/input/datasets/hertiyani/batik-nitik-960-official-mendeley/Batik Nitik 960/Batik Nitik 960 Images/47 Sekar Kenanga 1.jpg,47 Sekar Kenanga 1.jpg,47 Sekar Kenanga,656,2,train
/kaggle/input/datasets/hertiyani/batik-nitik-960-official-mendeley/Batik Nitik 960/Batik Nitik 960 Images/47 Sekar Kenanga 1_rotate_180.jpg,47 Sekar Kenanga 1_rotate_180.jpg,47 Sekar Kenanga,656,2,train
/kaggle/input/datasets/hertiyani/batik-nitik-960-official-mendeley/Batik Nitik 960/Batik Nitik 960 Images/47 Sekar Kenanga 1_rotate_270.jpg,47 Sekar Kenanga 1_rotate_270.jpg,47 Sekar Kenanga,658,2,test
/kaggle/input/datasets/hertiyani/batik-nitik-960-official-mendeley/Batik Nitik 960/Batik Nitik 960 Images/47 Sekar Kenanga 1_rotate_90.jpg,47 Sekar Kenanga 1_rotate_90.jpg,47 Sekar Kenanga,658,2,test
/kaggle/input/datasets/hertiyani/batik-nitik-960-official-mendeley/Batik Nitik 960/Batik Nitik 960 Images/47 Sekar Kenanga 2.jpg,47 Sekar Kenanga 2.jpg,47 Sekar Kenanga,660,2,train
/kaggle/input/datasets/hertiyani/batik-nitik-960-official-mendeley/Batik Nitik 960/Batik Nitik 960 Images/47 Sekar Kenanga 2_rotate_180.jpg,47 Sekar Kenanga 2_rotate_180.jpg,47 Sekar Kenanga,660,2,train
/kaggle/input/datasets/hertiyani/batik-nitik-960-official-mendeley/Batik Nitik 960/Batik Nitik 960 Images/47 Sekar Kenanga 2_rotate_270.jpg,47 Sekar Kenanga 2_rotate_270.jpg,47 Sekar Kenanga,662,2,train
/kaggle/input/datasets/hertiyani/batik-nitik-960-official-mendeley/Batik Nitik 960/Batik Nitik 960 Images/47 Sekar Kenanga 2_rotate_90.jpg,47 Sekar Kenanga 2_rotate_90.jpg,47 Sekar Kenanga,662,2,train
/kaggle/input/datasets/hertiyani/batik-nitik-960-official-mendeley/Batik Nitik 960/Batik Nitik 960 Images/47 Sekar Kenanga 3.jpg,47 Sekar Kenanga 3.jpg,47 Sekar Kenanga,664,2,test
/kaggle/input/datasets/hertiyani/batik-nitik-960-official-mendeley/Batik Nitik 960/Batik Nitik 960 Images/47 Sekar Kenanga 3_rotate_180.jpg,47 Sekar Kenanga 3_rotate_180.jpg,47 Sekar Kenanga,664,2,test
/kaggle/input/datasets/hertiyani/batik-nitik-960-official-mendeley/Batik Nitik 960/Batik Nitik 960 Images/47 Sekar Kenanga 3_rotate_270.jpg,47 Sekar Kenanga 3_rotate_270.jpg,47 Sekar Kenanga,664,2,test
/kaggle/input/datasets/hertiyani/batik-nitik-960-official-mendeley/Batik Nitik 960/Batik Nitik 960 Images/47 Sekar Kenanga 3_rotate_90.jpg,47 Sekar Kenanga 3_rotate_90.jpg,47 Sekar Kenanga,664,2,test
/kaggle/input/datasets/hertiyani/batik-nitik-960-official-mendeley/Batik Nitik 960/Batik Nitik 960 Images/47 Sekar Kenanga 4.jpg,47 Sekar Kenanga 4.jpg,47 Sekar Kenanga,668,2,train
/kaggle/input/datasets/hertiyani/batik-nitik-960-official-mendeley/Batik Nitik 960/Batik Nitik 960 Images/47 Sekar Kenanga 4_rotate_180.jpg,47 Sekar Kenanga 4_rotate_180.jpg,47 Sekar Kenanga,668,2,train
/kaggle/input/datasets/hertiyani/batik-nitik-960-official-mendeley/Batik Nitik 960/Batik Nitik 960 Images/47 Sekar Kenanga 4_rotate_270.jpg,47 Sekar Kenanga 4_rotate_270.jpg,47 Sekar Kenanga,670,2,train
/kaggle/input/datasets/hertiyani/batik-nitik-960-official-mendeley/Batik Nitik 960/Batik Nitik 960 Images/47 Sekar Kenanga 4_rotate_90.jpg,47 Sekar Kenanga 4_rotate_90.jpg,47 Sekar Kenanga,670,2,train
/kaggle/input/datasets/hertiyani/batik-nitik-960-official-mendeley/Batik Nitik 960/Batik Nitik 960 Images/48 Sekar Jeruk 1.jpg,48 Sekar Jeruk 1.jpg,48 Sekar Jeruk,672,2,test
/kaggle/input/datasets/hertiyani/batik-nitik-960-official-mendeley/Batik Nitik 960/Batik Nitik 960 Images/48 Sekar Jeruk 1_rotate_180.jpg,48 Sekar Jeruk 1_rotate_180.jpg,48 Sekar Jeruk,672,2,test
/kaggle/input/datasets/hertiyani/batik-nitik-960-official-mendeley/Batik Nitik 960/Batik Nitik 960 Images/48 Sekar Jeruk 1_rotate_270.jpg,48 Sekar Jeruk 1_rotate_270.jpg,48 Sekar Jeruk,674,2,train
/kaggle/input/datasets/hertiyani/batik-nitik-960-official-mendeley/Batik Nitik 960/Batik Nitik 960 Images/48 Sekar Jeruk 1_rotate_90.jpg,48 Sekar Jeruk 1_rotate_90.jpg,48 Sekar Jeruk,674,2,train
/kaggle/input/datasets/hertiyani/batik-nitik-960-official-mendeley/Batik Nitik 960/Batik Nitik 960 Images/48 Sekar Jeruk 2.jpg,48 Sekar Jeruk 2.jpg,48 Sekar Jeruk,672,2,test
/kaggle/input/datasets/hertiyani/batik-nitik-960-official-mendeley/Batik Nitik 960/Batik Nitik 960 Images/48 Sekar Jeruk 2_rotate_180.jpg,48 Sekar Jeruk 2_rotate_180.jpg,48 Sekar Jeruk,672,2,test
/kaggle/input/datasets/hertiyani/batik-nitik-960-official-mendeley/Batik Nitik 960/Batik Nitik 960 Images/48 Sekar Jeruk 2_rotate_270.jpg,48 Sekar Jeruk 2_rotate_270.jpg,48 Sekar Jeruk,674,2,train
/kaggle/input/datasets/hertiyani/batik-nitik-960-official-mendeley/Batik Nitik 960/Batik Nitik 960 Images/48 Sekar Jeruk 2_rotate_90.jpg,48 Sekar Jeruk 2_rotate_90.jpg,48 Sekar Jeruk,674,2,train
/kaggle/input/datasets/hertiyani/batik-nitik-960-official-mendeley/Batik Nitik 960/Batik Nitik 960 Images/48 Sekar Jeruk 3.jpg,48 Sekar Jeruk 3.jpg,48 Sekar Jeruk,672,2,test
/kaggle/input/datasets/hertiyani/batik-nitik-960-official-mendeley/Batik Nitik 960/Batik Nitik 960 Images/48 Sekar Jeruk 3_rotate_180.jpg,48 Sekar Jeruk 3_rotate_180.jpg,48 Sekar Jeruk,672,2,test
/kaggle/input/datasets/hertiyani/batik-nitik-960-official-mendeley/Batik Nitik 960/Batik Nitik 960 Images/48 Sekar Jeruk 3_rotate_270.jpg,48 Sekar Jeruk 3_rotate_270.jpg,48 Sekar Jeruk,674,2,train
/kaggle/input/datasets/hertiyani/batik-nitik-960-official-mendeley/Batik Nitik 960/Batik Nitik 960 Images/48 Sekar Jeruk 3_rotate_90.jpg,48 Sekar Jeruk 3_rotate_90.jpg,48 Sekar Jeruk,674,2,train
/kaggle/input/datasets/hertiyani/batik-nitik-960-official-mendeley/Batik Nitik 960/Batik Nitik 960 Images/48 Sekar Jeruk 4.jpg,48 Sekar Jeruk 4.jpg,48 Sekar Jeruk,672,2,test
/kaggle/input/datasets/hertiyani/batik-nitik-960-official-mendeley/Batik Nitik 960/Batik Nitik 960 Images/48 Sekar Jeruk 4_rotate_180.jpg,48 Sekar Jeruk 4_rotate_180.jpg,48 Sekar Jeruk,672,2,test
/kaggle/input/datasets/hertiyani/batik-nitik-960-official-mendeley/Batik Nitik 960/Batik Nitik 960 Images/48 Sekar Jeruk 4_rotate_270.jpg,48 Sekar Jeruk 4_rotate_270.jpg,48 Sekar Jeruk,674,2,train
/kaggle/input/datasets/hertiyani/batik-nitik-960-official-mendeley/Batik Nitik 960/Batik Nitik 960 Images/48 Sekar Jeruk 4_rotate_90.jpg,48 Sekar Jeruk 4_rotate_90.jpg,48 Sekar Jeruk,674,2,train
/kaggle/input/datasets/hertiyani/batik-nitik-960-official-mendeley/Batik Nitik 960/Batik Nitik 960 Images/49 Sekar Mindi 1.jpg,49 Sekar Mindi 1.jpg,49 Sekar Mindi,688,2,train
/kaggle/input/datasets/hertiyani/batik-nitik-960-official-mendeley/Batik Nitik 960/Batik Nitik 960 Images/49 Sekar Mindi 1_rotate_180.jpg,49 Sekar Mindi 1_rotate_180.jpg,49 Sekar Mindi,688,2,train
/kaggle/input/datasets/hertiyani/batik-nitik-960-official-mendeley/Batik Nitik 960/Batik Nitik 960 Images/49 Sekar Mindi 1_rotate_270.jpg,49 Sekar Mindi 1_rotate_270.jpg,49 Sekar Mindi,688,2,train
/kaggle/input/datasets/hertiyani/batik-nitik-960-official-mendeley/Batik Nitik 960/Batik Nitik 960 Images/49 Sekar Mindi 1_rotate_90.jpg,49 Sekar Mindi 1_rotate_90.jpg,49 Sekar Mindi,688,2,train
/kaggle/input/datasets/hertiyani/batik-nitik-960-official-mendeley/Batik Nitik 960/Batik Nitik 960 Images/49 Sekar Mindi 2.jpg,49 Sekar Mindi 2.jpg,49 Sekar Mindi,692,2,test
/kaggle/input/datasets/hertiyani/batik-nitik-960-official-mendeley/Batik Nitik 960/Batik Nitik 960 Images/49 Sekar Mindi 2_rotate_180.jpg,49 Sekar Mindi 2_rotate_180.jpg,49 Sekar Mindi,692,2,test
/kaggle/input/datasets/hertiyani/batik-nitik-960-official-mendeley/Batik Nitik 960/Batik Nitik 960 Images/49 Sekar Mindi 2_rotate_270.jpg,49 Sekar Mindi 2_rotate_270.jpg,49 Sekar Mindi,694,2,train
/kaggle/input/datasets/hertiyani/batik-nitik-960-official-mendeley/Batik Nitik 960/Batik Nitik 960 Images/49 Sekar Mindi 2_rotate_90.jpg,49 Sekar Mindi 2_rotate_90.jpg,49 Sekar Mindi,694,2,train
/kaggle/input/datasets/hertiyani/batik-nitik-960-official-mendeley/Batik Nitik 960/Batik Nitik 960 Images/49 Sekar Mindi 3.jpg,49 Sekar Mindi 3.jpg,49 Sekar Mindi,696,2,test
/kaggle/input/datasets/hertiyani/batik-nitik-960-official-mendeley/Batik Nitik 960/Batik Nitik 960 Images/49 Sekar Mindi 3_rotate_180.jpg,49 Sekar Mindi 3_rotate_180.jpg,49 Sekar Mindi,696,2,test
/kaggle/input/datasets/hertiyani/batik-nitik-960-official-mendeley/Batik Nitik 960/Batik Nitik 960 Images/49 Sekar Mindi 3_rotate_270.jpg,49 Sekar Mindi 3_rotate_270.jpg,49 Sekar Mindi,696,2,test
/kaggle/input/datasets/hertiyani/batik-nitik-960-official-mendeley/Batik Nitik 960/Batik Nitik 960 Images/49 Sekar Mindi 3_rotate_90.jpg,49 Sekar Mindi 3_rotate_90.jpg,49 Sekar Mindi,696,2,test
/kaggle/input/datasets/hertiyani/batik-nitik-960-official-mendeley/Batik Nitik 960/Batik Nitik 960 Images/49 Sekar Mindi 4.jpg,49 Sekar Mindi 4.jpg,49 Sekar Mindi,700,2,train
/kaggle/input/datasets/hertiyani/batik-nitik-960-official-mendeley/Batik Nitik 960/Batik Nitik 960 Images/49 Sekar Mindi 4_rotate_180.jpg,49 Sekar Mindi 4_rotate_180.jpg,49 Sekar Mindi,700,2,train
/kaggle/input/datasets/hertiyani/batik-nitik-960-official-mendeley/Batik Nitik 960/Batik Nitik 960 Images/49 Sekar Mindi 4_rotate_270.jpg,49 Sekar Mindi 4_rotate_270.jpg,49 Sekar Mindi,702,2,test
/kaggle/input/datasets/hertiyani/batik-nitik-960-official-mendeley/Batik Nitik 960/Batik Nitik 960 Images/49 Sekar Mindi 4_rotate_90.jpg,49 Sekar Mindi 4_rotate_90.jpg,49 Sekar Mindi,702,2,test
/kaggle/input/datasets/hertiyani/batik-nitik-960-official-mendeley/Batik Nitik 960/Batik Nitik 960 Images/5 Sekar Pacar 1.jpg,5 Sekar Pacar 1.jpg,5 Sekar Pacar,704,2,train
/kaggle/input/datasets/hertiyani/batik-nitik-960-official-mendeley/Batik Nitik 960/Batik Nitik 960 Images/5 Sekar Pacar 1_rotate_180.jpg,5 Sekar Pacar 1_rotate_180.jpg,5 Sekar Pacar,704,2,train
/kaggle/input/datasets/hertiyani/batik-nitik-960-official-mendeley/Batik Nitik 960/Batik Nitik 960 Images/5 Sekar Pacar 1_rotate_270.jpg,5 Sekar Pacar 1_rotate_270.jpg,5 Sekar Pacar,704,2,train
/kaggle/input/datasets/hertiyani/batik-nitik-960-official-mendeley/Batik Nitik 960/Batik Nitik 960 Images/5 Sekar Pacar 1_rotate_90.jpg,5 Sekar Pacar 1_rotate_90.jpg,5 Sekar Pacar,704,2,train
/kaggle/input/datasets/hertiyani/batik-nitik-960-official-mendeley/Batik Nitik 960/Batik Nitik 960 Images/5 Sekar Pacar 2.jpg,5 Sekar Pacar 2.jpg,5 Sekar Pacar,708,2,train
/kaggle/input/datasets/hertiyani/batik-nitik-960-official-mendeley/Batik Nitik 960/Batik Nitik 960 Images/5 Sekar Pacar 2_rotate_180.jpg,5 Sekar Pacar 2_rotate_180.jpg,5 Sekar Pacar,708,2,train
/kaggle/input/datasets/hertiyani/batik-nitik-960-official-mendeley/Batik Nitik 960/Batik Nitik 960 Images/5 Sekar Pacar 2_rotate_270.jpg,5 Sekar Pacar 2_rotate_270.jpg,5 Sekar Pacar,710,2,test
/kaggle/input/datasets/hertiyani/batik-nitik-960-official-mendeley/Batik Nitik 960/Batik Nitik 960 Images/5 Sekar Pacar 2_rotate_90.jpg,5 Sekar Pacar 2_rotate_90.jpg,5 Sekar Pacar,710,2,test
/kaggle/input/datasets/hertiyani/batik-nitik-960-official-mendeley/Batik Nitik 960/Batik Nitik 960 Images/5 Sekar Pacar 3.jpg,5 Sekar Pacar 3.jpg,5 Sekar Pacar,712,2,train
/kaggle/input/datasets/hertiyani/batik-nitik-960-official-mendeley/Batik Nitik 960/Batik Nitik 960 Images/5 Sekar Pacar 3_rotate_180.jpg,5 Sekar Pacar 3_rotate_180.jpg,5 Sekar Pacar,712,2,train
/kaggle/input/datasets/hertiyani/batik-nitik-960-official-mendeley/Batik Nitik 960/Batik Nitik 960 Images/5 Sekar Pacar 3_rotate_270.jpg,5 Sekar Pacar 3_rotate_270.jpg,5 Sekar Pacar,714,2,train
/kaggle/input/datasets/hertiyani/batik-nitik-960-official-mendeley/Batik Nitik 960/Batik Nitik 960 Images/5 Sekar Pacar 3_rotate_90.jpg,5 Sekar Pacar 3_rotate_90.jpg,5 Sekar Pacar,714,2,train
/kaggle/input/datasets/hertiyani/batik-nitik-960-official-mendeley/Batik Nitik 960/Batik Nitik 960 Images/5 Sekar Pacar 4.jpg,5 Sekar Pacar 4.jpg,5 Sekar Pacar,716,2,test
/kaggle/input/datasets/hertiyani/batik-nitik-960-official-mendeley/Batik Nitik 960/Batik Nitik 960 Images/5 Sekar Pacar 4_rotate_180.jpg,5 Sekar Pacar 4_rotate_180.jpg,5 Sekar Pacar,716,2,test
/kaggle/input/datasets/hertiyani/batik-nitik-960-official-mendeley/Batik Nitik 960/Batik Nitik 960 Images/5 Sekar Pacar 4_rotate_270.jpg,5 Sekar Pacar 4_rotate_270.jpg,5 Sekar Pacar,718,2,test
/kaggle/input/datasets/hertiyani/batik-nitik-960-official-mendeley/Batik Nitik 960/Batik Nitik 960 Images/5 Sekar Pacar 4_rotate_90.jpg,5 Sekar Pacar 4_rotate_90.jpg,5 Sekar Pacar,718,2,test
/kaggle/input/datasets/hertiyani/batik-nitik-960-official-mendeley/Batik Nitik 960/Batik Nitik 960 Images/50 Tanjung Gunung 1.jpg,50 Tanjung Gunung 1.jpg,50 Tanjung Gunung,720,2,test
/kaggle/input/datasets/hertiyani/batik-nitik-960-official-mendeley/Batik Nitik 960/Batik Nitik 960 Images/50 Tanjung Gunung 1_rotate_180.jpg,50 Tanjung Gunung 1_rotate_180.jpg,50 Tanjung Gunung,720,2,test
/kaggle/input/datasets/hertiyani/batik-nitik-960-official-mendeley/Batik Nitik 960/Batik Nitik 960 Images/50 Tanjung Gunung 1_rotate_270.jpg,50 Tanjung Gunung 1_rotate_270.jpg,50 Tanjung Gunung,722,2,train
/kaggle/input/datasets/hertiyani/batik-nitik-960-official-mendeley/Batik Nitik 960/Batik Nitik 960 Images/50 Tanjung Gunung 1_rotate_90.jpg,50 Tanjung Gunung 1_rotate_90.jpg,50 Tanjung Gunung,722,2,train
/kaggle/input/datasets/hertiyani/batik-nitik-960-official-mendeley/Batik Nitik 960/Batik Nitik 960 Images/50 Tanjung Gunung 2.jpg,50 Tanjung Gunung 2.jpg,50 Tanjung Gunung,724,2,test
/kaggle/input/datasets/hertiyani/batik-nitik-960-official-mendeley/Batik Nitik 960/Batik Nitik 960 Images/50 Tanjung Gunung 2_rotate_180.jpg,50 Tanjung Gunung 2_rotate_180.jpg,50 Tanjung Gunung,724,2,test
/kaggle/input/datasets/hertiyani/batik-nitik-960-official-mendeley/Batik Nitik 960/Batik Nitik 960 Images/50 Tanjung Gunung 2_rotate_270.jpg,50 Tanjung Gunung 2_rotate_270.jpg,50 Tanjung Gunung,724,2,test
/kaggle/input/datasets/hertiyani/batik-nitik-960-official-mendeley/Batik Nitik 960/Batik Nitik 960 Images/50 Tanjung Gunung 2_rotate_90.jpg,50 Tanjung Gunung 2_rotate_90.jpg,50 Tanjung Gunung,724,2,test
/kaggle/input/datasets/hertiyani/batik-nitik-960-official-mendeley/Batik Nitik 960/Batik Nitik 960 Images/50 Tanjung Gunung 3.jpg,50 Tanjung Gunung 3.jpg,50 Tanjung Gunung,728,2,train
/kaggle/input/datasets/hertiyani/batik-nitik-960-official-mendeley/Batik Nitik 960/Batik Nitik 960 Images/50 Tanjung Gunung 3_rotate_180.jpg,50 Tanjung Gunung 3_rotate_180.jpg,50 Tanjung Gunung,728,2,train
/kaggle/input/datasets/hertiyani/batik-nitik-960-official-mendeley/Batik Nitik 960/Batik Nitik 960 Images/50 Tanjung Gunung 3_rotate_270.jpg,50 Tanjung Gunung 3_rotate_270.jpg,50 Tanjung Gunung,730,2,test
/kaggle/input/datasets/hertiyani/batik-nitik-960-official-mendeley/Batik Nitik 960/Batik Nitik 960 Images/50 Tanjung Gunung 3_rotate_90.jpg,50 Tanjung Gunung 3_rotate_90.jpg,50 Tanjung Gunung,730,2,test
/kaggle/input/datasets/hertiyani/batik-nitik-960-official-mendeley/Batik Nitik 960/Batik Nitik 960 Images/50 Tanjung Gunung 4.jpg,50 Tanjung Gunung 4.jpg,50 Tanjung Gunung,732,2,train
/kaggle/input/datasets/hertiyani/batik-nitik-960-official-mendeley/Batik Nitik 960/Batik Nitik 960 Images/50 Tanjung Gunung 4_rotate_180.jpg,50 Tanjung Gunung 4_rotate_180.jpg,50 Tanjung Gunung,732,2,train
/kaggle/input/datasets/hertiyani/batik-nitik-960-official-mendeley/Batik Nitik 960/Batik Nitik 960 Images/50 Tanjung Gunung 4_rotate_270.jpg,50 Tanjung Gunung 4_rotate_270.jpg,50 Tanjung Gunung,732,2,train
/kaggle/input/datasets/hertiyani/batik-nitik-960-official-mendeley/Batik Nitik 960/Batik Nitik 960 Images/50 Tanjung Gunung 4_rotate_90.jpg,50 Tanjung Gunung 4_rotate_90.jpg,50 Tanjung Gunung,732,2,train
/kaggle/input/datasets/hertiyani/batik-nitik-960-official-mendeley/Batik Nitik 960/Batik Nitik 960 Images/51 Sekar Kenikir 1.jpg,51 Sekar Kenikir 1.jpg,51 Sekar Kenikir,736,2,train
/kaggle/input/datasets/hertiyani/batik-nitik-960-official-mendeley/Batik Nitik 960/Batik Nitik 960 Images/51 Sekar Kenikir 1_rotate_180.jpg,51 Sekar Kenikir 1_rotate_180.jpg,51 Sekar Kenikir,736,2,train
/kaggle/input/datasets/hertiyani/batik-nitik-960-official-mendeley/Batik Nitik 960/Batik Nitik 960 Images/51 Sekar Kenikir 1_rotate_270.jpg,51 Sekar Kenikir 1_rotate_270.jpg,51 Sekar Kenikir,738,2,train
/kaggle/input/datasets/hertiyani/batik-nitik-960-official-mendeley/Batik Nitik 960/Batik Nitik 960 Images/51 Sekar Kenikir 1_rotate_90.jpg,51 Sekar Kenikir 1_rotate_90.jpg,51 Sekar Kenikir,738,2,train
/kaggle/input/datasets/hertiyani/batik-nitik-960-official-mendeley/Batik Nitik 960/Batik Nitik 960 Images/51 Sekar Kenikir 2.jpg,51 Sekar Kenikir 2.jpg,51 Sekar Kenikir,740,2,train
/kaggle/input/datasets/hertiyani/batik-nitik-960-official-mendeley/Batik Nitik 960/Batik Nitik 960 Images/51 Sekar Kenikir 2_rotate_180.jpg,51 Sekar Kenikir 2_rotate_180.jpg,51 Sekar Kenikir,740,2,train
/kaggle/input/datasets/hertiyani/batik-nitik-960-official-mendeley/Batik Nitik 960/Batik Nitik 960 Images/51 Sekar Kenikir 2_rotate_270.jpg,51 Sekar Kenikir 2_rotate_270.jpg,51 Sekar Kenikir,740,2,train
/kaggle/input/datasets/hertiyani/batik-nitik-960-official-mendeley/Batik Nitik 960/Batik Nitik 960 Images/51 Sekar Kenikir 2_rotate_90.jpg,51 Sekar Kenikir 2_rotate_90.jpg,51 Sekar Kenikir,740,2,train
/kaggle/input/datasets/hertiyani/batik-nitik-960-official-mendeley/Batik Nitik 960/Batik Nitik 960 Images/51 Sekar Kenikir 3.jpg,51 Sekar Kenikir 3.jpg,51 Sekar Kenikir,744,2,test
/kaggle/input/datasets/hertiyani/batik-nitik-960-official-mendeley/Batik Nitik 960/Batik Nitik 960 Images/51 Sekar Kenikir 3_rotate_180.jpg,51 Sekar Kenikir 3_rotate_180.jpg,51 Sekar Kenikir,744,2,test
/kaggle/input/datasets/hertiyani/batik-nitik-960-official-mendeley/Batik Nitik 960/Batik Nitik 960 Images/51 Sekar Kenikir 3_rotate_270.jpg,51 Sekar Kenikir 3_rotate_270.jpg,51 Sekar Kenikir,746,2,train
/kaggle/input/datasets/hertiyani/batik-nitik-960-official-mendeley/Batik Nitik 960/Batik Nitik 960 Images/51 Sekar Kenikir 3_rotate_90.jpg,51 Sekar Kenikir 3_rotate_90.jpg,51 Sekar Kenikir,746,2,train
/kaggle/input/datasets/hertiyani/batik-nitik-960-official-mendeley/Batik Nitik 960/Batik Nitik 960 Images/51 Sekar Kenikir 4.jpg,51 Sekar Kenikir 4.jpg,51 Sekar Kenikir,748,2,test
/kaggle/input/datasets/hertiyani/batik-nitik-960-official-mendeley/Batik Nitik 960/Batik Nitik 960 Images/51 Sekar Kenikir 4_rotate_180.jpg,51 Sekar Kenikir 4_rotate_180.jpg,51 Sekar Kenikir,748,2,test
/kaggle/input/datasets/hertiyani/batik-nitik-960-official-mendeley/Batik Nitik 960/Batik Nitik 960 Images/51 Sekar Kenikir 4_rotate_270.jpg,51 Sekar Kenikir 4_rotate_270.jpg,51 Sekar Kenikir,750,2,test
/kaggle/input/datasets/hertiyani/batik-nitik-960-official-mendeley/Batik Nitik 960/Batik Nitik 960 Images/51 Sekar Kenikir 4_rotate_90.jpg,51 Sekar Kenikir 4_rotate_90.jpg,51 Sekar Kenikir,750,2,test
/kaggle/input/datasets/hertiyani/batik-nitik-960-official-mendeley/Batik Nitik 960/Batik Nitik 960 Images/52 Sekar Blimbing 1.jpg,52 Sekar Blimbing 1.jpg,52 Sekar Blimbing,752,2,test
/kaggle/input/datasets/hertiyani/batik-nitik-960-official-mendeley/Batik Nitik 960/Batik Nitik 960 Images/52 Sekar Blimbing 1_rotate_180.jpg,52 Sekar Blimbing 1_rotate_180.jpg,52 Sekar Blimbing,752,2,test
/kaggle/input/datasets/hertiyani/batik-nitik-960-official-mendeley/Batik Nitik 960/Batik Nitik 960 Images/52 Sekar Blimbing 1_rotate_270.jpg,52 Sekar Blimbing 1_rotate_270.jpg,52 Sekar Blimbing,754,2,train
/kaggle/input/datasets/hertiyani/batik-nitik-960-official-mendeley/Batik Nitik 960/Batik Nitik 960 Images/52 Sekar Blimbing 1_rotate_90.jpg,52 Sekar Blimbing 1_rotate_90.jpg,52 Sekar Blimbing,754,2,train
/kaggle/input/datasets/hertiyani/batik-nitik-960-official-mendeley/Batik Nitik 960/Batik Nitik 960 Images/52 Sekar Blimbing 2.jpg,52 Sekar Blimbing 2.jpg,52 Sekar Blimbing,756,2,train
/kaggle/input/datasets/hertiyani/batik-nitik-960-official-mendeley/Batik Nitik 960/Batik Nitik 960 Images/52 Sekar Blimbing 2_rotate_180.jpg,52 Sekar Blimbing 2_rotate_180.jpg,52 Sekar Blimbing,756,2,train
/kaggle/input/datasets/hertiyani/batik-nitik-960-official-mendeley/Batik Nitik 960/Batik Nitik 960 Images/52 Sekar Blimbing 2_rotate_270.jpg,52 Sekar Blimbing 2_rotate_270.jpg,52 Sekar Blimbing,758,2,test
/kaggle/input/datasets/hertiyani/batik-nitik-960-official-mendeley/Batik Nitik 960/Batik Nitik 960 Images/52 Sekar Blimbing 2_rotate_90.jpg,52 Sekar Blimbing 2_rotate_90.jpg,52 Sekar Blimbing,758,2,test
/kaggle/input/datasets/hertiyani/batik-nitik-960-official-mendeley/Batik Nitik 960/Batik Nitik 960 Images/52 Sekar Blimbing 3.jpg,52 Sekar Blimbing 3.jpg,52 Sekar Blimbing,760,2,train
/kaggle/input/datasets/hertiyani/batik-nitik-960-official-mendeley/Batik Nitik 960/Batik Nitik 960 Images/52 Sekar Blimbing 3_rotate_180.jpg,52 Sekar Blimbing 3_rotate_180.jpg,52 Sekar Blimbing,760,2,train
/kaggle/input/datasets/hertiyani/batik-nitik-960-official-mendeley/Batik Nitik 960/Batik Nitik 960 Images/52 Sekar Blimbing 3_rotate_270.jpg,52 Sekar Blimbing 3_rotate_270.jpg,52 Sekar Blimbing,762,2,test
/kaggle/input/datasets/hertiyani/batik-nitik-960-official-mendeley/Batik Nitik 960/Batik Nitik 960 Images/52 Sekar Blimbing 3_rotate_90.jpg,52 Sekar Blimbing 3_rotate_90.jpg,52 Sekar Blimbing,762,2,test
/kaggle/input/datasets/hertiyani/batik-nitik-960-official-mendeley/Batik Nitik 960/Batik Nitik 960 Images/52 Sekar Blimbing 4.jpg,52 Sekar Blimbing 4.jpg,52 Sekar Blimbing,764,2,train
/kaggle/input/datasets/hertiyani/batik-nitik-960-official-mendeley/Batik Nitik 960/Batik Nitik 960 Images/52 Sekar Blimbing 4_rotate_180.jpg,52 Sekar Blimbing 4_rotate_180.jpg,52 Sekar Blimbing,764,2,train
/kaggle/input/datasets/hertiyani/batik-nitik-960-official-mendeley/Batik Nitik 960/Batik Nitik 960 Images/52 Sekar Blimbing 4_rotate_270.jpg,52 Sekar Blimbing 4_rotate_270.jpg,52 Sekar Blimbing,766,2,train
/kaggle/input/datasets/hertiyani/batik-nitik-960-official-mendeley/Batik Nitik 960/Batik Nitik 960 Images/52 Sekar Blimbing 4_rotate_90.jpg,52 Sekar Blimbing 4_rotate_90.jpg,52 Sekar Blimbing,766,2,train
/kaggle/input/datasets/hertiyani/batik-nitik-960-official-mendeley/Batik Nitik 960/Batik Nitik 960 Images/53 Sekar Pijetan 1.jpg,53 Sekar Pijetan 1.jpg,53 Sekar Pijetan,768,2,train
/kaggle/input/datasets/hertiyani/batik-nitik-960-official-mendeley/Batik Nitik 960/Batik Nitik 960 Images/53 Sekar Pijetan 1_rotate_180.jpg,53 Sekar Pijetan 1_rotate_180.jpg,53 Sekar Pijetan,768,2,train
/kaggle/input/datasets/hertiyani/batik-nitik-960-official-mendeley/Batik Nitik 960/Batik Nitik 960 Images/53 Sekar Pijetan 1_rotate_270.jpg,53 Sekar Pijetan 1_rotate_270.jpg,53 Sekar Pijetan,770,2,train
/kaggle/input/datasets/hertiyani/batik-nitik-960-official-mendeley/Batik Nitik 960/Batik Nitik 960 Images/53 Sekar Pijetan 1_rotate_90.jpg,53 Sekar Pijetan 1_rotate_90.jpg,53 Sekar Pijetan,770,2,train
/kaggle/input/datasets/hertiyani/batik-nitik-960-official-mendeley/Batik Nitik 960/Batik Nitik 960 Images/53 Sekar Pijetan 2.jpg,53 Sekar Pijetan 2.jpg,53 Sekar Pijetan,772,2,train
/kaggle/input/datasets/hertiyani/batik-nitik-960-official-mendeley/Batik Nitik 960/Batik Nitik 960 Images/53 Sekar Pijetan 2_rotate_180.jpg,53 Sekar Pijetan 2_rotate_180.jpg,53 Sekar Pijetan,772,2,train
/kaggle/input/datasets/hertiyani/batik-nitik-960-official-mendeley/Batik Nitik 960/Batik Nitik 960 Images/53 Sekar Pijetan 2_rotate_270.jpg,53 Sekar Pijetan 2_rotate_270.jpg,53 Sekar Pijetan,774,2,test
/kaggle/input/datasets/hertiyani/batik-nitik-960-official-mendeley/Batik Nitik 960/Batik Nitik 960 Images/53 Sekar Pijetan 2_rotate_90.jpg,53 Sekar Pijetan 2_rotate_90.jpg,53 Sekar Pijetan,774,2,test
/kaggle/input/datasets/hertiyani/batik-nitik-960-official-mendeley/Batik Nitik 960/Batik Nitik 960 Images/53 Sekar Pijetan 3.jpg,53 Sekar Pijetan 3.jpg,53 Sekar Pijetan,776,2,train
/kaggle/input/datasets/hertiyani/batik-nitik-960-official-mendeley/Batik Nitik 960/Batik Nitik 960 Images/53 Sekar Pijetan 3_rotate_180.jpg,53 Sekar Pijetan 3_rotate_180.jpg,53 Sekar Pijetan,776,2,train
/kaggle/input/datasets/hertiyani/batik-nitik-960-official-mendeley/Batik Nitik 960/Batik Nitik 960 Images/53 Sekar Pijetan 3_rotate_270.jpg,53 Sekar Pijetan 3_rotate_270.jpg,53 Sekar Pijetan,778,2,test
/kaggle/input/datasets/hertiyani/batik-nitik-960-official-mendeley/Batik Nitik 960/Batik Nitik 960 Images/53 Sekar Pijetan 3_rotate_90.jpg,53 Sekar Pijetan 3_rotate_90.jpg,53 Sekar Pijetan,778,2,test
/kaggle/input/datasets/hertiyani/batik-nitik-960-official-mendeley/Batik Nitik 960/Batik Nitik 960 Images/53 Sekar Pijetan 4.jpg,53 Sekar Pijetan 4.jpg,53 Sekar Pijetan,780,2,train
/kaggle/input/datasets/hertiyani/batik-nitik-960-official-mendeley/Batik Nitik 960/Batik Nitik 960 Images/53 Sekar Pijetan 4_rotate_180.jpg,53 Sekar Pijetan 4_rotate_180.jpg,53 Sekar Pijetan,780,2,train
/kaggle/input/datasets/hertiyani/batik-nitik-960-official-mendeley/Batik Nitik 960/Batik Nitik 960 Images/53 Sekar Pijetan 4_rotate_270.jpg,53 Sekar Pijetan 4_rotate_270.jpg,53 Sekar Pijetan,782,2,test
/kaggle/input/datasets/hertiyani/batik-nitik-960-official-mendeley/Batik Nitik 960/Batik Nitik 960 Images/53 Sekar Pijetan 4_rotate_90.jpg,53 Sekar Pijetan 4_rotate_90.jpg,53 Sekar Pijetan,782,2,test
/kaggle/input/datasets/hertiyani/batik-nitik-960-official-mendeley/Batik Nitik 960/Batik Nitik 960 Images/54 Sari Mulat 1.jpg,54 Sari Mulat 1.jpg,54 Sari Mulat,784,2,train
/kaggle/input/datasets/hertiyani/batik-nitik-960-official-mendeley/Batik Nitik 960/Batik Nitik 960 Images/54 Sari Mulat 1_rotate_180.jpg,54 Sari Mulat 1_rotate_180.jpg,54 Sari Mulat,784,2,train
/kaggle/input/datasets/hertiyani/batik-nitik-960-official-mendeley/Batik Nitik 960/Batik Nitik 960 Images/54 Sari Mulat 1_rotate_270.jpg,54 Sari Mulat 1_rotate_270.jpg,54 Sari Mulat,786,2,train
/kaggle/input/datasets/hertiyani/batik-nitik-960-official-mendeley/Batik Nitik 960/Batik Nitik 960 Images/54 Sari Mulat 1_rotate_90.jpg,54 Sari Mulat 1_rotate_90.jpg,54 Sari Mulat,786,2,train
/kaggle/input/datasets/hertiyani/batik-nitik-960-official-mendeley/Batik Nitik 960/Batik Nitik 960 Images/54 Sari Mulat 2.jpg,54 Sari Mulat 2.jpg,54 Sari Mulat,788,2,test
/kaggle/input/datasets/hertiyani/batik-nitik-960-official-mendeley/Batik Nitik 960/Batik Nitik 960 Images/54 Sari Mulat 2_rotate_180.jpg,54 Sari Mulat 2_rotate_180.jpg,54 Sari Mulat,788,2,test
/kaggle/input/datasets/hertiyani/batik-nitik-960-official-mendeley/Batik Nitik 960/Batik Nitik 960 Images/54 Sari Mulat 2_rotate_270.jpg,54 Sari Mulat 2_rotate_270.jpg,54 Sari Mulat,790,2,train
/kaggle/input/datasets/hertiyani/batik-nitik-960-official-mendeley/Batik Nitik 960/Batik Nitik 960 Images/54 Sari Mulat 2_rotate_90.jpg,54 Sari Mulat 2_rotate_90.jpg,54 Sari Mulat,790,2,train
/kaggle/input/datasets/hertiyani/batik-nitik-960-official-mendeley/Batik Nitik 960/Batik Nitik 960 Images/54 Sari Mulat 3.jpg,54 Sari Mulat 3.jpg,54 Sari Mulat,792,2,test
/kaggle/input/datasets/hertiyani/batik-nitik-960-official-mendeley/Batik Nitik 960/Batik Nitik 960 Images/54 Sari Mulat 3_rotate_180.jpg,54 Sari Mulat 3_rotate_180.jpg,54 Sari Mulat,792,2,test
/kaggle/input/datasets/hertiyani/batik-nitik-960-official-mendeley/Batik Nitik 960/Batik Nitik 960 Images/54 Sari Mulat 3_rotate_270.jpg,54 Sari Mulat 3_rotate_270.jpg,54 Sari Mulat,794,2,train
/kaggle/input/datasets/hertiyani/batik-nitik-960-official-mendeley/Batik Nitik 960/Batik Nitik 960 Images/54 Sari Mulat 3_rotate_90.jpg,54 Sari Mulat 3_rotate_90.jpg,54 Sari Mulat,794,2,train
/kaggle/input/datasets/hertiyani/batik-nitik-960-official-mendeley/Batik Nitik 960/Batik Nitik 960 Images/54 Sari Mulat 4.jpg,54 Sari Mulat 4.jpg,54 Sari Mulat,796,2,train
/kaggle/input/datasets/hertiyani/batik-nitik-960-official-mendeley/Batik Nitik 960/Batik Nitik 960 Images/54 Sari Mulat 4_rotate_180.jpg,54 Sari Mulat 4_rotate_180.jpg,54 Sari Mulat,796,2,train
/kaggle/input/datasets/hertiyani/batik-nitik-960-official-mendeley/Batik Nitik 960/Batik Nitik 960 Images/54 Sari Mulat 4_rotate_270.jpg,54 Sari Mulat 4_rotate_270.jpg,54 Sari Mulat,798,2,test
/kaggle/input/datasets/hertiyani/batik-nitik-960-official-mendeley/Batik Nitik 960/Batik Nitik 960 Images/54 Sari Mulat 4_rotate_90.jpg,54 Sari Mulat 4_rotate_90.jpg,54 Sari Mulat,798,2,test
/kaggle/input/datasets/hertiyani/batik-nitik-960-official-mendeley/Batik Nitik 960/Batik Nitik 960 Images/55 Sekar Mrica 1.jpg,55 Sekar Mrica 1.jpg,55 Sekar Mrica,800,2,train
/kaggle/input/datasets/hertiyani/batik-nitik-960-official-mendeley/Batik Nitik 960/Batik Nitik 960 Images/55 Sekar Mrica 1_rotate_180.jpg,55 Sekar Mrica 1_rotate_180.jpg,55 Sekar Mrica,800,2,train
/kaggle/input/datasets/hertiyani/batik-nitik-960-official-mendeley/Batik Nitik 960/Batik Nitik 960 Images/55 Sekar Mrica 1_rotate_270.jpg,55 Sekar Mrica 1_rotate_270.jpg,55 Sekar Mrica,802,2,train
/kaggle/input/datasets/hertiyani/batik-nitik-960-official-mendeley/Batik Nitik 960/Batik Nitik 960 Images/55 Sekar Mrica 1_rotate_90.jpg,55 Sekar Mrica 1_rotate_90.jpg,55 Sekar Mrica,802,2,train
/kaggle/input/datasets/hertiyani/batik-nitik-960-official-mendeley/Batik Nitik 960/Batik Nitik 960 Images/55 Sekar Mrica 2.jpg,55 Sekar Mrica 2.jpg,55 Sekar Mrica,804,2,train
/kaggle/input/datasets/hertiyani/batik-nitik-960-official-mendeley/Batik Nitik 960/Batik Nitik 960 Images/55 Sekar Mrica 2_rotate_180.jpg,55 Sekar Mrica 2_rotate_180.jpg,55 Sekar Mrica,804,2,train
/kaggle/input/datasets/hertiyani/batik-nitik-960-official-mendeley/Batik Nitik 960/Batik Nitik 960 Images/55 Sekar Mrica 2_rotate_270.jpg,55 Sekar Mrica 2_rotate_270.jpg,55 Sekar Mrica,806,2,test
/kaggle/input/datasets/hertiyani/batik-nitik-960-official-mendeley/Batik Nitik 960/Batik Nitik 960 Images/55 Sekar Mrica 2_rotate_90.jpg,55 Sekar Mrica 2_rotate_90.jpg,55 Sekar Mrica,806,2,test
/kaggle/input/datasets/hertiyani/batik-nitik-960-official-mendeley/Batik Nitik 960/Batik Nitik 960 Images/55 Sekar Mrica 3.jpg,55 Sekar Mrica 3.jpg,55 Sekar Mrica,808,2,test
/kaggle/input/datasets/hertiyani/batik-nitik-960-official-mendeley/Batik Nitik 960/Batik Nitik 960 Images/55 Sekar Mrica 3_rotate_180.jpg,55 Sekar Mrica 3_rotate_180.jpg,55 Sekar Mrica,808,2,test
/kaggle/input/datasets/hertiyani/batik-nitik-960-official-mendeley/Batik Nitik 960/Batik Nitik 960 Images/55 Sekar Mrica 3_rotate_270.jpg,55 Sekar Mrica 3_rotate_270.jpg,55 Sekar Mrica,810,2,test
/kaggle/input/datasets/hertiyani/batik-nitik-960-official-mendeley/Batik Nitik 960/Batik Nitik 960 Images/55 Sekar Mrica 3_rotate_90.jpg,55 Sekar Mrica 3_rotate_90.jpg,55 Sekar Mrica,810,2,test
/kaggle/input/datasets/hertiyani/batik-nitik-960-official-mendeley/Batik Nitik 960/Batik Nitik 960 Images/55 Sekar Mrica 4.jpg,55 Sekar Mrica 4.jpg,55 Sekar Mrica,812,2,train
/kaggle/input/datasets/hertiyani/batik-nitik-960-official-mendeley/Batik Nitik 960/Batik Nitik 960 Images/55 Sekar Mrica 4_rotate_180.jpg,55 Sekar Mrica 4_rotate_180.jpg,55 Sekar Mrica,812,2,train
/kaggle/input/datasets/hertiyani/batik-nitik-960-official-mendeley/Batik Nitik 960/Batik Nitik 960 Images/55 Sekar Mrica 4_rotate_270.jpg,55 Sekar Mrica 4_rotate_270.jpg,55 Sekar Mrica,814,2,train
/kaggle/input/datasets/hertiyani/batik-nitik-960-official-mendeley/Batik Nitik 960/Batik Nitik 960 Images/55 Sekar Mrica 4_rotate_90.jpg,55 Sekar Mrica 4_rotate_90.jpg,55 Sekar Mrica,814,2,train
/kaggle/input/datasets/hertiyani/batik-nitik-960-official-mendeley/Batik Nitik 960/Batik Nitik 960 Images/56 Sekar Kepel 1.jpg,56 Sekar Kepel 1.jpg,56 Sekar Kepel,816,2,train
/kaggle/input/datasets/hertiyani/batik-nitik-960-official-mendeley/Batik Nitik 960/Batik Nitik 960 Images/56 Sekar Kepel 1_rotate_180.jpg,56 Sekar Kepel 1_rotate_180.jpg,56 Sekar Kepel,816,2,train
/kaggle/input/datasets/hertiyani/batik-nitik-960-official-mendeley/Batik Nitik 960/Batik Nitik 960 Images/56 Sekar Kepel 1_rotate_270.jpg,56 Sekar Kepel 1_rotate_270.jpg,56 Sekar Kepel,816,2,train
/kaggle/input/datasets/hertiyani/batik-nitik-960-official-mendeley/Batik Nitik 960/Batik Nitik 960 Images/56 Sekar Kepel 1_rotate_90.jpg,56 Sekar Kepel 1_rotate_90.jpg,56 Sekar Kepel,816,2,train
/kaggle/input/datasets/hertiyani/batik-nitik-960-official-mendeley/Batik Nitik 960/Batik Nitik 960 Images/56 Sekar Kepel 2.jpg,56 Sekar Kepel 2.jpg,56 Sekar Kepel,820,2,train
/kaggle/input/datasets/hertiyani/batik-nitik-960-official-mendeley/Batik Nitik 960/Batik Nitik 960 Images/56 Sekar Kepel 2_rotate_180.jpg,56 Sekar Kepel 2_rotate_180.jpg,56 Sekar Kepel,820,2,train
/kaggle/input/datasets/hertiyani/batik-nitik-960-official-mendeley/Batik Nitik 960/Batik Nitik 960 Images/56 Sekar Kepel 2_rotate_270.jpg,56 Sekar Kepel 2_rotate_270.jpg,56 Sekar Kepel,822,2,test
/kaggle/input/datasets/hertiyani/batik-nitik-960-official-mendeley/Batik Nitik 960/Batik Nitik 960 Images/56 Sekar Kepel 2_rotate_90.jpg,56 Sekar Kepel 2_rotate_90.jpg,56 Sekar Kepel,822,2,test
/kaggle/input/datasets/hertiyani/batik-nitik-960-official-mendeley/Batik Nitik 960/Batik Nitik 960 Images/56 Sekar Kepel 3.jpg,56 Sekar Kepel 3.jpg,56 Sekar Kepel,824,2,train
/kaggle/input/datasets/hertiyani/batik-nitik-960-official-mendeley/Batik Nitik 960/Batik Nitik 960 Images/56 Sekar Kepel 3_rotate_180.jpg,56 Sekar Kepel 3_rotate_180.jpg,56 Sekar Kepel,824,2,train
/kaggle/input/datasets/hertiyani/batik-nitik-960-official-mendeley/Batik Nitik 960/Batik Nitik 960 Images/56 Sekar Kepel 3_rotate_270.jpg,56 Sekar Kepel 3_rotate_270.jpg,56 Sekar Kepel,826,2,test
/kaggle/input/datasets/hertiyani/batik-nitik-960-official-mendeley/Batik Nitik 960/Batik Nitik 960 Images/56 Sekar Kepel 3_rotate_90.jpg,56 Sekar Kepel 3_rotate_90.jpg,56 Sekar Kepel,826,2,test
/kaggle/input/datasets/hertiyani/batik-nitik-960-official-mendeley/Batik Nitik 960/Batik Nitik 960 Images/56 Sekar Kepel 4.jpg,56 Sekar Kepel 4.jpg,56 Sekar Kepel,828,2,train
/kaggle/input/datasets/hertiyani/batik-nitik-960-official-mendeley/Batik Nitik 960/Batik Nitik 960 Images/56 Sekar Kepel 4_rotate_180.jpg,56 Sekar Kepel 4_rotate_180.jpg,56 Sekar Kepel,828,2,train
/kaggle/input/datasets/hertiyani/batik-nitik-960-official-mendeley/Batik Nitik 960/Batik Nitik 960 Images/56 Sekar Kepel 4_rotate_270.jpg,56 Sekar Kepel 4_rotate_270.jpg,56 Sekar Kepel,830,2,test
/kaggle/input/datasets/hertiyani/batik-nitik-960-official-mendeley/Batik Nitik 960/Batik Nitik 960 Images/56 Sekar Kepel 4_rotate_90.jpg,56 Sekar Kepel 4_rotate_90.jpg,56 Sekar Kepel,830,2,test
/kaggle/input/datasets/hertiyani/batik-nitik-960-official-mendeley/Batik Nitik 960/Batik Nitik 960 Images/57 Truntum Kurung 1.jpg,57 Truntum Kurung 1.jpg,57 Truntum Kurung,832,2,test
/kaggle/input/datasets/hertiyani/batik-nitik-960-official-mendeley/Batik Nitik 960/Batik Nitik 960 Images/57 Truntum Kurung 1_rotate_180.jpg,57 Truntum Kurung 1_rotate_180.jpg,57 Truntum Kurung,832,2,test
/kaggle/input/datasets/hertiyani/batik-nitik-960-official-mendeley/Batik Nitik 960/Batik Nitik 960 Images/57 Truntum Kurung 1_rotate_270.jpg,57 Truntum Kurung 1_rotate_270.jpg,57 Truntum Kurung,832,2,test
/kaggle/input/datasets/hertiyani/batik-nitik-960-official-mendeley/Batik Nitik 960/Batik Nitik 960 Images/57 Truntum Kurung 1_rotate_90.jpg,57 Truntum Kurung 1_rotate_90.jpg,57 Truntum Kurung,832,2,test
/kaggle/input/datasets/hertiyani/batik-nitik-960-official-mendeley/Batik Nitik 960/Batik Nitik 960 Images/57 Truntum Kurung 2.jpg,57 Truntum Kurung 2.jpg,57 Truntum Kurung,836,2,train
/kaggle/input/datasets/hertiyani/batik-nitik-960-official-mendeley/Batik Nitik 960/Batik Nitik 960 Images/57 Truntum Kurung 2_rotate_180.jpg,57 Truntum Kurung 2_rotate_180.jpg,57 Truntum Kurung,836,2,train
/kaggle/input/datasets/hertiyani/batik-nitik-960-official-mendeley/Batik Nitik 960/Batik Nitik 960 Images/57 Truntum Kurung 2_rotate_270.jpg,57 Truntum Kurung 2_rotate_270.jpg,57 Truntum Kurung,838,2,train
/kaggle/input/datasets/hertiyani/batik-nitik-960-official-mendeley/Batik Nitik 960/Batik Nitik 960 Images/57 Truntum Kurung 2_rotate_90.jpg,57 Truntum Kurung 2_rotate_90.jpg,57 Truntum Kurung,838,2,train
/kaggle/input/datasets/hertiyani/batik-nitik-960-official-mendeley/Batik Nitik 960/Batik Nitik 960 Images/57 Truntum Kurung 3.jpg,57 Truntum Kurung 3.jpg,57 Truntum Kurung,840,2,test
/kaggle/input/datasets/hertiyani/batik-nitik-960-official-mendeley/Batik Nitik 960/Batik Nitik 960 Images/57 Truntum Kurung 3_rotate_180.jpg,57 Truntum Kurung 3_rotate_180.jpg,57 Truntum Kurung,840,2,test
/kaggle/input/datasets/hertiyani/batik-nitik-960-official-mendeley/Batik Nitik 960/Batik Nitik 960 Images/57 Truntum Kurung 3_rotate_270.jpg,57 Truntum Kurung 3_rotate_270.jpg,57 Truntum Kurung,842,2,train
/kaggle/input/datasets/hertiyani/batik-nitik-960-official-mendeley/Batik Nitik 960/Batik Nitik 960 Images/57 Truntum Kurung 3_rotate_90.jpg,57 Truntum Kurung 3_rotate_90.jpg,57 Truntum Kurung,842,2,train
/kaggle/input/datasets/hertiyani/batik-nitik-960-official-mendeley/Batik Nitik 960/Batik Nitik 960 Images/57 Truntum Kurung 4.jpg,57 Truntum Kurung 4.jpg,57 Truntum Kurung,844,2,train
/kaggle/input/datasets/hertiyani/batik-nitik-960-official-mendeley/Batik Nitik 960/Batik Nitik 960 Images/57 Truntum Kurung 4_rotate_180.jpg,57 Truntum Kurung 4_rotate_180.jpg,57 Truntum Kurung,844,2,train
/kaggle/input/datasets/hertiyani/batik-nitik-960-official-mendeley/Batik Nitik 960/Batik Nitik 960 Images/57 Truntum Kurung 4_rotate_270.jpg,57 Truntum Kurung 4_rotate_270.jpg,57 Truntum Kurung,844,2,train
/kaggle/input/datasets/hertiyani/batik-nitik-960-official-mendeley/Batik Nitik 960/Batik Nitik 960 Images/57 Truntum Kurung 4_rotate_90.jpg,57 Truntum Kurung 4_rotate_90.jpg,57 Truntum Kurung,844,2,train
/kaggle/input/datasets/hertiyani/batik-nitik-960-official-mendeley/Batik Nitik 960/Batik Nitik 960 Images/58 Jayakusuma 1.jpg,58 Jayakusuma 1.jpg,58 Jayakusuma,848,2,test
/kaggle/input/datasets/hertiyani/batik-nitik-960-official-mendeley/Batik Nitik 960/Batik Nitik 960 Images/58 Jayakusuma 1_rotate_180.jpg,58 Jayakusuma 1_rotate_180.jpg,58 Jayakusuma,848,2,test
/kaggle/input/datasets/hertiyani/batik-nitik-960-official-mendeley/Batik Nitik 960/Batik Nitik 960 Images/58 Jayakusuma 1_rotate_270.jpg,58 Jayakusuma 1_rotate_270.jpg,58 Jayakusuma,850,2,train
/kaggle/input/datasets/hertiyani/batik-nitik-960-official-mendeley/Batik Nitik 960/Batik Nitik 960 Images/58 Jayakusuma 1_rotate_90.jpg,58 Jayakusuma 1_rotate_90.jpg,58 Jayakusuma,850,2,train
/kaggle/input/datasets/hertiyani/batik-nitik-960-official-mendeley/Batik Nitik 960/Batik Nitik 960 Images/58 Jayakusuma 2.jpg,58 Jayakusuma 2.jpg,58 Jayakusuma,852,2,train
/kaggle/input/datasets/hertiyani/batik-nitik-960-official-mendeley/Batik Nitik 960/Batik Nitik 960 Images/58 Jayakusuma 2_rotate_180.jpg,58 Jayakusuma 2_rotate_180.jpg,58 Jayakusuma,852,2,train
/kaggle/input/datasets/hertiyani/batik-nitik-960-official-mendeley/Batik Nitik 960/Batik Nitik 960 Images/58 Jayakusuma 2_rotate_270.jpg,58 Jayakusuma 2_rotate_270.jpg,58 Jayakusuma,854,2,train
/kaggle/input/datasets/hertiyani/batik-nitik-960-official-mendeley/Batik Nitik 960/Batik Nitik 960 Images/58 Jayakusuma 2_rotate_90.jpg,58 Jayakusuma 2_rotate_90.jpg,58 Jayakusuma,854,2,train
/kaggle/input/datasets/hertiyani/batik-nitik-960-official-mendeley/Batik Nitik 960/Batik Nitik 960 Images/58 Jayakusuma 3.jpg,58 Jayakusuma 3.jpg,58 Jayakusuma,856,2,train
/kaggle/input/datasets/hertiyani/batik-nitik-960-official-mendeley/Batik Nitik 960/Batik Nitik 960 Images/58 Jayakusuma 3_rotate_180.jpg,58 Jayakusuma 3_rotate_180.jpg,58 Jayakusuma,856,2,train
/kaggle/input/datasets/hertiyani/batik-nitik-960-official-mendeley/Batik Nitik 960/Batik Nitik 960 Images/58 Jayakusuma 3_rotate_270.jpg,58 Jayakusuma 3_rotate_270.jpg,58 Jayakusuma,858,2,train
/kaggle/input/datasets/hertiyani/batik-nitik-960-official-mendeley/Batik Nitik 960/Batik Nitik 960 Images/58 Jayakusuma 3_rotate_90.jpg,58 Jayakusuma 3_rotate_90.jpg,58 Jayakusuma,858,2,train
/kaggle/input/datasets/hertiyani/batik-nitik-960-official-mendeley/Batik Nitik 960/Batik Nitik 960 Images/58 Jayakusuma 4.jpg,58 Jayakusuma 4.jpg,58 Jayakusuma,860,2,test
/kaggle/input/datasets/hertiyani/batik-nitik-960-official-mendeley/Batik Nitik 960/Batik Nitik 960 Images/58 Jayakusuma 4_rotate_180.jpg,58 Jayakusuma 4_rotate_180.jpg,58 Jayakusuma,860,2,test
/kaggle/input/datasets/hertiyani/batik-nitik-960-official-mendeley/Batik Nitik 960/Batik Nitik 960 Images/58 Jayakusuma 4_rotate_270.jpg,58 Jayakusuma 4_rotate_270.jpg,58 Jayakusuma,860,2,test
/kaggle/input/datasets/hertiyani/batik-nitik-960-official-mendeley/Batik Nitik 960/Batik Nitik 960 Images/58 Jayakusuma 4_rotate_90.jpg,58 Jayakusuma 4_rotate_90.jpg,58 Jayakusuma,860,2,test
/kaggle/input/datasets/hertiyani/batik-nitik-960-official-mendeley/Batik Nitik 960/Batik Nitik 960 Images/59 Rengganis 1.jpg,59 Rengganis 1.jpg,59 Rengganis,864,2,test
/kaggle/input/datasets/hertiyani/batik-nitik-960-official-mendeley/Batik Nitik 960/Batik Nitik 960 Images/59 Rengganis 1_rotate_180.jpg,59 Rengganis 1_rotate_180.jpg,59 Rengganis,864,2,test
/kaggle/input/datasets/hertiyani/batik-nitik-960-official-mendeley/Batik Nitik 960/Batik Nitik 960 Images/59 Rengganis 1_rotate_270.jpg,59 Rengganis 1_rotate_270.jpg,59 Rengganis,866,2,train
/kaggle/input/datasets/hertiyani/batik-nitik-960-official-mendeley/Batik Nitik 960/Batik Nitik 960 Images/59 Rengganis 1_rotate_90.jpg,59 Rengganis 1_rotate_90.jpg,59 Rengganis,866,2,train
/kaggle/input/datasets/hertiyani/batik-nitik-960-official-mendeley/Batik Nitik 960/Batik Nitik 960 Images/59 Rengganis 2.jpg,59 Rengganis 2.jpg,59 Rengganis,868,2,train
/kaggle/input/datasets/hertiyani/batik-nitik-960-official-mendeley/Batik Nitik 960/Batik Nitik 960 Images/59 Rengganis 2_rotate_180.jpg,59 Rengganis 2_rotate_180.jpg,59 Rengganis,868,2,train
/kaggle/input/datasets/hertiyani/batik-nitik-960-official-mendeley/Batik Nitik 960/Batik Nitik 960 Images/59 Rengganis 2_rotate_270.jpg,59 Rengganis 2_rotate_270.jpg,59 Rengganis,870,2,train
/kaggle/input/datasets/hertiyani/batik-nitik-960-official-mendeley/Batik Nitik 960/Batik Nitik 960 Images/59 Rengganis 2_rotate_90.jpg,59 Rengganis 2_rotate_90.jpg,59 Rengganis,870,2,train
/kaggle/input/datasets/hertiyani/batik-nitik-960-official-mendeley/Batik Nitik 960/Batik Nitik 960 Images/59 Rengganis 3.jpg,59 Rengganis 3.jpg,59 Rengganis,872,2,test
/kaggle/input/datasets/hertiyani/batik-nitik-960-official-mendeley/Batik Nitik 960/Batik Nitik 960 Images/59 Rengganis 3_rotate_180.jpg,59 Rengganis 3_rotate_180.jpg,59 Rengganis,872,2,test
/kaggle/input/datasets/hertiyani/batik-nitik-960-official-mendeley/Batik Nitik 960/Batik Nitik 960 Images/59 Rengganis 3_rotate_270.jpg,59 Rengganis 3_rotate_270.jpg,59 Rengganis,872,2,test
/kaggle/input/datasets/hertiyani/batik-nitik-960-official-mendeley/Batik Nitik 960/Batik Nitik 960 Images/59 Rengganis 3_rotate_90.jpg,59 Rengganis 3_rotate_90.jpg,59 Rengganis,872,2,test
/kaggle/input/datasets/hertiyani/batik-nitik-960-official-mendeley/Batik Nitik 960/Batik Nitik 960 Images/59 Rengganis 4.jpg,59 Rengganis 4.jpg,59 Rengganis,876,2,train
/kaggle/input/datasets/hertiyani/batik-nitik-960-official-mendeley/Batik Nitik 960/Batik Nitik 960 Images/59 Rengganis 4_rotate_180.jpg,59 Rengganis 4_rotate_180.jpg,59 Rengganis,876,2,train
/kaggle/input/datasets/hertiyani/batik-nitik-960-official-mendeley/Batik Nitik 960/Batik Nitik 960 Images/59 Rengganis 4_rotate_270.jpg,59 Rengganis 4_rotate_270.jpg,59 Rengganis,878,2,test
/kaggle/input/datasets/hertiyani/batik-nitik-960-official-mendeley/Batik Nitik 960/Batik Nitik 960 Images/59 Rengganis 4_rotate_90.jpg,59 Rengganis 4_rotate_90.jpg,59 Rengganis,878,2,test
/kaggle/input/datasets/hertiyani/batik-nitik-960-official-mendeley/Batik Nitik 960/Batik Nitik 960 Images/6 Arumdalu 1.jpg,6 Arumdalu 1.jpg,6 Arumdalu,880,2,train
/kaggle/input/datasets/hertiyani/batik-nitik-960-official-mendeley/Batik Nitik 960/Batik Nitik 960 Images/6 Arumdalu 1_rotate_180.jpg,6 Arumdalu 1_rotate_180.jpg,6 Arumdalu,880,2,train
/kaggle/input/datasets/hertiyani/batik-nitik-960-official-mendeley/Batik Nitik 960/Batik Nitik 960 Images/6 Arumdalu 1_rotate_270.jpg,6 Arumdalu 1_rotate_270.jpg,6 Arumdalu,880,2,train
/kaggle/input/datasets/hertiyani/batik-nitik-960-official-mendeley/Batik Nitik 960/Batik Nitik 960 Images/6 Arumdalu 1_rotate_90.jpg,6 Arumdalu 1_rotate_90.jpg,6 Arumdalu,880,2,train
/kaggle/input/datasets/hertiyani/batik-nitik-960-official-mendeley/Batik Nitik 960/Batik Nitik 960 Images/6 Arumdalu 2.jpg,6 Arumdalu 2.jpg,6 Arumdalu,884,2,train
/kaggle/input/datasets/hertiyani/batik-nitik-960-official-mendeley/Batik Nitik 960/Batik Nitik 960 Images/6 Arumdalu 2_rotate_180.jpg,6 Arumdalu 2_rotate_180.jpg,6 Arumdalu,884,2,train
/kaggle/input/datasets/hertiyani/batik-nitik-960-official-mendeley/Batik Nitik 960/Batik Nitik 960 Images/6 Arumdalu 2_rotate_270.jpg,6 Arumdalu 2_rotate_270.jpg,6 Arumdalu,886,2,test
/kaggle/input/datasets/hertiyani/batik-nitik-960-official-mendeley/Batik Nitik 960/Batik Nitik 960 Images/6 Arumdalu 2_rotate_90.jpg,6 Arumdalu 2_rotate_90.jpg,6 Arumdalu,886,2,test
/kaggle/input/datasets/hertiyani/batik-nitik-960-official-mendeley/Batik Nitik 960/Batik Nitik 960 Images/6 Arumdalu 3.jpg,6 Arumdalu 3.jpg,6 Arumdalu,888,2,train
/kaggle/input/datasets/hertiyani/batik-nitik-960-official-mendeley/Batik Nitik 960/Batik Nitik 960 Images/6 Arumdalu 3_rotate_180.jpg,6 Arumdalu 3_rotate_180.jpg,6 Arumdalu,888,2,train
/kaggle/input/datasets/hertiyani/batik-nitik-960-official-mendeley/Batik Nitik 960/Batik Nitik 960 Images/6 Arumdalu 3_rotate_270.jpg,6 Arumdalu 3_rotate_270.jpg,6 Arumdalu,888,2,train
/kaggle/input/datasets/hertiyani/batik-nitik-960-official-mendeley/Batik Nitik 960/Batik Nitik 960 Images/6 Arumdalu 3_rotate_90.jpg,6 Arumdalu 3_rotate_90.jpg,6 Arumdalu,888,2,train
/kaggle/input/datasets/hertiyani/batik-nitik-960-official-mendeley/Batik Nitik 960/Batik Nitik 960 Images/6 Arumdalu 4.jpg,6 Arumdalu 4.jpg,6 Arumdalu,892,2,test
/kaggle/input/datasets/hertiyani/batik-nitik-960-official-mendeley/Batik Nitik 960/Batik Nitik 960 Images/6 Arumdalu 4_rotate_180.jpg,6 Arumdalu 4_rotate_180.jpg,6 Arumdalu,892,2,test
/kaggle/input/datasets/hertiyani/batik-nitik-960-official-mendeley/Batik Nitik 960/Batik Nitik 960 Images/6 Arumdalu 4_rotate_270.jpg,6 Arumdalu 4_rotate_270.jpg,6 Arumdalu,894,2,test
/kaggle/input/datasets/hertiyani/batik-nitik-960-official-mendeley/Batik Nitik 960/Batik Nitik 960 Images/6 Arumdalu 4_rotate_90.jpg,6 Arumdalu 4_rotate_90.jpg,6 Arumdalu,894,2,test
/kaggle/input/datasets/hertiyani/batik-nitik-960-official-mendeley/Batik Nitik 960/Batik Nitik 960 Images/60 Sekar Gambir 1.jpg,60 Sekar Gambir 1.jpg,60 Sekar Gambir,896,2,train
/kaggle/input/datasets/hertiyani/batik-nitik-960-official-mendeley/Batik Nitik 960/Batik Nitik 960 Images/60 Sekar Gambir 1_rotate_180.jpg,60 Sekar Gambir 1_rotate_180.jpg,60 Sekar Gambir,896,2,train
/kaggle/input/datasets/hertiyani/batik-nitik-960-official-mendeley/Batik Nitik 960/Batik Nitik 960 Images/60 Sekar Gambir 1_rotate_270.jpg,60 Sekar Gambir 1_rotate_270.jpg,60 Sekar Gambir,898,2,train
/kaggle/input/datasets/hertiyani/batik-nitik-960-official-mendeley/Batik Nitik 960/Batik Nitik 960 Images/60 Sekar Gambir 1_rotate_90.jpg,60 Sekar Gambir 1_rotate_90.jpg,60 Sekar Gambir,898,2,train
/kaggle/input/datasets/hertiyani/batik-nitik-960-official-mendeley/Batik Nitik 960/Batik Nitik 960 Images/60 Sekar Gambir 2.jpg,60 Sekar Gambir 2.jpg,60 Sekar Gambir,900,2,test
/kaggle/input/datasets/hertiyani/batik-nitik-960-official-mendeley/Batik Nitik 960/Batik Nitik 960 Images/60 Sekar Gambir 2_rotate_180.jpg,60 Sekar Gambir 2_rotate_180.jpg,60 Sekar Gambir,900,2,test
/kaggle/input/datasets/hertiyani/batik-nitik-960-official-mendeley/Batik Nitik 960/Batik Nitik 960 Images/60 Sekar Gambir 2_rotate_270.jpg,60 Sekar Gambir 2_rotate_270.jpg,60 Sekar Gambir,902,2,test
/kaggle/input/datasets/hertiyani/batik-nitik-960-official-mendeley/Batik Nitik 960/Batik Nitik 960 Images/60 Sekar Gambir 2_rotate_90.jpg,60 Sekar Gambir 2_rotate_90.jpg,60 Sekar Gambir,902,2,test
/kaggle/input/datasets/hertiyani/batik-nitik-960-official-mendeley/Batik Nitik 960/Batik Nitik 960 Images/60 Sekar Gambir 3.jpg,60 Sekar Gambir 3.jpg,60 Sekar Gambir,904,2,test
/kaggle/input/datasets/hertiyani/batik-nitik-960-official-mendeley/Batik Nitik 960/Batik Nitik 960 Images/60 Sekar Gambir 3_rotate_180.jpg,60 Sekar Gambir 3_rotate_180.jpg,60 Sekar Gambir,904,2,test
/kaggle/input/datasets/hertiyani/batik-nitik-960-official-mendeley/Batik Nitik 960/Batik Nitik 960 Images/60 Sekar Gambir 3_rotate_270.jpg,60 Sekar Gambir 3_rotate_270.jpg,60 Sekar Gambir,904,2,test
/kaggle/input/datasets/hertiyani/batik-nitik-960-official-mendeley/Batik Nitik 960/Batik Nitik 960 Images/60 Sekar Gambir 3_rotate_90.jpg,60 Sekar Gambir 3_rotate_90.jpg,60 Sekar Gambir,904,2,test
/kaggle/input/datasets/hertiyani/batik-nitik-960-official-mendeley/Batik Nitik 960/Batik Nitik 960 Images/60 Sekar Gambir 4.jpg,60 Sekar Gambir 4.jpg,60 Sekar Gambir,908,2,train
/kaggle/input/datasets/hertiyani/batik-nitik-960-official-mendeley/Batik Nitik 960/Batik Nitik 960 Images/60 Sekar Gambir 4_rotate_180.jpg,60 Sekar Gambir 4_rotate_180.jpg,60 Sekar Gambir,908,2,train
/kaggle/input/datasets/hertiyani/batik-nitik-960-official-mendeley/Batik Nitik 960/Batik Nitik 960 Images/60 Sekar Gambir 4_rotate_270.jpg,60 Sekar Gambir 4_rotate_270.jpg,60 Sekar Gambir,910,2,train
/kaggle/input/datasets/hertiyani/batik-nitik-960-official-mendeley/Batik Nitik 960/Batik Nitik 960 Images/60 Sekar Gambir 4_rotate_90.jpg,60 Sekar Gambir 4_rotate_90.jpg,60 Sekar Gambir,910,2,train
/kaggle/input/datasets/hertiyani/batik-nitik-960-official-mendeley/Batik Nitik 960/Batik Nitik 960 Images/7 Sekar Srigadhing 1.jpg,7 Sekar Srigadhing 1.jpg,7 Sekar Srigadhing,912,2,test
/kaggle/input/datasets/hertiyani/batik-nitik-960-official-mendeley/Batik Nitik 960/Batik Nitik 960 Images/7 Sekar Srigadhing 1_rotate_180.jpg,7 Sekar Srigadhing 1_rotate_180.jpg,7 Sekar Srigadhing,912,2,test
/kaggle/input/datasets/hertiyani/batik-nitik-960-official-mendeley/Batik Nitik 960/Batik Nitik 960 Images/7 Sekar Srigadhing 1_rotate_270.jpg,7 Sekar Srigadhing 1_rotate_270.jpg,7 Sekar Srigadhing,914,2,train
/kaggle/input/datasets/hertiyani/batik-nitik-960-official-mendeley/Batik Nitik 960/Batik Nitik 960 Images/7 Sekar Srigadhing 1_rotate_90.jpg,7 Sekar Srigadhing 1_rotate_90.jpg,7 Sekar Srigadhing,914,2,train
/kaggle/input/datasets/hertiyani/batik-nitik-960-official-mendeley/Batik Nitik 960/Batik Nitik 960 Images/7 Sekar Srigadhing 2.jpg,7 Sekar Srigadhing 2.jpg,7 Sekar Srigadhing,916,2,train
/kaggle/input/datasets/hertiyani/batik-nitik-960-official-mendeley/Batik Nitik 960/Batik Nitik 960 Images/7 Sekar Srigadhing 2_rotate_180.jpg,7 Sekar Srigadhing 2_rotate_180.jpg,7 Sekar Srigadhing,916,2,train
/kaggle/input/datasets/hertiyani/batik-nitik-960-official-mendeley/Batik Nitik 960/Batik Nitik 960 Images/7 Sekar Srigadhing 2_rotate_270.jpg,7 Sekar Srigadhing 2_rotate_270.jpg,7 Sekar Srigadhing,918,2,test
/kaggle/input/datasets/hertiyani/batik-nitik-960-official-mendeley/Batik Nitik 960/Batik Nitik 960 Images/7 Sekar Srigadhing 2_rotate_90.jpg,7 Sekar Srigadhing 2_rotate_90.jpg,7 Sekar Srigadhing,918,2,test
/kaggle/input/datasets/hertiyani/batik-nitik-960-official-mendeley/Batik Nitik 960/Batik Nitik 960 Images/7 Sekar Srigadhing 3.jpg,7 Sekar Srigadhing 3.jpg,7 Sekar Srigadhing,920,2,test
/kaggle/input/datasets/hertiyani/batik-nitik-960-official-mendeley/Batik Nitik 960/Batik Nitik 960 Images/7 Sekar Srigadhing 3_rotate_180.jpg,7 Sekar Srigadhing 3_rotate_180.jpg,7 Sekar Srigadhing,920,2,test
/kaggle/input/datasets/hertiyani/batik-nitik-960-official-mendeley/Batik Nitik 960/Batik Nitik 960 Images/7 Sekar Srigadhing 3_rotate_270.jpg,7 Sekar Srigadhing 3_rotate_270.jpg,7 Sekar Srigadhing,922,2,train
/kaggle/input/datasets/hertiyani/batik-nitik-960-official-mendeley/Batik Nitik 960/Batik Nitik 960 Images/7 Sekar Srigadhing 3_rotate_90.jpg,7 Sekar Srigadhing 3_rotate_90.jpg,7 Sekar Srigadhing,922,2,train
/kaggle/input/datasets/hertiyani/batik-nitik-960-official-mendeley/Batik Nitik 960/Batik Nitik 960 Images/7 Sekar Srigadhing 4.jpg,7 Sekar Srigadhing 4.jpg,7 Sekar Srigadhing,924,2,train
/kaggle/input/datasets/hertiyani/batik-nitik-960-official-mendeley/Batik Nitik 960/Batik Nitik 960 Images/7 Sekar Srigadhing 4_rotate_180.jpg,7 Sekar Srigadhing 4_rotate_180.jpg,7 Sekar Srigadhing,924,2,train
/kaggle/input/datasets/hertiyani/batik-nitik-960-official-mendeley/Batik Nitik 960/Batik Nitik 960 Images/7 Sekar Srigadhing 4_rotate_270.jpg,7 Sekar Srigadhing 4_rotate_270.jpg,7 Sekar Srigadhing,926,2,train
/kaggle/input/datasets/hertiyani/batik-nitik-960-official-mendeley/Batik Nitik 960/Batik Nitik 960 Images/7 Sekar Srigadhing 4_rotate_90.jpg,7 Sekar Srigadhing 4_rotate_90.jpg,7 Sekar Srigadhing,926,2,train
/kaggle/input/datasets/hertiyani/batik-nitik-960-official-mendeley/Batik Nitik 960/Batik Nitik 960 Images/8 Kemukus 1.jpg,8 Kemukus 1.jpg,8 Kemukus,928,2,test
/kaggle/input/datasets/hertiyani/batik-nitik-960-official-mendeley/Batik Nitik 960/Batik Nitik 960 Images/8 Kemukus 1_rotate_180.jpg,8 Kemukus 1_rotate_180.jpg,8 Kemukus,928,2,test
/kaggle/input/datasets/hertiyani/batik-nitik-960-official-mendeley/Batik Nitik 960/Batik Nitik 960 Images/8 Kemukus 1_rotate_270.jpg,8 Kemukus 1_rotate_270.jpg,8 Kemukus,928,2,test
/kaggle/input/datasets/hertiyani/batik-nitik-960-official-mendeley/Batik Nitik 960/Batik Nitik 960 Images/8 Kemukus 1_rotate_90.jpg,8 Kemukus 1_rotate_90.jpg,8 Kemukus,928,2,test
/kaggle/input/datasets/hertiyani/batik-nitik-960-official-mendeley/Batik Nitik 960/Batik Nitik 960 Images/8 Kemukus 2.jpg,8 Kemukus 2.jpg,8 Kemukus,932,2,test
/kaggle/input/datasets/hertiyani/batik-nitik-960-official-mendeley/Batik Nitik 960/Batik Nitik 960 Images/8 Kemukus 2_rotate_180.jpg,8 Kemukus 2_rotate_180.jpg,8 Kemukus,932,2,test
/kaggle/input/datasets/hertiyani/batik-nitik-960-official-mendeley/Batik Nitik 960/Batik Nitik 960 Images/8 Kemukus 2_rotate_270.jpg,8 Kemukus 2_rotate_270.jpg,8 Kemukus,934,2,train
/kaggle/input/datasets/hertiyani/batik-nitik-960-official-mendeley/Batik Nitik 960/Batik Nitik 960 Images/8 Kemukus 2_rotate_90.jpg,8 Kemukus 2_rotate_90.jpg,8 Kemukus,934,2,train
/kaggle/input/datasets/hertiyani/batik-nitik-960-official-mendeley/Batik Nitik 960/Batik Nitik 960 Images/8 Kemukus 3.jpg,8 Kemukus 3.jpg,8 Kemukus,936,2,train
/kaggle/input/datasets/hertiyani/batik-nitik-960-official-mendeley/Batik Nitik 960/Batik Nitik 960 Images/8 Kemukus 3_rotate_180.jpg,8 Kemukus 3_rotate_180.jpg,8 Kemukus,936,2,train
/kaggle/input/datasets/hertiyani/batik-nitik-960-official-mendeley/Batik Nitik 960/Batik Nitik 960 Images/8 Kemukus 3_rotate_270.jpg,8 Kemukus 3_rotate_270.jpg,8 Kemukus,936,2,train
/kaggle/input/datasets/hertiyani/batik-nitik-960-official-mendeley/Batik Nitik 960/Batik Nitik 960 Images/8 Kemukus 3_rotate_90.jpg,8 Kemukus 3_rotate_90.jpg,8 Kemukus,936,2,train
/kaggle/input/datasets/hertiyani/batik-nitik-960-official-mendeley/Batik Nitik 960/Batik Nitik 960 Images/8 Kemukus 4.jpg,8 Kemukus 4.jpg,8 Kemukus,940,2,train
/kaggle/input/datasets/hertiyani/batik-nitik-960-official-mendeley/Batik Nitik 960/Batik Nitik 960 Images/8 Kemukus 4_rotate_180.jpg,8 Kemukus 4_rotate_180.jpg,8 Kemukus,940,2,train
/kaggle/input/datasets/hertiyani/batik-nitik-960-official-mendeley/Batik Nitik 960/Batik Nitik 960 Images/8 Kemukus 4_rotate_270.jpg,8 Kemukus 4_rotate_270.jpg,8 Kemukus,940,2,train
/kaggle/input/datasets/hertiyani/batik-nitik-960-official-mendeley/Batik Nitik 960/Batik Nitik 960 Images/8 Kemukus 4_rotate_90.jpg,8 Kemukus 4_rotate_90.jpg,8 Kemukus,940,2,train
/kaggle/input/datasets/hertiyani/batik-nitik-960-official-mendeley/Batik Nitik 960/Batik Nitik 960 Images/9 Sekar Gudhe 1.jpg,9 Sekar Gudhe 1.jpg,9 Sekar Gudhe,944,2,test
/kaggle/input/datasets/hertiyani/batik-nitik-960-official-mendeley/Batik Nitik 960/Batik Nitik 960 Images/9 Sekar Gudhe 1_rotate_180.jpg,9 Sekar Gudhe 1_rotate_180.jpg,9 Sekar Gudhe,944,2,test
/kaggle/input/datasets/hertiyani/batik-nitik-960-official-mendeley/Batik Nitik 960/Batik Nitik 960 Images/9 Sekar Gudhe 1_rotate_270.jpg,9 Sekar Gudhe 1_rotate_270.jpg,9 Sekar Gudhe,946,2,test
/kaggle/input/datasets/hertiyani/batik-nitik-960-official-mendeley/Batik Nitik 960/Batik Nitik 960 Images/9 Sekar Gudhe 1_rotate_90.jpg,9 Sekar Gudhe 1_rotate_90.jpg,9 Sekar Gudhe,946,2,test
/kaggle/input/datasets/hertiyani/batik-nitik-960-official-mendeley/Batik Nitik 960/Batik Nitik 960 Images/9 Sekar Gudhe 2.jpg,9 Sekar Gudhe 2.jpg,9 Sekar Gudhe,948,2,train
/kaggle/input/datasets/hertiyani/batik-nitik-960-official-mendeley/Batik Nitik 960/Batik Nitik 960 Images/9 Sekar Gudhe 2_rotate_180.jpg,9 Sekar Gudhe 2_rotate_180.jpg,9 Sekar Gudhe,948,2,train
/kaggle/input/datasets/hertiyani/batik-nitik-960-official-mendeley/Batik Nitik 960/Batik Nitik 960 Images/9 Sekar Gudhe 2_rotate_270.jpg,9 Sekar Gudhe 2_rotate_270.jpg,9 Sekar Gudhe,950,2,train
/kaggle/input/datasets/hertiyani/batik-nitik-960-official-mendeley/Batik Nitik 960/Batik Nitik 960 Images/9 Sekar Gudhe 2_rotate_90.jpg,9 Sekar Gudhe 2_rotate_90.jpg,9 Sekar Gudhe,950,2,train
/kaggle/input/datasets/hertiyani/batik-nitik-960-official-mendeley/Batik Nitik 960/Batik Nitik 960 Images/9 Sekar Gudhe 3.jpg,9 Sekar Gudhe 3.jpg,9 Sekar Gudhe,952,2,train
/kaggle/input/datasets/hertiyani/batik-nitik-960-official-mendeley/Batik Nitik 960/Batik Nitik 960 Images/9 Sekar Gudhe 3_rotate_180.jpg,9 Sekar Gudhe 3_rotate_180.jpg,9 Sekar Gudhe,952,2,train
/kaggle/input/datasets/hertiyani/batik-nitik-960-official-mendeley/Batik Nitik 960/Batik Nitik 960 Images/9 Sekar Gudhe 3_rotate_270.jpg,9 Sekar Gudhe 3_rotate_270.jpg,9 Sekar Gudhe,952,2,train
/kaggle/input/datasets/hertiyani/batik-nitik-960-official-mendeley/Batik Nitik 960/Batik Nitik 960 Images/9 Sekar Gudhe 3_rotate_90.jpg,9 Sekar Gudhe 3_rotate_90.jpg,9 Sekar Gudhe,952,2,train
/kaggle/input/datasets/hertiyani/batik-nitik-960-official-mendeley/Batik Nitik 960/Batik Nitik 960 Images/9 Sekar Gudhe 4.jpg,9 Sekar Gudhe 4.jpg,9 Sekar Gudhe,956,2,train
/kaggle/input/datasets/hertiyani/batik-nitik-960-official-mendeley/Batik Nitik 960/Batik Nitik 960 Images/9 Sekar Gudhe 4_rotate_180.jpg,9 Sekar Gudhe 4_rotate_180.jpg,9 Sekar Gudhe,956,2,train
/kaggle/input/datasets/hertiyani/batik-nitik-960-official-mendeley/Batik Nitik 960/Batik Nitik 960 Images/9 Sekar Gudhe 4_rotate_270.jpg,9 Sekar Gudhe 4_rotate_270.jpg,9 Sekar Gudhe,958,2,test
/kaggle/input/datasets/hertiyani/batik-nitik-960-official-mendeley/Batik Nitik 960/Batik Nitik 960 Images/9 Sekar Gudhe 4_rotate_90.jpg,9 Sekar Gudhe 4_rotate_90.jpg,9 Sekar Gudhe,958,2,test
/kaggle/input/datasets/hertiyani/batik-nitik-960-official-mendeley/Batik Nitik 960/Batik Nitik 960 Images/1 Sekar Kemuning 1.jpg,1 Sekar Kemuning 1.jpg,1 Sekar Kemuning,0,3,test
/kaggle/input/datasets/hertiyani/batik-nitik-960-official-mendeley/Batik Nitik 960/Batik Nitik 960 Images/1 Sekar Kemuning 1_rotate_180.jpg,1 Sekar Kemuning 1_rotate_180.jpg,1 Sekar Kemuning,0,3,test
/kaggle/input/datasets/hertiyani/batik-nitik-960-official-mendeley/Batik Nitik 960/Batik Nitik 960 Images/1 Sekar Kemuning 1_rotate_270.jpg,1 Sekar Kemuning 1_rotate_270.jpg,1 Sekar Kemuning,2,3,train
/kaggle/input/datasets/hertiyani/batik-nitik-960-official-mendeley/Batik Nitik 960/Batik Nitik 960 Images/1 Sekar Kemuning 1_rotate_90.jpg,1 Sekar Kemuning 1_rotate_90.jpg,1 Sekar Kemuning,2,3,train
/kaggle/input/datasets/hertiyani/batik-nitik-960-official-mendeley/Batik Nitik 960/Batik Nitik 960 Images/1 Sekar Kemuning 2.jpg,1 Sekar Kemuning 2.jpg,1 Sekar Kemuning,4,3,test
/kaggle/input/datasets/hertiyani/batik-nitik-960-official-mendeley/Batik Nitik 960/Batik Nitik 960 Images/1 Sekar Kemuning 2_rotate_180.jpg,1 Sekar Kemuning 2_rotate_180.jpg,1 Sekar Kemuning,4,3,test
/kaggle/input/datasets/hertiyani/batik-nitik-960-official-mendeley/Batik Nitik 960/Batik Nitik 960 Images/1 Sekar Kemuning 2_rotate_270.jpg,1 Sekar Kemuning 2_rotate_270.jpg,1 Sekar Kemuning,6,3,train
/kaggle/input/datasets/hertiyani/batik-nitik-960-official-mendeley/Batik Nitik 960/Batik Nitik 960 Images/1 Sekar Kemuning 2_rotate_90.jpg,1 Sekar Kemuning 2_rotate_90.jpg,1 Sekar Kemuning,6,3,train
/kaggle/input/datasets/hertiyani/batik-nitik-960-official-mendeley/Batik Nitik 960/Batik Nitik 960 Images/1 Sekar Kemuning 3.jpg,1 Sekar Kemuning 3.jpg,1 Sekar Kemuning,8,3,train
/kaggle/input/datasets/hertiyani/batik-nitik-960-official-mendeley/Batik Nitik 960/Batik Nitik 960 Images/1 Sekar Kemuning 3_rotate_180.jpg,1 Sekar Kemuning 3_rotate_180.jpg,1 Sekar Kemuning,8,3,train
/kaggle/input/datasets/hertiyani/batik-nitik-960-official-mendeley/Batik Nitik 960/Batik Nitik 960 Images/1 Sekar Kemuning 3_rotate_270.jpg,1 Sekar Kemuning 3_rotate_270.jpg,1 Sekar Kemuning,10,3,train
/kaggle/input/datasets/hertiyani/batik-nitik-960-official-mendeley/Batik Nitik 960/Batik Nitik 960 Images/1 Sekar Kemuning 3_rotate_90.jpg,1 Sekar Kemuning 3_rotate_90.jpg,1 Sekar Kemuning,10,3,train
/kaggle/input/datasets/hertiyani/batik-nitik-960-official-mendeley/Batik Nitik 960/Batik Nitik 960 Images/1 Sekar Kemuning 4.jpg,1 Sekar Kemuning 4.jpg,1 Sekar Kemuning,12,3,test
/kaggle/input/datasets/hertiyani/batik-nitik-960-official-mendeley/Batik Nitik 960/Batik Nitik 960 Images/1 Sekar Kemuning 4_rotate_180.jpg,1 Sekar Kemuning 4_rotate_180.jpg,1 Sekar Kemuning,12,3,test
/kaggle/input/datasets/hertiyani/batik-nitik-960-official-mendeley/Batik Nitik 960/Batik Nitik 960 Images/1 Sekar Kemuning 4_rotate_270.jpg,1 Sekar Kemuning 4_rotate_270.jpg,1 Sekar Kemuning,14,3,train
/kaggle/input/datasets/hertiyani/batik-nitik-960-official-mendeley/Batik Nitik 960/Batik Nitik 960 Images/1 Sekar Kemuning 4_rotate_90.jpg,1 Sekar Kemuning 4_rotate_90.jpg,1 Sekar Kemuning,14,3,train
/kaggle/input/datasets/hertiyani/batik-nitik-960-official-mendeley/Batik Nitik 960/Batik Nitik 960 Images/10 Sekar Ketongkeng 1.jpg,10 Sekar Ketongkeng 1.jpg,10 Sekar Ketongkeng,16,3,train
/kaggle/input/datasets/hertiyani/batik-nitik-960-official-mendeley/Batik Nitik 960/Batik Nitik 960 Images/10 Sekar Ketongkeng 1_rotate_180.jpg,10 Sekar Ketongkeng 1_rotate_180.jpg,10 Sekar Ketongkeng,16,3,train
/kaggle/input/datasets/hertiyani/batik-nitik-960-official-mendeley/Batik Nitik 960/Batik Nitik 960 Images/10 Sekar Ketongkeng 1_rotate_270.jpg,10 Sekar Ketongkeng 1_rotate_270.jpg,10 Sekar Ketongkeng,16,3,train
/kaggle/input/datasets/hertiyani/batik-nitik-960-official-mendeley/Batik Nitik 960/Batik Nitik 960 Images/10 Sekar Ketongkeng 1_rotate_90.jpg,10 Sekar Ketongkeng 1_rotate_90.jpg,10 Sekar Ketongkeng,16,3,train
/kaggle/input/datasets/hertiyani/batik-nitik-960-official-mendeley/Batik Nitik 960/Batik Nitik 960 Images/10 Sekar Ketongkeng 2.jpg,10 Sekar Ketongkeng 2.jpg,10 Sekar Ketongkeng,20,3,train
/kaggle/input/datasets/hertiyani/batik-nitik-960-official-mendeley/Batik Nitik 960/Batik Nitik 960 Images/10 Sekar Ketongkeng 2_rotate_180.jpg,10 Sekar Ketongkeng 2_rotate_180.jpg,10 Sekar Ketongkeng,20,3,train
/kaggle/input/datasets/hertiyani/batik-nitik-960-official-mendeley/Batik Nitik 960/Batik Nitik 960 Images/10 Sekar Ketongkeng 2_rotate_270.jpg,10 Sekar Ketongkeng 2_rotate_270.jpg,10 Sekar Ketongkeng,22,3,test
/kaggle/input/datasets/hertiyani/batik-nitik-960-official-mendeley/Batik Nitik 960/Batik Nitik 960 Images/10 Sekar Ketongkeng 2_rotate_90.jpg,10 Sekar Ketongkeng 2_rotate_90.jpg,10 Sekar Ketongkeng,22,3,test
/kaggle/input/datasets/hertiyani/batik-nitik-960-official-mendeley/Batik Nitik 960/Batik Nitik 960 Images/10 Sekar Ketongkeng 3.jpg,10 Sekar Ketongkeng 3.jpg,10 Sekar Ketongkeng,24,3,train
/kaggle/input/datasets/hertiyani/batik-nitik-960-official-mendeley/Batik Nitik 960/Batik Nitik 960 Images/10 Sekar Ketongkeng 3_rotate_180.jpg,10 Sekar Ketongkeng 3_rotate_180.jpg,10 Sekar Ketongkeng,24,3,train
/kaggle/input/datasets/hertiyani/batik-nitik-960-official-mendeley/Batik Nitik 960/Batik Nitik 960 Images/10 Sekar Ketongkeng 3_rotate_270.jpg,10 Sekar Ketongkeng 3_rotate_270.jpg,10 Sekar Ketongkeng,24,3,train
/kaggle/input/datasets/hertiyani/batik-nitik-960-official-mendeley/Batik Nitik 960/Batik Nitik 960 Images/10 Sekar Ketongkeng 3_rotate_90.jpg,10 Sekar Ketongkeng 3_rotate_90.jpg,10 Sekar Ketongkeng,24,3,train
/kaggle/input/datasets/hertiyani/batik-nitik-960-official-mendeley/Batik Nitik 960/Batik Nitik 960 Images/10 Sekar Ketongkeng 4.jpg,10 Sekar Ketongkeng 4.jpg,10 Sekar Ketongkeng,28,3,test
/kaggle/input/datasets/hertiyani/batik-nitik-960-official-mendeley/Batik Nitik 960/Batik Nitik 960 Images/10 Sekar Ketongkeng 4_rotate_180.jpg,10 Sekar Ketongkeng 4_rotate_180.jpg,10 Sekar Ketongkeng,28,3,test
/kaggle/input/datasets/hertiyani/batik-nitik-960-official-mendeley/Batik Nitik 960/Batik Nitik 960 Images/10 Sekar Ketongkeng 4_rotate_270.jpg,10 Sekar Ketongkeng 4_rotate_270.jpg,10 Sekar Ketongkeng,30,3,test
/kaggle/input/datasets/hertiyani/batik-nitik-960-official-mendeley/Batik Nitik 960/Batik Nitik 960 Images/10 Sekar Ketongkeng 4_rotate_90.jpg,10 Sekar Ketongkeng 4_rotate_90.jpg,10 Sekar Ketongkeng,30,3,test
/kaggle/input/datasets/hertiyani/batik-nitik-960-official-mendeley/Batik Nitik 960/Batik Nitik 960 Images/11 Brendhi 1.jpg,11 Brendhi 1.jpg,11 Brendhi,32,3,test
/kaggle/input/datasets/hertiyani/batik-nitik-960-official-mendeley/Batik Nitik 960/Batik Nitik 960 Images/11 Brendhi 1_rotate_180.jpg,11 Brendhi 1_rotate_180.jpg,11 Brendhi,32,3,test
/kaggle/input/datasets/hertiyani/batik-nitik-960-official-mendeley/Batik Nitik 960/Batik Nitik 960 Images/11 Brendhi 1_rotate_270.jpg,11 Brendhi 1_rotate_270.jpg,11 Brendhi,32,3,test
/kaggle/input/datasets/hertiyani/batik-nitik-960-official-mendeley/Batik Nitik 960/Batik Nitik 960 Images/11 Brendhi 1_rotate_90.jpg,11 Brendhi 1_rotate_90.jpg,11 Brendhi,32,3,test
/kaggle/input/datasets/hertiyani/batik-nitik-960-official-mendeley/Batik Nitik 960/Batik Nitik 960 Images/11 Brendhi 2.jpg,11 Brendhi 2.jpg,11 Brendhi,36,3,train
/kaggle/input/datasets/hertiyani/batik-nitik-960-official-mendeley/Batik Nitik 960/Batik Nitik 960 Images/11 Brendhi 2_rotate_180.jpg,11 Brendhi 2_rotate_180.jpg,11 Brendhi,36,3,train
/kaggle/input/datasets/hertiyani/batik-nitik-960-official-mendeley/Batik Nitik 960/Batik Nitik 960 Images/11 Brendhi 2_rotate_270.jpg,11 Brendhi 2_rotate_270.jpg,11 Brendhi,38,3,test
/kaggle/input/datasets/hertiyani/batik-nitik-960-official-mendeley/Batik Nitik 960/Batik Nitik 960 Images/11 Brendhi 2_rotate_90.jpg,11 Brendhi 2_rotate_90.jpg,11 Brendhi,38,3,test
/kaggle/input/datasets/hertiyani/batik-nitik-960-official-mendeley/Batik Nitik 960/Batik Nitik 960 Images/11 Brendhi 3.jpg,11 Brendhi 3.jpg,11 Brendhi,40,3,train
/kaggle/input/datasets/hertiyani/batik-nitik-960-official-mendeley/Batik Nitik 960/Batik Nitik 960 Images/11 Brendhi 3_rotate_180.jpg,11 Brendhi 3_rotate_180.jpg,11 Brendhi,40,3,train
/kaggle/input/datasets/hertiyani/batik-nitik-960-official-mendeley/Batik Nitik 960/Batik Nitik 960 Images/11 Brendhi 3_rotate_270.jpg,11 Brendhi 3_rotate_270.jpg,11 Brendhi,42,3,train
/kaggle/input/datasets/hertiyani/batik-nitik-960-official-mendeley/Batik Nitik 960/Batik Nitik 960 Images/11 Brendhi 3_rotate_90.jpg,11 Brendhi 3_rotate_90.jpg,11 Brendhi,42,3,train
/kaggle/input/datasets/hertiyani/batik-nitik-960-official-mendeley/Batik Nitik 960/Batik Nitik 960 Images/11 Brendhi 4.jpg,11 Brendhi 4.jpg,11 Brendhi,44,3,train
/kaggle/input/datasets/hertiyani/batik-nitik-960-official-mendeley/Batik Nitik 960/Batik Nitik 960 Images/11 Brendhi 4_rotate_180.jpg,11 Brendhi 4_rotate_180.jpg,11 Brendhi,44,3,train
/kaggle/input/datasets/hertiyani/batik-nitik-960-official-mendeley/Batik Nitik 960/Batik Nitik 960 Images/11 Brendhi 4_rotate_270.jpg,11 Brendhi 4_rotate_270.jpg,11 Brendhi,46,3,train
/kaggle/input/datasets/hertiyani/batik-nitik-960-official-mendeley/Batik Nitik 960/Batik Nitik 960 Images/11 Brendhi 4_rotate_90.jpg,11 Brendhi 4_rotate_90.jpg,11 Brendhi,46,3,train
/kaggle/input/datasets/hertiyani/batik-nitik-960-official-mendeley/Batik Nitik 960/Batik Nitik 960 Images/12 Cakar Ayam 1.jpg,12 Cakar Ayam 1.jpg,12 Cakar Ayam,48,3,test
/kaggle/input/datasets/hertiyani/batik-nitik-960-official-mendeley/Batik Nitik 960/Batik Nitik 960 Images/12 Cakar Ayam 1_rotate_180.jpg,12 Cakar Ayam 1_rotate_180.jpg,12 Cakar Ayam,48,3,test
/kaggle/input/datasets/hertiyani/batik-nitik-960-official-mendeley/Batik Nitik 960/Batik Nitik 960 Images/12 Cakar Ayam 1_rotate_270.jpg,12 Cakar Ayam 1_rotate_270.jpg,12 Cakar Ayam,48,3,test
/kaggle/input/datasets/hertiyani/batik-nitik-960-official-mendeley/Batik Nitik 960/Batik Nitik 960 Images/12 Cakar Ayam 1_rotate_90.jpg,12 Cakar Ayam 1_rotate_90.jpg,12 Cakar Ayam,48,3,test
/kaggle/input/datasets/hertiyani/batik-nitik-960-official-mendeley/Batik Nitik 960/Batik Nitik 960 Images/12 Cakar Ayam 2.jpg,12 Cakar Ayam 2.jpg,12 Cakar Ayam,52,3,train
/kaggle/input/datasets/hertiyani/batik-nitik-960-official-mendeley/Batik Nitik 960/Batik Nitik 960 Images/12 Cakar Ayam 2_rotate_180.jpg,12 Cakar Ayam 2_rotate_180.jpg,12 Cakar Ayam,52,3,train
/kaggle/input/datasets/hertiyani/batik-nitik-960-official-mendeley/Batik Nitik 960/Batik Nitik 960 Images/12 Cakar Ayam 2_rotate_270.jpg,12 Cakar Ayam 2_rotate_270.jpg,12 Cakar Ayam,54,3,train
/kaggle/input/datasets/hertiyani/batik-nitik-960-official-mendeley/Batik Nitik 960/Batik Nitik 960 Images/12 Cakar Ayam 2_rotate_90.jpg,12 Cakar Ayam 2_rotate_90.jpg,12 Cakar Ayam,54,3,train
/kaggle/input/datasets/hertiyani/batik-nitik-960-official-mendeley/Batik Nitik 960/Batik Nitik 960 Images/12 Cakar Ayam 3.jpg,12 Cakar Ayam 3.jpg,12 Cakar Ayam,56,3,train
/kaggle/input/datasets/hertiyani/batik-nitik-960-official-mendeley/Batik Nitik 960/Batik Nitik 960 Images/12 Cakar Ayam 3_rotate_180.jpg,12 Cakar Ayam 3_rotate_180.jpg,12 Cakar Ayam,56,3,train
/kaggle/input/datasets/hertiyani/batik-nitik-960-official-mendeley/Batik Nitik 960/Batik Nitik 960 Images/12 Cakar Ayam 3_rotate_270.jpg,12 Cakar Ayam 3_rotate_270.jpg,12 Cakar Ayam,58,3,test
/kaggle/input/datasets/hertiyani/batik-nitik-960-official-mendeley/Batik Nitik 960/Batik Nitik 960 Images/12 Cakar Ayam 3_rotate_90.jpg,12 Cakar Ayam 3_rotate_90.jpg,12 Cakar Ayam,58,3,test
/kaggle/input/datasets/hertiyani/batik-nitik-960-official-mendeley/Batik Nitik 960/Batik Nitik 960 Images/12 Cakar Ayam 4.jpg,12 Cakar Ayam 4.jpg,12 Cakar Ayam,60,3,train
/kaggle/input/datasets/hertiyani/batik-nitik-960-official-mendeley/Batik Nitik 960/Batik Nitik 960 Images/12 Cakar Ayam 4_rotate_180.jpg,12 Cakar Ayam 4_rotate_180.jpg,12 Cakar Ayam,60,3,train
/kaggle/input/datasets/hertiyani/batik-nitik-960-official-mendeley/Batik Nitik 960/Batik Nitik 960 Images/12 Cakar Ayam 4_rotate_270.jpg,12 Cakar Ayam 4_rotate_270.jpg,12 Cakar Ayam,62,3,train
/kaggle/input/datasets/hertiyani/batik-nitik-960-official-mendeley/Batik Nitik 960/Batik Nitik 960 Images/12 Cakar Ayam 4_rotate_90.jpg,12 Cakar Ayam 4_rotate_90.jpg,12 Cakar Ayam,62,3,train
/kaggle/input/datasets/hertiyani/batik-nitik-960-official-mendeley/Batik Nitik 960/Batik Nitik 960 Images/13 Sekar Menur 1.jpg,13 Sekar Menur 1.jpg,13 Sekar Menur,64,3,train
/kaggle/input/datasets/hertiyani/batik-nitik-960-official-mendeley/Batik Nitik 960/Batik Nitik 960 Images/13 Sekar Menur 1_rotate_180.jpg,13 Sekar Menur 1_rotate_180.jpg,13 Sekar Menur,64,3,train
/kaggle/input/datasets/hertiyani/batik-nitik-960-official-mendeley/Batik Nitik 960/Batik Nitik 960 Images/13 Sekar Menur 1_rotate_270.jpg,13 Sekar Menur 1_rotate_270.jpg,13 Sekar Menur,66,3,test
/kaggle/input/datasets/hertiyani/batik-nitik-960-official-mendeley/Batik Nitik 960/Batik Nitik 960 Images/13 Sekar Menur 1_rotate_90.jpg,13 Sekar Menur 1_rotate_90.jpg,13 Sekar Menur,66,3,test
/kaggle/input/datasets/hertiyani/batik-nitik-960-official-mendeley/Batik Nitik 960/Batik Nitik 960 Images/13 Sekar Menur 2.jpg,13 Sekar Menur 2.jpg,13 Sekar Menur,68,3,train
/kaggle/input/datasets/hertiyani/batik-nitik-960-official-mendeley/Batik Nitik 960/Batik Nitik 960 Images/13 Sekar Menur 2_rotate_180.jpg,13 Sekar Menur 2_rotate_180.jpg,13 Sekar Menur,68,3,train
/kaggle/input/datasets/hertiyani/batik-nitik-960-official-mendeley/Batik Nitik 960/Batik Nitik 960 Images/13 Sekar Menur 2_rotate_270.jpg,13 Sekar Menur 2_rotate_270.jpg,13 Sekar Menur,70,3,train
/kaggle/input/datasets/hertiyani/batik-nitik-960-official-mendeley/Batik Nitik 960/Batik Nitik 960 Images/13 Sekar Menur 2_rotate_90.jpg,13 Sekar Menur 2_rotate_90.jpg,13 Sekar Menur,70,3,train
/kaggle/input/datasets/hertiyani/batik-nitik-960-official-mendeley/Batik Nitik 960/Batik Nitik 960 Images/13 Sekar Menur 3.jpg,13 Sekar Menur 3.jpg,13 Sekar Menur,72,3,test
/kaggle/input/datasets/hertiyani/batik-nitik-960-official-mendeley/Batik Nitik 960/Batik Nitik 960 Images/13 Sekar Menur 3_rotate_180.jpg,13 Sekar Menur 3_rotate_180.jpg,13 Sekar Menur,72,3,test
/kaggle/input/datasets/hertiyani/batik-nitik-960-official-mendeley/Batik Nitik 960/Batik Nitik 960 Images/13 Sekar Menur 3_rotate_270.jpg,13 Sekar Menur 3_rotate_270.jpg,13 Sekar Menur,74,3,train
/kaggle/input/datasets/hertiyani/batik-nitik-960-official-mendeley/Batik Nitik 960/Batik Nitik 960 Images/13 Sekar Menur 3_rotate_90.jpg,13 Sekar Menur 3_rotate_90.jpg,13 Sekar Menur,74,3,train
/kaggle/input/datasets/hertiyani/batik-nitik-960-official-mendeley/Batik Nitik 960/Batik Nitik 960 Images/13 Sekar Menur 4.jpg,13 Sekar Menur 4.jpg,13 Sekar Menur,76,3,test
/kaggle/input/datasets/hertiyani/batik-nitik-960-official-mendeley/Batik Nitik 960/Batik Nitik 960 Images/13 Sekar Menur 4_rotate_180.jpg,13 Sekar Menur 4_rotate_180.jpg,13 Sekar Menur,76,3,test
/kaggle/input/datasets/hertiyani/batik-nitik-960-official-mendeley/Batik Nitik 960/Batik Nitik 960 Images/13 Sekar Menur 4_rotate_270.jpg,13 Sekar Menur 4_rotate_270.jpg,13 Sekar Menur,78,3,train
/kaggle/input/datasets/hertiyani/batik-nitik-960-official-mendeley/Batik Nitik 960/Batik Nitik 960 Images/13 Sekar Menur 4_rotate_90.jpg,13 Sekar Menur 4_rotate_90.jpg,13 Sekar Menur,78,3,train
/kaggle/input/datasets/hertiyani/batik-nitik-960-official-mendeley/Batik Nitik 960/Batik Nitik 960 Images/14 Sekar Tebu 1.jpg,14 Sekar Tebu 1.jpg,14 Sekar Tebu,80,3,test
/kaggle/input/datasets/hertiyani/batik-nitik-960-official-mendeley/Batik Nitik 960/Batik Nitik 960 Images/14 Sekar Tebu 1_rotate_180.jpg,14 Sekar Tebu 1_rotate_180.jpg,14 Sekar Tebu,80,3,test
/kaggle/input/datasets/hertiyani/batik-nitik-960-official-mendeley/Batik Nitik 960/Batik Nitik 960 Images/14 Sekar Tebu 1_rotate_270.jpg,14 Sekar Tebu 1_rotate_270.jpg,14 Sekar Tebu,82,3,train
/kaggle/input/datasets/hertiyani/batik-nitik-960-official-mendeley/Batik Nitik 960/Batik Nitik 960 Images/14 Sekar Tebu 1_rotate_90.jpg,14 Sekar Tebu 1_rotate_90.jpg,14 Sekar Tebu,82,3,train
/kaggle/input/datasets/hertiyani/batik-nitik-960-official-mendeley/Batik Nitik 960/Batik Nitik 960 Images/14 Sekar Tebu 2.jpg,14 Sekar Tebu 2.jpg,14 Sekar Tebu,84,3,train
/kaggle/input/datasets/hertiyani/batik-nitik-960-official-mendeley/Batik Nitik 960/Batik Nitik 960 Images/14 Sekar Tebu 2_rotate_180.jpg,14 Sekar Tebu 2_rotate_180.jpg,14 Sekar Tebu,84,3,train
/kaggle/input/datasets/hertiyani/batik-nitik-960-official-mendeley/Batik Nitik 960/Batik Nitik 960 Images/14 Sekar Tebu 2_rotate_270.jpg,14 Sekar Tebu 2_rotate_270.jpg,14 Sekar Tebu,86,3,train
/kaggle/input/datasets/hertiyani/batik-nitik-960-official-mendeley/Batik Nitik 960/Batik Nitik 960 Images/14 Sekar Tebu 2_rotate_90.jpg,14 Sekar Tebu 2_rotate_90.jpg,14 Sekar Tebu,86,3,train
/kaggle/input/datasets/hertiyani/batik-nitik-960-official-mendeley/Batik Nitik 960/Batik Nitik 960 Images/14 Sekar Tebu 3.jpg,14 Sekar Tebu 3.jpg,14 Sekar Tebu,88,3,test
/kaggle/input/datasets/hertiyani/batik-nitik-960-official-mendeley/Batik Nitik 960/Batik Nitik 960 Images/14 Sekar Tebu 3_rotate_180.jpg,14 Sekar Tebu 3_rotate_180.jpg,14 Sekar Tebu,88,3,test
/kaggle/input/datasets/hertiyani/batik-nitik-960-official-mendeley/Batik Nitik 960/Batik Nitik 960 Images/14 Sekar Tebu 3_rotate_270.jpg,14 Sekar Tebu 3_rotate_270.jpg,14 Sekar Tebu,90,3,train
/kaggle/input/datasets/hertiyani/batik-nitik-960-official-mendeley/Batik Nitik 960/Batik Nitik 960 Images/14 Sekar Tebu 3_rotate_90.jpg,14 Sekar Tebu 3_rotate_90.jpg,14 Sekar Tebu,90,3,train
/kaggle/input/datasets/hertiyani/batik-nitik-960-official-mendeley/Batik Nitik 960/Batik Nitik 960 Images/14 Sekar Tebu 4.jpg,14 Sekar Tebu 4.jpg,14 Sekar Tebu,92,3,test
/kaggle/input/datasets/hertiyani/batik-nitik-960-official-mendeley/Batik Nitik 960/Batik Nitik 960 Images/14 Sekar Tebu 4_rotate_180.jpg,14 Sekar Tebu 4_rotate_180.jpg,14 Sekar Tebu,92,3,test
/kaggle/input/datasets/hertiyani/batik-nitik-960-official-mendeley/Batik Nitik 960/Batik Nitik 960 Images/14 Sekar Tebu 4_rotate_270.jpg,14 Sekar Tebu 4_rotate_270.jpg,14 Sekar Tebu,94,3,train
/kaggle/input/datasets/hertiyani/batik-nitik-960-official-mendeley/Batik Nitik 960/Batik Nitik 960 Images/14 Sekar Tebu 4_rotate_90.jpg,14 Sekar Tebu 4_rotate_90.jpg,14 Sekar Tebu,94,3,train
/kaggle/input/datasets/hertiyani/batik-nitik-960-official-mendeley/Batik Nitik 960/Batik Nitik 960 Images/15 Sekar Manggis 1.jpg,15 Sekar Manggis 1.jpg,15 Sekar Manggis,96,3,test
/kaggle/input/datasets/hertiyani/batik-nitik-960-official-mendeley/Batik Nitik 960/Batik Nitik 960 Images/15 Sekar Manggis 1_rotate_180.jpg,15 Sekar Manggis 1_rotate_180.jpg,15 Sekar Manggis,96,3,test
/kaggle/input/datasets/hertiyani/batik-nitik-960-official-mendeley/Batik Nitik 960/Batik Nitik 960 Images/15 Sekar Manggis 1_rotate_270.jpg,15 Sekar Manggis 1_rotate_270.jpg,15 Sekar Manggis,98,3,test
/kaggle/input/datasets/hertiyani/batik-nitik-960-official-mendeley/Batik Nitik 960/Batik Nitik 960 Images/15 Sekar Manggis 1_rotate_90.jpg,15 Sekar Manggis 1_rotate_90.jpg,15 Sekar Manggis,98,3,test
/kaggle/input/datasets/hertiyani/batik-nitik-960-official-mendeley/Batik Nitik 960/Batik Nitik 960 Images/15 Sekar Manggis 2.jpg,15 Sekar Manggis 2.jpg,15 Sekar Manggis,100,3,train
/kaggle/input/datasets/hertiyani/batik-nitik-960-official-mendeley/Batik Nitik 960/Batik Nitik 960 Images/15 Sekar Manggis 2_rotate_180.jpg,15 Sekar Manggis 2_rotate_180.jpg,15 Sekar Manggis,100,3,train
/kaggle/input/datasets/hertiyani/batik-nitik-960-official-mendeley/Batik Nitik 960/Batik Nitik 960 Images/15 Sekar Manggis 2_rotate_270.jpg,15 Sekar Manggis 2_rotate_270.jpg,15 Sekar Manggis,102,3,train
/kaggle/input/datasets/hertiyani/batik-nitik-960-official-mendeley/Batik Nitik 960/Batik Nitik 960 Images/15 Sekar Manggis 2_rotate_90.jpg,15 Sekar Manggis 2_rotate_90.jpg,15 Sekar Manggis,102,3,train
/kaggle/input/datasets/hertiyani/batik-nitik-960-official-mendeley/Batik Nitik 960/Batik Nitik 960 Images/15 Sekar Manggis 3.jpg,15 Sekar Manggis 3.jpg,15 Sekar Manggis,104,3,test
/kaggle/input/datasets/hertiyani/batik-nitik-960-official-mendeley/Batik Nitik 960/Batik Nitik 960 Images/15 Sekar Manggis 3_rotate_180.jpg,15 Sekar Manggis 3_rotate_180.jpg,15 Sekar Manggis,104,3,test
/kaggle/input/datasets/hertiyani/batik-nitik-960-official-mendeley/Batik Nitik 960/Batik Nitik 960 Images/15 Sekar Manggis 3_rotate_270.jpg,15 Sekar Manggis 3_rotate_270.jpg,15 Sekar Manggis,104,3,test
/kaggle/input/datasets/hertiyani/batik-nitik-960-official-mendeley/Batik Nitik 960/Batik Nitik 960 Images/15 Sekar Manggis 3_rotate_90.jpg,15 Sekar Manggis 3_rotate_90.jpg,15 Sekar Manggis,104,3,test
/kaggle/input/datasets/hertiyani/batik-nitik-960-official-mendeley/Batik Nitik 960/Batik Nitik 960 Images/15 Sekar Manggis 4.jpg,15 Sekar Manggis 4.jpg,15 Sekar Manggis,108,3,train
/kaggle/input/datasets/hertiyani/batik-nitik-960-official-mendeley/Batik Nitik 960/Batik Nitik 960 Images/15 Sekar Manggis 4_rotate_180.jpg,15 Sekar Manggis 4_rotate_180.jpg,15 Sekar Manggis,108,3,train
/kaggle/input/datasets/hertiyani/batik-nitik-960-official-mendeley/Batik Nitik 960/Batik Nitik 960 Images/15 Sekar Manggis 4_rotate_270.jpg,15 Sekar Manggis 4_rotate_270.jpg,15 Sekar Manggis,110,3,train
/kaggle/input/datasets/hertiyani/batik-nitik-960-official-mendeley/Batik Nitik 960/Batik Nitik 960 Images/15 Sekar Manggis 4_rotate_90.jpg,15 Sekar Manggis 4_rotate_90.jpg,15 Sekar Manggis,110,3,train
/kaggle/input/datasets/hertiyani/batik-nitik-960-official-mendeley/Batik Nitik 960/Batik Nitik 960 Images/16 Sekar Randhu 1.jpg,16 Sekar Randhu 1.jpg,16 Sekar Randhu,114,3,train
/kaggle/input/datasets/hertiyani/batik-nitik-960-official-mendeley/Batik Nitik 960/Batik Nitik 960 Images/16 Sekar Randhu 1_rotate_180.jpg,16 Sekar Randhu 1_rotate_180.jpg,16 Sekar Randhu,114,3,train
/kaggle/input/datasets/hertiyani/batik-nitik-960-official-mendeley/Batik Nitik 960/Batik Nitik 960 Images/16 Sekar Randhu 1_rotate_270.jpg,16 Sekar Randhu 1_rotate_270.jpg,16 Sekar Randhu,114,3,train
/kaggle/input/datasets/hertiyani/batik-nitik-960-official-mendeley/Batik Nitik 960/Batik Nitik 960 Images/16 Sekar Randhu 1_rotate_90.jpg,16 Sekar Randhu 1_rotate_90.jpg,16 Sekar Randhu,114,3,train
/kaggle/input/datasets/hertiyani/batik-nitik-960-official-mendeley/Batik Nitik 960/Batik Nitik 960 Images/16 Sekar Randhu 2.jpg,16 Sekar Randhu 2.jpg,16 Sekar Randhu,116,3,test
/kaggle/input/datasets/hertiyani/batik-nitik-960-official-mendeley/Batik Nitik 960/Batik Nitik 960 Images/16 Sekar Randhu 2_rotate_180.jpg,16 Sekar Randhu 2_rotate_180.jpg,16 Sekar Randhu,116,3,test
/kaggle/input/datasets/hertiyani/batik-nitik-960-official-mendeley/Batik Nitik 960/Batik Nitik 960 Images/16 Sekar Randhu 2_rotate_270.jpg,16 Sekar Randhu 2_rotate_270.jpg,16 Sekar Randhu,118,3,test
/kaggle/input/datasets/hertiyani/batik-nitik-960-official-mendeley/Batik Nitik 960/Batik Nitik 960 Images/16 Sekar Randhu 2_rotate_90.jpg,16 Sekar Randhu 2_rotate_90.jpg,16 Sekar Randhu,118,3,test
/kaggle/input/datasets/hertiyani/batik-nitik-960-official-mendeley/Batik Nitik 960/Batik Nitik 960 Images/16 Sekar Randhu 3.jpg,16 Sekar Randhu 3.jpg,16 Sekar Randhu,120,3,test
/kaggle/input/datasets/hertiyani/batik-nitik-960-official-mendeley/Batik Nitik 960/Batik Nitik 960 Images/16 Sekar Randhu 3_rotate_180.jpg,16 Sekar Randhu 3_rotate_180.jpg,16 Sekar Randhu,120,3,test
/kaggle/input/datasets/hertiyani/batik-nitik-960-official-mendeley/Batik Nitik 960/Batik Nitik 960 Images/16 Sekar Randhu 3_rotate_270.jpg,16 Sekar Randhu 3_rotate_270.jpg,16 Sekar Randhu,122,3,train
/kaggle/input/datasets/hertiyani/batik-nitik-960-official-mendeley/Batik Nitik 960/Batik Nitik 960 Images/16 Sekar Randhu 3_rotate_90.jpg,16 Sekar Randhu 3_rotate_90.jpg,16 Sekar Randhu,122,3,train
/kaggle/input/datasets/hertiyani/batik-nitik-960-official-mendeley/Batik Nitik 960/Batik Nitik 960 Images/16 Sekar Randhu 4.jpg,16 Sekar Randhu 4.jpg,16 Sekar Randhu,124,3,train
/kaggle/input/datasets/hertiyani/batik-nitik-960-official-mendeley/Batik Nitik 960/Batik Nitik 960 Images/16 Sekar Randhu 4_rotate_180.jpg,16 Sekar Randhu 4_rotate_180.jpg,16 Sekar Randhu,124,3,train
/kaggle/input/datasets/hertiyani/batik-nitik-960-official-mendeley/Batik Nitik 960/Batik Nitik 960 Images/16 Sekar Randhu 4_rotate_270.jpg,16 Sekar Randhu 4_rotate_270.jpg,16 Sekar Randhu,126,3,train
/kaggle/input/datasets/hertiyani/batik-nitik-960-official-mendeley/Batik Nitik 960/Batik Nitik 960 Images/16 Sekar Randhu 4_rotate_90.jpg,16 Sekar Randhu 4_rotate_90.jpg,16 Sekar Randhu,126,3,train
/kaggle/input/datasets/hertiyani/batik-nitik-960-official-mendeley/Batik Nitik 960/Batik Nitik 960 Images/17 Worawari Rumpuk 1.jpg,17 Worawari Rumpuk 1.jpg,17 Worawari Rumpuk,128,3,test
/kaggle/input/datasets/hertiyani/batik-nitik-960-official-mendeley/Batik Nitik 960/Batik Nitik 960 Images/17 Worawari Rumpuk 1_rotate_180.jpg,17 Worawari Rumpuk 1_rotate_180.jpg,17 Worawari Rumpuk,128,3,test
/kaggle/input/datasets/hertiyani/batik-nitik-960-official-mendeley/Batik Nitik 960/Batik Nitik 960 Images/17 Worawari Rumpuk 1_rotate_270.jpg,17 Worawari Rumpuk 1_rotate_270.jpg,17 Worawari Rumpuk,128,3,test
/kaggle/input/datasets/hertiyani/batik-nitik-960-official-mendeley/Batik Nitik 960/Batik Nitik 960 Images/17 Worawari Rumpuk 1_rotate_90.jpg,17 Worawari Rumpuk 1_rotate_90.jpg,17 Worawari Rumpuk,128,3,test
/kaggle/input/datasets/hertiyani/batik-nitik-960-official-mendeley/Batik Nitik 960/Batik Nitik 960 Images/17 Worawari Rumpuk 2.jpg,17 Worawari Rumpuk 2.jpg,17 Worawari Rumpuk,132,3,train
/kaggle/input/datasets/hertiyani/batik-nitik-960-official-mendeley/Batik Nitik 960/Batik Nitik 960 Images/17 Worawari Rumpuk 2_rotate_180.jpg,17 Worawari Rumpuk 2_rotate_180.jpg,17 Worawari Rumpuk,132,3,train
/kaggle/input/datasets/hertiyani/batik-nitik-960-official-mendeley/Batik Nitik 960/Batik Nitik 960 Images/17 Worawari Rumpuk 2_rotate_270.jpg,17 Worawari Rumpuk 2_rotate_270.jpg,17 Worawari Rumpuk,134,3,train
/kaggle/input/datasets/hertiyani/batik-nitik-960-official-mendeley/Batik Nitik 960/Batik Nitik 960 Images/17 Worawari Rumpuk 2_rotate_90.jpg,17 Worawari Rumpuk 2_rotate_90.jpg,17 Worawari Rumpuk,134,3,train
/kaggle/input/datasets/hertiyani/batik-nitik-960-official-mendeley/Batik Nitik 960/Batik Nitik 960 Images/17 Worawari Rumpuk 3.jpg,17 Worawari Rumpuk 3.jpg,17 Worawari Rumpuk,136,3,test
/kaggle/input/datasets/hertiyani/batik-nitik-960-official-mendeley/Batik Nitik 960/Batik Nitik 960 Images/17 Worawari Rumpuk 3_rotate_180.jpg,17 Worawari Rumpuk 3_rotate_180.jpg,17 Worawari Rumpuk,136,3,test
/kaggle/input/datasets/hertiyani/batik-nitik-960-official-mendeley/Batik Nitik 960/Batik Nitik 960 Images/17 Worawari Rumpuk 3_rotate_270.jpg,17 Worawari Rumpuk 3_rotate_270.jpg,17 Worawari Rumpuk,136,3,test
/kaggle/input/datasets/hertiyani/batik-nitik-960-official-mendeley/Batik Nitik 960/Batik Nitik 960 Images/17 Worawari Rumpuk 3_rotate_90.jpg,17 Worawari Rumpuk 3_rotate_90.jpg,17 Worawari Rumpuk,136,3,test
/kaggle/input/datasets/hertiyani/batik-nitik-960-official-mendeley/Batik Nitik 960/Batik Nitik 960 Images/17 Worawari Rumpuk 4.jpg,17 Worawari Rumpuk 4.jpg,17 Worawari Rumpuk,140,3,train
/kaggle/input/datasets/hertiyani/batik-nitik-960-official-mendeley/Batik Nitik 960/Batik Nitik 960 Images/17 Worawari Rumpuk 4_rotate_180.jpg,17 Worawari Rumpuk 4_rotate_180.jpg,17 Worawari Rumpuk,140,3,train
/kaggle/input/datasets/hertiyani/batik-nitik-960-official-mendeley/Batik Nitik 960/Batik Nitik 960 Images/17 Worawari Rumpuk 4_rotate_270.jpg,17 Worawari Rumpuk 4_rotate_270.jpg,17 Worawari Rumpuk,140,3,train
/kaggle/input/datasets/hertiyani/batik-nitik-960-official-mendeley/Batik Nitik 960/Batik Nitik 960 Images/17 Worawari Rumpuk 4_rotate_90.jpg,17 Worawari Rumpuk 4_rotate_90.jpg,17 Worawari Rumpuk,140,3,train
/kaggle/input/datasets/hertiyani/batik-nitik-960-official-mendeley/Batik Nitik 960/Batik Nitik 960 Images/18 Sekar Dhuku 1.jpg,18 Sekar Dhuku 1.jpg,18 Sekar Dhuku,144,3,test
/kaggle/input/datasets/hertiyani/batik-nitik-960-official-mendeley/Batik Nitik 960/Batik Nitik 960 Images/18 Sekar Dhuku 1_rotate_180.jpg,18 Sekar Dhuku 1_rotate_180.jpg,18 Sekar Dhuku,144,3,test
/kaggle/input/datasets/hertiyani/batik-nitik-960-official-mendeley/Batik Nitik 960/Batik Nitik 960 Images/18 Sekar Dhuku 1_rotate_270.jpg,18 Sekar Dhuku 1_rotate_270.jpg,18 Sekar Dhuku,144,3,test
/kaggle/input/datasets/hertiyani/batik-nitik-960-official-mendeley/Batik Nitik 960/Batik Nitik 960 Images/18 Sekar Dhuku 1_rotate_90.jpg,18 Sekar Dhuku 1_rotate_90.jpg,18 Sekar Dhuku,144,3,test
/kaggle/input/datasets/hertiyani/batik-nitik-960-official-mendeley/Batik Nitik 960/Batik Nitik 960 Images/18 Sekar Dhuku 2.jpg,18 Sekar Dhuku 2.jpg,18 Sekar Dhuku,148,3,test
/kaggle/input/datasets/hertiyani/batik-nitik-960-official-mendeley/Batik Nitik 960/Batik Nitik 960 Images/18 Sekar Dhuku 2_rotate_180.jpg,18 Sekar Dhuku 2_rotate_180.jpg,18 Sekar Dhuku,148,3,test
/kaggle/input/datasets/hertiyani/batik-nitik-960-official-mendeley/Batik Nitik 960/Batik Nitik 960 Images/18 Sekar Dhuku 2_rotate_270.jpg,18 Sekar Dhuku 2_rotate_270.jpg,18 Sekar Dhuku,150,3,train
/kaggle/input/datasets/hertiyani/batik-nitik-960-official-mendeley/Batik Nitik 960/Batik Nitik 960 Images/18 Sekar Dhuku 2_rotate_90.jpg,18 Sekar Dhuku 2_rotate_90.jpg,18 Sekar Dhuku,150,3,train
/kaggle/input/datasets/hertiyani/batik-nitik-960-official-mendeley/Batik Nitik 960/Batik Nitik 960 Images/18 Sekar Dhuku 3.jpg,18 Sekar Dhuku 3.jpg,18 Sekar Dhuku,152,3,train
/kaggle/input/datasets/hertiyani/batik-nitik-960-official-mendeley/Batik Nitik 960/Batik Nitik 960 Images/18 Sekar Dhuku 3_rotate_180.jpg,18 Sekar Dhuku 3_rotate_180.jpg,18 Sekar Dhuku,152,3,train
/kaggle/input/datasets/hertiyani/batik-nitik-960-official-mendeley/Batik Nitik 960/Batik Nitik 960 Images/18 Sekar Dhuku 3_rotate_270.jpg,18 Sekar Dhuku 3_rotate_270.jpg,18 Sekar Dhuku,154,3,test
/kaggle/input/datasets/hertiyani/batik-nitik-960-official-mendeley/Batik Nitik 960/Batik Nitik 960 Images/18 Sekar Dhuku 3_rotate_90.jpg,18 Sekar Dhuku 3_rotate_90.jpg,18 Sekar Dhuku,154,3,test
/kaggle/input/datasets/hertiyani/batik-nitik-960-official-mendeley/Batik Nitik 960/Batik Nitik 960 Images/18 Sekar Dhuku 4.jpg,18 Sekar Dhuku 4.jpg,18 Sekar Dhuku,156,3,train
/kaggle/input/datasets/hertiyani/batik-nitik-960-official-mendeley/Batik Nitik 960/Batik Nitik 960 Images/18 Sekar Dhuku 4_rotate_180.jpg,18 Sekar Dhuku 4_rotate_180.jpg,18 Sekar Dhuku,156,3,train
/kaggle/input/datasets/hertiyani/batik-nitik-960-official-mendeley/Batik Nitik 960/Batik Nitik 960 Images/18 Sekar Dhuku 4_rotate_270.jpg,18 Sekar Dhuku 4_rotate_270.jpg,18 Sekar Dhuku,156,3,train
/kaggle/input/datasets/hertiyani/batik-nitik-960-official-mendeley/Batik Nitik 960/Batik Nitik 960 Images/18 Sekar Dhuku 4_rotate_90.jpg,18 Sekar Dhuku 4_rotate_90.jpg,18 Sekar Dhuku,156,3,train
/kaggle/input/datasets/hertiyani/batik-nitik-960-official-mendeley/Batik Nitik 960/Batik Nitik 960 Images/19 Sekar Jagung 1.jpg,19 Sekar Jagung 1.jpg,19 Sekar Jagung,160,3,test
/kaggle/input/datasets/hertiyani/batik-nitik-960-official-mendeley/Batik Nitik 960/Batik Nitik 960 Images/19 Sekar Jagung 1_rotate_180.jpg,19 Sekar Jagung 1_rotate_180.jpg,19 Sekar Jagung,160,3,test
/kaggle/input/datasets/hertiyani/batik-nitik-960-official-mendeley/Batik Nitik 960/Batik Nitik 960 Images/19 Sekar Jagung 1_rotate_270.jpg,19 Sekar Jagung 1_rotate_270.jpg,19 Sekar Jagung,162,3,train
/kaggle/input/datasets/hertiyani/batik-nitik-960-official-mendeley/Batik Nitik 960/Batik Nitik 960 Images/19 Sekar Jagung 1_rotate_90.jpg,19 Sekar Jagung 1_rotate_90.jpg,19 Sekar Jagung,162,3,train
/kaggle/input/datasets/hertiyani/batik-nitik-960-official-mendeley/Batik Nitik 960/Batik Nitik 960 Images/19 Sekar Jagung 2.jpg,19 Sekar Jagung 2.jpg,19 Sekar Jagung,164,3,train
/kaggle/input/datasets/hertiyani/batik-nitik-960-official-mendeley/Batik Nitik 960/Batik Nitik 960 Images/19 Sekar Jagung 2_rotate_180.jpg,19 Sekar Jagung 2_rotate_180.jpg,19 Sekar Jagung,164,3,train
/kaggle/input/datasets/hertiyani/batik-nitik-960-official-mendeley/Batik Nitik 960/Batik Nitik 960 Images/19 Sekar Jagung 2_rotate_270.jpg,19 Sekar Jagung 2_rotate_270.jpg,19 Sekar Jagung,166,3,train
/kaggle/input/datasets/hertiyani/batik-nitik-960-official-mendeley/Batik Nitik 960/Batik Nitik 960 Images/19 Sekar Jagung 2_rotate_90.jpg,19 Sekar Jagung 2_rotate_90.jpg,19 Sekar Jagung,166,3,train
/kaggle/input/datasets/hertiyani/batik-nitik-960-official-mendeley/Batik Nitik 960/Batik Nitik 960 Images/19 Sekar Jagung 3.jpg,19 Sekar Jagung 3.jpg,19 Sekar Jagung,168,3,train
/kaggle/input/datasets/hertiyani/batik-nitik-960-official-mendeley/Batik Nitik 960/Batik Nitik 960 Images/19 Sekar Jagung 3_rotate_180.jpg,19 Sekar Jagung 3_rotate_180.jpg,19 Sekar Jagung,168,3,train
/kaggle/input/datasets/hertiyani/batik-nitik-960-official-mendeley/Batik Nitik 960/Batik Nitik 960 Images/19 Sekar Jagung 3_rotate_270.jpg,19 Sekar Jagung 3_rotate_270.jpg,19 Sekar Jagung,170,3,train
/kaggle/input/datasets/hertiyani/batik-nitik-960-official-mendeley/Batik Nitik 960/Batik Nitik 960 Images/19 Sekar Jagung 3_rotate_90.jpg,19 Sekar Jagung 3_rotate_90.jpg,19 Sekar Jagung,170,3,train
/kaggle/input/datasets/hertiyani/batik-nitik-960-official-mendeley/Batik Nitik 960/Batik Nitik 960 Images/19 Sekar Jagung 4.jpg,19 Sekar Jagung 4.jpg,19 Sekar Jagung,172,3,test
/kaggle/input/datasets/hertiyani/batik-nitik-960-official-mendeley/Batik Nitik 960/Batik Nitik 960 Images/19 Sekar Jagung 4_rotate_180.jpg,19 Sekar Jagung 4_rotate_180.jpg,19 Sekar Jagung,172,3,test
/kaggle/input/datasets/hertiyani/batik-nitik-960-official-mendeley/Batik Nitik 960/Batik Nitik 960 Images/19 Sekar Jagung 4_rotate_270.jpg,19 Sekar Jagung 4_rotate_270.jpg,19 Sekar Jagung,174,3,test
/kaggle/input/datasets/hertiyani/batik-nitik-960-official-mendeley/Batik Nitik 960/Batik Nitik 960 Images/19 Sekar Jagung 4_rotate_90.jpg,19 Sekar Jagung 4_rotate_90.jpg,19 Sekar Jagung,174,3,test
/kaggle/input/datasets/hertiyani/batik-nitik-960-official-mendeley/Batik Nitik 960/Batik Nitik 960 Images/2 Sekar Liring 1.jpg,2 Sekar Liring 1.jpg,2 Sekar Liring,176,3,test
/kaggle/input/datasets/hertiyani/batik-nitik-960-official-mendeley/Batik Nitik 960/Batik Nitik 960 Images/2 Sekar Liring 1_rotate_180.jpg,2 Sekar Liring 1_rotate_180.jpg,2 Sekar Liring,176,3,test
/kaggle/input/datasets/hertiyani/batik-nitik-960-official-mendeley/Batik Nitik 960/Batik Nitik 960 Images/2 Sekar Liring 1_rotate_270.jpg,2 Sekar Liring 1_rotate_270.jpg,2 Sekar Liring,178,3,train
/kaggle/input/datasets/hertiyani/batik-nitik-960-official-mendeley/Batik Nitik 960/Batik Nitik 960 Images/2 Sekar Liring 1_rotate_90.jpg,2 Sekar Liring 1_rotate_90.jpg,2 Sekar Liring,178,3,train
/kaggle/input/datasets/hertiyani/batik-nitik-960-official-mendeley/Batik Nitik 960/Batik Nitik 960 Images/2 Sekar Liring 2.jpg,2 Sekar Liring 2.jpg,2 Sekar Liring,180,3,test
/kaggle/input/datasets/hertiyani/batik-nitik-960-official-mendeley/Batik Nitik 960/Batik Nitik 960 Images/2 Sekar Liring 2_rotate_180.jpg,2 Sekar Liring 2_rotate_180.jpg,2 Sekar Liring,180,3,test
/kaggle/input/datasets/hertiyani/batik-nitik-960-official-mendeley/Batik Nitik 960/Batik Nitik 960 Images/2 Sekar Liring 2_rotate_270.jpg,2 Sekar Liring 2_rotate_270.jpg,2 Sekar Liring,182,3,train
/kaggle/input/datasets/hertiyani/batik-nitik-960-official-mendeley/Batik Nitik 960/Batik Nitik 960 Images/2 Sekar Liring 2_rotate_90.jpg,2 Sekar Liring 2_rotate_90.jpg,2 Sekar Liring,182,3,train
/kaggle/input/datasets/hertiyani/batik-nitik-960-official-mendeley/Batik Nitik 960/Batik Nitik 960 Images/2 Sekar Liring 3.jpg,2 Sekar Liring 3.jpg,2 Sekar Liring,184,3,test
/kaggle/input/datasets/hertiyani/batik-nitik-960-official-mendeley/Batik Nitik 960/Batik Nitik 960 Images/2 Sekar Liring 3_rotate_180.jpg,2 Sekar Liring 3_rotate_180.jpg,2 Sekar Liring,184,3,test
/kaggle/input/datasets/hertiyani/batik-nitik-960-official-mendeley/Batik Nitik 960/Batik Nitik 960 Images/2 Sekar Liring 3_rotate_270.jpg,2 Sekar Liring 3_rotate_270.jpg,2 Sekar Liring,186,3,train
/kaggle/input/datasets/hertiyani/batik-nitik-960-official-mendeley/Batik Nitik 960/Batik Nitik 960 Images/2 Sekar Liring 3_rotate_90.jpg,2 Sekar Liring 3_rotate_90.jpg,2 Sekar Liring,186,3,train
/kaggle/input/datasets/hertiyani/batik-nitik-960-official-mendeley/Batik Nitik 960/Batik Nitik 960 Images/2 Sekar Liring 4.jpg,2 Sekar Liring 4.jpg,2 Sekar Liring,188,3,train
/kaggle/input/datasets/hertiyani/batik-nitik-960-official-mendeley/Batik Nitik 960/Batik Nitik 960 Images/2 Sekar Liring 4_rotate_180.jpg,2 Sekar Liring 4_rotate_180.jpg,2 Sekar Liring,188,3,train
/kaggle/input/datasets/hertiyani/batik-nitik-960-official-mendeley/Batik Nitik 960/Batik Nitik 960 Images/2 Sekar Liring 4_rotate_270.jpg,2 Sekar Liring 4_rotate_270.jpg,2 Sekar Liring,190,3,train
/kaggle/input/datasets/hertiyani/batik-nitik-960-official-mendeley/Batik Nitik 960/Batik Nitik 960 Images/2 Sekar Liring 4_rotate_90.jpg,2 Sekar Liring 4_rotate_90.jpg,2 Sekar Liring,190,3,train
/kaggle/input/datasets/hertiyani/batik-nitik-960-official-mendeley/Batik Nitik 960/Batik Nitik 960 Images/20 Jayakirana 1.jpg,20 Jayakirana 1.jpg,20 Jayakirana,192,3,train
/kaggle/input/datasets/hertiyani/batik-nitik-960-official-mendeley/Batik Nitik 960/Batik Nitik 960 Images/20 Jayakirana 1_rotate_180.jpg,20 Jayakirana 1_rotate_180.jpg,20 Jayakirana,192,3,train
/kaggle/input/datasets/hertiyani/batik-nitik-960-official-mendeley/Batik Nitik 960/Batik Nitik 960 Images/20 Jayakirana 1_rotate_270.jpg,20 Jayakirana 1_rotate_270.jpg,20 Jayakirana,192,3,train
/kaggle/input/datasets/hertiyani/batik-nitik-960-official-mendeley/Batik Nitik 960/Batik Nitik 960 Images/20 Jayakirana 1_rotate_90.jpg,20 Jayakirana 1_rotate_90.jpg,20 Jayakirana,192,3,train
/kaggle/input/datasets/hertiyani/batik-nitik-960-official-mendeley/Batik Nitik 960/Batik Nitik 960 Images/20 Jayakirana 2.jpg,20 Jayakirana 2.jpg,20 Jayakirana,196,3,test
/kaggle/input/datasets/hertiyani/batik-nitik-960-official-mendeley/Batik Nitik 960/Batik Nitik 960 Images/20 Jayakirana 2_rotate_180.jpg,20 Jayakirana 2_rotate_180.jpg,20 Jayakirana,196,3,test
/kaggle/input/datasets/hertiyani/batik-nitik-960-official-mendeley/Batik Nitik 960/Batik Nitik 960 Images/20 Jayakirana 2_rotate_270.jpg,20 Jayakirana 2_rotate_270.jpg,20 Jayakirana,196,3,test
/kaggle/input/datasets/hertiyani/batik-nitik-960-official-mendeley/Batik Nitik 960/Batik Nitik 960 Images/20 Jayakirana 2_rotate_90.jpg,20 Jayakirana 2_rotate_90.jpg,20 Jayakirana,196,3,test
/kaggle/input/datasets/hertiyani/batik-nitik-960-official-mendeley/Batik Nitik 960/Batik Nitik 960 Images/20 Jayakirana 3.jpg,20 Jayakirana 3.jpg,20 Jayakirana,200,3,train
/kaggle/input/datasets/hertiyani/batik-nitik-960-official-mendeley/Batik Nitik 960/Batik Nitik 960 Images/20 Jayakirana 3_rotate_180.jpg,20 Jayakirana 3_rotate_180.jpg,20 Jayakirana,200,3,train
/kaggle/input/datasets/hertiyani/batik-nitik-960-official-mendeley/Batik Nitik 960/Batik Nitik 960 Images/20 Jayakirana 3_rotate_270.jpg,20 Jayakirana 3_rotate_270.jpg,20 Jayakirana,200,3,train
/kaggle/input/datasets/hertiyani/batik-nitik-960-official-mendeley/Batik Nitik 960/Batik Nitik 960 Images/20 Jayakirana 3_rotate_90.jpg,20 Jayakirana 3_rotate_90.jpg,20 Jayakirana,200,3,train
/kaggle/input/datasets/hertiyani/batik-nitik-960-official-mendeley/Batik Nitik 960/Batik Nitik 960 Images/20 Jayakirana 4.jpg,20 Jayakirana 4.jpg,20 Jayakirana,204,3,test
/kaggle/input/datasets/hertiyani/batik-nitik-960-official-mendeley/Batik Nitik 960/Batik Nitik 960 Images/20 Jayakirana 4_rotate_180.jpg,20 Jayakirana 4_rotate_180.jpg,20 Jayakirana,204,3,test
/kaggle/input/datasets/hertiyani/batik-nitik-960-official-mendeley/Batik Nitik 960/Batik Nitik 960 Images/20 Jayakirana 4_rotate_270.jpg,20 Jayakirana 4_rotate_270.jpg,20 Jayakirana,204,3,test
/kaggle/input/datasets/hertiyani/batik-nitik-960-official-mendeley/Batik Nitik 960/Batik Nitik 960 Images/20 Jayakirana 4_rotate_90.jpg,20 Jayakirana 4_rotate_90.jpg,20 Jayakirana,204,3,test
/kaggle/input/datasets/hertiyani/batik-nitik-960-official-mendeley/Batik Nitik 960/Batik Nitik 960 Images/21 Mawur 1.jpg,21 Mawur 1.jpg,21 Mawur,208,3,train
/kaggle/input/datasets/hertiyani/batik-nitik-960-official-mendeley/Batik Nitik 960/Batik Nitik 960 Images/21 Mawur 1_rotate_180.jpg,21 Mawur 1_rotate_180.jpg,21 Mawur,208,3,train
/kaggle/input/datasets/hertiyani/batik-nitik-960-official-mendeley/Batik Nitik 960/Batik Nitik 960 Images/21 Mawur 1_rotate_270.jpg,21 Mawur 1_rotate_270.jpg,21 Mawur,210,3,test
/kaggle/input/datasets/hertiyani/batik-nitik-960-official-mendeley/Batik Nitik 960/Batik Nitik 960 Images/21 Mawur 1_rotate_90.jpg,21 Mawur 1_rotate_90.jpg,21 Mawur,210,3,test
/kaggle/input/datasets/hertiyani/batik-nitik-960-official-mendeley/Batik Nitik 960/Batik Nitik 960 Images/21 Mawur 2.jpg,21 Mawur 2.jpg,21 Mawur,212,3,train
/kaggle/input/datasets/hertiyani/batik-nitik-960-official-mendeley/Batik Nitik 960/Batik Nitik 960 Images/21 Mawur 2_rotate_180.jpg,21 Mawur 2_rotate_180.jpg,21 Mawur,212,3,train
/kaggle/input/datasets/hertiyani/batik-nitik-960-official-mendeley/Batik Nitik 960/Batik Nitik 960 Images/21 Mawur 2_rotate_270.jpg,21 Mawur 2_rotate_270.jpg,21 Mawur,214,3,test
/kaggle/input/datasets/hertiyani/batik-nitik-960-official-mendeley/Batik Nitik 960/Batik Nitik 960 Images/21 Mawur 2_rotate_90.jpg,21 Mawur 2_rotate_90.jpg,21 Mawur,214,3,test
/kaggle/input/datasets/hertiyani/batik-nitik-960-official-mendeley/Batik Nitik 960/Batik Nitik 960 Images/21 Mawur 3.jpg,21 Mawur 3.jpg,21 Mawur,216,3,train
/kaggle/input/datasets/hertiyani/batik-nitik-960-official-mendeley/Batik Nitik 960/Batik Nitik 960 Images/21 Mawur 3_rotate_180.jpg,21 Mawur 3_rotate_180.jpg,21 Mawur,216,3,train
/kaggle/input/datasets/hertiyani/batik-nitik-960-official-mendeley/Batik Nitik 960/Batik Nitik 960 Images/21 Mawur 3_rotate_270.jpg,21 Mawur 3_rotate_270.jpg,21 Mawur,216,3,train
/kaggle/input/datasets/hertiyani/batik-nitik-960-official-mendeley/Batik Nitik 960/Batik Nitik 960 Images/21 Mawur 3_rotate_90.jpg,21 Mawur 3_rotate_90.jpg,21 Mawur,216,3,train
/kaggle/input/datasets/hertiyani/batik-nitik-960-official-mendeley/Batik Nitik 960/Batik Nitik 960 Images/21 Mawur 4.jpg,21 Mawur 4.jpg,21 Mawur,220,3,test
/kaggle/input/datasets/hertiyani/batik-nitik-960-official-mendeley/Batik Nitik 960/Batik Nitik 960 Images/21 Mawur 4_rotate_180.jpg,21 Mawur 4_rotate_180.jpg,21 Mawur,220,3,test
/kaggle/input/datasets/hertiyani/batik-nitik-960-official-mendeley/Batik Nitik 960/Batik Nitik 960 Images/21 Mawur 4_rotate_270.jpg,21 Mawur 4_rotate_270.jpg,21 Mawur,222,3,train
/kaggle/input/datasets/hertiyani/batik-nitik-960-official-mendeley/Batik Nitik 960/Batik Nitik 960 Images/21 Mawur 4_rotate_90.jpg,21 Mawur 4_rotate_90.jpg,21 Mawur,222,3,train
/kaggle/input/datasets/hertiyani/batik-nitik-960-official-mendeley/Batik Nitik 960/Batik Nitik 960 Images/22 Sekar Tanjung 1.jpg,22 Sekar Tanjung 1.jpg,22 Sekar Tanjung,224,3,train
/kaggle/input/datasets/hertiyani/batik-nitik-960-official-mendeley/Batik Nitik 960/Batik Nitik 960 Images/22 Sekar Tanjung 1_rotate_180.jpg,22 Sekar Tanjung 1_rotate_180.jpg,22 Sekar Tanjung,224,3,train
/kaggle/input/datasets/hertiyani/batik-nitik-960-official-mendeley/Batik Nitik 960/Batik Nitik 960 Images/22 Sekar Tanjung 1_rotate_270.jpg,22 Sekar Tanjung 1_rotate_270.jpg,22 Sekar Tanjung,226,3,test
/kaggle/input/datasets/hertiyani/batik-nitik-960-official-mendeley/Batik Nitik 960/Batik Nitik 960 Images/22 Sekar Tanjung 1_rotate_90.jpg,22 Sekar Tanjung 1_rotate_90.jpg,22 Sekar Tanjung,226,3,test
/kaggle/input/datasets/hertiyani/batik-nitik-960-official-mendeley/Batik Nitik 960/Batik Nitik 960 Images/22 Sekar Tanjung 2.jpg,22 Sekar Tanjung 2.jpg,22 Sekar Tanjung,228,3,train
/kaggle/input/datasets/hertiyani/batik-nitik-960-official-mendeley/Batik Nitik 960/Batik Nitik 960 Images/22 Sekar Tanjung 2_rotate_180.jpg,22 Sekar Tanjung 2_rotate_180.jpg,22 Sekar Tanjung,228,3,train
/kaggle/input/datasets/hertiyani/batik-nitik-960-official-mendeley/Batik Nitik 960/Batik Nitik 960 Images/22 Sekar Tanjung 2_rotate_270.jpg,22 Sekar Tanjung 2_rotate_270.jpg,22 Sekar Tanjung,230,3,train
/kaggle/input/datasets/hertiyani/batik-nitik-960-official-mendeley/Batik Nitik 960/Batik Nitik 960 Images/22 Sekar Tanjung 2_rotate_90.jpg,22 Sekar Tanjung 2_rotate_90.jpg,22 Sekar Tanjung,230,3,train
/kaggle/input/datasets/hertiyani/batik-nitik-960-official-mendeley/Batik Nitik 960/Batik Nitik 960 Images/22 Sekar Tanjung 3.jpg,22 Sekar Tanjung 3.jpg,22 Sekar Tanjung,232,3,train
/kaggle/input/datasets/hertiyani/batik-nitik-960-official-mendeley/Batik Nitik 960/Batik Nitik 960 Images/22 Sekar Tanjung 3_rotate_180.jpg,22 Sekar Tanjung 3_rotate_180.jpg,22 Sekar Tanjung,232,3,train
/kaggle/input/datasets/hertiyani/batik-nitik-960-official-mendeley/Batik Nitik 960/Batik Nitik 960 Images/22 Sekar Tanjung 3_rotate_270.jpg,22 Sekar Tanjung 3_rotate_270.jpg,22 Sekar Tanjung,232,3,train
/kaggle/input/datasets/hertiyani/batik-nitik-960-official-mendeley/Batik Nitik 960/Batik Nitik 960 Images/22 Sekar Tanjung 3_rotate_90.jpg,22 Sekar Tanjung 3_rotate_90.jpg,22 Sekar Tanjung,232,3,train
/kaggle/input/datasets/hertiyani/batik-nitik-960-official-mendeley/Batik Nitik 960/Batik Nitik 960 Images/22 Sekar Tanjung 4.jpg,22 Sekar Tanjung 4.jpg,22 Sekar Tanjung,236,3,test
/kaggle/input/datasets/hertiyani/batik-nitik-960-official-mendeley/Batik Nitik 960/Batik Nitik 960 Images/22 Sekar Tanjung 4_rotate_180.jpg,22 Sekar Tanjung 4_rotate_180.jpg,22 Sekar Tanjung,236,3,test
/kaggle/input/datasets/hertiyani/batik-nitik-960-official-mendeley/Batik Nitik 960/Batik Nitik 960 Images/22 Sekar Tanjung 4_rotate_270.jpg,22 Sekar Tanjung 4_rotate_270.jpg,22 Sekar Tanjung,238,3,test
/kaggle/input/datasets/hertiyani/batik-nitik-960-official-mendeley/Batik Nitik 960/Batik Nitik 960 Images/22 Sekar Tanjung 4_rotate_90.jpg,22 Sekar Tanjung 4_rotate_90.jpg,22 Sekar Tanjung,238,3,test
/kaggle/input/datasets/hertiyani/batik-nitik-960-official-mendeley/Batik Nitik 960/Batik Nitik 960 Images/23 Sekar Keben 1.jpg,23 Sekar Keben 1.jpg,23 Sekar Keben,240,3,test
/kaggle/input/datasets/hertiyani/batik-nitik-960-official-mendeley/Batik Nitik 960/Batik Nitik 960 Images/23 Sekar Keben 1_rotate_180.jpg,23 Sekar Keben 1_rotate_180.jpg,23 Sekar Keben,240,3,test
/kaggle/input/datasets/hertiyani/batik-nitik-960-official-mendeley/Batik Nitik 960/Batik Nitik 960 Images/23 Sekar Keben 1_rotate_270.jpg,23 Sekar Keben 1_rotate_270.jpg,23 Sekar Keben,242,3,train
/kaggle/input/datasets/hertiyani/batik-nitik-960-official-mendeley/Batik Nitik 960/Batik Nitik 960 Images/23 Sekar Keben 1_rotate_90.jpg,23 Sekar Keben 1_rotate_90.jpg,23 Sekar Keben,242,3,train
/kaggle/input/datasets/hertiyani/batik-nitik-960-official-mendeley/Batik Nitik 960/Batik Nitik 960 Images/23 Sekar Keben 2.jpg,23 Sekar Keben 2.jpg,23 Sekar Keben,244,3,test
/kaggle/input/datasets/hertiyani/batik-nitik-960-official-mendeley/Batik Nitik 960/Batik Nitik 960 Images/23 Sekar Keben 2_rotate_180.jpg,23 Sekar Keben 2_rotate_180.jpg,23 Sekar Keben,244,3,test
/kaggle/input/datasets/hertiyani/batik-nitik-960-official-mendeley/Batik Nitik 960/Batik Nitik 960 Images/23 Sekar Keben 2_rotate_270.jpg,23 Sekar Keben 2_rotate_270.jpg,23 Sekar Keben,246,3,test
/kaggle/input/datasets/hertiyani/batik-nitik-960-official-mendeley/Batik Nitik 960/Batik Nitik 960 Images/23 Sekar Keben 2_rotate_90.jpg,23 Sekar Keben 2_rotate_90.jpg,23 Sekar Keben,246,3,test
/kaggle/input/datasets/hertiyani/batik-nitik-960-official-mendeley/Batik Nitik 960/Batik Nitik 960 Images/23 Sekar Keben 3.jpg,23 Sekar Keben 3.jpg,23 Sekar Keben,248,3,train
/kaggle/input/datasets/hertiyani/batik-nitik-960-official-mendeley/Batik Nitik 960/Batik Nitik 960 Images/23 Sekar Keben 3_rotate_180.jpg,23 Sekar Keben 3_rotate_180.jpg,23 Sekar Keben,248,3,train
/kaggle/input/datasets/hertiyani/batik-nitik-960-official-mendeley/Batik Nitik 960/Batik Nitik 960 Images/23 Sekar Keben 3_rotate_270.jpg,23 Sekar Keben 3_rotate_270.jpg,23 Sekar Keben,250,3,train
/kaggle/input/datasets/hertiyani/batik-nitik-960-official-mendeley/Batik Nitik 960/Batik Nitik 960 Images/23 Sekar Keben 3_rotate_90.jpg,23 Sekar Keben 3_rotate_90.jpg,23 Sekar Keben,250,3,train
/kaggle/input/datasets/hertiyani/batik-nitik-960-official-mendeley/Batik Nitik 960/Batik Nitik 960 Images/23 Sekar Keben 4.jpg,23 Sekar Keben 4.jpg,23 Sekar Keben,252,3,train
/kaggle/input/datasets/hertiyani/batik-nitik-960-official-mendeley/Batik Nitik 960/Batik Nitik 960 Images/23 Sekar Keben 4_rotate_180.jpg,23 Sekar Keben 4_rotate_180.jpg,23 Sekar Keben,252,3,train
/kaggle/input/datasets/hertiyani/batik-nitik-960-official-mendeley/Batik Nitik 960/Batik Nitik 960 Images/23 Sekar Keben 4_rotate_270.jpg,23 Sekar Keben 4_rotate_270.jpg,23 Sekar Keben,254,3,train
/kaggle/input/datasets/hertiyani/batik-nitik-960-official-mendeley/Batik Nitik 960/Batik Nitik 960 Images/23 Sekar Keben 4_rotate_90.jpg,23 Sekar Keben 4_rotate_90.jpg,23 Sekar Keben,254,3,train
/kaggle/input/datasets/hertiyani/batik-nitik-960-official-mendeley/Batik Nitik 960/Batik Nitik 960 Images/24 Sekar Srengenge 1.jpg,24 Sekar Srengenge 1.jpg,24 Sekar Srengenge,256,3,train
/kaggle/input/datasets/hertiyani/batik-nitik-960-official-mendeley/Batik Nitik 960/Batik Nitik 960 Images/24 Sekar Srengenge 1_rotate_180.jpg,24 Sekar Srengenge 1_rotate_180.jpg,24 Sekar Srengenge,256,3,train
/kaggle/input/datasets/hertiyani/batik-nitik-960-official-mendeley/Batik Nitik 960/Batik Nitik 960 Images/24 Sekar Srengenge 1_rotate_270.jpg,24 Sekar Srengenge 1_rotate_270.jpg,24 Sekar Srengenge,258,3,train
/kaggle/input/datasets/hertiyani/batik-nitik-960-official-mendeley/Batik Nitik 960/Batik Nitik 960 Images/24 Sekar Srengenge 1_rotate_90.jpg,24 Sekar Srengenge 1_rotate_90.jpg,24 Sekar Srengenge,258,3,train
/kaggle/input/datasets/hertiyani/batik-nitik-960-official-mendeley/Batik Nitik 960/Batik Nitik 960 Images/24 Sekar Srengenge 2.jpg,24 Sekar Srengenge 2.jpg,24 Sekar Srengenge,260,3,train
/kaggle/input/datasets/hertiyani/batik-nitik-960-official-mendeley/Batik Nitik 960/Batik Nitik 960 Images/24 Sekar Srengenge 2_rotate_180.jpg,24 Sekar Srengenge 2_rotate_180.jpg,24 Sekar Srengenge,260,3,train
/kaggle/input/datasets/hertiyani/batik-nitik-960-official-mendeley/Batik Nitik 960/Batik Nitik 960 Images/24 Sekar Srengenge 2_rotate_270.jpg,24 Sekar Srengenge 2_rotate_270.jpg,24 Sekar Srengenge,262,3,train
/kaggle/input/datasets/hertiyani/batik-nitik-960-official-mendeley/Batik Nitik 960/Batik Nitik 960 Images/24 Sekar Srengenge 2_rotate_90.jpg,24 Sekar Srengenge 2_rotate_90.jpg,24 Sekar Srengenge,262,3,train
/kaggle/input/datasets/hertiyani/batik-nitik-960-official-mendeley/Batik Nitik 960/Batik Nitik 960 Images/24 Sekar Srengenge 3.jpg,24 Sekar Srengenge 3.jpg,24 Sekar Srengenge,264,3,test
/kaggle/input/datasets/hertiyani/batik-nitik-960-official-mendeley/Batik Nitik 960/Batik Nitik 960 Images/24 Sekar Srengenge 3_rotate_180.jpg,24 Sekar Srengenge 3_rotate_180.jpg,24 Sekar Srengenge,264,3,test
/kaggle/input/datasets/hertiyani/batik-nitik-960-official-mendeley/Batik Nitik 960/Batik Nitik 960 Images/24 Sekar Srengenge 3_rotate_270.jpg,24 Sekar Srengenge 3_rotate_270.jpg,24 Sekar Srengenge,264,3,test
/kaggle/input/datasets/hertiyani/batik-nitik-960-official-mendeley/Batik Nitik 960/Batik Nitik 960 Images/24 Sekar Srengenge 3_rotate_90.jpg,24 Sekar Srengenge 3_rotate_90.jpg,24 Sekar Srengenge,264,3,test
/kaggle/input/datasets/hertiyani/batik-nitik-960-official-mendeley/Batik Nitik 960/Batik Nitik 960 Images/24 Sekar Srengenge 4.jpg,24 Sekar Srengenge 4.jpg,24 Sekar Srengenge,268,3,train
/kaggle/input/datasets/hertiyani/batik-nitik-960-official-mendeley/Batik Nitik 960/Batik Nitik 960 Images/24 Sekar Srengenge 4_rotate_180.jpg,24 Sekar Srengenge 4_rotate_180.jpg,24 Sekar Srengenge,268,3,train
/kaggle/input/datasets/hertiyani/batik-nitik-960-official-mendeley/Batik Nitik 960/Batik Nitik 960 Images/24 Sekar Srengenge 4_rotate_270.jpg,24 Sekar Srengenge 4_rotate_270.jpg,24 Sekar Srengenge,270,3,test
/kaggle/input/datasets/hertiyani/batik-nitik-960-official-mendeley/Batik Nitik 960/Batik Nitik 960 Images/24 Sekar Srengenge 4_rotate_90.jpg,24 Sekar Srengenge 4_rotate_90.jpg,24 Sekar Srengenge,270,3,test
/kaggle/input/datasets/hertiyani/batik-nitik-960-official-mendeley/Batik Nitik 960/Batik Nitik 960 Images/25 Sekar Soka 1.jpg,25 Sekar Soka 1.jpg,25 Sekar Soka,272,3,train
/kaggle/input/datasets/hertiyani/batik-nitik-960-official-mendeley/Batik Nitik 960/Batik Nitik 960 Images/25 Sekar Soka 1_rotate_180.jpg,25 Sekar Soka 1_rotate_180.jpg,25 Sekar Soka,272,3,train
/kaggle/input/datasets/hertiyani/batik-nitik-960-official-mendeley/Batik Nitik 960/Batik Nitik 960 Images/25 Sekar Soka 1_rotate_270.jpg,25 Sekar Soka 1_rotate_270.jpg,25 Sekar Soka,274,3,test
/kaggle/input/datasets/hertiyani/batik-nitik-960-official-mendeley/Batik Nitik 960/Batik Nitik 960 Images/25 Sekar Soka 1_rotate_90.jpg,25 Sekar Soka 1_rotate_90.jpg,25 Sekar Soka,274,3,test
/kaggle/input/datasets/hertiyani/batik-nitik-960-official-mendeley/Batik Nitik 960/Batik Nitik 960 Images/25 Sekar Soka 2.jpg,25 Sekar Soka 2.jpg,25 Sekar Soka,276,3,train
/kaggle/input/datasets/hertiyani/batik-nitik-960-official-mendeley/Batik Nitik 960/Batik Nitik 960 Images/25 Sekar Soka 2_rotate_180.jpg,25 Sekar Soka 2_rotate_180.jpg,25 Sekar Soka,276,3,train
/kaggle/input/datasets/hertiyani/batik-nitik-960-official-mendeley/Batik Nitik 960/Batik Nitik 960 Images/25 Sekar Soka 2_rotate_270.jpg,25 Sekar Soka 2_rotate_270.jpg,25 Sekar Soka,278,3,train
/kaggle/input/datasets/hertiyani/batik-nitik-960-official-mendeley/Batik Nitik 960/Batik Nitik 960 Images/25 Sekar Soka 2_rotate_90.jpg,25 Sekar Soka 2_rotate_90.jpg,25 Sekar Soka,278,3,train
/kaggle/input/datasets/hertiyani/batik-nitik-960-official-mendeley/Batik Nitik 960/Batik Nitik 960 Images/25 Sekar Soka 3.jpg,25 Sekar Soka 3.jpg,25 Sekar Soka,280,3,train
/kaggle/input/datasets/hertiyani/batik-nitik-960-official-mendeley/Batik Nitik 960/Batik Nitik 960 Images/25 Sekar Soka 3_rotate_180.jpg,25 Sekar Soka 3_rotate_180.jpg,25 Sekar Soka,280,3,train
/kaggle/input/datasets/hertiyani/batik-nitik-960-official-mendeley/Batik Nitik 960/Batik Nitik 960 Images/25 Sekar Soka 3_rotate_270.jpg,25 Sekar Soka 3_rotate_270.jpg,25 Sekar Soka,282,3,test
/kaggle/input/datasets/hertiyani/batik-nitik-960-official-mendeley/Batik Nitik 960/Batik Nitik 960 Images/25 Sekar Soka 3_rotate_90.jpg,25 Sekar Soka 3_rotate_90.jpg,25 Sekar Soka,282,3,test
/kaggle/input/datasets/hertiyani/batik-nitik-960-official-mendeley/Batik Nitik 960/Batik Nitik 960 Images/25 Sekar Soka 4.jpg,25 Sekar Soka 4.jpg,25 Sekar Soka,284,3,train
/kaggle/input/datasets/hertiyani/batik-nitik-960-official-mendeley/Batik Nitik 960/Batik Nitik 960 Images/25 Sekar Soka 4_rotate_180.jpg,25 Sekar Soka 4_rotate_180.jpg,25 Sekar Soka,284,3,train
/kaggle/input/datasets/hertiyani/batik-nitik-960-official-mendeley/Batik Nitik 960/Batik Nitik 960 Images/25 Sekar Soka 4_rotate_270.jpg,25 Sekar Soka 4_rotate_270.jpg,25 Sekar Soka,286,3,test
/kaggle/input/datasets/hertiyani/batik-nitik-960-official-mendeley/Batik Nitik 960/Batik Nitik 960 Images/25 Sekar Soka 4_rotate_90.jpg,25 Sekar Soka 4_rotate_90.jpg,25 Sekar Soka,286,3,test
/kaggle/input/datasets/hertiyani/batik-nitik-960-official-mendeley/Batik Nitik 960/Batik Nitik 960 Images/26 Sekar Nangka 1.jpg,26 Sekar Nangka 1.jpg,26 Sekar Nangka,288,3,train
/kaggle/input/datasets/hertiyani/batik-nitik-960-official-mendeley/Batik Nitik 960/Batik Nitik 960 Images/26 Sekar Nangka 1_rotate_180.jpg,26 Sekar Nangka 1_rotate_180.jpg,26 Sekar Nangka,288,3,train
/kaggle/input/datasets/hertiyani/batik-nitik-960-official-mendeley/Batik Nitik 960/Batik Nitik 960 Images/26 Sekar Nangka 1_rotate_270.jpg,26 Sekar Nangka 1_rotate_270.jpg,26 Sekar Nangka,290,3,train
/kaggle/input/datasets/hertiyani/batik-nitik-960-official-mendeley/Batik Nitik 960/Batik Nitik 960 Images/26 Sekar Nangka 1_rotate_90.jpg,26 Sekar Nangka 1_rotate_90.jpg,26 Sekar Nangka,290,3,train
/kaggle/input/datasets/hertiyani/batik-nitik-960-official-mendeley/Batik Nitik 960/Batik Nitik 960 Images/26 Sekar Nangka 2.jpg,26 Sekar Nangka 2.jpg,26 Sekar Nangka,292,3,test
/kaggle/input/datasets/hertiyani/batik-nitik-960-official-mendeley/Batik Nitik 960/Batik Nitik 960 Images/26 Sekar Nangka 2_rotate_180.jpg,26 Sekar Nangka 2_rotate_180.jpg,26 Sekar Nangka,292,3,test
/kaggle/input/datasets/hertiyani/batik-nitik-960-official-mendeley/Batik Nitik 960/Batik Nitik 960 Images/26 Sekar Nangka 2_rotate_270.jpg,26 Sekar Nangka 2_rotate_270.jpg,26 Sekar Nangka,294,3,test
/kaggle/input/datasets/hertiyani/batik-nitik-960-official-mendeley/Batik Nitik 960/Batik Nitik 960 Images/26 Sekar Nangka 2_rotate_90.jpg,26 Sekar Nangka 2_rotate_90.jpg,26 Sekar Nangka,294,3,test
/kaggle/input/datasets/hertiyani/batik-nitik-960-official-mendeley/Batik Nitik 960/Batik Nitik 960 Images/26 Sekar Nangka 3.jpg,26 Sekar Nangka 3.jpg,26 Sekar Nangka,296,3,test
/kaggle/input/datasets/hertiyani/batik-nitik-960-official-mendeley/Batik Nitik 960/Batik Nitik 960 Images/26 Sekar Nangka 3_rotate_180.jpg,26 Sekar Nangka 3_rotate_180.jpg,26 Sekar Nangka,296,3,test
/kaggle/input/datasets/hertiyani/batik-nitik-960-official-mendeley/Batik Nitik 960/Batik Nitik 960 Images/26 Sekar Nangka 3_rotate_270.jpg,26 Sekar Nangka 3_rotate_270.jpg,26 Sekar Nangka,298,3,train
/kaggle/input/datasets/hertiyani/batik-nitik-960-official-mendeley/Batik Nitik 960/Batik Nitik 960 Images/26 Sekar Nangka 3_rotate_90.jpg,26 Sekar Nangka 3_rotate_90.jpg,26 Sekar Nangka,298,3,train
/kaggle/input/datasets/hertiyani/batik-nitik-960-official-mendeley/Batik Nitik 960/Batik Nitik 960 Images/26 Sekar Nangka 4.jpg,26 Sekar Nangka 4.jpg,26 Sekar Nangka,300,3,train
/kaggle/input/datasets/hertiyani/batik-nitik-960-official-mendeley/Batik Nitik 960/Batik Nitik 960 Images/26 Sekar Nangka 4_rotate_180.jpg,26 Sekar Nangka 4_rotate_180.jpg,26 Sekar Nangka,300,3,train
/kaggle/input/datasets/hertiyani/batik-nitik-960-official-mendeley/Batik Nitik 960/Batik Nitik 960 Images/26 Sekar Nangka 4_rotate_270.jpg,26 Sekar Nangka 4_rotate_270.jpg,26 Sekar Nangka,302,3,train
/kaggle/input/datasets/hertiyani/batik-nitik-960-official-mendeley/Batik Nitik 960/Batik Nitik 960 Images/26 Sekar Nangka 4_rotate_90.jpg,26 Sekar Nangka 4_rotate_90.jpg,26 Sekar Nangka,302,3,train
/kaggle/input/datasets/hertiyani/batik-nitik-960-official-mendeley/Batik Nitik 960/Batik Nitik 960 Images/27 Kawung Nitik 1.jpg,27 Kawung Nitik 1.jpg,27 Kawung Nitik,304,3,train
/kaggle/input/datasets/hertiyani/batik-nitik-960-official-mendeley/Batik Nitik 960/Batik Nitik 960 Images/27 Kawung Nitik 1_rotate_180.jpg,27 Kawung Nitik 1_rotate_180.jpg,27 Kawung Nitik,304,3,train
/kaggle/input/datasets/hertiyani/batik-nitik-960-official-mendeley/Batik Nitik 960/Batik Nitik 960 Images/27 Kawung Nitik 1_rotate_270.jpg,27 Kawung Nitik 1_rotate_270.jpg,27 Kawung Nitik,306,3,test
/kaggle/input/datasets/hertiyani/batik-nitik-960-official-mendeley/Batik Nitik 960/Batik Nitik 960 Images/27 Kawung Nitik 1_rotate_90.jpg,27 Kawung Nitik 1_rotate_90.jpg,27 Kawung Nitik,306,3,test
/kaggle/input/datasets/hertiyani/batik-nitik-960-official-mendeley/Batik Nitik 960/Batik Nitik 960 Images/27 Kawung Nitik 2.jpg,27 Kawung Nitik 2.jpg,27 Kawung Nitik,308,3,test
/kaggle/input/datasets/hertiyani/batik-nitik-960-official-mendeley/Batik Nitik 960/Batik Nitik 960 Images/27 Kawung Nitik 2_rotate_180.jpg,27 Kawung Nitik 2_rotate_180.jpg,27 Kawung Nitik,308,3,test
/kaggle/input/datasets/hertiyani/batik-nitik-960-official-mendeley/Batik Nitik 960/Batik Nitik 960 Images/27 Kawung Nitik 2_rotate_270.jpg,27 Kawung Nitik 2_rotate_270.jpg,27 Kawung Nitik,310,3,test
/kaggle/input/datasets/hertiyani/batik-nitik-960-official-mendeley/Batik Nitik 960/Batik Nitik 960 Images/27 Kawung Nitik 2_rotate_90.jpg,27 Kawung Nitik 2_rotate_90.jpg,27 Kawung Nitik,310,3,test
/kaggle/input/datasets/hertiyani/batik-nitik-960-official-mendeley/Batik Nitik 960/Batik Nitik 960 Images/27 Kawung Nitik 3.jpg,27 Kawung Nitik 3.jpg,27 Kawung Nitik,312,3,train
/kaggle/input/datasets/hertiyani/batik-nitik-960-official-mendeley/Batik Nitik 960/Batik Nitik 960 Images/27 Kawung Nitik 3_rotate_180.jpg,27 Kawung Nitik 3_rotate_180.jpg,27 Kawung Nitik,312,3,train
/kaggle/input/datasets/hertiyani/batik-nitik-960-official-mendeley/Batik Nitik 960/Batik Nitik 960 Images/27 Kawung Nitik 3_rotate_270.jpg,27 Kawung Nitik 3_rotate_270.jpg,27 Kawung Nitik,314,3,train
/kaggle/input/datasets/hertiyani/batik-nitik-960-official-mendeley/Batik Nitik 960/Batik Nitik 960 Images/27 Kawung Nitik 3_rotate_90.jpg,27 Kawung Nitik 3_rotate_90.jpg,27 Kawung Nitik,314,3,train
/kaggle/input/datasets/hertiyani/batik-nitik-960-official-mendeley/Batik Nitik 960/Batik Nitik 960 Images/27 Kawung Nitik 4.jpg,27 Kawung Nitik 4.jpg,27 Kawung Nitik,316,3,train
/kaggle/input/datasets/hertiyani/batik-nitik-960-official-mendeley/Batik Nitik 960/Batik Nitik 960 Images/27 Kawung Nitik 4_rotate_180.jpg,27 Kawung Nitik 4_rotate_180.jpg,27 Kawung Nitik,316,3,train
/kaggle/input/datasets/hertiyani/batik-nitik-960-official-mendeley/Batik Nitik 960/Batik Nitik 960 Images/27 Kawung Nitik 4_rotate_270.jpg,27 Kawung Nitik 4_rotate_270.jpg,27 Kawung Nitik,318,3,train
/kaggle/input/datasets/hertiyani/batik-nitik-960-official-mendeley/Batik Nitik 960/Batik Nitik 960 Images/27 Kawung Nitik 4_rotate_90.jpg,27 Kawung Nitik 4_rotate_90.jpg,27 Kawung Nitik,318,3,train
/kaggle/input/datasets/hertiyani/batik-nitik-960-official-mendeley/Batik Nitik 960/Batik Nitik 960 Images/28 Sekar Kenthang 1.jpg,28 Sekar Kenthang 1.jpg,28 Sekar Kenthang,320,3,test
/kaggle/input/datasets/hertiyani/batik-nitik-960-official-mendeley/Batik Nitik 960/Batik Nitik 960 Images/28 Sekar Kenthang 1_rotate_180.jpg,28 Sekar Kenthang 1_rotate_180.jpg,28 Sekar Kenthang,320,3,test
/kaggle/input/datasets/hertiyani/batik-nitik-960-official-mendeley/Batik Nitik 960/Batik Nitik 960 Images/28 Sekar Kenthang 1_rotate_270.jpg,28 Sekar Kenthang 1_rotate_270.jpg,28 Sekar Kenthang,322,3,train
/kaggle/input/datasets/hertiyani/batik-nitik-960-official-mendeley/Batik Nitik 960/Batik Nitik 960 Images/28 Sekar Kenthang 1_rotate_90.jpg,28 Sekar Kenthang 1_rotate_90.jpg,28 Sekar Kenthang,322,3,train
/kaggle/input/datasets/hertiyani/batik-nitik-960-official-mendeley/Batik Nitik 960/Batik Nitik 960 Images/28 Sekar Kenthang 2.jpg,28 Sekar Kenthang 2.jpg,28 Sekar Kenthang,324,3,train
/kaggle/input/datasets/hertiyani/batik-nitik-960-official-mendeley/Batik Nitik 960/Batik Nitik 960 Images/28 Sekar Kenthang 2_rotate_180.jpg,28 Sekar Kenthang 2_rotate_180.jpg,28 Sekar Kenthang,324,3,train
/kaggle/input/datasets/hertiyani/batik-nitik-960-official-mendeley/Batik Nitik 960/Batik Nitik 960 Images/28 Sekar Kenthang 2_rotate_270.jpg,28 Sekar Kenthang 2_rotate_270.jpg,28 Sekar Kenthang,326,3,train
/kaggle/input/datasets/hertiyani/batik-nitik-960-official-mendeley/Batik Nitik 960/Batik Nitik 960 Images/28 Sekar Kenthang 2_rotate_90.jpg,28 Sekar Kenthang 2_rotate_90.jpg,28 Sekar Kenthang,326,3,train
/kaggle/input/datasets/hertiyani/batik-nitik-960-official-mendeley/Batik Nitik 960/Batik Nitik 960 Images/28 Sekar Kenthang 3.jpg,28 Sekar Kenthang 3.jpg,28 Sekar Kenthang,328,3,train
/kaggle/input/datasets/hertiyani/batik-nitik-960-official-mendeley/Batik Nitik 960/Batik Nitik 960 Images/28 Sekar Kenthang 3_rotate_180.jpg,28 Sekar Kenthang 3_rotate_180.jpg,28 Sekar Kenthang,328,3,train
/kaggle/input/datasets/hertiyani/batik-nitik-960-official-mendeley/Batik Nitik 960/Batik Nitik 960 Images/28 Sekar Kenthang 3_rotate_270.jpg,28 Sekar Kenthang 3_rotate_270.jpg,28 Sekar Kenthang,328,3,train
/kaggle/input/datasets/hertiyani/batik-nitik-960-official-mendeley/Batik Nitik 960/Batik Nitik 960 Images/28 Sekar Kenthang 3_rotate_90.jpg,28 Sekar Kenthang 3_rotate_90.jpg,28 Sekar Kenthang,328,3,train
/kaggle/input/datasets/hertiyani/batik-nitik-960-official-mendeley/Batik Nitik 960/Batik Nitik 960 Images/28 Sekar Kenthang 4.jpg,28 Sekar Kenthang 4.jpg,28 Sekar Kenthang,332,3,test
/kaggle/input/datasets/hertiyani/batik-nitik-960-official-mendeley/Batik Nitik 960/Batik Nitik 960 Images/28 Sekar Kenthang 4_rotate_180.jpg,28 Sekar Kenthang 4_rotate_180.jpg,28 Sekar Kenthang,332,3,test
/kaggle/input/datasets/hertiyani/batik-nitik-960-official-mendeley/Batik Nitik 960/Batik Nitik 960 Images/28 Sekar Kenthang 4_rotate_270.jpg,28 Sekar Kenthang 4_rotate_270.jpg,28 Sekar Kenthang,332,3,test
/kaggle/input/datasets/hertiyani/batik-nitik-960-official-mendeley/Batik Nitik 960/Batik Nitik 960 Images/28 Sekar Kenthang 4_rotate_90.jpg,28 Sekar Kenthang 4_rotate_90.jpg,28 Sekar Kenthang,332,3,test
/kaggle/input/datasets/hertiyani/batik-nitik-960-official-mendeley/Batik Nitik 960/Batik Nitik 960 Images/29 Sekar Pudhak 1.jpg,29 Sekar Pudhak 1.jpg,29 Sekar Pudhak,336,3,train
/kaggle/input/datasets/hertiyani/batik-nitik-960-official-mendeley/Batik Nitik 960/Batik Nitik 960 Images/29 Sekar Pudhak 1_rotate_180.jpg,29 Sekar Pudhak 1_rotate_180.jpg,29 Sekar Pudhak,336,3,train
/kaggle/input/datasets/hertiyani/batik-nitik-960-official-mendeley/Batik Nitik 960/Batik Nitik 960 Images/29 Sekar Pudhak 1_rotate_270.jpg,29 Sekar Pudhak 1_rotate_270.jpg,29 Sekar Pudhak,338,3,train
/kaggle/input/datasets/hertiyani/batik-nitik-960-official-mendeley/Batik Nitik 960/Batik Nitik 960 Images/29 Sekar Pudhak 1_rotate_90.jpg,29 Sekar Pudhak 1_rotate_90.jpg,29 Sekar Pudhak,338,3,train
/kaggle/input/datasets/hertiyani/batik-nitik-960-official-mendeley/Batik Nitik 960/Batik Nitik 960 Images/29 Sekar Pudhak 2.jpg,29 Sekar Pudhak 2.jpg,29 Sekar Pudhak,340,3,test
/kaggle/input/datasets/hertiyani/batik-nitik-960-official-mendeley/Batik Nitik 960/Batik Nitik 960 Images/29 Sekar Pudhak 2_rotate_180.jpg,29 Sekar Pudhak 2_rotate_180.jpg,29 Sekar Pudhak,340,3,test
/kaggle/input/datasets/hertiyani/batik-nitik-960-official-mendeley/Batik Nitik 960/Batik Nitik 960 Images/29 Sekar Pudhak 2_rotate_270.jpg,29 Sekar Pudhak 2_rotate_270.jpg,29 Sekar Pudhak,340,3,test
/kaggle/input/datasets/hertiyani/batik-nitik-960-official-mendeley/Batik Nitik 960/Batik Nitik 960 Images/29 Sekar Pudhak 2_rotate_90.jpg,29 Sekar Pudhak 2_rotate_90.jpg,29 Sekar Pudhak,340,3,test
/kaggle/input/datasets/hertiyani/batik-nitik-960-official-mendeley/Batik Nitik 960/Batik Nitik 960 Images/29 Sekar Pudhak 3.jpg,29 Sekar Pudhak 3.jpg,29 Sekar Pudhak,344,3,test
/kaggle/input/datasets/hertiyani/batik-nitik-960-official-mendeley/Batik Nitik 960/Batik Nitik 960 Images/29 Sekar Pudhak 3_rotate_180.jpg,29 Sekar Pudhak 3_rotate_180.jpg,29 Sekar Pudhak,344,3,test
/kaggle/input/datasets/hertiyani/batik-nitik-960-official-mendeley/Batik Nitik 960/Batik Nitik 960 Images/29 Sekar Pudhak 3_rotate_270.jpg,29 Sekar Pudhak 3_rotate_270.jpg,29 Sekar Pudhak,344,3,test
/kaggle/input/datasets/hertiyani/batik-nitik-960-official-mendeley/Batik Nitik 960/Batik Nitik 960 Images/29 Sekar Pudhak 3_rotate_90.jpg,29 Sekar Pudhak 3_rotate_90.jpg,29 Sekar Pudhak,344,3,test
/kaggle/input/datasets/hertiyani/batik-nitik-960-official-mendeley/Batik Nitik 960/Batik Nitik 960 Images/29 Sekar Pudhak 4.jpg,29 Sekar Pudhak 4.jpg,29 Sekar Pudhak,348,3,train
/kaggle/input/datasets/hertiyani/batik-nitik-960-official-mendeley/Batik Nitik 960/Batik Nitik 960 Images/29 Sekar Pudhak 4_rotate_180.jpg,29 Sekar Pudhak 4_rotate_180.jpg,29 Sekar Pudhak,348,3,train
/kaggle/input/datasets/hertiyani/batik-nitik-960-official-mendeley/Batik Nitik 960/Batik Nitik 960 Images/29 Sekar Pudhak 4_rotate_270.jpg,29 Sekar Pudhak 4_rotate_270.jpg,29 Sekar Pudhak,350,3,train
/kaggle/input/datasets/hertiyani/batik-nitik-960-official-mendeley/Batik Nitik 960/Batik Nitik 960 Images/29 Sekar Pudhak 4_rotate_90.jpg,29 Sekar Pudhak 4_rotate_90.jpg,29 Sekar Pudhak,350,3,train
/kaggle/input/datasets/hertiyani/batik-nitik-960-official-mendeley/Batik Nitik 960/Batik Nitik 960 Images/3 Sekar Duren 1.jpg,3 Sekar Duren 1.jpg,3 Sekar Duren,352,3,test
/kaggle/input/datasets/hertiyani/batik-nitik-960-official-mendeley/Batik Nitik 960/Batik Nitik 960 Images/3 Sekar Duren 1_rotate_180.jpg,3 Sekar Duren 1_rotate_180.jpg,3 Sekar Duren,352,3,test
/kaggle/input/datasets/hertiyani/batik-nitik-960-official-mendeley/Batik Nitik 960/Batik Nitik 960 Images/3 Sekar Duren 1_rotate_270.jpg,3 Sekar Duren 1_rotate_270.jpg,3 Sekar Duren,354,3,train
/kaggle/input/datasets/hertiyani/batik-nitik-960-official-mendeley/Batik Nitik 960/Batik Nitik 960 Images/3 Sekar Duren 1_rotate_90.jpg,3 Sekar Duren 1_rotate_90.jpg,3 Sekar Duren,354,3,train
/kaggle/input/datasets/hertiyani/batik-nitik-960-official-mendeley/Batik Nitik 960/Batik Nitik 960 Images/3 Sekar Duren 2.jpg,3 Sekar Duren 2.jpg,3 Sekar Duren,356,3,train
/kaggle/input/datasets/hertiyani/batik-nitik-960-official-mendeley/Batik Nitik 960/Batik Nitik 960 Images/3 Sekar Duren 2_rotate_180.jpg,3 Sekar Duren 2_rotate_180.jpg,3 Sekar Duren,356,3,train
/kaggle/input/datasets/hertiyani/batik-nitik-960-official-mendeley/Batik Nitik 960/Batik Nitik 960 Images/3 Sekar Duren 2_rotate_270.jpg,3 Sekar Duren 2_rotate_270.jpg,3 Sekar Duren,358,3,train
/kaggle/input/datasets/hertiyani/batik-nitik-960-official-mendeley/Batik Nitik 960/Batik Nitik 960 Images/3 Sekar Duren 2_rotate_90.jpg,3 Sekar Duren 2_rotate_90.jpg,3 Sekar Duren,358,3,train
/kaggle/input/datasets/hertiyani/batik-nitik-960-official-mendeley/Batik Nitik 960/Batik Nitik 960 Images/3 Sekar Duren 3.jpg,3 Sekar Duren 3.jpg,3 Sekar Duren,360,3,test
/kaggle/input/datasets/hertiyani/batik-nitik-960-official-mendeley/Batik Nitik 960/Batik Nitik 960 Images/3 Sekar Duren 3_rotate_180.jpg,3 Sekar Duren 3_rotate_180.jpg,3 Sekar Duren,360,3,test
/kaggle/input/datasets/hertiyani/batik-nitik-960-official-mendeley/Batik Nitik 960/Batik Nitik 960 Images/3 Sekar Duren 3_rotate_270.jpg,3 Sekar Duren 3_rotate_270.jpg,3 Sekar Duren,362,3,train
/kaggle/input/datasets/hertiyani/batik-nitik-960-official-mendeley/Batik Nitik 960/Batik Nitik 960 Images/3 Sekar Duren 3_rotate_90.jpg,3 Sekar Duren 3_rotate_90.jpg,3 Sekar Duren,362,3,train
/kaggle/input/datasets/hertiyani/batik-nitik-960-official-mendeley/Batik Nitik 960/Batik Nitik 960 Images/3 Sekar Duren 4.jpg,3 Sekar Duren 4.jpg,3 Sekar Duren,364,3,train
/kaggle/input/datasets/hertiyani/batik-nitik-960-official-mendeley/Batik Nitik 960/Batik Nitik 960 Images/3 Sekar Duren 4_rotate_180.jpg,3 Sekar Duren 4_rotate_180.jpg,3 Sekar Duren,364,3,train
/kaggle/input/datasets/hertiyani/batik-nitik-960-official-mendeley/Batik Nitik 960/Batik Nitik 960 Images/3 Sekar Duren 4_rotate_270.jpg,3 Sekar Duren 4_rotate_270.jpg,3 Sekar Duren,366,3,test
/kaggle/input/datasets/hertiyani/batik-nitik-960-official-mendeley/Batik Nitik 960/Batik Nitik 960 Images/3 Sekar Duren 4_rotate_90.jpg,3 Sekar Duren 4_rotate_90.jpg,3 Sekar Duren,366,3,test
/kaggle/input/datasets/hertiyani/batik-nitik-960-official-mendeley/Batik Nitik 960/Batik Nitik 960 Images/30 Sekar Dlima 1.jpg,30 Sekar Dlima 1.jpg,30 Sekar Dlima,368,3,train
/kaggle/input/datasets/hertiyani/batik-nitik-960-official-mendeley/Batik Nitik 960/Batik Nitik 960 Images/30 Sekar Dlima 1_rotate_180.jpg,30 Sekar Dlima 1_rotate_180.jpg,30 Sekar Dlima,368,3,train
/kaggle/input/datasets/hertiyani/batik-nitik-960-official-mendeley/Batik Nitik 960/Batik Nitik 960 Images/30 Sekar Dlima 1_rotate_270.jpg,30 Sekar Dlima 1_rotate_270.jpg,30 Sekar Dlima,370,3,test
/kaggle/input/datasets/hertiyani/batik-nitik-960-official-mendeley/Batik Nitik 960/Batik Nitik 960 Images/30 Sekar Dlima 1_rotate_90.jpg,30 Sekar Dlima 1_rotate_90.jpg,30 Sekar Dlima,370,3,test
/kaggle/input/datasets/hertiyani/batik-nitik-960-official-mendeley/Batik Nitik 960/Batik Nitik 960 Images/30 Sekar Dlima 2.jpg,30 Sekar Dlima 2.jpg,30 Sekar Dlima,372,3,train
/kaggle/input/datasets/hertiyani/batik-nitik-960-official-mendeley/Batik Nitik 960/Batik Nitik 960 Images/30 Sekar Dlima 2_rotate_180.jpg,30 Sekar Dlima 2_rotate_180.jpg,30 Sekar Dlima,372,3,train
/kaggle/input/datasets/hertiyani/batik-nitik-960-official-mendeley/Batik Nitik 960/Batik Nitik 960 Images/30 Sekar Dlima 2_rotate_270.jpg,30 Sekar Dlima 2_rotate_270.jpg,30 Sekar Dlima,374,3,train
/kaggle/input/datasets/hertiyani/batik-nitik-960-official-mendeley/Batik Nitik 960/Batik Nitik 960 Images/30 Sekar Dlima 2_rotate_90.jpg,30 Sekar Dlima 2_rotate_90.jpg,30 Sekar Dlima,374,3,train
/kaggle/input/datasets/hertiyani/batik-nitik-960-official-mendeley/Batik Nitik 960/Batik Nitik 960 Images/30 Sekar Dlima 3.jpg,30 Sekar Dlima 3.jpg,30 Sekar Dlima,376,3,test
/kaggle/input/datasets/hertiyani/batik-nitik-960-official-mendeley/Batik Nitik 960/Batik Nitik 960 Images/30 Sekar Dlima 3_rotate_180.jpg,30 Sekar Dlima 3_rotate_180.jpg,30 Sekar Dlima,376,3,test
/kaggle/input/datasets/hertiyani/batik-nitik-960-official-mendeley/Batik Nitik 960/Batik Nitik 960 Images/30 Sekar Dlima 3_rotate_270.jpg,30 Sekar Dlima 3_rotate_270.jpg,30 Sekar Dlima,376,3,test
/kaggle/input/datasets/hertiyani/batik-nitik-960-official-mendeley/Batik Nitik 960/Batik Nitik 960 Images/30 Sekar Dlima 3_rotate_90.jpg,30 Sekar Dlima 3_rotate_90.jpg,30 Sekar Dlima,376,3,test
/kaggle/input/datasets/hertiyani/batik-nitik-960-official-mendeley/Batik Nitik 960/Batik Nitik 960 Images/30 Sekar Dlima 4.jpg,30 Sekar Dlima 4.jpg,30 Sekar Dlima,380,3,train
/kaggle/input/datasets/hertiyani/batik-nitik-960-official-mendeley/Batik Nitik 960/Batik Nitik 960 Images/30 Sekar Dlima 4_rotate_180.jpg,30 Sekar Dlima 4_rotate_180.jpg,30 Sekar Dlima,380,3,train
/kaggle/input/datasets/hertiyani/batik-nitik-960-official-mendeley/Batik Nitik 960/Batik Nitik 960 Images/30 Sekar Dlima 4_rotate_270.jpg,30 Sekar Dlima 4_rotate_270.jpg,30 Sekar Dlima,382,3,train
/kaggle/input/datasets/hertiyani/batik-nitik-960-official-mendeley/Batik Nitik 960/Batik Nitik 960 Images/30 Sekar Dlima 4_rotate_90.jpg,30 Sekar Dlima 4_rotate_90.jpg,30 Sekar Dlima,382,3,train
/kaggle/input/datasets/hertiyani/batik-nitik-960-official-mendeley/Batik Nitik 960/Batik Nitik 960 Images/31 Krawitan  2.jpg,31 Krawitan  2.jpg,31 Krawitan,384,3,train
/kaggle/input/datasets/hertiyani/batik-nitik-960-official-mendeley/Batik Nitik 960/Batik Nitik 960 Images/31 Krawitan  2_rotate_180.jpg,31 Krawitan  2_rotate_180.jpg,31 Krawitan,384,3,train
/kaggle/input/datasets/hertiyani/batik-nitik-960-official-mendeley/Batik Nitik 960/Batik Nitik 960 Images/31 Krawitan  2_rotate_270.jpg,31 Krawitan  2_rotate_270.jpg,31 Krawitan,386,3,train
/kaggle/input/datasets/hertiyani/batik-nitik-960-official-mendeley/Batik Nitik 960/Batik Nitik 960 Images/31 Krawitan  2_rotate_90.jpg,31 Krawitan  2_rotate_90.jpg,31 Krawitan,386,3,train
/kaggle/input/datasets/hertiyani/batik-nitik-960-official-mendeley/Batik Nitik 960/Batik Nitik 960 Images/31 Krawitan 1.jpg,31 Krawitan 1.jpg,31 Krawitan,388,3,train
/kaggle/input/datasets/hertiyani/batik-nitik-960-official-mendeley/Batik Nitik 960/Batik Nitik 960 Images/31 Krawitan 1_rotate_180.jpg,31 Krawitan 1_rotate_180.jpg,31 Krawitan,388,3,train
/kaggle/input/datasets/hertiyani/batik-nitik-960-official-mendeley/Batik Nitik 960/Batik Nitik 960 Images/31 Krawitan 1_rotate_270.jpg,31 Krawitan 1_rotate_270.jpg,31 Krawitan,390,3,test
/kaggle/input/datasets/hertiyani/batik-nitik-960-official-mendeley/Batik Nitik 960/Batik Nitik 960 Images/31 Krawitan 1_rotate_90.jpg,31 Krawitan 1_rotate_90.jpg,31 Krawitan,390,3,test
/kaggle/input/datasets/hertiyani/batik-nitik-960-official-mendeley/Batik Nitik 960/Batik Nitik 960 Images/31 Krawitan 3.jpg,31 Krawitan 3.jpg,31 Krawitan,392,3,test
/kaggle/input/datasets/hertiyani/batik-nitik-960-official-mendeley/Batik Nitik 960/Batik Nitik 960 Images/31 Krawitan 3_rotate_180.jpg,31 Krawitan 3_rotate_180.jpg,31 Krawitan,392,3,test
/kaggle/input/datasets/hertiyani/batik-nitik-960-official-mendeley/Batik Nitik 960/Batik Nitik 960 Images/31 Krawitan 3_rotate_270.jpg,31 Krawitan 3_rotate_270.jpg,31 Krawitan,394,3,test
/kaggle/input/datasets/hertiyani/batik-nitik-960-official-mendeley/Batik Nitik 960/Batik Nitik 960 Images/31 Krawitan 3_rotate_90.jpg,31 Krawitan 3_rotate_90.jpg,31 Krawitan,394,3,test
/kaggle/input/datasets/hertiyani/batik-nitik-960-official-mendeley/Batik Nitik 960/Batik Nitik 960 Images/31 Krawitan 4.jpg,31 Krawitan 4.jpg,31 Krawitan,396,3,train
/kaggle/input/datasets/hertiyani/batik-nitik-960-official-mendeley/Batik Nitik 960/Batik Nitik 960 Images/31 Krawitan 4_rotate_180.jpg,31 Krawitan 4_rotate_180.jpg,31 Krawitan,396,3,train
/kaggle/input/datasets/hertiyani/batik-nitik-960-official-mendeley/Batik Nitik 960/Batik Nitik 960 Images/31 Krawitan 4_rotate_270.jpg,31 Krawitan 4_rotate_270.jpg,31 Krawitan,398,3,train
/kaggle/input/datasets/hertiyani/batik-nitik-960-official-mendeley/Batik Nitik 960/Batik Nitik 960 Images/31 Krawitan 4_rotate_90.jpg,31 Krawitan 4_rotate_90.jpg,31 Krawitan,398,3,train
/kaggle/input/datasets/hertiyani/batik-nitik-960-official-mendeley/Batik Nitik 960/Batik Nitik 960 Images/32 Cinde Wilis 1.jpg,32 Cinde Wilis 1.jpg,32 Cinde Wilis,400,3,train
/kaggle/input/datasets/hertiyani/batik-nitik-960-official-mendeley/Batik Nitik 960/Batik Nitik 960 Images/32 Cinde Wilis 1_rotate_180.jpg,32 Cinde Wilis 1_rotate_180.jpg,32 Cinde Wilis,400,3,train
/kaggle/input/datasets/hertiyani/batik-nitik-960-official-mendeley/Batik Nitik 960/Batik Nitik 960 Images/32 Cinde Wilis 1_rotate_270.jpg,32 Cinde Wilis 1_rotate_270.jpg,32 Cinde Wilis,402,3,train
/kaggle/input/datasets/hertiyani/batik-nitik-960-official-mendeley/Batik Nitik 960/Batik Nitik 960 Images/32 Cinde Wilis 1_rotate_90.jpg,32 Cinde Wilis 1_rotate_90.jpg,32 Cinde Wilis,402,3,train
/kaggle/input/datasets/hertiyani/batik-nitik-960-official-mendeley/Batik Nitik 960/Batik Nitik 960 Images/32 Cinde Wilis 2.jpg,32 Cinde Wilis 2.jpg,32 Cinde Wilis,404,3,train
/kaggle/input/datasets/hertiyani/batik-nitik-960-official-mendeley/Batik Nitik 960/Batik Nitik 960 Images/32 Cinde Wilis 2_rotate_180.jpg,32 Cinde Wilis 2_rotate_180.jpg,32 Cinde Wilis,404,3,train
/kaggle/input/datasets/hertiyani/batik-nitik-960-official-mendeley/Batik Nitik 960/Batik Nitik 960 Images/32 Cinde Wilis 2_rotate_270.jpg,32 Cinde Wilis 2_rotate_270.jpg,32 Cinde Wilis,406,3,train
/kaggle/input/datasets/hertiyani/batik-nitik-960-official-mendeley/Batik Nitik 960/Batik Nitik 960 Images/32 Cinde Wilis 2_rotate_90.jpg,32 Cinde Wilis 2_rotate_90.jpg,32 Cinde Wilis,406,3,train
/kaggle/input/datasets/hertiyani/batik-nitik-960-official-mendeley/Batik Nitik 960/Batik Nitik 960 Images/32 Cinde Wilis 3.jpg,32 Cinde Wilis 3.jpg,32 Cinde Wilis,408,3,test
/kaggle/input/datasets/hertiyani/batik-nitik-960-official-mendeley/Batik Nitik 960/Batik Nitik 960 Images/32 Cinde Wilis 3_rotate_180.jpg,32 Cinde Wilis 3_rotate_180.jpg,32 Cinde Wilis,408,3,test
/kaggle/input/datasets/hertiyani/batik-nitik-960-official-mendeley/Batik Nitik 960/Batik Nitik 960 Images/32 Cinde Wilis 3_rotate_270.jpg,32 Cinde Wilis 3_rotate_270.jpg,32 Cinde Wilis,408,3,test
/kaggle/input/datasets/hertiyani/batik-nitik-960-official-mendeley/Batik Nitik 960/Batik Nitik 960 Images/32 Cinde Wilis 3_rotate_90.jpg,32 Cinde Wilis 3_rotate_90.jpg,32 Cinde Wilis,408,3,test
/kaggle/input/datasets/hertiyani/batik-nitik-960-official-mendeley/Batik Nitik 960/Batik Nitik 960 Images/32 Cinde Wilis 4.jpg,32 Cinde Wilis 4.jpg,32 Cinde Wilis,412,3,train
/kaggle/input/datasets/hertiyani/batik-nitik-960-official-mendeley/Batik Nitik 960/Batik Nitik 960 Images/32 Cinde Wilis 4_rotate_180.jpg,32 Cinde Wilis 4_rotate_180.jpg,32 Cinde Wilis,412,3,train
/kaggle/input/datasets/hertiyani/batik-nitik-960-official-mendeley/Batik Nitik 960/Batik Nitik 960 Images/32 Cinde Wilis 4_rotate_270.jpg,32 Cinde Wilis 4_rotate_270.jpg,32 Cinde Wilis,414,3,test
/kaggle/input/datasets/hertiyani/batik-nitik-960-official-mendeley/Batik Nitik 960/Batik Nitik 960 Images/32 Cinde Wilis 4_rotate_90.jpg,32 Cinde Wilis 4_rotate_90.jpg,32 Cinde Wilis,414,3,test
/kaggle/input/datasets/hertiyani/batik-nitik-960-official-mendeley/Batik Nitik 960/Batik Nitik 960 Images/33 Sekar Mlathi 1.jpg,33 Sekar Mlathi 1.jpg,33 Sekar Mlathi,416,3,train
/kaggle/input/datasets/hertiyani/batik-nitik-960-official-mendeley/Batik Nitik 960/Batik Nitik 960 Images/33 Sekar Mlathi 1_rotate_180.jpg,33 Sekar Mlathi 1_rotate_180.jpg,33 Sekar Mlathi,416,3,train
/kaggle/input/datasets/hertiyani/batik-nitik-960-official-mendeley/Batik Nitik 960/Batik Nitik 960 Images/33 Sekar Mlathi 1_rotate_270.jpg,33 Sekar Mlathi 1_rotate_270.jpg,33 Sekar Mlathi,416,3,train
/kaggle/input/datasets/hertiyani/batik-nitik-960-official-mendeley/Batik Nitik 960/Batik Nitik 960 Images/33 Sekar Mlathi 1_rotate_90.jpg,33 Sekar Mlathi 1_rotate_90.jpg,33 Sekar Mlathi,416,3,train
/kaggle/input/datasets/hertiyani/batik-nitik-960-official-mendeley/Batik Nitik 960/Batik Nitik 960 Images/33 Sekar Mlathi 2.jpg,33 Sekar Mlathi 2.jpg,33 Sekar Mlathi,420,3,test
/kaggle/input/datasets/hertiyani/batik-nitik-960-official-mendeley/Batik Nitik 960/Batik Nitik 960 Images/33 Sekar Mlathi 2_rotate_180.jpg,33 Sekar Mlathi 2_rotate_180.jpg,33 Sekar Mlathi,420,3,test
/kaggle/input/datasets/hertiyani/batik-nitik-960-official-mendeley/Batik Nitik 960/Batik Nitik 960 Images/33 Sekar Mlathi 2_rotate_270.jpg,33 Sekar Mlathi 2_rotate_270.jpg,33 Sekar Mlathi,422,3,test
/kaggle/input/datasets/hertiyani/batik-nitik-960-official-mendeley/Batik Nitik 960/Batik Nitik 960 Images/33 Sekar Mlathi 2_rotate_90.jpg,33 Sekar Mlathi 2_rotate_90.jpg,33 Sekar Mlathi,422,3,test
/kaggle/input/datasets/hertiyani/batik-nitik-960-official-mendeley/Batik Nitik 960/Batik Nitik 960 Images/33 Sekar Mlathi 3.jpg,33 Sekar Mlathi 3.jpg,33 Sekar Mlathi,424,3,test
/kaggle/input/datasets/hertiyani/batik-nitik-960-official-mendeley/Batik Nitik 960/Batik Nitik 960 Images/33 Sekar Mlathi 3_rotate_180.jpg,33 Sekar Mlathi 3_rotate_180.jpg,33 Sekar Mlathi,424,3,test
/kaggle/input/datasets/hertiyani/batik-nitik-960-official-mendeley/Batik Nitik 960/Batik Nitik 960 Images/33 Sekar Mlathi 3_rotate_270.jpg,33 Sekar Mlathi 3_rotate_270.jpg,33 Sekar Mlathi,424,3,test
/kaggle/input/datasets/hertiyani/batik-nitik-960-official-mendeley/Batik Nitik 960/Batik Nitik 960 Images/33 Sekar Mlathi 3_rotate_90.jpg,33 Sekar Mlathi 3_rotate_90.jpg,33 Sekar Mlathi,424,3,test
/kaggle/input/datasets/hertiyani/batik-nitik-960-official-mendeley/Batik Nitik 960/Batik Nitik 960 Images/33 Sekar Mlathi 4.jpg,33 Sekar Mlathi 4.jpg,33 Sekar Mlathi,428,3,train
/kaggle/input/datasets/hertiyani/batik-nitik-960-official-mendeley/Batik Nitik 960/Batik Nitik 960 Images/33 Sekar Mlathi 4_rotate_180.jpg,33 Sekar Mlathi 4_rotate_180.jpg,33 Sekar Mlathi,428,3,train
/kaggle/input/datasets/hertiyani/batik-nitik-960-official-mendeley/Batik Nitik 960/Batik Nitik 960 Images/33 Sekar Mlathi 4_rotate_270.jpg,33 Sekar Mlathi 4_rotate_270.jpg,33 Sekar Mlathi,430,3,train
/kaggle/input/datasets/hertiyani/batik-nitik-960-official-mendeley/Batik Nitik 960/Batik Nitik 960 Images/33 Sekar Mlathi 4_rotate_90.jpg,33 Sekar Mlathi 4_rotate_90.jpg,33 Sekar Mlathi,430,3,train
/kaggle/input/datasets/hertiyani/batik-nitik-960-official-mendeley/Batik Nitik 960/Batik Nitik 960 Images/34 Kuncup Kanthil 1.jpg,34 Kuncup Kanthil 1.jpg,34 Kuncup Kanthil,432,3,test
/kaggle/input/datasets/hertiyani/batik-nitik-960-official-mendeley/Batik Nitik 960/Batik Nitik 960 Images/34 Kuncup Kanthil 1_rotate_180.jpg,34 Kuncup Kanthil 1_rotate_180.jpg,34 Kuncup Kanthil,432,3,test
/kaggle/input/datasets/hertiyani/batik-nitik-960-official-mendeley/Batik Nitik 960/Batik Nitik 960 Images/34 Kuncup Kanthil 1_rotate_270.jpg,34 Kuncup Kanthil 1_rotate_270.jpg,34 Kuncup Kanthil,432,3,test
/kaggle/input/datasets/hertiyani/batik-nitik-960-official-mendeley/Batik Nitik 960/Batik Nitik 960 Images/34 Kuncup Kanthil 1_rotate_90.jpg,34 Kuncup Kanthil 1_rotate_90.jpg,34 Kuncup Kanthil,432,3,test
/kaggle/input/datasets/hertiyani/batik-nitik-960-official-mendeley/Batik Nitik 960/Batik Nitik 960 Images/34 Kuncup Kanthil 2.jpg,34 Kuncup Kanthil 2.jpg,34 Kuncup Kanthil,436,3,train
/kaggle/input/datasets/hertiyani/batik-nitik-960-official-mendeley/Batik Nitik 960/Batik Nitik 960 Images/34 Kuncup Kanthil 2_rotate_180.jpg,34 Kuncup Kanthil 2_rotate_180.jpg,34 Kuncup Kanthil,436,3,train
/kaggle/input/datasets/hertiyani/batik-nitik-960-official-mendeley/Batik Nitik 960/Batik Nitik 960 Images/34 Kuncup Kanthil 2_rotate_270.jpg,34 Kuncup Kanthil 2_rotate_270.jpg,34 Kuncup Kanthil,438,3,train
/kaggle/input/datasets/hertiyani/batik-nitik-960-official-mendeley/Batik Nitik 960/Batik Nitik 960 Images/34 Kuncup Kanthil 2_rotate_90.jpg,34 Kuncup Kanthil 2_rotate_90.jpg,34 Kuncup Kanthil,438,3,train
/kaggle/input/datasets/hertiyani/batik-nitik-960-official-mendeley/Batik Nitik 960/Batik Nitik 960 Images/34 Kuncup Kanthil 3.jpg,34 Kuncup Kanthil 3.jpg,34 Kuncup Kanthil,440,3,test
/kaggle/input/datasets/hertiyani/batik-nitik-960-official-mendeley/Batik Nitik 960/Batik Nitik 960 Images/34 Kuncup Kanthil 3_rotate_180.jpg,34 Kuncup Kanthil 3_rotate_180.jpg,34 Kuncup Kanthil,440,3,test
/kaggle/input/datasets/hertiyani/batik-nitik-960-official-mendeley/Batik Nitik 960/Batik Nitik 960 Images/34 Kuncup Kanthil 3_rotate_270.jpg,34 Kuncup Kanthil 3_rotate_270.jpg,34 Kuncup Kanthil,442,3,train
/kaggle/input/datasets/hertiyani/batik-nitik-960-official-mendeley/Batik Nitik 960/Batik Nitik 960 Images/34 Kuncup Kanthil 3_rotate_90.jpg,34 Kuncup Kanthil 3_rotate_90.jpg,34 Kuncup Kanthil,442,3,train
/kaggle/input/datasets/hertiyani/batik-nitik-960-official-mendeley/Batik Nitik 960/Batik Nitik 960 Images/34 Kuncup Kanthil 4.jpg,34 Kuncup Kanthil 4.jpg,34 Kuncup Kanthil,444,3,train
/kaggle/input/datasets/hertiyani/batik-nitik-960-official-mendeley/Batik Nitik 960/Batik Nitik 960 Images/34 Kuncup Kanthil 4_rotate_180.jpg,34 Kuncup Kanthil 4_rotate_180.jpg,34 Kuncup Kanthil,444,3,train
/kaggle/input/datasets/hertiyani/batik-nitik-960-official-mendeley/Batik Nitik 960/Batik Nitik 960 Images/34 Kuncup Kanthil 4_rotate_270.jpg,34 Kuncup Kanthil 4_rotate_270.jpg,34 Kuncup Kanthil,446,3,train
/kaggle/input/datasets/hertiyani/batik-nitik-960-official-mendeley/Batik Nitik 960/Batik Nitik 960 Images/34 Kuncup Kanthil 4_rotate_90.jpg,34 Kuncup Kanthil 4_rotate_90.jpg,34 Kuncup Kanthil,446,3,train
/kaggle/input/datasets/hertiyani/batik-nitik-960-official-mendeley/Batik Nitik 960/Batik Nitik 960 Images/35 Sekar Dangan 1.jpg,35 Sekar Dangan 1.jpg,35 Sekar Dangan,448,3,train
/kaggle/input/datasets/hertiyani/batik-nitik-960-official-mendeley/Batik Nitik 960/Batik Nitik 960 Images/35 Sekar Dangan 1_rotate_180.jpg,35 Sekar Dangan 1_rotate_180.jpg,35 Sekar Dangan,448,3,train
/kaggle/input/datasets/hertiyani/batik-nitik-960-official-mendeley/Batik Nitik 960/Batik Nitik 960 Images/35 Sekar Dangan 1_rotate_270.jpg,35 Sekar Dangan 1_rotate_270.jpg,35 Sekar Dangan,450,3,train
/kaggle/input/datasets/hertiyani/batik-nitik-960-official-mendeley/Batik Nitik 960/Batik Nitik 960 Images/35 Sekar Dangan 1_rotate_90.jpg,35 Sekar Dangan 1_rotate_90.jpg,35 Sekar Dangan,450,3,train
/kaggle/input/datasets/hertiyani/batik-nitik-960-official-mendeley/Batik Nitik 960/Batik Nitik 960 Images/35 Sekar Dangan 2.jpg,35 Sekar Dangan 2.jpg,35 Sekar Dangan,452,3,test
/kaggle/input/datasets/hertiyani/batik-nitik-960-official-mendeley/Batik Nitik 960/Batik Nitik 960 Images/35 Sekar Dangan 2_rotate_180.jpg,35 Sekar Dangan 2_rotate_180.jpg,35 Sekar Dangan,452,3,test
/kaggle/input/datasets/hertiyani/batik-nitik-960-official-mendeley/Batik Nitik 960/Batik Nitik 960 Images/35 Sekar Dangan 2_rotate_270.jpg,35 Sekar Dangan 2_rotate_270.jpg,35 Sekar Dangan,454,3,train
/kaggle/input/datasets/hertiyani/batik-nitik-960-official-mendeley/Batik Nitik 960/Batik Nitik 960 Images/35 Sekar Dangan 2_rotate_90.jpg,35 Sekar Dangan 2_rotate_90.jpg,35 Sekar Dangan,454,3,train
/kaggle/input/datasets/hertiyani/batik-nitik-960-official-mendeley/Batik Nitik 960/Batik Nitik 960 Images/35 Sekar Dangan 3.jpg,35 Sekar Dangan 3.jpg,35 Sekar Dangan,456,3,train
/kaggle/input/datasets/hertiyani/batik-nitik-960-official-mendeley/Batik Nitik 960/Batik Nitik 960 Images/35 Sekar Dangan 3_rotate_180.jpg,35 Sekar Dangan 3_rotate_180.jpg,35 Sekar Dangan,456,3,train
/kaggle/input/datasets/hertiyani/batik-nitik-960-official-mendeley/Batik Nitik 960/Batik Nitik 960 Images/35 Sekar Dangan 3_rotate_270.jpg,35 Sekar Dangan 3_rotate_270.jpg,35 Sekar Dangan,456,3,train
/kaggle/input/datasets/hertiyani/batik-nitik-960-official-mendeley/Batik Nitik 960/Batik Nitik 960 Images/35 Sekar Dangan 3_rotate_90.jpg,35 Sekar Dangan 3_rotate_90.jpg,35 Sekar Dangan,456,3,train
/kaggle/input/datasets/hertiyani/batik-nitik-960-official-mendeley/Batik Nitik 960/Batik Nitik 960 Images/35 Sekar Dangan 4.jpg,35 Sekar Dangan 4.jpg,35 Sekar Dangan,460,3,test
/kaggle/input/datasets/hertiyani/batik-nitik-960-official-mendeley/Batik Nitik 960/Batik Nitik 960 Images/35 Sekar Dangan 4_rotate_180.jpg,35 Sekar Dangan 4_rotate_180.jpg,35 Sekar Dangan,460,3,test
/kaggle/input/datasets/hertiyani/batik-nitik-960-official-mendeley/Batik Nitik 960/Batik Nitik 960 Images/35 Sekar Dangan 4_rotate_270.jpg,35 Sekar Dangan 4_rotate_270.jpg,35 Sekar Dangan,460,3,test
/kaggle/input/datasets/hertiyani/batik-nitik-960-official-mendeley/Batik Nitik 960/Batik Nitik 960 Images/35 Sekar Dangan 4_rotate_90.jpg,35 Sekar Dangan 4_rotate_90.jpg,35 Sekar Dangan,460,3,test
/kaggle/input/datasets/hertiyani/batik-nitik-960-official-mendeley/Batik Nitik 960/Batik Nitik 960 Images/36 Sekar Sawo 1.jpg,36 Sekar Sawo 1.jpg,36 Sekar Sawo,464,3,train
/kaggle/input/datasets/hertiyani/batik-nitik-960-official-mendeley/Batik Nitik 960/Batik Nitik 960 Images/36 Sekar Sawo 1_rotate_180.jpg,36 Sekar Sawo 1_rotate_180.jpg,36 Sekar Sawo,464,3,train
/kaggle/input/datasets/hertiyani/batik-nitik-960-official-mendeley/Batik Nitik 960/Batik Nitik 960 Images/36 Sekar Sawo 1_rotate_270.jpg,36 Sekar Sawo 1_rotate_270.jpg,36 Sekar Sawo,466,3,test
/kaggle/input/datasets/hertiyani/batik-nitik-960-official-mendeley/Batik Nitik 960/Batik Nitik 960 Images/36 Sekar Sawo 1_rotate_90.jpg,36 Sekar Sawo 1_rotate_90.jpg,36 Sekar Sawo,466,3,test
/kaggle/input/datasets/hertiyani/batik-nitik-960-official-mendeley/Batik Nitik 960/Batik Nitik 960 Images/36 Sekar Sawo 2.jpg,36 Sekar Sawo 2.jpg,36 Sekar Sawo,468,3,train
/kaggle/input/datasets/hertiyani/batik-nitik-960-official-mendeley/Batik Nitik 960/Batik Nitik 960 Images/36 Sekar Sawo 2_rotate_180.jpg,36 Sekar Sawo 2_rotate_180.jpg,36 Sekar Sawo,468,3,train
/kaggle/input/datasets/hertiyani/batik-nitik-960-official-mendeley/Batik Nitik 960/Batik Nitik 960 Images/36 Sekar Sawo 2_rotate_270.jpg,36 Sekar Sawo 2_rotate_270.jpg,36 Sekar Sawo,470,3,train
/kaggle/input/datasets/hertiyani/batik-nitik-960-official-mendeley/Batik Nitik 960/Batik Nitik 960 Images/36 Sekar Sawo 2_rotate_90.jpg,36 Sekar Sawo 2_rotate_90.jpg,36 Sekar Sawo,470,3,train
/kaggle/input/datasets/hertiyani/batik-nitik-960-official-mendeley/Batik Nitik 960/Batik Nitik 960 Images/36 Sekar Sawo 3.jpg,36 Sekar Sawo 3.jpg,36 Sekar Sawo,472,3,test
/kaggle/input/datasets/hertiyani/batik-nitik-960-official-mendeley/Batik Nitik 960/Batik Nitik 960 Images/36 Sekar Sawo 3_rotate_180.jpg,36 Sekar Sawo 3_rotate_180.jpg,36 Sekar Sawo,472,3,test
/kaggle/input/datasets/hertiyani/batik-nitik-960-official-mendeley/Batik Nitik 960/Batik Nitik 960 Images/36 Sekar Sawo 3_rotate_270.jpg,36 Sekar Sawo 3_rotate_270.jpg,36 Sekar Sawo,474,3,test
/kaggle/input/datasets/hertiyani/batik-nitik-960-official-mendeley/Batik Nitik 960/Batik Nitik 960 Images/36 Sekar Sawo 3_rotate_90.jpg,36 Sekar Sawo 3_rotate_90.jpg,36 Sekar Sawo,474,3,test
/kaggle/input/datasets/hertiyani/batik-nitik-960-official-mendeley/Batik Nitik 960/Batik Nitik 960 Images/36 Sekar Sawo 4.jpg,36 Sekar Sawo 4.jpg,36 Sekar Sawo,476,3,train
/kaggle/input/datasets/hertiyani/batik-nitik-960-official-mendeley/Batik Nitik 960/Batik Nitik 960 Images/36 Sekar Sawo 4_rotate_180.jpg,36 Sekar Sawo 4_rotate_180.jpg,36 Sekar Sawo,476,3,train
/kaggle/input/datasets/hertiyani/batik-nitik-960-official-mendeley/Batik Nitik 960/Batik Nitik 960 Images/36 Sekar Sawo 4_rotate_270.jpg,36 Sekar Sawo 4_rotate_270.jpg,36 Sekar Sawo,478,3,train
/kaggle/input/datasets/hertiyani/batik-nitik-960-official-mendeley/Batik Nitik 960/Batik Nitik 960 Images/36 Sekar Sawo 4_rotate_90.jpg,36 Sekar Sawo 4_rotate_90.jpg,36 Sekar Sawo,478,3,train
/kaggle/input/datasets/hertiyani/batik-nitik-960-official-mendeley/Batik Nitik 960/Batik Nitik 960 Images/37 Manggar 1.jpg,37 Manggar 1.jpg,37 Manggar,480,3,train
/kaggle/input/datasets/hertiyani/batik-nitik-960-official-mendeley/Batik Nitik 960/Batik Nitik 960 Images/37 Manggar 1_rotate_180.jpg,37 Manggar 1_rotate_180.jpg,37 Manggar,480,3,train
/kaggle/input/datasets/hertiyani/batik-nitik-960-official-mendeley/Batik Nitik 960/Batik Nitik 960 Images/37 Manggar 1_rotate_270.jpg,37 Manggar 1_rotate_270.jpg,37 Manggar,482,3,test
/kaggle/input/datasets/hertiyani/batik-nitik-960-official-mendeley/Batik Nitik 960/Batik Nitik 960 Images/37 Manggar 1_rotate_90.jpg,37 Manggar 1_rotate_90.jpg,37 Manggar,482,3,test
/kaggle/input/datasets/hertiyani/batik-nitik-960-official-mendeley/Batik Nitik 960/Batik Nitik 960 Images/37 Manggar 2.jpg,37 Manggar 2.jpg,37 Manggar,484,3,train
/kaggle/input/datasets/hertiyani/batik-nitik-960-official-mendeley/Batik Nitik 960/Batik Nitik 960 Images/37 Manggar 2_rotate_180.jpg,37 Manggar 2_rotate_180.jpg,37 Manggar,484,3,train
/kaggle/input/datasets/hertiyani/batik-nitik-960-official-mendeley/Batik Nitik 960/Batik Nitik 960 Images/37 Manggar 2_rotate_270.jpg,37 Manggar 2_rotate_270.jpg,37 Manggar,486,3,test
/kaggle/input/datasets/hertiyani/batik-nitik-960-official-mendeley/Batik Nitik 960/Batik Nitik 960 Images/37 Manggar 2_rotate_90.jpg,37 Manggar 2_rotate_90.jpg,37 Manggar,486,3,test
/kaggle/input/datasets/hertiyani/batik-nitik-960-official-mendeley/Batik Nitik 960/Batik Nitik 960 Images/37 Manggar 3.jpg,37 Manggar 3.jpg,37 Manggar,488,3,test
/kaggle/input/datasets/hertiyani/batik-nitik-960-official-mendeley/Batik Nitik 960/Batik Nitik 960 Images/37 Manggar 3_rotate_180.jpg,37 Manggar 3_rotate_180.jpg,37 Manggar,488,3,test
/kaggle/input/datasets/hertiyani/batik-nitik-960-official-mendeley/Batik Nitik 960/Batik Nitik 960 Images/37 Manggar 3_rotate_270.jpg,37 Manggar 3_rotate_270.jpg,37 Manggar,490,3,train
/kaggle/input/datasets/hertiyani/batik-nitik-960-official-mendeley/Batik Nitik 960/Batik Nitik 960 Images/37 Manggar 3_rotate_90.jpg,37 Manggar 3_rotate_90.jpg,37 Manggar,490,3,train
/kaggle/input/datasets/hertiyani/batik-nitik-960-official-mendeley/Batik Nitik 960/Batik Nitik 960 Images/37 Manggar 4.jpg,37 Manggar 4.jpg,37 Manggar,492,3,train
/kaggle/input/datasets/hertiyani/batik-nitik-960-official-mendeley/Batik Nitik 960/Batik Nitik 960 Images/37 Manggar 4_rotate_180.jpg,37 Manggar 4_rotate_180.jpg,37 Manggar,492,3,train
/kaggle/input/datasets/hertiyani/batik-nitik-960-official-mendeley/Batik Nitik 960/Batik Nitik 960 Images/37 Manggar 4_rotate_270.jpg,37 Manggar 4_rotate_270.jpg,37 Manggar,494,3,train
/kaggle/input/datasets/hertiyani/batik-nitik-960-official-mendeley/Batik Nitik 960/Batik Nitik 960 Images/37 Manggar 4_rotate_90.jpg,37 Manggar 4_rotate_90.jpg,37 Manggar,494,3,train
/kaggle/input/datasets/hertiyani/batik-nitik-960-official-mendeley/Batik Nitik 960/Batik Nitik 960 Images/38 Sekar Cengkeh 1.jpg,38 Sekar Cengkeh 1.jpg,38 Sekar Cengkeh,496,3,test
/kaggle/input/datasets/hertiyani/batik-nitik-960-official-mendeley/Batik Nitik 960/Batik Nitik 960 Images/38 Sekar Cengkeh 1_rotate_180.jpg,38 Sekar Cengkeh 1_rotate_180.jpg,38 Sekar Cengkeh,496,3,test
/kaggle/input/datasets/hertiyani/batik-nitik-960-official-mendeley/Batik Nitik 960/Batik Nitik 960 Images/38 Sekar Cengkeh 1_rotate_270.jpg,38 Sekar Cengkeh 1_rotate_270.jpg,38 Sekar Cengkeh,498,3,train
/kaggle/input/datasets/hertiyani/batik-nitik-960-official-mendeley/Batik Nitik 960/Batik Nitik 960 Images/38 Sekar Cengkeh 1_rotate_90.jpg,38 Sekar Cengkeh 1_rotate_90.jpg,38 Sekar Cengkeh,498,3,train
/kaggle/input/datasets/hertiyani/batik-nitik-960-official-mendeley/Batik Nitik 960/Batik Nitik 960 Images/38 Sekar Cengkeh 2.jpg,38 Sekar Cengkeh 2.jpg,38 Sekar Cengkeh,500,3,train
/kaggle/input/datasets/hertiyani/batik-nitik-960-official-mendeley/Batik Nitik 960/Batik Nitik 960 Images/38 Sekar Cengkeh 2_rotate_180.jpg,38 Sekar Cengkeh 2_rotate_180.jpg,38 Sekar Cengkeh,500,3,train
/kaggle/input/datasets/hertiyani/batik-nitik-960-official-mendeley/Batik Nitik 960/Batik Nitik 960 Images/38 Sekar Cengkeh 2_rotate_270.jpg,38 Sekar Cengkeh 2_rotate_270.jpg,38 Sekar Cengkeh,502,3,test
/kaggle/input/datasets/hertiyani/batik-nitik-960-official-mendeley/Batik Nitik 960/Batik Nitik 960 Images/38 Sekar Cengkeh 2_rotate_90.jpg,38 Sekar Cengkeh 2_rotate_90.jpg,38 Sekar Cengkeh,502,3,test
/kaggle/input/datasets/hertiyani/batik-nitik-960-official-mendeley/Batik Nitik 960/Batik Nitik 960 Images/38 Sekar Cengkeh 3.jpg,38 Sekar Cengkeh 3.jpg,38 Sekar Cengkeh,504,3,train
/kaggle/input/datasets/hertiyani/batik-nitik-960-official-mendeley/Batik Nitik 960/Batik Nitik 960 Images/38 Sekar Cengkeh 3_rotate_180.jpg,38 Sekar Cengkeh 3_rotate_180.jpg,38 Sekar Cengkeh,504,3,train
/kaggle/input/datasets/hertiyani/batik-nitik-960-official-mendeley/Batik Nitik 960/Batik Nitik 960 Images/38 Sekar Cengkeh 3_rotate_270.jpg,38 Sekar Cengkeh 3_rotate_270.jpg,38 Sekar Cengkeh,506,3,train
/kaggle/input/datasets/hertiyani/batik-nitik-960-official-mendeley/Batik Nitik 960/Batik Nitik 960 Images/38 Sekar Cengkeh 3_rotate_90.jpg,38 Sekar Cengkeh 3_rotate_90.jpg,38 Sekar Cengkeh,506,3,train
/kaggle/input/datasets/hertiyani/batik-nitik-960-official-mendeley/Batik Nitik 960/Batik Nitik 960 Images/38 Sekar Cengkeh 4.jpg,38 Sekar Cengkeh 4.jpg,38 Sekar Cengkeh,508,3,train
/kaggle/input/datasets/hertiyani/batik-nitik-960-official-mendeley/Batik Nitik 960/Batik Nitik 960 Images/38 Sekar Cengkeh 4_rotate_180.jpg,38 Sekar Cengkeh 4_rotate_180.jpg,38 Sekar Cengkeh,508,3,train
/kaggle/input/datasets/hertiyani/batik-nitik-960-official-mendeley/Batik Nitik 960/Batik Nitik 960 Images/38 Sekar Cengkeh 4_rotate_270.jpg,38 Sekar Cengkeh 4_rotate_270.jpg,38 Sekar Cengkeh,510,3,test
/kaggle/input/datasets/hertiyani/batik-nitik-960-official-mendeley/Batik Nitik 960/Batik Nitik 960 Images/38 Sekar Cengkeh 4_rotate_90.jpg,38 Sekar Cengkeh 4_rotate_90.jpg,38 Sekar Cengkeh,510,3,test
/kaggle/input/datasets/hertiyani/batik-nitik-960-official-mendeley/Batik Nitik 960/Batik Nitik 960 Images/39 Sritaman 1.jpg,39 Sritaman 1.jpg,39 Sritaman,512,3,test
/kaggle/input/datasets/hertiyani/batik-nitik-960-official-mendeley/Batik Nitik 960/Batik Nitik 960 Images/39 Sritaman 1_rotate_180.jpg,39 Sritaman 1_rotate_180.jpg,39 Sritaman,512,3,test
/kaggle/input/datasets/hertiyani/batik-nitik-960-official-mendeley/Batik Nitik 960/Batik Nitik 960 Images/39 Sritaman 1_rotate_270.jpg,39 Sritaman 1_rotate_270.jpg,39 Sritaman,514,3,train
/kaggle/input/datasets/hertiyani/batik-nitik-960-official-mendeley/Batik Nitik 960/Batik Nitik 960 Images/39 Sritaman 1_rotate_90.jpg,39 Sritaman 1_rotate_90.jpg,39 Sritaman,514,3,train
/kaggle/input/datasets/hertiyani/batik-nitik-960-official-mendeley/Batik Nitik 960/Batik Nitik 960 Images/39 Sritaman 2.jpg,39 Sritaman 2.jpg,39 Sritaman,516,3,train
/kaggle/input/datasets/hertiyani/batik-nitik-960-official-mendeley/Batik Nitik 960/Batik Nitik 960 Images/39 Sritaman 2_rotate_180.jpg,39 Sritaman 2_rotate_180.jpg,39 Sritaman,516,3,train
/kaggle/input/datasets/hertiyani/batik-nitik-960-official-mendeley/Batik Nitik 960/Batik Nitik 960 Images/39 Sritaman 2_rotate_270.jpg,39 Sritaman 2_rotate_270.jpg,39 Sritaman,516,3,train
/kaggle/input/datasets/hertiyani/batik-nitik-960-official-mendeley/Batik Nitik 960/Batik Nitik 960 Images/39 Sritaman 2_rotate_90.jpg,39 Sritaman 2_rotate_90.jpg,39 Sritaman,516,3,train
/kaggle/input/datasets/hertiyani/batik-nitik-960-official-mendeley/Batik Nitik 960/Batik Nitik 960 Images/39 Sritaman 3.jpg,39 Sritaman 3.jpg,39 Sritaman,520,3,test
/kaggle/input/datasets/hertiyani/batik-nitik-960-official-mendeley/Batik Nitik 960/Batik Nitik 960 Images/39 Sritaman 3_rotate_180.jpg,39 Sritaman 3_rotate_180.jpg,39 Sritaman,520,3,test
/kaggle/input/datasets/hertiyani/batik-nitik-960-official-mendeley/Batik Nitik 960/Batik Nitik 960 Images/39 Sritaman 3_rotate_270.jpg,39 Sritaman 3_rotate_270.jpg,39 Sritaman,522,3,train
/kaggle/input/datasets/hertiyani/batik-nitik-960-official-mendeley/Batik Nitik 960/Batik Nitik 960 Images/39 Sritaman 3_rotate_90.jpg,39 Sritaman 3_rotate_90.jpg,39 Sritaman,522,3,train
/kaggle/input/datasets/hertiyani/batik-nitik-960-official-mendeley/Batik Nitik 960/Batik Nitik 960 Images/39 Sritaman 4.jpg,39 Sritaman 4.jpg,39 Sritaman,524,3,train
/kaggle/input/datasets/hertiyani/batik-nitik-960-official-mendeley/Batik Nitik 960/Batik Nitik 960 Images/39 Sritaman 4_rotate_180.jpg,39 Sritaman 4_rotate_180.jpg,39 Sritaman,524,3,train
/kaggle/input/datasets/hertiyani/batik-nitik-960-official-mendeley/Batik Nitik 960/Batik Nitik 960 Images/39 Sritaman 4_rotate_270.jpg,39 Sritaman 4_rotate_270.jpg,39 Sritaman,526,3,test
/kaggle/input/datasets/hertiyani/batik-nitik-960-official-mendeley/Batik Nitik 960/Batik Nitik 960 Images/39 Sritaman 4_rotate_90.jpg,39 Sritaman 4_rotate_90.jpg,39 Sritaman,526,3,test
/kaggle/input/datasets/hertiyani/batik-nitik-960-official-mendeley/Batik Nitik 960/Batik Nitik 960 Images/4 Sekar Gayam 1.jpg,4 Sekar Gayam 1.jpg,4 Sekar Gayam,528,3,test
/kaggle/input/datasets/hertiyani/batik-nitik-960-official-mendeley/Batik Nitik 960/Batik Nitik 960 Images/4 Sekar Gayam 1_rotate_180.jpg,4 Sekar Gayam 1_rotate_180.jpg,4 Sekar Gayam,528,3,test
/kaggle/input/datasets/hertiyani/batik-nitik-960-official-mendeley/Batik Nitik 960/Batik Nitik 960 Images/4 Sekar Gayam 1_rotate_270.jpg,4 Sekar Gayam 1_rotate_270.jpg,4 Sekar Gayam,528,3,test
/kaggle/input/datasets/hertiyani/batik-nitik-960-official-mendeley/Batik Nitik 960/Batik Nitik 960 Images/4 Sekar Gayam 1_rotate_90.jpg,4 Sekar Gayam 1_rotate_90.jpg,4 Sekar Gayam,528,3,test
/kaggle/input/datasets/hertiyani/batik-nitik-960-official-mendeley/Batik Nitik 960/Batik Nitik 960 Images/4 Sekar Gayam 2.jpg,4 Sekar Gayam 2.jpg,4 Sekar Gayam,532,3,train
/kaggle/input/datasets/hertiyani/batik-nitik-960-official-mendeley/Batik Nitik 960/Batik Nitik 960 Images/4 Sekar Gayam 2_rotate_180.jpg,4 Sekar Gayam 2_rotate_180.jpg,4 Sekar Gayam,532,3,train
/kaggle/input/datasets/hertiyani/batik-nitik-960-official-mendeley/Batik Nitik 960/Batik Nitik 960 Images/4 Sekar Gayam 2_rotate_270.jpg,4 Sekar Gayam 2_rotate_270.jpg,4 Sekar Gayam,532,3,train
/kaggle/input/datasets/hertiyani/batik-nitik-960-official-mendeley/Batik Nitik 960/Batik Nitik 960 Images/4 Sekar Gayam 2_rotate_90.jpg,4 Sekar Gayam 2_rotate_90.jpg,4 Sekar Gayam,532,3,train
/kaggle/input/datasets/hertiyani/batik-nitik-960-official-mendeley/Batik Nitik 960/Batik Nitik 960 Images/4 Sekar Gayam 3.jpg,4 Sekar Gayam 3.jpg,4 Sekar Gayam,536,3,train
/kaggle/input/datasets/hertiyani/batik-nitik-960-official-mendeley/Batik Nitik 960/Batik Nitik 960 Images/4 Sekar Gayam 3_rotate_180.jpg,4 Sekar Gayam 3_rotate_180.jpg,4 Sekar Gayam,536,3,train
/kaggle/input/datasets/hertiyani/batik-nitik-960-official-mendeley/Batik Nitik 960/Batik Nitik 960 Images/4 Sekar Gayam 3_rotate_270.jpg,4 Sekar Gayam 3_rotate_270.jpg,4 Sekar Gayam,538,3,train
/kaggle/input/datasets/hertiyani/batik-nitik-960-official-mendeley/Batik Nitik 960/Batik Nitik 960 Images/4 Sekar Gayam 3_rotate_90.jpg,4 Sekar Gayam 3_rotate_90.jpg,4 Sekar Gayam,538,3,train
/kaggle/input/datasets/hertiyani/batik-nitik-960-official-mendeley/Batik Nitik 960/Batik Nitik 960 Images/4 Sekar Gayam 4.jpg,4 Sekar Gayam 4.jpg,4 Sekar Gayam,540,3,train
/kaggle/input/datasets/hertiyani/batik-nitik-960-official-mendeley/Batik Nitik 960/Batik Nitik 960 Images/4 Sekar Gayam 4_rotate_180.jpg,4 Sekar Gayam 4_rotate_180.jpg,4 Sekar Gayam,540,3,train
/kaggle/input/datasets/hertiyani/batik-nitik-960-official-mendeley/Batik Nitik 960/Batik Nitik 960 Images/4 Sekar Gayam 4_rotate_270.jpg,4 Sekar Gayam 4_rotate_270.jpg,4 Sekar Gayam,542,3,test
/kaggle/input/datasets/hertiyani/batik-nitik-960-official-mendeley/Batik Nitik 960/Batik Nitik 960 Images/4 Sekar Gayam 4_rotate_90.jpg,4 Sekar Gayam 4_rotate_90.jpg,4 Sekar Gayam,542,3,test
/kaggle/input/datasets/hertiyani/batik-nitik-960-official-mendeley/Batik Nitik 960/Batik Nitik 960 Images/40 Sekar Mundhu 1.jpg,40 Sekar Mundhu 1.jpg,40 Sekar Mundhu,544,3,train
/kaggle/input/datasets/hertiyani/batik-nitik-960-official-mendeley/Batik Nitik 960/Batik Nitik 960 Images/40 Sekar Mundhu 1_rotate_180.jpg,40 Sekar Mundhu 1_rotate_180.jpg,40 Sekar Mundhu,544,3,train
/kaggle/input/datasets/hertiyani/batik-nitik-960-official-mendeley/Batik Nitik 960/Batik Nitik 960 Images/40 Sekar Mundhu 1_rotate_270.jpg,40 Sekar Mundhu 1_rotate_270.jpg,40 Sekar Mundhu,546,3,train
/kaggle/input/datasets/hertiyani/batik-nitik-960-official-mendeley/Batik Nitik 960/Batik Nitik 960 Images/40 Sekar Mundhu 1_rotate_90.jpg,40 Sekar Mundhu 1_rotate_90.jpg,40 Sekar Mundhu,546,3,train
/kaggle/input/datasets/hertiyani/batik-nitik-960-official-mendeley/Batik Nitik 960/Batik Nitik 960 Images/40 Sekar Mundhu 2.jpg,40 Sekar Mundhu 2.jpg,40 Sekar Mundhu,548,3,test
/kaggle/input/datasets/hertiyani/batik-nitik-960-official-mendeley/Batik Nitik 960/Batik Nitik 960 Images/40 Sekar Mundhu 2_rotate_180.jpg,40 Sekar Mundhu 2_rotate_180.jpg,40 Sekar Mundhu,548,3,test
/kaggle/input/datasets/hertiyani/batik-nitik-960-official-mendeley/Batik Nitik 960/Batik Nitik 960 Images/40 Sekar Mundhu 2_rotate_270.jpg,40 Sekar Mundhu 2_rotate_270.jpg,40 Sekar Mundhu,550,3,test
/kaggle/input/datasets/hertiyani/batik-nitik-960-official-mendeley/Batik Nitik 960/Batik Nitik 960 Images/40 Sekar Mundhu 2_rotate_90.jpg,40 Sekar Mundhu 2_rotate_90.jpg,40 Sekar Mundhu,550,3,test
/kaggle/input/datasets/hertiyani/batik-nitik-960-official-mendeley/Batik Nitik 960/Batik Nitik 960 Images/40 Sekar Mundhu 3.jpg,40 Sekar Mundhu 3.jpg,40 Sekar Mundhu,552,3,train
/kaggle/input/datasets/hertiyani/batik-nitik-960-official-mendeley/Batik Nitik 960/Batik Nitik 960 Images/40 Sekar Mundhu 3_rotate_180.jpg,40 Sekar Mundhu 3_rotate_180.jpg,40 Sekar Mundhu,552,3,train
/kaggle/input/datasets/hertiyani/batik-nitik-960-official-mendeley/Batik Nitik 960/Batik Nitik 960 Images/40 Sekar Mundhu 3_rotate_270.jpg,40 Sekar Mundhu 3_rotate_270.jpg,40 Sekar Mundhu,554,3,train
/kaggle/input/datasets/hertiyani/batik-nitik-960-official-mendeley/Batik Nitik 960/Batik Nitik 960 Images/40 Sekar Mundhu 3_rotate_90.jpg,40 Sekar Mundhu 3_rotate_90.jpg,40 Sekar Mundhu,554,3,train
/kaggle/input/datasets/hertiyani/batik-nitik-960-official-mendeley/Batik Nitik 960/Batik Nitik 960 Images/40 Sekar Mundhu 4.jpg,40 Sekar Mundhu 4.jpg,40 Sekar Mundhu,556,3,train
/kaggle/input/datasets/hertiyani/batik-nitik-960-official-mendeley/Batik Nitik 960/Batik Nitik 960 Images/40 Sekar Mundhu 4_rotate_180.jpg,40 Sekar Mundhu 4_rotate_180.jpg,40 Sekar Mundhu,556,3,train
/kaggle/input/datasets/hertiyani/batik-nitik-960-official-mendeley/Batik Nitik 960/Batik Nitik 960 Images/40 Sekar Mundhu 4_rotate_270.jpg,40 Sekar Mundhu 4_rotate_270.jpg,40 Sekar Mundhu,558,3,test
/kaggle/input/datasets/hertiyani/batik-nitik-960-official-mendeley/Batik Nitik 960/Batik Nitik 960 Images/40 Sekar Mundhu 4_rotate_90.jpg,40 Sekar Mundhu 4_rotate_90.jpg,40 Sekar Mundhu,558,3,test
/kaggle/input/datasets/hertiyani/batik-nitik-960-official-mendeley/Batik Nitik 960/Batik Nitik 960 Images/41 Sekar Andhong 1.jpg,41 Sekar Andhong 1.jpg,41 Sekar Andhong,560,3,test
/kaggle/input/datasets/hertiyani/batik-nitik-960-official-mendeley/Batik Nitik 960/Batik Nitik 960 Images/41 Sekar Andhong 1_rotate_180.jpg,41 Sekar Andhong 1_rotate_180.jpg,41 Sekar Andhong,560,3,test
/kaggle/input/datasets/hertiyani/batik-nitik-960-official-mendeley/Batik Nitik 960/Batik Nitik 960 Images/41 Sekar Andhong 1_rotate_270.jpg,41 Sekar Andhong 1_rotate_270.jpg,41 Sekar Andhong,562,3,test
/kaggle/input/datasets/hertiyani/batik-nitik-960-official-mendeley/Batik Nitik 960/Batik Nitik 960 Images/41 Sekar Andhong 1_rotate_90.jpg,41 Sekar Andhong 1_rotate_90.jpg,41 Sekar Andhong,562,3,test
/kaggle/input/datasets/hertiyani/batik-nitik-960-official-mendeley/Batik Nitik 960/Batik Nitik 960 Images/41 Sekar Andhong 2.jpg,41 Sekar Andhong 2.jpg,41 Sekar Andhong,564,3,train
/kaggle/input/datasets/hertiyani/batik-nitik-960-official-mendeley/Batik Nitik 960/Batik Nitik 960 Images/41 Sekar Andhong 2_rotate_180.jpg,41 Sekar Andhong 2_rotate_180.jpg,41 Sekar Andhong,564,3,train
/kaggle/input/datasets/hertiyani/batik-nitik-960-official-mendeley/Batik Nitik 960/Batik Nitik 960 Images/41 Sekar Andhong 2_rotate_270.jpg,41 Sekar Andhong 2_rotate_270.jpg,41 Sekar Andhong,566,3,train
/kaggle/input/datasets/hertiyani/batik-nitik-960-official-mendeley/Batik Nitik 960/Batik Nitik 960 Images/41 Sekar Andhong 2_rotate_90.jpg,41 Sekar Andhong 2_rotate_90.jpg,41 Sekar Andhong,566,3,train
/kaggle/input/datasets/hertiyani/batik-nitik-960-official-mendeley/Batik Nitik 960/Batik Nitik 960 Images/41 Sekar Andhong 3.jpg,41 Sekar Andhong 3.jpg,41 Sekar Andhong,568,3,train
/kaggle/input/datasets/hertiyani/batik-nitik-960-official-mendeley/Batik Nitik 960/Batik Nitik 960 Images/41 Sekar Andhong 3_rotate_180.jpg,41 Sekar Andhong 3_rotate_180.jpg,41 Sekar Andhong,568,3,train
/kaggle/input/datasets/hertiyani/batik-nitik-960-official-mendeley/Batik Nitik 960/Batik Nitik 960 Images/41 Sekar Andhong 3_rotate_270.jpg,41 Sekar Andhong 3_rotate_270.jpg,41 Sekar Andhong,568,3,train
/kaggle/input/datasets/hertiyani/batik-nitik-960-official-mendeley/Batik Nitik 960/Batik Nitik 960 Images/41 Sekar Andhong 3_rotate_90.jpg,41 Sekar Andhong 3_rotate_90.jpg,41 Sekar Andhong,568,3,train
/kaggle/input/datasets/hertiyani/batik-nitik-960-official-mendeley/Batik Nitik 960/Batik Nitik 960 Images/41 Sekar Andhong 4.jpg,41 Sekar Andhong 4.jpg,41 Sekar Andhong,572,3,test
/kaggle/input/datasets/hertiyani/batik-nitik-960-official-mendeley/Batik Nitik 960/Batik Nitik 960 Images/41 Sekar Andhong 4_rotate_180.jpg,41 Sekar Andhong 4_rotate_180.jpg,41 Sekar Andhong,572,3,test
/kaggle/input/datasets/hertiyani/batik-nitik-960-official-mendeley/Batik Nitik 960/Batik Nitik 960 Images/41 Sekar Andhong 4_rotate_270.jpg,41 Sekar Andhong 4_rotate_270.jpg,41 Sekar Andhong,574,3,train
/kaggle/input/datasets/hertiyani/batik-nitik-960-official-mendeley/Batik Nitik 960/Batik Nitik 960 Images/41 Sekar Andhong 4_rotate_90.jpg,41 Sekar Andhong 4_rotate_90.jpg,41 Sekar Andhong,574,3,train
/kaggle/input/datasets/hertiyani/batik-nitik-960-official-mendeley/Batik Nitik 960/Batik Nitik 960 Images/42 Gedhangan 1.jpg,42 Gedhangan 1.jpg,42 Gedhangan,576,3,train
/kaggle/input/datasets/hertiyani/batik-nitik-960-official-mendeley/Batik Nitik 960/Batik Nitik 960 Images/42 Gedhangan 1_rotate_180.jpg,42 Gedhangan 1_rotate_180.jpg,42 Gedhangan,576,3,train
/kaggle/input/datasets/hertiyani/batik-nitik-960-official-mendeley/Batik Nitik 960/Batik Nitik 960 Images/42 Gedhangan 1_rotate_270.jpg,42 Gedhangan 1_rotate_270.jpg,42 Gedhangan,578,3,train
/kaggle/input/datasets/hertiyani/batik-nitik-960-official-mendeley/Batik Nitik 960/Batik Nitik 960 Images/42 Gedhangan 1_rotate_90.jpg,42 Gedhangan 1_rotate_90.jpg,42 Gedhangan,578,3,train
/kaggle/input/datasets/hertiyani/batik-nitik-960-official-mendeley/Batik Nitik 960/Batik Nitik 960 Images/42 Gedhangan 2.jpg,42 Gedhangan 2.jpg,42 Gedhangan,580,3,train
/kaggle/input/datasets/hertiyani/batik-nitik-960-official-mendeley/Batik Nitik 960/Batik Nitik 960 Images/42 Gedhangan 2_rotate_180.jpg,42 Gedhangan 2_rotate_180.jpg,42 Gedhangan,580,3,train
/kaggle/input/datasets/hertiyani/batik-nitik-960-official-mendeley/Batik Nitik 960/Batik Nitik 960 Images/42 Gedhangan 2_rotate_270.jpg,42 Gedhangan 2_rotate_270.jpg,42 Gedhangan,582,3,train
/kaggle/input/datasets/hertiyani/batik-nitik-960-official-mendeley/Batik Nitik 960/Batik Nitik 960 Images/42 Gedhangan 2_rotate_90.jpg,42 Gedhangan 2_rotate_90.jpg,42 Gedhangan,582,3,train
/kaggle/input/datasets/hertiyani/batik-nitik-960-official-mendeley/Batik Nitik 960/Batik Nitik 960 Images/42 Gedhangan 3.jpg,42 Gedhangan 3.jpg,42 Gedhangan,584,3,test
/kaggle/input/datasets/hertiyani/batik-nitik-960-official-mendeley/Batik Nitik 960/Batik Nitik 960 Images/42 Gedhangan 3_rotate_180.jpg,42 Gedhangan 3_rotate_180.jpg,42 Gedhangan,584,3,test
/kaggle/input/datasets/hertiyani/batik-nitik-960-official-mendeley/Batik Nitik 960/Batik Nitik 960 Images/42 Gedhangan 3_rotate_270.jpg,42 Gedhangan 3_rotate_270.jpg,42 Gedhangan,584,3,test
/kaggle/input/datasets/hertiyani/batik-nitik-960-official-mendeley/Batik Nitik 960/Batik Nitik 960 Images/42 Gedhangan 3_rotate_90.jpg,42 Gedhangan 3_rotate_90.jpg,42 Gedhangan,584,3,test
/kaggle/input/datasets/hertiyani/batik-nitik-960-official-mendeley/Batik Nitik 960/Batik Nitik 960 Images/42 Gedhangan 4.jpg,42 Gedhangan 4.jpg,42 Gedhangan,588,3,train
/kaggle/input/datasets/hertiyani/batik-nitik-960-official-mendeley/Batik Nitik 960/Batik Nitik 960 Images/42 Gedhangan 4_rotate_180.jpg,42 Gedhangan 4_rotate_180.jpg,42 Gedhangan,588,3,train
/kaggle/input/datasets/hertiyani/batik-nitik-960-official-mendeley/Batik Nitik 960/Batik Nitik 960 Images/42 Gedhangan 4_rotate_270.jpg,42 Gedhangan 4_rotate_270.jpg,42 Gedhangan,590,3,test
/kaggle/input/datasets/hertiyani/batik-nitik-960-official-mendeley/Batik Nitik 960/Batik Nitik 960 Images/42 Gedhangan 4_rotate_90.jpg,42 Gedhangan 4_rotate_90.jpg,42 Gedhangan,590,3,test
/kaggle/input/datasets/hertiyani/batik-nitik-960-official-mendeley/Batik Nitik 960/Batik Nitik 960 Images/43 Sekar Pala 1.jpg,43 Sekar Pala 1.jpg,43 Sekar Pala,592,3,train
/kaggle/input/datasets/hertiyani/batik-nitik-960-official-mendeley/Batik Nitik 960/Batik Nitik 960 Images/43 Sekar Pala 1_rotate_180.jpg,43 Sekar Pala 1_rotate_180.jpg,43 Sekar Pala,592,3,train
/kaggle/input/datasets/hertiyani/batik-nitik-960-official-mendeley/Batik Nitik 960/Batik Nitik 960 Images/43 Sekar Pala 1_rotate_270.jpg,43 Sekar Pala 1_rotate_270.jpg,43 Sekar Pala,594,3,test
/kaggle/input/datasets/hertiyani/batik-nitik-960-official-mendeley/Batik Nitik 960/Batik Nitik 960 Images/43 Sekar Pala 1_rotate_90.jpg,43 Sekar Pala 1_rotate_90.jpg,43 Sekar Pala,594,3,test
/kaggle/input/datasets/hertiyani/batik-nitik-960-official-mendeley/Batik Nitik 960/Batik Nitik 960 Images/43 Sekar Pala 2.jpg,43 Sekar Pala 2.jpg,43 Sekar Pala,596,3,train
/kaggle/input/datasets/hertiyani/batik-nitik-960-official-mendeley/Batik Nitik 960/Batik Nitik 960 Images/43 Sekar Pala 2_rotate_180.jpg,43 Sekar Pala 2_rotate_180.jpg,43 Sekar Pala,596,3,train
/kaggle/input/datasets/hertiyani/batik-nitik-960-official-mendeley/Batik Nitik 960/Batik Nitik 960 Images/43 Sekar Pala 2_rotate_270.jpg,43 Sekar Pala 2_rotate_270.jpg,43 Sekar Pala,598,3,train
/kaggle/input/datasets/hertiyani/batik-nitik-960-official-mendeley/Batik Nitik 960/Batik Nitik 960 Images/43 Sekar Pala 2_rotate_90.jpg,43 Sekar Pala 2_rotate_90.jpg,43 Sekar Pala,598,3,train
/kaggle/input/datasets/hertiyani/batik-nitik-960-official-mendeley/Batik Nitik 960/Batik Nitik 960 Images/43 Sekar Pala 3.jpg,43 Sekar Pala 3.jpg,43 Sekar Pala,600,3,test
/kaggle/input/datasets/hertiyani/batik-nitik-960-official-mendeley/Batik Nitik 960/Batik Nitik 960 Images/43 Sekar Pala 3_rotate_180.jpg,43 Sekar Pala 3_rotate_180.jpg,43 Sekar Pala,600,3,test
/kaggle/input/datasets/hertiyani/batik-nitik-960-official-mendeley/Batik Nitik 960/Batik Nitik 960 Images/43 Sekar Pala 3_rotate_270.jpg,43 Sekar Pala 3_rotate_270.jpg,43 Sekar Pala,602,3,train
/kaggle/input/datasets/hertiyani/batik-nitik-960-official-mendeley/Batik Nitik 960/Batik Nitik 960 Images/43 Sekar Pala 3_rotate_90.jpg,43 Sekar Pala 3_rotate_90.jpg,43 Sekar Pala,602,3,train
/kaggle/input/datasets/hertiyani/batik-nitik-960-official-mendeley/Batik Nitik 960/Batik Nitik 960 Images/43 Sekar Pala 4.jpg,43 Sekar Pala 4.jpg,43 Sekar Pala,604,3,test
/kaggle/input/datasets/hertiyani/batik-nitik-960-official-mendeley/Batik Nitik 960/Batik Nitik 960 Images/43 Sekar Pala 4_rotate_180.jpg,43 Sekar Pala 4_rotate_180.jpg,43 Sekar Pala,604,3,test
/kaggle/input/datasets/hertiyani/batik-nitik-960-official-mendeley/Batik Nitik 960/Batik Nitik 960 Images/43 Sekar Pala 4_rotate_270.jpg,43 Sekar Pala 4_rotate_270.jpg,43 Sekar Pala,606,3,train
/kaggle/input/datasets/hertiyani/batik-nitik-960-official-mendeley/Batik Nitik 960/Batik Nitik 960 Images/43 Sekar Pala 4_rotate_90.jpg,43 Sekar Pala 4_rotate_90.jpg,43 Sekar Pala,606,3,train
/kaggle/input/datasets/hertiyani/batik-nitik-960-official-mendeley/Batik Nitik 960/Batik Nitik 960 Images/44 Klampok Arum 1.jpg,44 Klampok Arum 1.jpg,44 Klampok Arum,608,3,test
/kaggle/input/datasets/hertiyani/batik-nitik-960-official-mendeley/Batik Nitik 960/Batik Nitik 960 Images/44 Klampok Arum 1_rotate_180.jpg,44 Klampok Arum 1_rotate_180.jpg,44 Klampok Arum,608,3,test
/kaggle/input/datasets/hertiyani/batik-nitik-960-official-mendeley/Batik Nitik 960/Batik Nitik 960 Images/44 Klampok Arum 1_rotate_270.jpg,44 Klampok Arum 1_rotate_270.jpg,44 Klampok Arum,608,3,test
/kaggle/input/datasets/hertiyani/batik-nitik-960-official-mendeley/Batik Nitik 960/Batik Nitik 960 Images/44 Klampok Arum 1_rotate_90.jpg,44 Klampok Arum 1_rotate_90.jpg,44 Klampok Arum,608,3,test
/kaggle/input/datasets/hertiyani/batik-nitik-960-official-mendeley/Batik Nitik 960/Batik Nitik 960 Images/44 Klampok Arum 2.jpg,44 Klampok Arum 2.jpg,44 Klampok Arum,612,3,train
/kaggle/input/datasets/hertiyani/batik-nitik-960-official-mendeley/Batik Nitik 960/Batik Nitik 960 Images/44 Klampok Arum 2_rotate_180.jpg,44 Klampok Arum 2_rotate_180.jpg,44 Klampok Arum,612,3,train
/kaggle/input/datasets/hertiyani/batik-nitik-960-official-mendeley/Batik Nitik 960/Batik Nitik 960 Images/44 Klampok Arum 2_rotate_270.jpg,44 Klampok Arum 2_rotate_270.jpg,44 Klampok Arum,612,3,train
/kaggle/input/datasets/hertiyani/batik-nitik-960-official-mendeley/Batik Nitik 960/Batik Nitik 960 Images/44 Klampok Arum 2_rotate_90.jpg,44 Klampok Arum 2_rotate_90.jpg,44 Klampok Arum,612,3,train
/kaggle/input/datasets/hertiyani/batik-nitik-960-official-mendeley/Batik Nitik 960/Batik Nitik 960 Images/44 Klampok Arum 3.jpg,44 Klampok Arum 3.jpg,44 Klampok Arum,616,3,test
/kaggle/input/datasets/hertiyani/batik-nitik-960-official-mendeley/Batik Nitik 960/Batik Nitik 960 Images/44 Klampok Arum 3_rotate_180.jpg,44 Klampok Arum 3_rotate_180.jpg,44 Klampok Arum,616,3,test
/kaggle/input/datasets/hertiyani/batik-nitik-960-official-mendeley/Batik Nitik 960/Batik Nitik 960 Images/44 Klampok Arum 3_rotate_270.jpg,44 Klampok Arum 3_rotate_270.jpg,44 Klampok Arum,618,3,train
/kaggle/input/datasets/hertiyani/batik-nitik-960-official-mendeley/Batik Nitik 960/Batik Nitik 960 Images/44 Klampok Arum 3_rotate_90.jpg,44 Klampok Arum 3_rotate_90.jpg,44 Klampok Arum,618,3,train
/kaggle/input/datasets/hertiyani/batik-nitik-960-official-mendeley/Batik Nitik 960/Batik Nitik 960 Images/44 Klampok Arum 4.jpg,44 Klampok Arum 4.jpg,44 Klampok Arum,620,3,train
/kaggle/input/datasets/hertiyani/batik-nitik-960-official-mendeley/Batik Nitik 960/Batik Nitik 960 Images/44 Klampok Arum 4_rotate_180.jpg,44 Klampok Arum 4_rotate_180.jpg,44 Klampok Arum,620,3,train
/kaggle/input/datasets/hertiyani/batik-nitik-960-official-mendeley/Batik Nitik 960/Batik Nitik 960 Images/44 Klampok Arum 4_rotate_270.jpg,44 Klampok Arum 4_rotate_270.jpg,44 Klampok Arum,620,3,train
/kaggle/input/datasets/hertiyani/batik-nitik-960-official-mendeley/Batik Nitik 960/Batik Nitik 960 Images/44 Klampok Arum 4_rotate_90.jpg,44 Klampok Arum 4_rotate_90.jpg,44 Klampok Arum,620,3,train
/kaggle/input/datasets/hertiyani/batik-nitik-960-official-mendeley/Batik Nitik 960/Batik Nitik 960 Images/45 Sekar Jali 1.jpg,45 Sekar Jali 1.jpg,45 Sekar Jali,624,3,train
/kaggle/input/datasets/hertiyani/batik-nitik-960-official-mendeley/Batik Nitik 960/Batik Nitik 960 Images/45 Sekar Jali 1_rotate_180.jpg,45 Sekar Jali 1_rotate_180.jpg,45 Sekar Jali,624,3,train
/kaggle/input/datasets/hertiyani/batik-nitik-960-official-mendeley/Batik Nitik 960/Batik Nitik 960 Images/45 Sekar Jali 1_rotate_270.jpg,45 Sekar Jali 1_rotate_270.jpg,45 Sekar Jali,626,3,test
/kaggle/input/datasets/hertiyani/batik-nitik-960-official-mendeley/Batik Nitik 960/Batik Nitik 960 Images/45 Sekar Jali 1_rotate_90.jpg,45 Sekar Jali 1_rotate_90.jpg,45 Sekar Jali,626,3,test
/kaggle/input/datasets/hertiyani/batik-nitik-960-official-mendeley/Batik Nitik 960/Batik Nitik 960 Images/45 Sekar Jali 2.jpg,45 Sekar Jali 2.jpg,45 Sekar Jali,628,3,train
/kaggle/input/datasets/hertiyani/batik-nitik-960-official-mendeley/Batik Nitik 960/Batik Nitik 960 Images/45 Sekar Jali 2_rotate_180.jpg,45 Sekar Jali 2_rotate_180.jpg,45 Sekar Jali,628,3,train
/kaggle/input/datasets/hertiyani/batik-nitik-960-official-mendeley/Batik Nitik 960/Batik Nitik 960 Images/45 Sekar Jali 2_rotate_270.jpg,45 Sekar Jali 2_rotate_270.jpg,45 Sekar Jali,630,3,train
/kaggle/input/datasets/hertiyani/batik-nitik-960-official-mendeley/Batik Nitik 960/Batik Nitik 960 Images/45 Sekar Jali 2_rotate_90.jpg,45 Sekar Jali 2_rotate_90.jpg,45 Sekar Jali,630,3,train
/kaggle/input/datasets/hertiyani/batik-nitik-960-official-mendeley/Batik Nitik 960/Batik Nitik 960 Images/45 Sekar Jali 3.jpg,45 Sekar Jali 3.jpg,45 Sekar Jali,632,3,train
/kaggle/input/datasets/hertiyani/batik-nitik-960-official-mendeley/Batik Nitik 960/Batik Nitik 960 Images/45 Sekar Jali 3_rotate_180.jpg,45 Sekar Jali 3_rotate_180.jpg,45 Sekar Jali,632,3,train
/kaggle/input/datasets/hertiyani/batik-nitik-960-official-mendeley/Batik Nitik 960/Batik Nitik 960 Images/45 Sekar Jali 3_rotate_270.jpg,45 Sekar Jali 3_rotate_270.jpg,45 Sekar Jali,634,3,train
/kaggle/input/datasets/hertiyani/batik-nitik-960-official-mendeley/Batik Nitik 960/Batik Nitik 960 Images/45 Sekar Jali 3_rotate_90.jpg,45 Sekar Jali 3_rotate_90.jpg,45 Sekar Jali,634,3,train
/kaggle/input/datasets/hertiyani/batik-nitik-960-official-mendeley/Batik Nitik 960/Batik Nitik 960 Images/45 Sekar Jali 4.jpg,45 Sekar Jali 4.jpg,45 Sekar Jali,636,3,test
/kaggle/input/datasets/hertiyani/batik-nitik-960-official-mendeley/Batik Nitik 960/Batik Nitik 960 Images/45 Sekar Jali 4_rotate_180.jpg,45 Sekar Jali 4_rotate_180.jpg,45 Sekar Jali,636,3,test
/kaggle/input/datasets/hertiyani/batik-nitik-960-official-mendeley/Batik Nitik 960/Batik Nitik 960 Images/45 Sekar Jali 4_rotate_270.jpg,45 Sekar Jali 4_rotate_270.jpg,45 Sekar Jali,636,3,test
/kaggle/input/datasets/hertiyani/batik-nitik-960-official-mendeley/Batik Nitik 960/Batik Nitik 960 Images/45 Sekar Jali 4_rotate_90.jpg,45 Sekar Jali 4_rotate_90.jpg,45 Sekar Jali,636,3,test
/kaggle/input/datasets/hertiyani/batik-nitik-960-official-mendeley/Batik Nitik 960/Batik Nitik 960 Images/46 Sekar Lintang 1.jpg,46 Sekar Lintang 1.jpg,46 Sekar Lintang,640,3,train
/kaggle/input/datasets/hertiyani/batik-nitik-960-official-mendeley/Batik Nitik 960/Batik Nitik 960 Images/46 Sekar Lintang 1_rotate_180.jpg,46 Sekar Lintang 1_rotate_180.jpg,46 Sekar Lintang,640,3,train
/kaggle/input/datasets/hertiyani/batik-nitik-960-official-mendeley/Batik Nitik 960/Batik Nitik 960 Images/46 Sekar Lintang 1_rotate_270.jpg,46 Sekar Lintang 1_rotate_270.jpg,46 Sekar Lintang,642,3,train
/kaggle/input/datasets/hertiyani/batik-nitik-960-official-mendeley/Batik Nitik 960/Batik Nitik 960 Images/46 Sekar Lintang 1_rotate_90.jpg,46 Sekar Lintang 1_rotate_90.jpg,46 Sekar Lintang,642,3,train
/kaggle/input/datasets/hertiyani/batik-nitik-960-official-mendeley/Batik Nitik 960/Batik Nitik 960 Images/46 Sekar Lintang 2.jpg,46 Sekar Lintang 2.jpg,46 Sekar Lintang,644,3,train
/kaggle/input/datasets/hertiyani/batik-nitik-960-official-mendeley/Batik Nitik 960/Batik Nitik 960 Images/46 Sekar Lintang 2_rotate_180.jpg,46 Sekar Lintang 2_rotate_180.jpg,46 Sekar Lintang,644,3,train
/kaggle/input/datasets/hertiyani/batik-nitik-960-official-mendeley/Batik Nitik 960/Batik Nitik 960 Images/46 Sekar Lintang 2_rotate_270.jpg,46 Sekar Lintang 2_rotate_270.jpg,46 Sekar Lintang,646,3,train
/kaggle/input/datasets/hertiyani/batik-nitik-960-official-mendeley/Batik Nitik 960/Batik Nitik 960 Images/46 Sekar Lintang 2_rotate_90.jpg,46 Sekar Lintang 2_rotate_90.jpg,46 Sekar Lintang,646,3,train
/kaggle/input/datasets/hertiyani/batik-nitik-960-official-mendeley/Batik Nitik 960/Batik Nitik 960 Images/46 Sekar Lintang 3.jpg,46 Sekar Lintang 3.jpg,46 Sekar Lintang,648,3,test
/kaggle/input/datasets/hertiyani/batik-nitik-960-official-mendeley/Batik Nitik 960/Batik Nitik 960 Images/46 Sekar Lintang 3_rotate_180.jpg,46 Sekar Lintang 3_rotate_180.jpg,46 Sekar Lintang,648,3,test
/kaggle/input/datasets/hertiyani/batik-nitik-960-official-mendeley/Batik Nitik 960/Batik Nitik 960 Images/46 Sekar Lintang 3_rotate_270.jpg,46 Sekar Lintang 3_rotate_270.jpg,46 Sekar Lintang,648,3,test
/kaggle/input/datasets/hertiyani/batik-nitik-960-official-mendeley/Batik Nitik 960/Batik Nitik 960 Images/46 Sekar Lintang 3_rotate_90.jpg,46 Sekar Lintang 3_rotate_90.jpg,46 Sekar Lintang,648,3,test
/kaggle/input/datasets/hertiyani/batik-nitik-960-official-mendeley/Batik Nitik 960/Batik Nitik 960 Images/46 Sekar Lintang 4.jpg,46 Sekar Lintang 4.jpg,46 Sekar Lintang,652,3,test
/kaggle/input/datasets/hertiyani/batik-nitik-960-official-mendeley/Batik Nitik 960/Batik Nitik 960 Images/46 Sekar Lintang 4_rotate_180.jpg,46 Sekar Lintang 4_rotate_180.jpg,46 Sekar Lintang,652,3,test
/kaggle/input/datasets/hertiyani/batik-nitik-960-official-mendeley/Batik Nitik 960/Batik Nitik 960 Images/46 Sekar Lintang 4_rotate_270.jpg,46 Sekar Lintang 4_rotate_270.jpg,46 Sekar Lintang,654,3,train
/kaggle/input/datasets/hertiyani/batik-nitik-960-official-mendeley/Batik Nitik 960/Batik Nitik 960 Images/46 Sekar Lintang 4_rotate_90.jpg,46 Sekar Lintang 4_rotate_90.jpg,46 Sekar Lintang,654,3,train
/kaggle/input/datasets/hertiyani/batik-nitik-960-official-mendeley/Batik Nitik 960/Batik Nitik 960 Images/47 Sekar Kenanga 1.jpg,47 Sekar Kenanga 1.jpg,47 Sekar Kenanga,656,3,test
/kaggle/input/datasets/hertiyani/batik-nitik-960-official-mendeley/Batik Nitik 960/Batik Nitik 960 Images/47 Sekar Kenanga 1_rotate_180.jpg,47 Sekar Kenanga 1_rotate_180.jpg,47 Sekar Kenanga,656,3,test
/kaggle/input/datasets/hertiyani/batik-nitik-960-official-mendeley/Batik Nitik 960/Batik Nitik 960 Images/47 Sekar Kenanga 1_rotate_270.jpg,47 Sekar Kenanga 1_rotate_270.jpg,47 Sekar Kenanga,658,3,test
/kaggle/input/datasets/hertiyani/batik-nitik-960-official-mendeley/Batik Nitik 960/Batik Nitik 960 Images/47 Sekar Kenanga 1_rotate_90.jpg,47 Sekar Kenanga 1_rotate_90.jpg,47 Sekar Kenanga,658,3,test
/kaggle/input/datasets/hertiyani/batik-nitik-960-official-mendeley/Batik Nitik 960/Batik Nitik 960 Images/47 Sekar Kenanga 2.jpg,47 Sekar Kenanga 2.jpg,47 Sekar Kenanga,660,3,train
/kaggle/input/datasets/hertiyani/batik-nitik-960-official-mendeley/Batik Nitik 960/Batik Nitik 960 Images/47 Sekar Kenanga 2_rotate_180.jpg,47 Sekar Kenanga 2_rotate_180.jpg,47 Sekar Kenanga,660,3,train
/kaggle/input/datasets/hertiyani/batik-nitik-960-official-mendeley/Batik Nitik 960/Batik Nitik 960 Images/47 Sekar Kenanga 2_rotate_270.jpg,47 Sekar Kenanga 2_rotate_270.jpg,47 Sekar Kenanga,662,3,train
/kaggle/input/datasets/hertiyani/batik-nitik-960-official-mendeley/Batik Nitik 960/Batik Nitik 960 Images/47 Sekar Kenanga 2_rotate_90.jpg,47 Sekar Kenanga 2_rotate_90.jpg,47 Sekar Kenanga,662,3,train
/kaggle/input/datasets/hertiyani/batik-nitik-960-official-mendeley/Batik Nitik 960/Batik Nitik 960 Images/47 Sekar Kenanga 3.jpg,47 Sekar Kenanga 3.jpg,47 Sekar Kenanga,664,3,train
/kaggle/input/datasets/hertiyani/batik-nitik-960-official-mendeley/Batik Nitik 960/Batik Nitik 960 Images/47 Sekar Kenanga 3_rotate_180.jpg,47 Sekar Kenanga 3_rotate_180.jpg,47 Sekar Kenanga,664,3,train
/kaggle/input/datasets/hertiyani/batik-nitik-960-official-mendeley/Batik Nitik 960/Batik Nitik 960 Images/47 Sekar Kenanga 3_rotate_270.jpg,47 Sekar Kenanga 3_rotate_270.jpg,47 Sekar Kenanga,664,3,train
/kaggle/input/datasets/hertiyani/batik-nitik-960-official-mendeley/Batik Nitik 960/Batik Nitik 960 Images/47 Sekar Kenanga 3_rotate_90.jpg,47 Sekar Kenanga 3_rotate_90.jpg,47 Sekar Kenanga,664,3,train
/kaggle/input/datasets/hertiyani/batik-nitik-960-official-mendeley/Batik Nitik 960/Batik Nitik 960 Images/47 Sekar Kenanga 4.jpg,47 Sekar Kenanga 4.jpg,47 Sekar Kenanga,668,3,test
/kaggle/input/datasets/hertiyani/batik-nitik-960-official-mendeley/Batik Nitik 960/Batik Nitik 960 Images/47 Sekar Kenanga 4_rotate_180.jpg,47 Sekar Kenanga 4_rotate_180.jpg,47 Sekar Kenanga,668,3,test
/kaggle/input/datasets/hertiyani/batik-nitik-960-official-mendeley/Batik Nitik 960/Batik Nitik 960 Images/47 Sekar Kenanga 4_rotate_270.jpg,47 Sekar Kenanga 4_rotate_270.jpg,47 Sekar Kenanga,670,3,train
/kaggle/input/datasets/hertiyani/batik-nitik-960-official-mendeley/Batik Nitik 960/Batik Nitik 960 Images/47 Sekar Kenanga 4_rotate_90.jpg,47 Sekar Kenanga 4_rotate_90.jpg,47 Sekar Kenanga,670,3,train
/kaggle/input/datasets/hertiyani/batik-nitik-960-official-mendeley/Batik Nitik 960/Batik Nitik 960 Images/48 Sekar Jeruk 1.jpg,48 Sekar Jeruk 1.jpg,48 Sekar Jeruk,672,3,train
/kaggle/input/datasets/hertiyani/batik-nitik-960-official-mendeley/Batik Nitik 960/Batik Nitik 960 Images/48 Sekar Jeruk 1_rotate_180.jpg,48 Sekar Jeruk 1_rotate_180.jpg,48 Sekar Jeruk,672,3,train
/kaggle/input/datasets/hertiyani/batik-nitik-960-official-mendeley/Batik Nitik 960/Batik Nitik 960 Images/48 Sekar Jeruk 1_rotate_270.jpg,48 Sekar Jeruk 1_rotate_270.jpg,48 Sekar Jeruk,674,3,test
/kaggle/input/datasets/hertiyani/batik-nitik-960-official-mendeley/Batik Nitik 960/Batik Nitik 960 Images/48 Sekar Jeruk 1_rotate_90.jpg,48 Sekar Jeruk 1_rotate_90.jpg,48 Sekar Jeruk,674,3,test
/kaggle/input/datasets/hertiyani/batik-nitik-960-official-mendeley/Batik Nitik 960/Batik Nitik 960 Images/48 Sekar Jeruk 2.jpg,48 Sekar Jeruk 2.jpg,48 Sekar Jeruk,672,3,train
/kaggle/input/datasets/hertiyani/batik-nitik-960-official-mendeley/Batik Nitik 960/Batik Nitik 960 Images/48 Sekar Jeruk 2_rotate_180.jpg,48 Sekar Jeruk 2_rotate_180.jpg,48 Sekar Jeruk,672,3,train
/kaggle/input/datasets/hertiyani/batik-nitik-960-official-mendeley/Batik Nitik 960/Batik Nitik 960 Images/48 Sekar Jeruk 2_rotate_270.jpg,48 Sekar Jeruk 2_rotate_270.jpg,48 Sekar Jeruk,674,3,test
/kaggle/input/datasets/hertiyani/batik-nitik-960-official-mendeley/Batik Nitik 960/Batik Nitik 960 Images/48 Sekar Jeruk 2_rotate_90.jpg,48 Sekar Jeruk 2_rotate_90.jpg,48 Sekar Jeruk,674,3,test
/kaggle/input/datasets/hertiyani/batik-nitik-960-official-mendeley/Batik Nitik 960/Batik Nitik 960 Images/48 Sekar Jeruk 3.jpg,48 Sekar Jeruk 3.jpg,48 Sekar Jeruk,672,3,train
/kaggle/input/datasets/hertiyani/batik-nitik-960-official-mendeley/Batik Nitik 960/Batik Nitik 960 Images/48 Sekar Jeruk 3_rotate_180.jpg,48 Sekar Jeruk 3_rotate_180.jpg,48 Sekar Jeruk,672,3,train
/kaggle/input/datasets/hertiyani/batik-nitik-960-official-mendeley/Batik Nitik 960/Batik Nitik 960 Images/48 Sekar Jeruk 3_rotate_270.jpg,48 Sekar Jeruk 3_rotate_270.jpg,48 Sekar Jeruk,674,3,test
/kaggle/input/datasets/hertiyani/batik-nitik-960-official-mendeley/Batik Nitik 960/Batik Nitik 960 Images/48 Sekar Jeruk 3_rotate_90.jpg,48 Sekar Jeruk 3_rotate_90.jpg,48 Sekar Jeruk,674,3,test
/kaggle/input/datasets/hertiyani/batik-nitik-960-official-mendeley/Batik Nitik 960/Batik Nitik 960 Images/48 Sekar Jeruk 4.jpg,48 Sekar Jeruk 4.jpg,48 Sekar Jeruk,672,3,train
/kaggle/input/datasets/hertiyani/batik-nitik-960-official-mendeley/Batik Nitik 960/Batik Nitik 960 Images/48 Sekar Jeruk 4_rotate_180.jpg,48 Sekar Jeruk 4_rotate_180.jpg,48 Sekar Jeruk,672,3,train
/kaggle/input/datasets/hertiyani/batik-nitik-960-official-mendeley/Batik Nitik 960/Batik Nitik 960 Images/48 Sekar Jeruk 4_rotate_270.jpg,48 Sekar Jeruk 4_rotate_270.jpg,48 Sekar Jeruk,674,3,test
/kaggle/input/datasets/hertiyani/batik-nitik-960-official-mendeley/Batik Nitik 960/Batik Nitik 960 Images/48 Sekar Jeruk 4_rotate_90.jpg,48 Sekar Jeruk 4_rotate_90.jpg,48 Sekar Jeruk,674,3,test
/kaggle/input/datasets/hertiyani/batik-nitik-960-official-mendeley/Batik Nitik 960/Batik Nitik 960 Images/49 Sekar Mindi 1.jpg,49 Sekar Mindi 1.jpg,49 Sekar Mindi,688,3,train
/kaggle/input/datasets/hertiyani/batik-nitik-960-official-mendeley/Batik Nitik 960/Batik Nitik 960 Images/49 Sekar Mindi 1_rotate_180.jpg,49 Sekar Mindi 1_rotate_180.jpg,49 Sekar Mindi,688,3,train
/kaggle/input/datasets/hertiyani/batik-nitik-960-official-mendeley/Batik Nitik 960/Batik Nitik 960 Images/49 Sekar Mindi 1_rotate_270.jpg,49 Sekar Mindi 1_rotate_270.jpg,49 Sekar Mindi,688,3,train
/kaggle/input/datasets/hertiyani/batik-nitik-960-official-mendeley/Batik Nitik 960/Batik Nitik 960 Images/49 Sekar Mindi 1_rotate_90.jpg,49 Sekar Mindi 1_rotate_90.jpg,49 Sekar Mindi,688,3,train
/kaggle/input/datasets/hertiyani/batik-nitik-960-official-mendeley/Batik Nitik 960/Batik Nitik 960 Images/49 Sekar Mindi 2.jpg,49 Sekar Mindi 2.jpg,49 Sekar Mindi,692,3,test
/kaggle/input/datasets/hertiyani/batik-nitik-960-official-mendeley/Batik Nitik 960/Batik Nitik 960 Images/49 Sekar Mindi 2_rotate_180.jpg,49 Sekar Mindi 2_rotate_180.jpg,49 Sekar Mindi,692,3,test
/kaggle/input/datasets/hertiyani/batik-nitik-960-official-mendeley/Batik Nitik 960/Batik Nitik 960 Images/49 Sekar Mindi 2_rotate_270.jpg,49 Sekar Mindi 2_rotate_270.jpg,49 Sekar Mindi,694,3,test
/kaggle/input/datasets/hertiyani/batik-nitik-960-official-mendeley/Batik Nitik 960/Batik Nitik 960 Images/49 Sekar Mindi 2_rotate_90.jpg,49 Sekar Mindi 2_rotate_90.jpg,49 Sekar Mindi,694,3,test
/kaggle/input/datasets/hertiyani/batik-nitik-960-official-mendeley/Batik Nitik 960/Batik Nitik 960 Images/49 Sekar Mindi 3.jpg,49 Sekar Mindi 3.jpg,49 Sekar Mindi,696,3,train
/kaggle/input/datasets/hertiyani/batik-nitik-960-official-mendeley/Batik Nitik 960/Batik Nitik 960 Images/49 Sekar Mindi 3_rotate_180.jpg,49 Sekar Mindi 3_rotate_180.jpg,49 Sekar Mindi,696,3,train
/kaggle/input/datasets/hertiyani/batik-nitik-960-official-mendeley/Batik Nitik 960/Batik Nitik 960 Images/49 Sekar Mindi 3_rotate_270.jpg,49 Sekar Mindi 3_rotate_270.jpg,49 Sekar Mindi,696,3,train
/kaggle/input/datasets/hertiyani/batik-nitik-960-official-mendeley/Batik Nitik 960/Batik Nitik 960 Images/49 Sekar Mindi 3_rotate_90.jpg,49 Sekar Mindi 3_rotate_90.jpg,49 Sekar Mindi,696,3,train
/kaggle/input/datasets/hertiyani/batik-nitik-960-official-mendeley/Batik Nitik 960/Batik Nitik 960 Images/49 Sekar Mindi 4.jpg,49 Sekar Mindi 4.jpg,49 Sekar Mindi,700,3,train
/kaggle/input/datasets/hertiyani/batik-nitik-960-official-mendeley/Batik Nitik 960/Batik Nitik 960 Images/49 Sekar Mindi 4_rotate_180.jpg,49 Sekar Mindi 4_rotate_180.jpg,49 Sekar Mindi,700,3,train
/kaggle/input/datasets/hertiyani/batik-nitik-960-official-mendeley/Batik Nitik 960/Batik Nitik 960 Images/49 Sekar Mindi 4_rotate_270.jpg,49 Sekar Mindi 4_rotate_270.jpg,49 Sekar Mindi,702,3,test
/kaggle/input/datasets/hertiyani/batik-nitik-960-official-mendeley/Batik Nitik 960/Batik Nitik 960 Images/49 Sekar Mindi 4_rotate_90.jpg,49 Sekar Mindi 4_rotate_90.jpg,49 Sekar Mindi,702,3,test
/kaggle/input/datasets/hertiyani/batik-nitik-960-official-mendeley/Batik Nitik 960/Batik Nitik 960 Images/5 Sekar Pacar 1.jpg,5 Sekar Pacar 1.jpg,5 Sekar Pacar,704,3,train
/kaggle/input/datasets/hertiyani/batik-nitik-960-official-mendeley/Batik Nitik 960/Batik Nitik 960 Images/5 Sekar Pacar 1_rotate_180.jpg,5 Sekar Pacar 1_rotate_180.jpg,5 Sekar Pacar,704,3,train
/kaggle/input/datasets/hertiyani/batik-nitik-960-official-mendeley/Batik Nitik 960/Batik Nitik 960 Images/5 Sekar Pacar 1_rotate_270.jpg,5 Sekar Pacar 1_rotate_270.jpg,5 Sekar Pacar,704,3,train
/kaggle/input/datasets/hertiyani/batik-nitik-960-official-mendeley/Batik Nitik 960/Batik Nitik 960 Images/5 Sekar Pacar 1_rotate_90.jpg,5 Sekar Pacar 1_rotate_90.jpg,5 Sekar Pacar,704,3,train
/kaggle/input/datasets/hertiyani/batik-nitik-960-official-mendeley/Batik Nitik 960/Batik Nitik 960 Images/5 Sekar Pacar 2.jpg,5 Sekar Pacar 2.jpg,5 Sekar Pacar,708,3,train
/kaggle/input/datasets/hertiyani/batik-nitik-960-official-mendeley/Batik Nitik 960/Batik Nitik 960 Images/5 Sekar Pacar 2_rotate_180.jpg,5 Sekar Pacar 2_rotate_180.jpg,5 Sekar Pacar,708,3,train
/kaggle/input/datasets/hertiyani/batik-nitik-960-official-mendeley/Batik Nitik 960/Batik Nitik 960 Images/5 Sekar Pacar 2_rotate_270.jpg,5 Sekar Pacar 2_rotate_270.jpg,5 Sekar Pacar,710,3,test
/kaggle/input/datasets/hertiyani/batik-nitik-960-official-mendeley/Batik Nitik 960/Batik Nitik 960 Images/5 Sekar Pacar 2_rotate_90.jpg,5 Sekar Pacar 2_rotate_90.jpg,5 Sekar Pacar,710,3,test
/kaggle/input/datasets/hertiyani/batik-nitik-960-official-mendeley/Batik Nitik 960/Batik Nitik 960 Images/5 Sekar Pacar 3.jpg,5 Sekar Pacar 3.jpg,5 Sekar Pacar,712,3,train
/kaggle/input/datasets/hertiyani/batik-nitik-960-official-mendeley/Batik Nitik 960/Batik Nitik 960 Images/5 Sekar Pacar 3_rotate_180.jpg,5 Sekar Pacar 3_rotate_180.jpg,5 Sekar Pacar,712,3,train
/kaggle/input/datasets/hertiyani/batik-nitik-960-official-mendeley/Batik Nitik 960/Batik Nitik 960 Images/5 Sekar Pacar 3_rotate_270.jpg,5 Sekar Pacar 3_rotate_270.jpg,5 Sekar Pacar,714,3,train
/kaggle/input/datasets/hertiyani/batik-nitik-960-official-mendeley/Batik Nitik 960/Batik Nitik 960 Images/5 Sekar Pacar 3_rotate_90.jpg,5 Sekar Pacar 3_rotate_90.jpg,5 Sekar Pacar,714,3,train
/kaggle/input/datasets/hertiyani/batik-nitik-960-official-mendeley/Batik Nitik 960/Batik Nitik 960 Images/5 Sekar Pacar 4.jpg,5 Sekar Pacar 4.jpg,5 Sekar Pacar,716,3,test
/kaggle/input/datasets/hertiyani/batik-nitik-960-official-mendeley/Batik Nitik 960/Batik Nitik 960 Images/5 Sekar Pacar 4_rotate_180.jpg,5 Sekar Pacar 4_rotate_180.jpg,5 Sekar Pacar,716,3,test
/kaggle/input/datasets/hertiyani/batik-nitik-960-official-mendeley/Batik Nitik 960/Batik Nitik 960 Images/5 Sekar Pacar 4_rotate_270.jpg,5 Sekar Pacar 4_rotate_270.jpg,5 Sekar Pacar,718,3,test
/kaggle/input/datasets/hertiyani/batik-nitik-960-official-mendeley/Batik Nitik 960/Batik Nitik 960 Images/5 Sekar Pacar 4_rotate_90.jpg,5 Sekar Pacar 4_rotate_90.jpg,5 Sekar Pacar,718,3,test
/kaggle/input/datasets/hertiyani/batik-nitik-960-official-mendeley/Batik Nitik 960/Batik Nitik 960 Images/50 Tanjung Gunung 1.jpg,50 Tanjung Gunung 1.jpg,50 Tanjung Gunung,720,3,train
/kaggle/input/datasets/hertiyani/batik-nitik-960-official-mendeley/Batik Nitik 960/Batik Nitik 960 Images/50 Tanjung Gunung 1_rotate_180.jpg,50 Tanjung Gunung 1_rotate_180.jpg,50 Tanjung Gunung,720,3,train
/kaggle/input/datasets/hertiyani/batik-nitik-960-official-mendeley/Batik Nitik 960/Batik Nitik 960 Images/50 Tanjung Gunung 1_rotate_270.jpg,50 Tanjung Gunung 1_rotate_270.jpg,50 Tanjung Gunung,722,3,train
/kaggle/input/datasets/hertiyani/batik-nitik-960-official-mendeley/Batik Nitik 960/Batik Nitik 960 Images/50 Tanjung Gunung 1_rotate_90.jpg,50 Tanjung Gunung 1_rotate_90.jpg,50 Tanjung Gunung,722,3,train
/kaggle/input/datasets/hertiyani/batik-nitik-960-official-mendeley/Batik Nitik 960/Batik Nitik 960 Images/50 Tanjung Gunung 2.jpg,50 Tanjung Gunung 2.jpg,50 Tanjung Gunung,724,3,test
/kaggle/input/datasets/hertiyani/batik-nitik-960-official-mendeley/Batik Nitik 960/Batik Nitik 960 Images/50 Tanjung Gunung 2_rotate_180.jpg,50 Tanjung Gunung 2_rotate_180.jpg,50 Tanjung Gunung,724,3,test
/kaggle/input/datasets/hertiyani/batik-nitik-960-official-mendeley/Batik Nitik 960/Batik Nitik 960 Images/50 Tanjung Gunung 2_rotate_270.jpg,50 Tanjung Gunung 2_rotate_270.jpg,50 Tanjung Gunung,724,3,test
/kaggle/input/datasets/hertiyani/batik-nitik-960-official-mendeley/Batik Nitik 960/Batik Nitik 960 Images/50 Tanjung Gunung 2_rotate_90.jpg,50 Tanjung Gunung 2_rotate_90.jpg,50 Tanjung Gunung,724,3,test
/kaggle/input/datasets/hertiyani/batik-nitik-960-official-mendeley/Batik Nitik 960/Batik Nitik 960 Images/50 Tanjung Gunung 3.jpg,50 Tanjung Gunung 3.jpg,50 Tanjung Gunung,728,3,test
/kaggle/input/datasets/hertiyani/batik-nitik-960-official-mendeley/Batik Nitik 960/Batik Nitik 960 Images/50 Tanjung Gunung 3_rotate_180.jpg,50 Tanjung Gunung 3_rotate_180.jpg,50 Tanjung Gunung,728,3,test
/kaggle/input/datasets/hertiyani/batik-nitik-960-official-mendeley/Batik Nitik 960/Batik Nitik 960 Images/50 Tanjung Gunung 3_rotate_270.jpg,50 Tanjung Gunung 3_rotate_270.jpg,50 Tanjung Gunung,730,3,train
/kaggle/input/datasets/hertiyani/batik-nitik-960-official-mendeley/Batik Nitik 960/Batik Nitik 960 Images/50 Tanjung Gunung 3_rotate_90.jpg,50 Tanjung Gunung 3_rotate_90.jpg,50 Tanjung Gunung,730,3,train
/kaggle/input/datasets/hertiyani/batik-nitik-960-official-mendeley/Batik Nitik 960/Batik Nitik 960 Images/50 Tanjung Gunung 4.jpg,50 Tanjung Gunung 4.jpg,50 Tanjung Gunung,732,3,train
/kaggle/input/datasets/hertiyani/batik-nitik-960-official-mendeley/Batik Nitik 960/Batik Nitik 960 Images/50 Tanjung Gunung 4_rotate_180.jpg,50 Tanjung Gunung 4_rotate_180.jpg,50 Tanjung Gunung,732,3,train
/kaggle/input/datasets/hertiyani/batik-nitik-960-official-mendeley/Batik Nitik 960/Batik Nitik 960 Images/50 Tanjung Gunung 4_rotate_270.jpg,50 Tanjung Gunung 4_rotate_270.jpg,50 Tanjung Gunung,732,3,train
/kaggle/input/datasets/hertiyani/batik-nitik-960-official-mendeley/Batik Nitik 960/Batik Nitik 960 Images/50 Tanjung Gunung 4_rotate_90.jpg,50 Tanjung Gunung 4_rotate_90.jpg,50 Tanjung Gunung,732,3,train
/kaggle/input/datasets/hertiyani/batik-nitik-960-official-mendeley/Batik Nitik 960/Batik Nitik 960 Images/51 Sekar Kenikir 1.jpg,51 Sekar Kenikir 1.jpg,51 Sekar Kenikir,736,3,test
/kaggle/input/datasets/hertiyani/batik-nitik-960-official-mendeley/Batik Nitik 960/Batik Nitik 960 Images/51 Sekar Kenikir 1_rotate_180.jpg,51 Sekar Kenikir 1_rotate_180.jpg,51 Sekar Kenikir,736,3,test
/kaggle/input/datasets/hertiyani/batik-nitik-960-official-mendeley/Batik Nitik 960/Batik Nitik 960 Images/51 Sekar Kenikir 1_rotate_270.jpg,51 Sekar Kenikir 1_rotate_270.jpg,51 Sekar Kenikir,738,3,train
/kaggle/input/datasets/hertiyani/batik-nitik-960-official-mendeley/Batik Nitik 960/Batik Nitik 960 Images/51 Sekar Kenikir 1_rotate_90.jpg,51 Sekar Kenikir 1_rotate_90.jpg,51 Sekar Kenikir,738,3,train
/kaggle/input/datasets/hertiyani/batik-nitik-960-official-mendeley/Batik Nitik 960/Batik Nitik 960 Images/51 Sekar Kenikir 2.jpg,51 Sekar Kenikir 2.jpg,51 Sekar Kenikir,740,3,train
/kaggle/input/datasets/hertiyani/batik-nitik-960-official-mendeley/Batik Nitik 960/Batik Nitik 960 Images/51 Sekar Kenikir 2_rotate_180.jpg,51 Sekar Kenikir 2_rotate_180.jpg,51 Sekar Kenikir,740,3,train
/kaggle/input/datasets/hertiyani/batik-nitik-960-official-mendeley/Batik Nitik 960/Batik Nitik 960 Images/51 Sekar Kenikir 2_rotate_270.jpg,51 Sekar Kenikir 2_rotate_270.jpg,51 Sekar Kenikir,740,3,train
/kaggle/input/datasets/hertiyani/batik-nitik-960-official-mendeley/Batik Nitik 960/Batik Nitik 960 Images/51 Sekar Kenikir 2_rotate_90.jpg,51 Sekar Kenikir 2_rotate_90.jpg,51 Sekar Kenikir,740,3,train
/kaggle/input/datasets/hertiyani/batik-nitik-960-official-mendeley/Batik Nitik 960/Batik Nitik 960 Images/51 Sekar Kenikir 3.jpg,51 Sekar Kenikir 3.jpg,51 Sekar Kenikir,744,3,test
/kaggle/input/datasets/hertiyani/batik-nitik-960-official-mendeley/Batik Nitik 960/Batik Nitik 960 Images/51 Sekar Kenikir 3_rotate_180.jpg,51 Sekar Kenikir 3_rotate_180.jpg,51 Sekar Kenikir,744,3,test
/kaggle/input/datasets/hertiyani/batik-nitik-960-official-mendeley/Batik Nitik 960/Batik Nitik 960 Images/51 Sekar Kenikir 3_rotate_270.jpg,51 Sekar Kenikir 3_rotate_270.jpg,51 Sekar Kenikir,746,3,train
/kaggle/input/datasets/hertiyani/batik-nitik-960-official-mendeley/Batik Nitik 960/Batik Nitik 960 Images/51 Sekar Kenikir 3_rotate_90.jpg,51 Sekar Kenikir 3_rotate_90.jpg,51 Sekar Kenikir,746,3,train
/kaggle/input/datasets/hertiyani/batik-nitik-960-official-mendeley/Batik Nitik 960/Batik Nitik 960 Images/51 Sekar Kenikir 4.jpg,51 Sekar Kenikir 4.jpg,51 Sekar Kenikir,748,3,test
/kaggle/input/datasets/hertiyani/batik-nitik-960-official-mendeley/Batik Nitik 960/Batik Nitik 960 Images/51 Sekar Kenikir 4_rotate_180.jpg,51 Sekar Kenikir 4_rotate_180.jpg,51 Sekar Kenikir,748,3,test
/kaggle/input/datasets/hertiyani/batik-nitik-960-official-mendeley/Batik Nitik 960/Batik Nitik 960 Images/51 Sekar Kenikir 4_rotate_270.jpg,51 Sekar Kenikir 4_rotate_270.jpg,51 Sekar Kenikir,750,3,train
/kaggle/input/datasets/hertiyani/batik-nitik-960-official-mendeley/Batik Nitik 960/Batik Nitik 960 Images/51 Sekar Kenikir 4_rotate_90.jpg,51 Sekar Kenikir 4_rotate_90.jpg,51 Sekar Kenikir,750,3,train
/kaggle/input/datasets/hertiyani/batik-nitik-960-official-mendeley/Batik Nitik 960/Batik Nitik 960 Images/52 Sekar Blimbing 1.jpg,52 Sekar Blimbing 1.jpg,52 Sekar Blimbing,752,3,train
/kaggle/input/datasets/hertiyani/batik-nitik-960-official-mendeley/Batik Nitik 960/Batik Nitik 960 Images/52 Sekar Blimbing 1_rotate_180.jpg,52 Sekar Blimbing 1_rotate_180.jpg,52 Sekar Blimbing,752,3,train
/kaggle/input/datasets/hertiyani/batik-nitik-960-official-mendeley/Batik Nitik 960/Batik Nitik 960 Images/52 Sekar Blimbing 1_rotate_270.jpg,52 Sekar Blimbing 1_rotate_270.jpg,52 Sekar Blimbing,754,3,train
/kaggle/input/datasets/hertiyani/batik-nitik-960-official-mendeley/Batik Nitik 960/Batik Nitik 960 Images/52 Sekar Blimbing 1_rotate_90.jpg,52 Sekar Blimbing 1_rotate_90.jpg,52 Sekar Blimbing,754,3,train
/kaggle/input/datasets/hertiyani/batik-nitik-960-official-mendeley/Batik Nitik 960/Batik Nitik 960 Images/52 Sekar Blimbing 2.jpg,52 Sekar Blimbing 2.jpg,52 Sekar Blimbing,756,3,train
/kaggle/input/datasets/hertiyani/batik-nitik-960-official-mendeley/Batik Nitik 960/Batik Nitik 960 Images/52 Sekar Blimbing 2_rotate_180.jpg,52 Sekar Blimbing 2_rotate_180.jpg,52 Sekar Blimbing,756,3,train
/kaggle/input/datasets/hertiyani/batik-nitik-960-official-mendeley/Batik Nitik 960/Batik Nitik 960 Images/52 Sekar Blimbing 2_rotate_270.jpg,52 Sekar Blimbing 2_rotate_270.jpg,52 Sekar Blimbing,758,3,train
/kaggle/input/datasets/hertiyani/batik-nitik-960-official-mendeley/Batik Nitik 960/Batik Nitik 960 Images/52 Sekar Blimbing 2_rotate_90.jpg,52 Sekar Blimbing 2_rotate_90.jpg,52 Sekar Blimbing,758,3,train
/kaggle/input/datasets/hertiyani/batik-nitik-960-official-mendeley/Batik Nitik 960/Batik Nitik 960 Images/52 Sekar Blimbing 3.jpg,52 Sekar Blimbing 3.jpg,52 Sekar Blimbing,760,3,test
/kaggle/input/datasets/hertiyani/batik-nitik-960-official-mendeley/Batik Nitik 960/Batik Nitik 960 Images/52 Sekar Blimbing 3_rotate_180.jpg,52 Sekar Blimbing 3_rotate_180.jpg,52 Sekar Blimbing,760,3,test
/kaggle/input/datasets/hertiyani/batik-nitik-960-official-mendeley/Batik Nitik 960/Batik Nitik 960 Images/52 Sekar Blimbing 3_rotate_270.jpg,52 Sekar Blimbing 3_rotate_270.jpg,52 Sekar Blimbing,762,3,train
/kaggle/input/datasets/hertiyani/batik-nitik-960-official-mendeley/Batik Nitik 960/Batik Nitik 960 Images/52 Sekar Blimbing 3_rotate_90.jpg,52 Sekar Blimbing 3_rotate_90.jpg,52 Sekar Blimbing,762,3,train
/kaggle/input/datasets/hertiyani/batik-nitik-960-official-mendeley/Batik Nitik 960/Batik Nitik 960 Images/52 Sekar Blimbing 4.jpg,52 Sekar Blimbing 4.jpg,52 Sekar Blimbing,764,3,test
/kaggle/input/datasets/hertiyani/batik-nitik-960-official-mendeley/Batik Nitik 960/Batik Nitik 960 Images/52 Sekar Blimbing 4_rotate_180.jpg,52 Sekar Blimbing 4_rotate_180.jpg,52 Sekar Blimbing,764,3,test
/kaggle/input/datasets/hertiyani/batik-nitik-960-official-mendeley/Batik Nitik 960/Batik Nitik 960 Images/52 Sekar Blimbing 4_rotate_270.jpg,52 Sekar Blimbing 4_rotate_270.jpg,52 Sekar Blimbing,766,3,test
/kaggle/input/datasets/hertiyani/batik-nitik-960-official-mendeley/Batik Nitik 960/Batik Nitik 960 Images/52 Sekar Blimbing 4_rotate_90.jpg,52 Sekar Blimbing 4_rotate_90.jpg,52 Sekar Blimbing,766,3,test
/kaggle/input/datasets/hertiyani/batik-nitik-960-official-mendeley/Batik Nitik 960/Batik Nitik 960 Images/53 Sekar Pijetan 1.jpg,53 Sekar Pijetan 1.jpg,53 Sekar Pijetan,768,3,train
/kaggle/input/datasets/hertiyani/batik-nitik-960-official-mendeley/Batik Nitik 960/Batik Nitik 960 Images/53 Sekar Pijetan 1_rotate_180.jpg,53 Sekar Pijetan 1_rotate_180.jpg,53 Sekar Pijetan,768,3,train
/kaggle/input/datasets/hertiyani/batik-nitik-960-official-mendeley/Batik Nitik 960/Batik Nitik 960 Images/53 Sekar Pijetan 1_rotate_270.jpg,53 Sekar Pijetan 1_rotate_270.jpg,53 Sekar Pijetan,770,3,test
/kaggle/input/datasets/hertiyani/batik-nitik-960-official-mendeley/Batik Nitik 960/Batik Nitik 960 Images/53 Sekar Pijetan 1_rotate_90.jpg,53 Sekar Pijetan 1_rotate_90.jpg,53 Sekar Pijetan,770,3,test
/kaggle/input/datasets/hertiyani/batik-nitik-960-official-mendeley/Batik Nitik 960/Batik Nitik 960 Images/53 Sekar Pijetan 2.jpg,53 Sekar Pijetan 2.jpg,53 Sekar Pijetan,772,3,train
/kaggle/input/datasets/hertiyani/batik-nitik-960-official-mendeley/Batik Nitik 960/Batik Nitik 960 Images/53 Sekar Pijetan 2_rotate_180.jpg,53 Sekar Pijetan 2_rotate_180.jpg,53 Sekar Pijetan,772,3,train
/kaggle/input/datasets/hertiyani/batik-nitik-960-official-mendeley/Batik Nitik 960/Batik Nitik 960 Images/53 Sekar Pijetan 2_rotate_270.jpg,53 Sekar Pijetan 2_rotate_270.jpg,53 Sekar Pijetan,774,3,test
/kaggle/input/datasets/hertiyani/batik-nitik-960-official-mendeley/Batik Nitik 960/Batik Nitik 960 Images/53 Sekar Pijetan 2_rotate_90.jpg,53 Sekar Pijetan 2_rotate_90.jpg,53 Sekar Pijetan,774,3,test
/kaggle/input/datasets/hertiyani/batik-nitik-960-official-mendeley/Batik Nitik 960/Batik Nitik 960 Images/53 Sekar Pijetan 3.jpg,53 Sekar Pijetan 3.jpg,53 Sekar Pijetan,776,3,train
/kaggle/input/datasets/hertiyani/batik-nitik-960-official-mendeley/Batik Nitik 960/Batik Nitik 960 Images/53 Sekar Pijetan 3_rotate_180.jpg,53 Sekar Pijetan 3_rotate_180.jpg,53 Sekar Pijetan,776,3,train
/kaggle/input/datasets/hertiyani/batik-nitik-960-official-mendeley/Batik Nitik 960/Batik Nitik 960 Images/53 Sekar Pijetan 3_rotate_270.jpg,53 Sekar Pijetan 3_rotate_270.jpg,53 Sekar Pijetan,778,3,train
/kaggle/input/datasets/hertiyani/batik-nitik-960-official-mendeley/Batik Nitik 960/Batik Nitik 960 Images/53 Sekar Pijetan 3_rotate_90.jpg,53 Sekar Pijetan 3_rotate_90.jpg,53 Sekar Pijetan,778,3,train
/kaggle/input/datasets/hertiyani/batik-nitik-960-official-mendeley/Batik Nitik 960/Batik Nitik 960 Images/53 Sekar Pijetan 4.jpg,53 Sekar Pijetan 4.jpg,53 Sekar Pijetan,780,3,test
/kaggle/input/datasets/hertiyani/batik-nitik-960-official-mendeley/Batik Nitik 960/Batik Nitik 960 Images/53 Sekar Pijetan 4_rotate_180.jpg,53 Sekar Pijetan 4_rotate_180.jpg,53 Sekar Pijetan,780,3,test
/kaggle/input/datasets/hertiyani/batik-nitik-960-official-mendeley/Batik Nitik 960/Batik Nitik 960 Images/53 Sekar Pijetan 4_rotate_270.jpg,53 Sekar Pijetan 4_rotate_270.jpg,53 Sekar Pijetan,782,3,train
/kaggle/input/datasets/hertiyani/batik-nitik-960-official-mendeley/Batik Nitik 960/Batik Nitik 960 Images/53 Sekar Pijetan 4_rotate_90.jpg,53 Sekar Pijetan 4_rotate_90.jpg,53 Sekar Pijetan,782,3,train
/kaggle/input/datasets/hertiyani/batik-nitik-960-official-mendeley/Batik Nitik 960/Batik Nitik 960 Images/54 Sari Mulat 1.jpg,54 Sari Mulat 1.jpg,54 Sari Mulat,784,3,train
/kaggle/input/datasets/hertiyani/batik-nitik-960-official-mendeley/Batik Nitik 960/Batik Nitik 960 Images/54 Sari Mulat 1_rotate_180.jpg,54 Sari Mulat 1_rotate_180.jpg,54 Sari Mulat,784,3,train
/kaggle/input/datasets/hertiyani/batik-nitik-960-official-mendeley/Batik Nitik 960/Batik Nitik 960 Images/54 Sari Mulat 1_rotate_270.jpg,54 Sari Mulat 1_rotate_270.jpg,54 Sari Mulat,786,3,test
/kaggle/input/datasets/hertiyani/batik-nitik-960-official-mendeley/Batik Nitik 960/Batik Nitik 960 Images/54 Sari Mulat 1_rotate_90.jpg,54 Sari Mulat 1_rotate_90.jpg,54 Sari Mulat,786,3,test
/kaggle/input/datasets/hertiyani/batik-nitik-960-official-mendeley/Batik Nitik 960/Batik Nitik 960 Images/54 Sari Mulat 2.jpg,54 Sari Mulat 2.jpg,54 Sari Mulat,788,3,test
/kaggle/input/datasets/hertiyani/batik-nitik-960-official-mendeley/Batik Nitik 960/Batik Nitik 960 Images/54 Sari Mulat 2_rotate_180.jpg,54 Sari Mulat 2_rotate_180.jpg,54 Sari Mulat,788,3,test
/kaggle/input/datasets/hertiyani/batik-nitik-960-official-mendeley/Batik Nitik 960/Batik Nitik 960 Images/54 Sari Mulat 2_rotate_270.jpg,54 Sari Mulat 2_rotate_270.jpg,54 Sari Mulat,790,3,train
/kaggle/input/datasets/hertiyani/batik-nitik-960-official-mendeley/Batik Nitik 960/Batik Nitik 960 Images/54 Sari Mulat 2_rotate_90.jpg,54 Sari Mulat 2_rotate_90.jpg,54 Sari Mulat,790,3,train
/kaggle/input/datasets/hertiyani/batik-nitik-960-official-mendeley/Batik Nitik 960/Batik Nitik 960 Images/54 Sari Mulat 3.jpg,54 Sari Mulat 3.jpg,54 Sari Mulat,792,3,train
/kaggle/input/datasets/hertiyani/batik-nitik-960-official-mendeley/Batik Nitik 960/Batik Nitik 960 Images/54 Sari Mulat 3_rotate_180.jpg,54 Sari Mulat 3_rotate_180.jpg,54 Sari Mulat,792,3,train
/kaggle/input/datasets/hertiyani/batik-nitik-960-official-mendeley/Batik Nitik 960/Batik Nitik 960 Images/54 Sari Mulat 3_rotate_270.jpg,54 Sari Mulat 3_rotate_270.jpg,54 Sari Mulat,794,3,test
/kaggle/input/datasets/hertiyani/batik-nitik-960-official-mendeley/Batik Nitik 960/Batik Nitik 960 Images/54 Sari Mulat 3_rotate_90.jpg,54 Sari Mulat 3_rotate_90.jpg,54 Sari Mulat,794,3,test
/kaggle/input/datasets/hertiyani/batik-nitik-960-official-mendeley/Batik Nitik 960/Batik Nitik 960 Images/54 Sari Mulat 4.jpg,54 Sari Mulat 4.jpg,54 Sari Mulat,796,3,train
/kaggle/input/datasets/hertiyani/batik-nitik-960-official-mendeley/Batik Nitik 960/Batik Nitik 960 Images/54 Sari Mulat 4_rotate_180.jpg,54 Sari Mulat 4_rotate_180.jpg,54 Sari Mulat,796,3,train
/kaggle/input/datasets/hertiyani/batik-nitik-960-official-mendeley/Batik Nitik 960/Batik Nitik 960 Images/54 Sari Mulat 4_rotate_270.jpg,54 Sari Mulat 4_rotate_270.jpg,54 Sari Mulat,798,3,train
/kaggle/input/datasets/hertiyani/batik-nitik-960-official-mendeley/Batik Nitik 960/Batik Nitik 960 Images/54 Sari Mulat 4_rotate_90.jpg,54 Sari Mulat 4_rotate_90.jpg,54 Sari Mulat,798,3,train
/kaggle/input/datasets/hertiyani/batik-nitik-960-official-mendeley/Batik Nitik 960/Batik Nitik 960 Images/55 Sekar Mrica 1.jpg,55 Sekar Mrica 1.jpg,55 Sekar Mrica,800,3,test
/kaggle/input/datasets/hertiyani/batik-nitik-960-official-mendeley/Batik Nitik 960/Batik Nitik 960 Images/55 Sekar Mrica 1_rotate_180.jpg,55 Sekar Mrica 1_rotate_180.jpg,55 Sekar Mrica,800,3,test
/kaggle/input/datasets/hertiyani/batik-nitik-960-official-mendeley/Batik Nitik 960/Batik Nitik 960 Images/55 Sekar Mrica 1_rotate_270.jpg,55 Sekar Mrica 1_rotate_270.jpg,55 Sekar Mrica,802,3,test
/kaggle/input/datasets/hertiyani/batik-nitik-960-official-mendeley/Batik Nitik 960/Batik Nitik 960 Images/55 Sekar Mrica 1_rotate_90.jpg,55 Sekar Mrica 1_rotate_90.jpg,55 Sekar Mrica,802,3,test
/kaggle/input/datasets/hertiyani/batik-nitik-960-official-mendeley/Batik Nitik 960/Batik Nitik 960 Images/55 Sekar Mrica 2.jpg,55 Sekar Mrica 2.jpg,55 Sekar Mrica,804,3,train
/kaggle/input/datasets/hertiyani/batik-nitik-960-official-mendeley/Batik Nitik 960/Batik Nitik 960 Images/55 Sekar Mrica 2_rotate_180.jpg,55 Sekar Mrica 2_rotate_180.jpg,55 Sekar Mrica,804,3,train
/kaggle/input/datasets/hertiyani/batik-nitik-960-official-mendeley/Batik Nitik 960/Batik Nitik 960 Images/55 Sekar Mrica 2_rotate_270.jpg,55 Sekar Mrica 2_rotate_270.jpg,55 Sekar Mrica,806,3,train
/kaggle/input/datasets/hertiyani/batik-nitik-960-official-mendeley/Batik Nitik 960/Batik Nitik 960 Images/55 Sekar Mrica 2_rotate_90.jpg,55 Sekar Mrica 2_rotate_90.jpg,55 Sekar Mrica,806,3,train
/kaggle/input/datasets/hertiyani/batik-nitik-960-official-mendeley/Batik Nitik 960/Batik Nitik 960 Images/55 Sekar Mrica 3.jpg,55 Sekar Mrica 3.jpg,55 Sekar Mrica,808,3,train
/kaggle/input/datasets/hertiyani/batik-nitik-960-official-mendeley/Batik Nitik 960/Batik Nitik 960 Images/55 Sekar Mrica 3_rotate_180.jpg,55 Sekar Mrica 3_rotate_180.jpg,55 Sekar Mrica,808,3,train
/kaggle/input/datasets/hertiyani/batik-nitik-960-official-mendeley/Batik Nitik 960/Batik Nitik 960 Images/55 Sekar Mrica 3_rotate_270.jpg,55 Sekar Mrica 3_rotate_270.jpg,55 Sekar Mrica,810,3,train
/kaggle/input/datasets/hertiyani/batik-nitik-960-official-mendeley/Batik Nitik 960/Batik Nitik 960 Images/55 Sekar Mrica 3_rotate_90.jpg,55 Sekar Mrica 3_rotate_90.jpg,55 Sekar Mrica,810,3,train
/kaggle/input/datasets/hertiyani/batik-nitik-960-official-mendeley/Batik Nitik 960/Batik Nitik 960 Images/55 Sekar Mrica 4.jpg,55 Sekar Mrica 4.jpg,55 Sekar Mrica,812,3,test
/kaggle/input/datasets/hertiyani/batik-nitik-960-official-mendeley/Batik Nitik 960/Batik Nitik 960 Images/55 Sekar Mrica 4_rotate_180.jpg,55 Sekar Mrica 4_rotate_180.jpg,55 Sekar Mrica,812,3,test
/kaggle/input/datasets/hertiyani/batik-nitik-960-official-mendeley/Batik Nitik 960/Batik Nitik 960 Images/55 Sekar Mrica 4_rotate_270.jpg,55 Sekar Mrica 4_rotate_270.jpg,55 Sekar Mrica,814,3,train
/kaggle/input/datasets/hertiyani/batik-nitik-960-official-mendeley/Batik Nitik 960/Batik Nitik 960 Images/55 Sekar Mrica 4_rotate_90.jpg,55 Sekar Mrica 4_rotate_90.jpg,55 Sekar Mrica,814,3,train
/kaggle/input/datasets/hertiyani/batik-nitik-960-official-mendeley/Batik Nitik 960/Batik Nitik 960 Images/56 Sekar Kepel 1.jpg,56 Sekar Kepel 1.jpg,56 Sekar Kepel,816,3,train
/kaggle/input/datasets/hertiyani/batik-nitik-960-official-mendeley/Batik Nitik 960/Batik Nitik 960 Images/56 Sekar Kepel 1_rotate_180.jpg,56 Sekar Kepel 1_rotate_180.jpg,56 Sekar Kepel,816,3,train
/kaggle/input/datasets/hertiyani/batik-nitik-960-official-mendeley/Batik Nitik 960/Batik Nitik 960 Images/56 Sekar Kepel 1_rotate_270.jpg,56 Sekar Kepel 1_rotate_270.jpg,56 Sekar Kepel,816,3,train
/kaggle/input/datasets/hertiyani/batik-nitik-960-official-mendeley/Batik Nitik 960/Batik Nitik 960 Images/56 Sekar Kepel 1_rotate_90.jpg,56 Sekar Kepel 1_rotate_90.jpg,56 Sekar Kepel,816,3,train
/kaggle/input/datasets/hertiyani/batik-nitik-960-official-mendeley/Batik Nitik 960/Batik Nitik 960 Images/56 Sekar Kepel 2.jpg,56 Sekar Kepel 2.jpg,56 Sekar Kepel,820,3,train
/kaggle/input/datasets/hertiyani/batik-nitik-960-official-mendeley/Batik Nitik 960/Batik Nitik 960 Images/56 Sekar Kepel 2_rotate_180.jpg,56 Sekar Kepel 2_rotate_180.jpg,56 Sekar Kepel,820,3,train
/kaggle/input/datasets/hertiyani/batik-nitik-960-official-mendeley/Batik Nitik 960/Batik Nitik 960 Images/56 Sekar Kepel 2_rotate_270.jpg,56 Sekar Kepel 2_rotate_270.jpg,56 Sekar Kepel,822,3,train
/kaggle/input/datasets/hertiyani/batik-nitik-960-official-mendeley/Batik Nitik 960/Batik Nitik 960 Images/56 Sekar Kepel 2_rotate_90.jpg,56 Sekar Kepel 2_rotate_90.jpg,56 Sekar Kepel,822,3,train
/kaggle/input/datasets/hertiyani/batik-nitik-960-official-mendeley/Batik Nitik 960/Batik Nitik 960 Images/56 Sekar Kepel 3.jpg,56 Sekar Kepel 3.jpg,56 Sekar Kepel,824,3,test
/kaggle/input/datasets/hertiyani/batik-nitik-960-official-mendeley/Batik Nitik 960/Batik Nitik 960 Images/56 Sekar Kepel 3_rotate_180.jpg,56 Sekar Kepel 3_rotate_180.jpg,56 Sekar Kepel,824,3,test
/kaggle/input/datasets/hertiyani/batik-nitik-960-official-mendeley/Batik Nitik 960/Batik Nitik 960 Images/56 Sekar Kepel 3_rotate_270.jpg,56 Sekar Kepel 3_rotate_270.jpg,56 Sekar Kepel,826,3,test
/kaggle/input/datasets/hertiyani/batik-nitik-960-official-mendeley/Batik Nitik 960/Batik Nitik 960 Images/56 Sekar Kepel 3_rotate_90.jpg,56 Sekar Kepel 3_rotate_90.jpg,56 Sekar Kepel,826,3,test
/kaggle/input/datasets/hertiyani/batik-nitik-960-official-mendeley/Batik Nitik 960/Batik Nitik 960 Images/56 Sekar Kepel 4.jpg,56 Sekar Kepel 4.jpg,56 Sekar Kepel,828,3,train
/kaggle/input/datasets/hertiyani/batik-nitik-960-official-mendeley/Batik Nitik 960/Batik Nitik 960 Images/56 Sekar Kepel 4_rotate_180.jpg,56 Sekar Kepel 4_rotate_180.jpg,56 Sekar Kepel,828,3,train
/kaggle/input/datasets/hertiyani/batik-nitik-960-official-mendeley/Batik Nitik 960/Batik Nitik 960 Images/56 Sekar Kepel 4_rotate_270.jpg,56 Sekar Kepel 4_rotate_270.jpg,56 Sekar Kepel,830,3,test
/kaggle/input/datasets/hertiyani/batik-nitik-960-official-mendeley/Batik Nitik 960/Batik Nitik 960 Images/56 Sekar Kepel 4_rotate_90.jpg,56 Sekar Kepel 4_rotate_90.jpg,56 Sekar Kepel,830,3,test
/kaggle/input/datasets/hertiyani/batik-nitik-960-official-mendeley/Batik Nitik 960/Batik Nitik 960 Images/57 Truntum Kurung 1.jpg,57 Truntum Kurung 1.jpg,57 Truntum Kurung,832,3,train
/kaggle/input/datasets/hertiyani/batik-nitik-960-official-mendeley/Batik Nitik 960/Batik Nitik 960 Images/57 Truntum Kurung 1_rotate_180.jpg,57 Truntum Kurung 1_rotate_180.jpg,57 Truntum Kurung,832,3,train
/kaggle/input/datasets/hertiyani/batik-nitik-960-official-mendeley/Batik Nitik 960/Batik Nitik 960 Images/57 Truntum Kurung 1_rotate_270.jpg,57 Truntum Kurung 1_rotate_270.jpg,57 Truntum Kurung,832,3,train
/kaggle/input/datasets/hertiyani/batik-nitik-960-official-mendeley/Batik Nitik 960/Batik Nitik 960 Images/57 Truntum Kurung 1_rotate_90.jpg,57 Truntum Kurung 1_rotate_90.jpg,57 Truntum Kurung,832,3,train
/kaggle/input/datasets/hertiyani/batik-nitik-960-official-mendeley/Batik Nitik 960/Batik Nitik 960 Images/57 Truntum Kurung 2.jpg,57 Truntum Kurung 2.jpg,57 Truntum Kurung,836,3,train
/kaggle/input/datasets/hertiyani/batik-nitik-960-official-mendeley/Batik Nitik 960/Batik Nitik 960 Images/57 Truntum Kurung 2_rotate_180.jpg,57 Truntum Kurung 2_rotate_180.jpg,57 Truntum Kurung,836,3,train
/kaggle/input/datasets/hertiyani/batik-nitik-960-official-mendeley/Batik Nitik 960/Batik Nitik 960 Images/57 Truntum Kurung 2_rotate_270.jpg,57 Truntum Kurung 2_rotate_270.jpg,57 Truntum Kurung,838,3,train
/kaggle/input/datasets/hertiyani/batik-nitik-960-official-mendeley/Batik Nitik 960/Batik Nitik 960 Images/57 Truntum Kurung 2_rotate_90.jpg,57 Truntum Kurung 2_rotate_90.jpg,57 Truntum Kurung,838,3,train
/kaggle/input/datasets/hertiyani/batik-nitik-960-official-mendeley/Batik Nitik 960/Batik Nitik 960 Images/57 Truntum Kurung 3.jpg,57 Truntum Kurung 3.jpg,57 Truntum Kurung,840,3,test
/kaggle/input/datasets/hertiyani/batik-nitik-960-official-mendeley/Batik Nitik 960/Batik Nitik 960 Images/57 Truntum Kurung 3_rotate_180.jpg,57 Truntum Kurung 3_rotate_180.jpg,57 Truntum Kurung,840,3,test
/kaggle/input/datasets/hertiyani/batik-nitik-960-official-mendeley/Batik Nitik 960/Batik Nitik 960 Images/57 Truntum Kurung 3_rotate_270.jpg,57 Truntum Kurung 3_rotate_270.jpg,57 Truntum Kurung,842,3,train
/kaggle/input/datasets/hertiyani/batik-nitik-960-official-mendeley/Batik Nitik 960/Batik Nitik 960 Images/57 Truntum Kurung 3_rotate_90.jpg,57 Truntum Kurung 3_rotate_90.jpg,57 Truntum Kurung,842,3,train
/kaggle/input/datasets/hertiyani/batik-nitik-960-official-mendeley/Batik Nitik 960/Batik Nitik 960 Images/57 Truntum Kurung 4.jpg,57 Truntum Kurung 4.jpg,57 Truntum Kurung,844,3,test
/kaggle/input/datasets/hertiyani/batik-nitik-960-official-mendeley/Batik Nitik 960/Batik Nitik 960 Images/57 Truntum Kurung 4_rotate_180.jpg,57 Truntum Kurung 4_rotate_180.jpg,57 Truntum Kurung,844,3,test
/kaggle/input/datasets/hertiyani/batik-nitik-960-official-mendeley/Batik Nitik 960/Batik Nitik 960 Images/57 Truntum Kurung 4_rotate_270.jpg,57 Truntum Kurung 4_rotate_270.jpg,57 Truntum Kurung,844,3,test
/kaggle/input/datasets/hertiyani/batik-nitik-960-official-mendeley/Batik Nitik 960/Batik Nitik 960 Images/57 Truntum Kurung 4_rotate_90.jpg,57 Truntum Kurung 4_rotate_90.jpg,57 Truntum Kurung,844,3,test
/kaggle/input/datasets/hertiyani/batik-nitik-960-official-mendeley/Batik Nitik 960/Batik Nitik 960 Images/58 Jayakusuma 1.jpg,58 Jayakusuma 1.jpg,58 Jayakusuma,848,3,train
/kaggle/input/datasets/hertiyani/batik-nitik-960-official-mendeley/Batik Nitik 960/Batik Nitik 960 Images/58 Jayakusuma 1_rotate_180.jpg,58 Jayakusuma 1_rotate_180.jpg,58 Jayakusuma,848,3,train
/kaggle/input/datasets/hertiyani/batik-nitik-960-official-mendeley/Batik Nitik 960/Batik Nitik 960 Images/58 Jayakusuma 1_rotate_270.jpg,58 Jayakusuma 1_rotate_270.jpg,58 Jayakusuma,850,3,test
/kaggle/input/datasets/hertiyani/batik-nitik-960-official-mendeley/Batik Nitik 960/Batik Nitik 960 Images/58 Jayakusuma 1_rotate_90.jpg,58 Jayakusuma 1_rotate_90.jpg,58 Jayakusuma,850,3,test
/kaggle/input/datasets/hertiyani/batik-nitik-960-official-mendeley/Batik Nitik 960/Batik Nitik 960 Images/58 Jayakusuma 2.jpg,58 Jayakusuma 2.jpg,58 Jayakusuma,852,3,train
/kaggle/input/datasets/hertiyani/batik-nitik-960-official-mendeley/Batik Nitik 960/Batik Nitik 960 Images/58 Jayakusuma 2_rotate_180.jpg,58 Jayakusuma 2_rotate_180.jpg,58 Jayakusuma,852,3,train
/kaggle/input/datasets/hertiyani/batik-nitik-960-official-mendeley/Batik Nitik 960/Batik Nitik 960 Images/58 Jayakusuma 2_rotate_270.jpg,58 Jayakusuma 2_rotate_270.jpg,58 Jayakusuma,854,3,test
/kaggle/input/datasets/hertiyani/batik-nitik-960-official-mendeley/Batik Nitik 960/Batik Nitik 960 Images/58 Jayakusuma 2_rotate_90.jpg,58 Jayakusuma 2_rotate_90.jpg,58 Jayakusuma,854,3,test
/kaggle/input/datasets/hertiyani/batik-nitik-960-official-mendeley/Batik Nitik 960/Batik Nitik 960 Images/58 Jayakusuma 3.jpg,58 Jayakusuma 3.jpg,58 Jayakusuma,856,3,train
/kaggle/input/datasets/hertiyani/batik-nitik-960-official-mendeley/Batik Nitik 960/Batik Nitik 960 Images/58 Jayakusuma 3_rotate_180.jpg,58 Jayakusuma 3_rotate_180.jpg,58 Jayakusuma,856,3,train
/kaggle/input/datasets/hertiyani/batik-nitik-960-official-mendeley/Batik Nitik 960/Batik Nitik 960 Images/58 Jayakusuma 3_rotate_270.jpg,58 Jayakusuma 3_rotate_270.jpg,58 Jayakusuma,858,3,test
/kaggle/input/datasets/hertiyani/batik-nitik-960-official-mendeley/Batik Nitik 960/Batik Nitik 960 Images/58 Jayakusuma 3_rotate_90.jpg,58 Jayakusuma 3_rotate_90.jpg,58 Jayakusuma,858,3,test
/kaggle/input/datasets/hertiyani/batik-nitik-960-official-mendeley/Batik Nitik 960/Batik Nitik 960 Images/58 Jayakusuma 4.jpg,58 Jayakusuma 4.jpg,58 Jayakusuma,860,3,train
/kaggle/input/datasets/hertiyani/batik-nitik-960-official-mendeley/Batik Nitik 960/Batik Nitik 960 Images/58 Jayakusuma 4_rotate_180.jpg,58 Jayakusuma 4_rotate_180.jpg,58 Jayakusuma,860,3,train
/kaggle/input/datasets/hertiyani/batik-nitik-960-official-mendeley/Batik Nitik 960/Batik Nitik 960 Images/58 Jayakusuma 4_rotate_270.jpg,58 Jayakusuma 4_rotate_270.jpg,58 Jayakusuma,860,3,train
/kaggle/input/datasets/hertiyani/batik-nitik-960-official-mendeley/Batik Nitik 960/Batik Nitik 960 Images/58 Jayakusuma 4_rotate_90.jpg,58 Jayakusuma 4_rotate_90.jpg,58 Jayakusuma,860,3,train
/kaggle/input/datasets/hertiyani/batik-nitik-960-official-mendeley/Batik Nitik 960/Batik Nitik 960 Images/59 Rengganis 1.jpg,59 Rengganis 1.jpg,59 Rengganis,864,3,train
/kaggle/input/datasets/hertiyani/batik-nitik-960-official-mendeley/Batik Nitik 960/Batik Nitik 960 Images/59 Rengganis 1_rotate_180.jpg,59 Rengganis 1_rotate_180.jpg,59 Rengganis,864,3,train
/kaggle/input/datasets/hertiyani/batik-nitik-960-official-mendeley/Batik Nitik 960/Batik Nitik 960 Images/59 Rengganis 1_rotate_270.jpg,59 Rengganis 1_rotate_270.jpg,59 Rengganis,866,3,train
/kaggle/input/datasets/hertiyani/batik-nitik-960-official-mendeley/Batik Nitik 960/Batik Nitik 960 Images/59 Rengganis 1_rotate_90.jpg,59 Rengganis 1_rotate_90.jpg,59 Rengganis,866,3,train
/kaggle/input/datasets/hertiyani/batik-nitik-960-official-mendeley/Batik Nitik 960/Batik Nitik 960 Images/59 Rengganis 2.jpg,59 Rengganis 2.jpg,59 Rengganis,868,3,test
/kaggle/input/datasets/hertiyani/batik-nitik-960-official-mendeley/Batik Nitik 960/Batik Nitik 960 Images/59 Rengganis 2_rotate_180.jpg,59 Rengganis 2_rotate_180.jpg,59 Rengganis,868,3,test
/kaggle/input/datasets/hertiyani/batik-nitik-960-official-mendeley/Batik Nitik 960/Batik Nitik 960 Images/59 Rengganis 2_rotate_270.jpg,59 Rengganis 2_rotate_270.jpg,59 Rengganis,870,3,train
/kaggle/input/datasets/hertiyani/batik-nitik-960-official-mendeley/Batik Nitik 960/Batik Nitik 960 Images/59 Rengganis 2_rotate_90.jpg,59 Rengganis 2_rotate_90.jpg,59 Rengganis,870,3,train
/kaggle/input/datasets/hertiyani/batik-nitik-960-official-mendeley/Batik Nitik 960/Batik Nitik 960 Images/59 Rengganis 3.jpg,59 Rengganis 3.jpg,59 Rengganis,872,3,test
/kaggle/input/datasets/hertiyani/batik-nitik-960-official-mendeley/Batik Nitik 960/Batik Nitik 960 Images/59 Rengganis 3_rotate_180.jpg,59 Rengganis 3_rotate_180.jpg,59 Rengganis,872,3,test
/kaggle/input/datasets/hertiyani/batik-nitik-960-official-mendeley/Batik Nitik 960/Batik Nitik 960 Images/59 Rengganis 3_rotate_270.jpg,59 Rengganis 3_rotate_270.jpg,59 Rengganis,872,3,test
/kaggle/input/datasets/hertiyani/batik-nitik-960-official-mendeley/Batik Nitik 960/Batik Nitik 960 Images/59 Rengganis 3_rotate_90.jpg,59 Rengganis 3_rotate_90.jpg,59 Rengganis,872,3,test
/kaggle/input/datasets/hertiyani/batik-nitik-960-official-mendeley/Batik Nitik 960/Batik Nitik 960 Images/59 Rengganis 4.jpg,59 Rengganis 4.jpg,59 Rengganis,876,3,train
/kaggle/input/datasets/hertiyani/batik-nitik-960-official-mendeley/Batik Nitik 960/Batik Nitik 960 Images/59 Rengganis 4_rotate_180.jpg,59 Rengganis 4_rotate_180.jpg,59 Rengganis,876,3,train
/kaggle/input/datasets/hertiyani/batik-nitik-960-official-mendeley/Batik Nitik 960/Batik Nitik 960 Images/59 Rengganis 4_rotate_270.jpg,59 Rengganis 4_rotate_270.jpg,59 Rengganis,878,3,test
/kaggle/input/datasets/hertiyani/batik-nitik-960-official-mendeley/Batik Nitik 960/Batik Nitik 960 Images/59 Rengganis 4_rotate_90.jpg,59 Rengganis 4_rotate_90.jpg,59 Rengganis,878,3,test
/kaggle/input/datasets/hertiyani/batik-nitik-960-official-mendeley/Batik Nitik 960/Batik Nitik 960 Images/6 Arumdalu 1.jpg,6 Arumdalu 1.jpg,6 Arumdalu,880,3,test
/kaggle/input/datasets/hertiyani/batik-nitik-960-official-mendeley/Batik Nitik 960/Batik Nitik 960 Images/6 Arumdalu 1_rotate_180.jpg,6 Arumdalu 1_rotate_180.jpg,6 Arumdalu,880,3,test
/kaggle/input/datasets/hertiyani/batik-nitik-960-official-mendeley/Batik Nitik 960/Batik Nitik 960 Images/6 Arumdalu 1_rotate_270.jpg,6 Arumdalu 1_rotate_270.jpg,6 Arumdalu,880,3,test
/kaggle/input/datasets/hertiyani/batik-nitik-960-official-mendeley/Batik Nitik 960/Batik Nitik 960 Images/6 Arumdalu 1_rotate_90.jpg,6 Arumdalu 1_rotate_90.jpg,6 Arumdalu,880,3,test
/kaggle/input/datasets/hertiyani/batik-nitik-960-official-mendeley/Batik Nitik 960/Batik Nitik 960 Images/6 Arumdalu 2.jpg,6 Arumdalu 2.jpg,6 Arumdalu,884,3,test
/kaggle/input/datasets/hertiyani/batik-nitik-960-official-mendeley/Batik Nitik 960/Batik Nitik 960 Images/6 Arumdalu 2_rotate_180.jpg,6 Arumdalu 2_rotate_180.jpg,6 Arumdalu,884,3,test
/kaggle/input/datasets/hertiyani/batik-nitik-960-official-mendeley/Batik Nitik 960/Batik Nitik 960 Images/6 Arumdalu 2_rotate_270.jpg,6 Arumdalu 2_rotate_270.jpg,6 Arumdalu,886,3,train
/kaggle/input/datasets/hertiyani/batik-nitik-960-official-mendeley/Batik Nitik 960/Batik Nitik 960 Images/6 Arumdalu 2_rotate_90.jpg,6 Arumdalu 2_rotate_90.jpg,6 Arumdalu,886,3,train
/kaggle/input/datasets/hertiyani/batik-nitik-960-official-mendeley/Batik Nitik 960/Batik Nitik 960 Images/6 Arumdalu 3.jpg,6 Arumdalu 3.jpg,6 Arumdalu,888,3,train
/kaggle/input/datasets/hertiyani/batik-nitik-960-official-mendeley/Batik Nitik 960/Batik Nitik 960 Images/6 Arumdalu 3_rotate_180.jpg,6 Arumdalu 3_rotate_180.jpg,6 Arumdalu,888,3,train
/kaggle/input/datasets/hertiyani/batik-nitik-960-official-mendeley/Batik Nitik 960/Batik Nitik 960 Images/6 Arumdalu 3_rotate_270.jpg,6 Arumdalu 3_rotate_270.jpg,6 Arumdalu,888,3,train
/kaggle/input/datasets/hertiyani/batik-nitik-960-official-mendeley/Batik Nitik 960/Batik Nitik 960 Images/6 Arumdalu 3_rotate_90.jpg,6 Arumdalu 3_rotate_90.jpg,6 Arumdalu,888,3,train
/kaggle/input/datasets/hertiyani/batik-nitik-960-official-mendeley/Batik Nitik 960/Batik Nitik 960 Images/6 Arumdalu 4.jpg,6 Arumdalu 4.jpg,6 Arumdalu,892,3,test
/kaggle/input/datasets/hertiyani/batik-nitik-960-official-mendeley/Batik Nitik 960/Batik Nitik 960 Images/6 Arumdalu 4_rotate_180.jpg,6 Arumdalu 4_rotate_180.jpg,6 Arumdalu,892,3,test
/kaggle/input/datasets/hertiyani/batik-nitik-960-official-mendeley/Batik Nitik 960/Batik Nitik 960 Images/6 Arumdalu 4_rotate_270.jpg,6 Arumdalu 4_rotate_270.jpg,6 Arumdalu,894,3,train
/kaggle/input/datasets/hertiyani/batik-nitik-960-official-mendeley/Batik Nitik 960/Batik Nitik 960 Images/6 Arumdalu 4_rotate_90.jpg,6 Arumdalu 4_rotate_90.jpg,6 Arumdalu,894,3,train
/kaggle/input/datasets/hertiyani/batik-nitik-960-official-mendeley/Batik Nitik 960/Batik Nitik 960 Images/60 Sekar Gambir 1.jpg,60 Sekar Gambir 1.jpg,60 Sekar Gambir,896,3,train
/kaggle/input/datasets/hertiyani/batik-nitik-960-official-mendeley/Batik Nitik 960/Batik Nitik 960 Images/60 Sekar Gambir 1_rotate_180.jpg,60 Sekar Gambir 1_rotate_180.jpg,60 Sekar Gambir,896,3,train
/kaggle/input/datasets/hertiyani/batik-nitik-960-official-mendeley/Batik Nitik 960/Batik Nitik 960 Images/60 Sekar Gambir 1_rotate_270.jpg,60 Sekar Gambir 1_rotate_270.jpg,60 Sekar Gambir,898,3,test
/kaggle/input/datasets/hertiyani/batik-nitik-960-official-mendeley/Batik Nitik 960/Batik Nitik 960 Images/60 Sekar Gambir 1_rotate_90.jpg,60 Sekar Gambir 1_rotate_90.jpg,60 Sekar Gambir,898,3,test
/kaggle/input/datasets/hertiyani/batik-nitik-960-official-mendeley/Batik Nitik 960/Batik Nitik 960 Images/60 Sekar Gambir 2.jpg,60 Sekar Gambir 2.jpg,60 Sekar Gambir,900,3,train
/kaggle/input/datasets/hertiyani/batik-nitik-960-official-mendeley/Batik Nitik 960/Batik Nitik 960 Images/60 Sekar Gambir 2_rotate_180.jpg,60 Sekar Gambir 2_rotate_180.jpg,60 Sekar Gambir,900,3,train
/kaggle/input/datasets/hertiyani/batik-nitik-960-official-mendeley/Batik Nitik 960/Batik Nitik 960 Images/60 Sekar Gambir 2_rotate_270.jpg,60 Sekar Gambir 2_rotate_270.jpg,60 Sekar Gambir,902,3,train
/kaggle/input/datasets/hertiyani/batik-nitik-960-official-mendeley/Batik Nitik 960/Batik Nitik 960 Images/60 Sekar Gambir 2_rotate_90.jpg,60 Sekar Gambir 2_rotate_90.jpg,60 Sekar Gambir,902,3,train
/kaggle/input/datasets/hertiyani/batik-nitik-960-official-mendeley/Batik Nitik 960/Batik Nitik 960 Images/60 Sekar Gambir 3.jpg,60 Sekar Gambir 3.jpg,60 Sekar Gambir,904,3,test
/kaggle/input/datasets/hertiyani/batik-nitik-960-official-mendeley/Batik Nitik 960/Batik Nitik 960 Images/60 Sekar Gambir 3_rotate_180.jpg,60 Sekar Gambir 3_rotate_180.jpg,60 Sekar Gambir,904,3,test
/kaggle/input/datasets/hertiyani/batik-nitik-960-official-mendeley/Batik Nitik 960/Batik Nitik 960 Images/60 Sekar Gambir 3_rotate_270.jpg,60 Sekar Gambir 3_rotate_270.jpg,60 Sekar Gambir,904,3,test
/kaggle/input/datasets/hertiyani/batik-nitik-960-official-mendeley/Batik Nitik 960/Batik Nitik 960 Images/60 Sekar Gambir 3_rotate_90.jpg,60 Sekar Gambir 3_rotate_90.jpg,60 Sekar Gambir,904,3,test
/kaggle/input/datasets/hertiyani/batik-nitik-960-official-mendeley/Batik Nitik 960/Batik Nitik 960 Images/60 Sekar Gambir 4.jpg,60 Sekar Gambir 4.jpg,60 Sekar Gambir,908,3,train
/kaggle/input/datasets/hertiyani/batik-nitik-960-official-mendeley/Batik Nitik 960/Batik Nitik 960 Images/60 Sekar Gambir 4_rotate_180.jpg,60 Sekar Gambir 4_rotate_180.jpg,60 Sekar Gambir,908,3,train
/kaggle/input/datasets/hertiyani/batik-nitik-960-official-mendeley/Batik Nitik 960/Batik Nitik 960 Images/60 Sekar Gambir 4_rotate_270.jpg,60 Sekar Gambir 4_rotate_270.jpg,60 Sekar Gambir,910,3,test
/kaggle/input/datasets/hertiyani/batik-nitik-960-official-mendeley/Batik Nitik 960/Batik Nitik 960 Images/60 Sekar Gambir 4_rotate_90.jpg,60 Sekar Gambir 4_rotate_90.jpg,60 Sekar Gambir,910,3,test
/kaggle/input/datasets/hertiyani/batik-nitik-960-official-mendeley/Batik Nitik 960/Batik Nitik 960 Images/7 Sekar Srigadhing 1.jpg,7 Sekar Srigadhing 1.jpg,7 Sekar Srigadhing,912,3,train
/kaggle/input/datasets/hertiyani/batik-nitik-960-official-mendeley/Batik Nitik 960/Batik Nitik 960 Images/7 Sekar Srigadhing 1_rotate_180.jpg,7 Sekar Srigadhing 1_rotate_180.jpg,7 Sekar Srigadhing,912,3,train
/kaggle/input/datasets/hertiyani/batik-nitik-960-official-mendeley/Batik Nitik 960/Batik Nitik 960 Images/7 Sekar Srigadhing 1_rotate_270.jpg,7 Sekar Srigadhing 1_rotate_270.jpg,7 Sekar Srigadhing,914,3,test
/kaggle/input/datasets/hertiyani/batik-nitik-960-official-mendeley/Batik Nitik 960/Batik Nitik 960 Images/7 Sekar Srigadhing 1_rotate_90.jpg,7 Sekar Srigadhing 1_rotate_90.jpg,7 Sekar Srigadhing,914,3,test
/kaggle/input/datasets/hertiyani/batik-nitik-960-official-mendeley/Batik Nitik 960/Batik Nitik 960 Images/7 Sekar Srigadhing 2.jpg,7 Sekar Srigadhing 2.jpg,7 Sekar Srigadhing,916,3,train
/kaggle/input/datasets/hertiyani/batik-nitik-960-official-mendeley/Batik Nitik 960/Batik Nitik 960 Images/7 Sekar Srigadhing 2_rotate_180.jpg,7 Sekar Srigadhing 2_rotate_180.jpg,7 Sekar Srigadhing,916,3,train
/kaggle/input/datasets/hertiyani/batik-nitik-960-official-mendeley/Batik Nitik 960/Batik Nitik 960 Images/7 Sekar Srigadhing 2_rotate_270.jpg,7 Sekar Srigadhing 2_rotate_270.jpg,7 Sekar Srigadhing,918,3,test
/kaggle/input/datasets/hertiyani/batik-nitik-960-official-mendeley/Batik Nitik 960/Batik Nitik 960 Images/7 Sekar Srigadhing 2_rotate_90.jpg,7 Sekar Srigadhing 2_rotate_90.jpg,7 Sekar Srigadhing,918,3,test
/kaggle/input/datasets/hertiyani/batik-nitik-960-official-mendeley/Batik Nitik 960/Batik Nitik 960 Images/7 Sekar Srigadhing 3.jpg,7 Sekar Srigadhing 3.jpg,7 Sekar Srigadhing,920,3,train
/kaggle/input/datasets/hertiyani/batik-nitik-960-official-mendeley/Batik Nitik 960/Batik Nitik 960 Images/7 Sekar Srigadhing 3_rotate_180.jpg,7 Sekar Srigadhing 3_rotate_180.jpg,7 Sekar Srigadhing,920,3,train
/kaggle/input/datasets/hertiyani/batik-nitik-960-official-mendeley/Batik Nitik 960/Batik Nitik 960 Images/7 Sekar Srigadhing 3_rotate_270.jpg,7 Sekar Srigadhing 3_rotate_270.jpg,7 Sekar Srigadhing,922,3,train
/kaggle/input/datasets/hertiyani/batik-nitik-960-official-mendeley/Batik Nitik 960/Batik Nitik 960 Images/7 Sekar Srigadhing 3_rotate_90.jpg,7 Sekar Srigadhing 3_rotate_90.jpg,7 Sekar Srigadhing,922,3,train
/kaggle/input/datasets/hertiyani/batik-nitik-960-official-mendeley/Batik Nitik 960/Batik Nitik 960 Images/7 Sekar Srigadhing 4.jpg,7 Sekar Srigadhing 4.jpg,7 Sekar Srigadhing,924,3,train
/kaggle/input/datasets/hertiyani/batik-nitik-960-official-mendeley/Batik Nitik 960/Batik Nitik 960 Images/7 Sekar Srigadhing 4_rotate_180.jpg,7 Sekar Srigadhing 4_rotate_180.jpg,7 Sekar Srigadhing,924,3,train
/kaggle/input/datasets/hertiyani/batik-nitik-960-official-mendeley/Batik Nitik 960/Batik Nitik 960 Images/7 Sekar Srigadhing 4_rotate_270.jpg,7 Sekar Srigadhing 4_rotate_270.jpg,7 Sekar Srigadhing,926,3,test
/kaggle/input/datasets/hertiyani/batik-nitik-960-official-mendeley/Batik Nitik 960/Batik Nitik 960 Images/7 Sekar Srigadhing 4_rotate_90.jpg,7 Sekar Srigadhing 4_rotate_90.jpg,7 Sekar Srigadhing,926,3,test
/kaggle/input/datasets/hertiyani/batik-nitik-960-official-mendeley/Batik Nitik 960/Batik Nitik 960 Images/8 Kemukus 1.jpg,8 Kemukus 1.jpg,8 Kemukus,928,3,test
/kaggle/input/datasets/hertiyani/batik-nitik-960-official-mendeley/Batik Nitik 960/Batik Nitik 960 Images/8 Kemukus 1_rotate_180.jpg,8 Kemukus 1_rotate_180.jpg,8 Kemukus,928,3,test
/kaggle/input/datasets/hertiyani/batik-nitik-960-official-mendeley/Batik Nitik 960/Batik Nitik 960 Images/8 Kemukus 1_rotate_270.jpg,8 Kemukus 1_rotate_270.jpg,8 Kemukus,928,3,test
/kaggle/input/datasets/hertiyani/batik-nitik-960-official-mendeley/Batik Nitik 960/Batik Nitik 960 Images/8 Kemukus 1_rotate_90.jpg,8 Kemukus 1_rotate_90.jpg,8 Kemukus,928,3,test
/kaggle/input/datasets/hertiyani/batik-nitik-960-official-mendeley/Batik Nitik 960/Batik Nitik 960 Images/8 Kemukus 2.jpg,8 Kemukus 2.jpg,8 Kemukus,932,3,test
/kaggle/input/datasets/hertiyani/batik-nitik-960-official-mendeley/Batik Nitik 960/Batik Nitik 960 Images/8 Kemukus 2_rotate_180.jpg,8 Kemukus 2_rotate_180.jpg,8 Kemukus,932,3,test
/kaggle/input/datasets/hertiyani/batik-nitik-960-official-mendeley/Batik Nitik 960/Batik Nitik 960 Images/8 Kemukus 2_rotate_270.jpg,8 Kemukus 2_rotate_270.jpg,8 Kemukus,934,3,test
/kaggle/input/datasets/hertiyani/batik-nitik-960-official-mendeley/Batik Nitik 960/Batik Nitik 960 Images/8 Kemukus 2_rotate_90.jpg,8 Kemukus 2_rotate_90.jpg,8 Kemukus,934,3,test
/kaggle/input/datasets/hertiyani/batik-nitik-960-official-mendeley/Batik Nitik 960/Batik Nitik 960 Images/8 Kemukus 3.jpg,8 Kemukus 3.jpg,8 Kemukus,936,3,train
/kaggle/input/datasets/hertiyani/batik-nitik-960-official-mendeley/Batik Nitik 960/Batik Nitik 960 Images/8 Kemukus 3_rotate_180.jpg,8 Kemukus 3_rotate_180.jpg,8 Kemukus,936,3,train
/kaggle/input/datasets/hertiyani/batik-nitik-960-official-mendeley/Batik Nitik 960/Batik Nitik 960 Images/8 Kemukus 3_rotate_270.jpg,8 Kemukus 3_rotate_270.jpg,8 Kemukus,936,3,train
/kaggle/input/datasets/hertiyani/batik-nitik-960-official-mendeley/Batik Nitik 960/Batik Nitik 960 Images/8 Kemukus 3_rotate_90.jpg,8 Kemukus 3_rotate_90.jpg,8 Kemukus,936,3,train
/kaggle/input/datasets/hertiyani/batik-nitik-960-official-mendeley/Batik Nitik 960/Batik Nitik 960 Images/8 Kemukus 4.jpg,8 Kemukus 4.jpg,8 Kemukus,940,3,train
/kaggle/input/datasets/hertiyani/batik-nitik-960-official-mendeley/Batik Nitik 960/Batik Nitik 960 Images/8 Kemukus 4_rotate_180.jpg,8 Kemukus 4_rotate_180.jpg,8 Kemukus,940,3,train
/kaggle/input/datasets/hertiyani/batik-nitik-960-official-mendeley/Batik Nitik 960/Batik Nitik 960 Images/8 Kemukus 4_rotate_270.jpg,8 Kemukus 4_rotate_270.jpg,8 Kemukus,940,3,train
/kaggle/input/datasets/hertiyani/batik-nitik-960-official-mendeley/Batik Nitik 960/Batik Nitik 960 Images/8 Kemukus 4_rotate_90.jpg,8 Kemukus 4_rotate_90.jpg,8 Kemukus,940,3,train
/kaggle/input/datasets/hertiyani/batik-nitik-960-official-mendeley/Batik Nitik 960/Batik Nitik 960 Images/9 Sekar Gudhe 1.jpg,9 Sekar Gudhe 1.jpg,9 Sekar Gudhe,944,3,train
/kaggle/input/datasets/hertiyani/batik-nitik-960-official-mendeley/Batik Nitik 960/Batik Nitik 960 Images/9 Sekar Gudhe 1_rotate_180.jpg,9 Sekar Gudhe 1_rotate_180.jpg,9 Sekar Gudhe,944,3,train
/kaggle/input/datasets/hertiyani/batik-nitik-960-official-mendeley/Batik Nitik 960/Batik Nitik 960 Images/9 Sekar Gudhe 1_rotate_270.jpg,9 Sekar Gudhe 1_rotate_270.jpg,9 Sekar Gudhe,946,3,test
/kaggle/input/datasets/hertiyani/batik-nitik-960-official-mendeley/Batik Nitik 960/Batik Nitik 960 Images/9 Sekar Gudhe 1_rotate_90.jpg,9 Sekar Gudhe 1_rotate_90.jpg,9 Sekar Gudhe,946,3,test
/kaggle/input/datasets/hertiyani/batik-nitik-960-official-mendeley/Batik Nitik 960/Batik Nitik 960 Images/9 Sekar Gudhe 2.jpg,9 Sekar Gudhe 2.jpg,9 Sekar Gudhe,948,3,test
/kaggle/input/datasets/hertiyani/batik-nitik-960-official-mendeley/Batik Nitik 960/Batik Nitik 960 Images/9 Sekar Gudhe 2_rotate_180.jpg,9 Sekar Gudhe 2_rotate_180.jpg,9 Sekar Gudhe,948,3,test
/kaggle/input/datasets/hertiyani/batik-nitik-960-official-mendeley/Batik Nitik 960/Batik Nitik 960 Images/9 Sekar Gudhe 2_rotate_270.jpg,9 Sekar Gudhe 2_rotate_270.jpg,9 Sekar Gudhe,950,3,train
/kaggle/input/datasets/hertiyani/batik-nitik-960-official-mendeley/Batik Nitik 960/Batik Nitik 960 Images/9 Sekar Gudhe 2_rotate_90.jpg,9 Sekar Gudhe 2_rotate_90.jpg,9 Sekar Gudhe,950,3,train
/kaggle/input/datasets/hertiyani/batik-nitik-960-official-mendeley/Batik Nitik 960/Batik Nitik 960 Images/9 Sekar Gudhe 3.jpg,9 Sekar Gudhe 3.jpg,9 Sekar Gudhe,952,3,train
/kaggle/input/datasets/hertiyani/batik-nitik-960-official-mendeley/Batik Nitik 960/Batik Nitik 960 Images/9 Sekar Gudhe 3_rotate_180.jpg,9 Sekar Gudhe 3_rotate_180.jpg,9 Sekar Gudhe,952,3,train
/kaggle/input/datasets/hertiyani/batik-nitik-960-official-mendeley/Batik Nitik 960/Batik Nitik 960 Images/9 Sekar Gudhe 3_rotate_270.jpg,9 Sekar Gudhe 3_rotate_270.jpg,9 Sekar Gudhe,952,3,train
/kaggle/input/datasets/hertiyani/batik-nitik-960-official-mendeley/Batik Nitik 960/Batik Nitik 960 Images/9 Sekar Gudhe 3_rotate_90.jpg,9 Sekar Gudhe 3_rotate_90.jpg,9 Sekar Gudhe,952,3,train
/kaggle/input/datasets/hertiyani/batik-nitik-960-official-mendeley/Batik Nitik 960/Batik Nitik 960 Images/9 Sekar Gudhe 4.jpg,9 Sekar Gudhe 4.jpg,9 Sekar Gudhe,956,3,train
/kaggle/input/datasets/hertiyani/batik-nitik-960-official-mendeley/Batik Nitik 960/Batik Nitik 960 Images/9 Sekar Gudhe 4_rotate_180.jpg,9 Sekar Gudhe 4_rotate_180.jpg,9 Sekar Gudhe,956,3,train
/kaggle/input/datasets/hertiyani/batik-nitik-960-official-mendeley/Batik Nitik 960/Batik Nitik 960 Images/9 Sekar Gudhe 4_rotate_270.jpg,9 Sekar Gudhe 4_rotate_270.jpg,9 Sekar Gudhe,958,3,test
/kaggle/input/datasets/hertiyani/batik-nitik-960-official-mendeley/Batik Nitik 960/Batik Nitik 960 Images/9 Sekar Gudhe 4_rotate_90.jpg,9 Sekar Gudhe 4_rotate_90.jpg,9 Sekar Gudhe,958,3,test
/kaggle/input/datasets/hertiyani/batik-nitik-960-official-mendeley/Batik Nitik 960/Batik Nitik 960 Images/1 Sekar Kemuning 1.jpg,1 Sekar Kemuning 1.jpg,1 Sekar Kemuning,0,4,test
/kaggle/input/datasets/hertiyani/batik-nitik-960-official-mendeley/Batik Nitik 960/Batik Nitik 960 Images/1 Sekar Kemuning 1_rotate_180.jpg,1 Sekar Kemuning 1_rotate_180.jpg,1 Sekar Kemuning,0,4,test
/kaggle/input/datasets/hertiyani/batik-nitik-960-official-mendeley/Batik Nitik 960/Batik Nitik 960 Images/1 Sekar Kemuning 1_rotate_270.jpg,1 Sekar Kemuning 1_rotate_270.jpg,1 Sekar Kemuning,2,4,test
/kaggle/input/datasets/hertiyani/batik-nitik-960-official-mendeley/Batik Nitik 960/Batik Nitik 960 Images/1 Sekar Kemuning 1_rotate_90.jpg,1 Sekar Kemuning 1_rotate_90.jpg,1 Sekar Kemuning,2,4,test
/kaggle/input/datasets/hertiyani/batik-nitik-960-official-mendeley/Batik Nitik 960/Batik Nitik 960 Images/1 Sekar Kemuning 2.jpg,1 Sekar Kemuning 2.jpg,1 Sekar Kemuning,4,4,train
/kaggle/input/datasets/hertiyani/batik-nitik-960-official-mendeley/Batik Nitik 960/Batik Nitik 960 Images/1 Sekar Kemuning 2_rotate_180.jpg,1 Sekar Kemuning 2_rotate_180.jpg,1 Sekar Kemuning,4,4,train
/kaggle/input/datasets/hertiyani/batik-nitik-960-official-mendeley/Batik Nitik 960/Batik Nitik 960 Images/1 Sekar Kemuning 2_rotate_270.jpg,1 Sekar Kemuning 2_rotate_270.jpg,1 Sekar Kemuning,6,4,train
/kaggle/input/datasets/hertiyani/batik-nitik-960-official-mendeley/Batik Nitik 960/Batik Nitik 960 Images/1 Sekar Kemuning 2_rotate_90.jpg,1 Sekar Kemuning 2_rotate_90.jpg,1 Sekar Kemuning,6,4,train
/kaggle/input/datasets/hertiyani/batik-nitik-960-official-mendeley/Batik Nitik 960/Batik Nitik 960 Images/1 Sekar Kemuning 3.jpg,1 Sekar Kemuning 3.jpg,1 Sekar Kemuning,8,4,test
/kaggle/input/datasets/hertiyani/batik-nitik-960-official-mendeley/Batik Nitik 960/Batik Nitik 960 Images/1 Sekar Kemuning 3_rotate_180.jpg,1 Sekar Kemuning 3_rotate_180.jpg,1 Sekar Kemuning,8,4,test
/kaggle/input/datasets/hertiyani/batik-nitik-960-official-mendeley/Batik Nitik 960/Batik Nitik 960 Images/1 Sekar Kemuning 3_rotate_270.jpg,1 Sekar Kemuning 3_rotate_270.jpg,1 Sekar Kemuning,10,4,train
/kaggle/input/datasets/hertiyani/batik-nitik-960-official-mendeley/Batik Nitik 960/Batik Nitik 960 Images/1 Sekar Kemuning 3_rotate_90.jpg,1 Sekar Kemuning 3_rotate_90.jpg,1 Sekar Kemuning,10,4,train
/kaggle/input/datasets/hertiyani/batik-nitik-960-official-mendeley/Batik Nitik 960/Batik Nitik 960 Images/1 Sekar Kemuning 4.jpg,1 Sekar Kemuning 4.jpg,1 Sekar Kemuning,12,4,train
/kaggle/input/datasets/hertiyani/batik-nitik-960-official-mendeley/Batik Nitik 960/Batik Nitik 960 Images/1 Sekar Kemuning 4_rotate_180.jpg,1 Sekar Kemuning 4_rotate_180.jpg,1 Sekar Kemuning,12,4,train
/kaggle/input/datasets/hertiyani/batik-nitik-960-official-mendeley/Batik Nitik 960/Batik Nitik 960 Images/1 Sekar Kemuning 4_rotate_270.jpg,1 Sekar Kemuning 4_rotate_270.jpg,1 Sekar Kemuning,14,4,train
/kaggle/input/datasets/hertiyani/batik-nitik-960-official-mendeley/Batik Nitik 960/Batik Nitik 960 Images/1 Sekar Kemuning 4_rotate_90.jpg,1 Sekar Kemuning 4_rotate_90.jpg,1 Sekar Kemuning,14,4,train
/kaggle/input/datasets/hertiyani/batik-nitik-960-official-mendeley/Batik Nitik 960/Batik Nitik 960 Images/10 Sekar Ketongkeng 1.jpg,10 Sekar Ketongkeng 1.jpg,10 Sekar Ketongkeng,16,4,train
/kaggle/input/datasets/hertiyani/batik-nitik-960-official-mendeley/Batik Nitik 960/Batik Nitik 960 Images/10 Sekar Ketongkeng 1_rotate_180.jpg,10 Sekar Ketongkeng 1_rotate_180.jpg,10 Sekar Ketongkeng,16,4,train
/kaggle/input/datasets/hertiyani/batik-nitik-960-official-mendeley/Batik Nitik 960/Batik Nitik 960 Images/10 Sekar Ketongkeng 1_rotate_270.jpg,10 Sekar Ketongkeng 1_rotate_270.jpg,10 Sekar Ketongkeng,16,4,train
/kaggle/input/datasets/hertiyani/batik-nitik-960-official-mendeley/Batik Nitik 960/Batik Nitik 960 Images/10 Sekar Ketongkeng 1_rotate_90.jpg,10 Sekar Ketongkeng 1_rotate_90.jpg,10 Sekar Ketongkeng,16,4,train
/kaggle/input/datasets/hertiyani/batik-nitik-960-official-mendeley/Batik Nitik 960/Batik Nitik 960 Images/10 Sekar Ketongkeng 2.jpg,10 Sekar Ketongkeng 2.jpg,10 Sekar Ketongkeng,20,4,test
/kaggle/input/datasets/hertiyani/batik-nitik-960-official-mendeley/Batik Nitik 960/Batik Nitik 960 Images/10 Sekar Ketongkeng 2_rotate_180.jpg,10 Sekar Ketongkeng 2_rotate_180.jpg,10 Sekar Ketongkeng,20,4,test
/kaggle/input/datasets/hertiyani/batik-nitik-960-official-mendeley/Batik Nitik 960/Batik Nitik 960 Images/10 Sekar Ketongkeng 2_rotate_270.jpg,10 Sekar Ketongkeng 2_rotate_270.jpg,10 Sekar Ketongkeng,22,4,train
/kaggle/input/datasets/hertiyani/batik-nitik-960-official-mendeley/Batik Nitik 960/Batik Nitik 960 Images/10 Sekar Ketongkeng 2_rotate_90.jpg,10 Sekar Ketongkeng 2_rotate_90.jpg,10 Sekar Ketongkeng,22,4,train
/kaggle/input/datasets/hertiyani/batik-nitik-960-official-mendeley/Batik Nitik 960/Batik Nitik 960 Images/10 Sekar Ketongkeng 3.jpg,10 Sekar Ketongkeng 3.jpg,10 Sekar Ketongkeng,24,4,test
/kaggle/input/datasets/hertiyani/batik-nitik-960-official-mendeley/Batik Nitik 960/Batik Nitik 960 Images/10 Sekar Ketongkeng 3_rotate_180.jpg,10 Sekar Ketongkeng 3_rotate_180.jpg,10 Sekar Ketongkeng,24,4,test
/kaggle/input/datasets/hertiyani/batik-nitik-960-official-mendeley/Batik Nitik 960/Batik Nitik 960 Images/10 Sekar Ketongkeng 3_rotate_270.jpg,10 Sekar Ketongkeng 3_rotate_270.jpg,10 Sekar Ketongkeng,24,4,test
/kaggle/input/datasets/hertiyani/batik-nitik-960-official-mendeley/Batik Nitik 960/Batik Nitik 960 Images/10 Sekar Ketongkeng 3_rotate_90.jpg,10 Sekar Ketongkeng 3_rotate_90.jpg,10 Sekar Ketongkeng,24,4,test
/kaggle/input/datasets/hertiyani/batik-nitik-960-official-mendeley/Batik Nitik 960/Batik Nitik 960 Images/10 Sekar Ketongkeng 4.jpg,10 Sekar Ketongkeng 4.jpg,10 Sekar Ketongkeng,28,4,train
/kaggle/input/datasets/hertiyani/batik-nitik-960-official-mendeley/Batik Nitik 960/Batik Nitik 960 Images/10 Sekar Ketongkeng 4_rotate_180.jpg,10 Sekar Ketongkeng 4_rotate_180.jpg,10 Sekar Ketongkeng,28,4,train
/kaggle/input/datasets/hertiyani/batik-nitik-960-official-mendeley/Batik Nitik 960/Batik Nitik 960 Images/10 Sekar Ketongkeng 4_rotate_270.jpg,10 Sekar Ketongkeng 4_rotate_270.jpg,10 Sekar Ketongkeng,30,4,test
/kaggle/input/datasets/hertiyani/batik-nitik-960-official-mendeley/Batik Nitik 960/Batik Nitik 960 Images/10 Sekar Ketongkeng 4_rotate_90.jpg,10 Sekar Ketongkeng 4_rotate_90.jpg,10 Sekar Ketongkeng,30,4,test
/kaggle/input/datasets/hertiyani/batik-nitik-960-official-mendeley/Batik Nitik 960/Batik Nitik 960 Images/11 Brendhi 1.jpg,11 Brendhi 1.jpg,11 Brendhi,32,4,test
/kaggle/input/datasets/hertiyani/batik-nitik-960-official-mendeley/Batik Nitik 960/Batik Nitik 960 Images/11 Brendhi 1_rotate_180.jpg,11 Brendhi 1_rotate_180.jpg,11 Brendhi,32,4,test
/kaggle/input/datasets/hertiyani/batik-nitik-960-official-mendeley/Batik Nitik 960/Batik Nitik 960 Images/11 Brendhi 1_rotate_270.jpg,11 Brendhi 1_rotate_270.jpg,11 Brendhi,32,4,test
/kaggle/input/datasets/hertiyani/batik-nitik-960-official-mendeley/Batik Nitik 960/Batik Nitik 960 Images/11 Brendhi 1_rotate_90.jpg,11 Brendhi 1_rotate_90.jpg,11 Brendhi,32,4,test
/kaggle/input/datasets/hertiyani/batik-nitik-960-official-mendeley/Batik Nitik 960/Batik Nitik 960 Images/11 Brendhi 2.jpg,11 Brendhi 2.jpg,11 Brendhi,36,4,train
/kaggle/input/datasets/hertiyani/batik-nitik-960-official-mendeley/Batik Nitik 960/Batik Nitik 960 Images/11 Brendhi 2_rotate_180.jpg,11 Brendhi 2_rotate_180.jpg,11 Brendhi,36,4,train
/kaggle/input/datasets/hertiyani/batik-nitik-960-official-mendeley/Batik Nitik 960/Batik Nitik 960 Images/11 Brendhi 2_rotate_270.jpg,11 Brendhi 2_rotate_270.jpg,11 Brendhi,38,4,train
/kaggle/input/datasets/hertiyani/batik-nitik-960-official-mendeley/Batik Nitik 960/Batik Nitik 960 Images/11 Brendhi 2_rotate_90.jpg,11 Brendhi 2_rotate_90.jpg,11 Brendhi,38,4,train
/kaggle/input/datasets/hertiyani/batik-nitik-960-official-mendeley/Batik Nitik 960/Batik Nitik 960 Images/11 Brendhi 3.jpg,11 Brendhi 3.jpg,11 Brendhi,40,4,train
/kaggle/input/datasets/hertiyani/batik-nitik-960-official-mendeley/Batik Nitik 960/Batik Nitik 960 Images/11 Brendhi 3_rotate_180.jpg,11 Brendhi 3_rotate_180.jpg,11 Brendhi,40,4,train
/kaggle/input/datasets/hertiyani/batik-nitik-960-official-mendeley/Batik Nitik 960/Batik Nitik 960 Images/11 Brendhi 3_rotate_270.jpg,11 Brendhi 3_rotate_270.jpg,11 Brendhi,42,4,train
/kaggle/input/datasets/hertiyani/batik-nitik-960-official-mendeley/Batik Nitik 960/Batik Nitik 960 Images/11 Brendhi 3_rotate_90.jpg,11 Brendhi 3_rotate_90.jpg,11 Brendhi,42,4,train
/kaggle/input/datasets/hertiyani/batik-nitik-960-official-mendeley/Batik Nitik 960/Batik Nitik 960 Images/11 Brendhi 4.jpg,11 Brendhi 4.jpg,11 Brendhi,44,4,test
/kaggle/input/datasets/hertiyani/batik-nitik-960-official-mendeley/Batik Nitik 960/Batik Nitik 960 Images/11 Brendhi 4_rotate_180.jpg,11 Brendhi 4_rotate_180.jpg,11 Brendhi,44,4,test
/kaggle/input/datasets/hertiyani/batik-nitik-960-official-mendeley/Batik Nitik 960/Batik Nitik 960 Images/11 Brendhi 4_rotate_270.jpg,11 Brendhi 4_rotate_270.jpg,11 Brendhi,46,4,train
/kaggle/input/datasets/hertiyani/batik-nitik-960-official-mendeley/Batik Nitik 960/Batik Nitik 960 Images/11 Brendhi 4_rotate_90.jpg,11 Brendhi 4_rotate_90.jpg,11 Brendhi,46,4,train
/kaggle/input/datasets/hertiyani/batik-nitik-960-official-mendeley/Batik Nitik 960/Batik Nitik 960 Images/12 Cakar Ayam 1.jpg,12 Cakar Ayam 1.jpg,12 Cakar Ayam,48,4,test
/kaggle/input/datasets/hertiyani/batik-nitik-960-official-mendeley/Batik Nitik 960/Batik Nitik 960 Images/12 Cakar Ayam 1_rotate_180.jpg,12 Cakar Ayam 1_rotate_180.jpg,12 Cakar Ayam,48,4,test
/kaggle/input/datasets/hertiyani/batik-nitik-960-official-mendeley/Batik Nitik 960/Batik Nitik 960 Images/12 Cakar Ayam 1_rotate_270.jpg,12 Cakar Ayam 1_rotate_270.jpg,12 Cakar Ayam,48,4,test
/kaggle/input/datasets/hertiyani/batik-nitik-960-official-mendeley/Batik Nitik 960/Batik Nitik 960 Images/12 Cakar Ayam 1_rotate_90.jpg,12 Cakar Ayam 1_rotate_90.jpg,12 Cakar Ayam,48,4,test
/kaggle/input/datasets/hertiyani/batik-nitik-960-official-mendeley/Batik Nitik 960/Batik Nitik 960 Images/12 Cakar Ayam 2.jpg,12 Cakar Ayam 2.jpg,12 Cakar Ayam,52,4,train
/kaggle/input/datasets/hertiyani/batik-nitik-960-official-mendeley/Batik Nitik 960/Batik Nitik 960 Images/12 Cakar Ayam 2_rotate_180.jpg,12 Cakar Ayam 2_rotate_180.jpg,12 Cakar Ayam,52,4,train
/kaggle/input/datasets/hertiyani/batik-nitik-960-official-mendeley/Batik Nitik 960/Batik Nitik 960 Images/12 Cakar Ayam 2_rotate_270.jpg,12 Cakar Ayam 2_rotate_270.jpg,12 Cakar Ayam,54,4,train
/kaggle/input/datasets/hertiyani/batik-nitik-960-official-mendeley/Batik Nitik 960/Batik Nitik 960 Images/12 Cakar Ayam 2_rotate_90.jpg,12 Cakar Ayam 2_rotate_90.jpg,12 Cakar Ayam,54,4,train
/kaggle/input/datasets/hertiyani/batik-nitik-960-official-mendeley/Batik Nitik 960/Batik Nitik 960 Images/12 Cakar Ayam 3.jpg,12 Cakar Ayam 3.jpg,12 Cakar Ayam,56,4,train
/kaggle/input/datasets/hertiyani/batik-nitik-960-official-mendeley/Batik Nitik 960/Batik Nitik 960 Images/12 Cakar Ayam 3_rotate_180.jpg,12 Cakar Ayam 3_rotate_180.jpg,12 Cakar Ayam,56,4,train
/kaggle/input/datasets/hertiyani/batik-nitik-960-official-mendeley/Batik Nitik 960/Batik Nitik 960 Images/12 Cakar Ayam 3_rotate_270.jpg,12 Cakar Ayam 3_rotate_270.jpg,12 Cakar Ayam,58,4,train
/kaggle/input/datasets/hertiyani/batik-nitik-960-official-mendeley/Batik Nitik 960/Batik Nitik 960 Images/12 Cakar Ayam 3_rotate_90.jpg,12 Cakar Ayam 3_rotate_90.jpg,12 Cakar Ayam,58,4,train
/kaggle/input/datasets/hertiyani/batik-nitik-960-official-mendeley/Batik Nitik 960/Batik Nitik 960 Images/12 Cakar Ayam 4.jpg,12 Cakar Ayam 4.jpg,12 Cakar Ayam,60,4,train
/kaggle/input/datasets/hertiyani/batik-nitik-960-official-mendeley/Batik Nitik 960/Batik Nitik 960 Images/12 Cakar Ayam 4_rotate_180.jpg,12 Cakar Ayam 4_rotate_180.jpg,12 Cakar Ayam,60,4,train
/kaggle/input/datasets/hertiyani/batik-nitik-960-official-mendeley/Batik Nitik 960/Batik Nitik 960 Images/12 Cakar Ayam 4_rotate_270.jpg,12 Cakar Ayam 4_rotate_270.jpg,12 Cakar Ayam,62,4,test
/kaggle/input/datasets/hertiyani/batik-nitik-960-official-mendeley/Batik Nitik 960/Batik Nitik 960 Images/12 Cakar Ayam 4_rotate_90.jpg,12 Cakar Ayam 4_rotate_90.jpg,12 Cakar Ayam,62,4,test
/kaggle/input/datasets/hertiyani/batik-nitik-960-official-mendeley/Batik Nitik 960/Batik Nitik 960 Images/13 Sekar Menur 1.jpg,13 Sekar Menur 1.jpg,13 Sekar Menur,64,4,train
/kaggle/input/datasets/hertiyani/batik-nitik-960-official-mendeley/Batik Nitik 960/Batik Nitik 960 Images/13 Sekar Menur 1_rotate_180.jpg,13 Sekar Menur 1_rotate_180.jpg,13 Sekar Menur,64,4,train
/kaggle/input/datasets/hertiyani/batik-nitik-960-official-mendeley/Batik Nitik 960/Batik Nitik 960 Images/13 Sekar Menur 1_rotate_270.jpg,13 Sekar Menur 1_rotate_270.jpg,13 Sekar Menur,66,4,test
/kaggle/input/datasets/hertiyani/batik-nitik-960-official-mendeley/Batik Nitik 960/Batik Nitik 960 Images/13 Sekar Menur 1_rotate_90.jpg,13 Sekar Menur 1_rotate_90.jpg,13 Sekar Menur,66,4,test
/kaggle/input/datasets/hertiyani/batik-nitik-960-official-mendeley/Batik Nitik 960/Batik Nitik 960 Images/13 Sekar Menur 2.jpg,13 Sekar Menur 2.jpg,13 Sekar Menur,68,4,test
/kaggle/input/datasets/hertiyani/batik-nitik-960-official-mendeley/Batik Nitik 960/Batik Nitik 960 Images/13 Sekar Menur 2_rotate_180.jpg,13 Sekar Menur 2_rotate_180.jpg,13 Sekar Menur,68,4,test
/kaggle/input/datasets/hertiyani/batik-nitik-960-official-mendeley/Batik Nitik 960/Batik Nitik 960 Images/13 Sekar Menur 2_rotate_270.jpg,13 Sekar Menur 2_rotate_270.jpg,13 Sekar Menur,70,4,train
/kaggle/input/datasets/hertiyani/batik-nitik-960-official-mendeley/Batik Nitik 960/Batik Nitik 960 Images/13 Sekar Menur 2_rotate_90.jpg,13 Sekar Menur 2_rotate_90.jpg,13 Sekar Menur,70,4,train
/kaggle/input/datasets/hertiyani/batik-nitik-960-official-mendeley/Batik Nitik 960/Batik Nitik 960 Images/13 Sekar Menur 3.jpg,13 Sekar Menur 3.jpg,13 Sekar Menur,72,4,train
/kaggle/input/datasets/hertiyani/batik-nitik-960-official-mendeley/Batik Nitik 960/Batik Nitik 960 Images/13 Sekar Menur 3_rotate_180.jpg,13 Sekar Menur 3_rotate_180.jpg,13 Sekar Menur,72,4,train
/kaggle/input/datasets/hertiyani/batik-nitik-960-official-mendeley/Batik Nitik 960/Batik Nitik 960 Images/13 Sekar Menur 3_rotate_270.jpg,13 Sekar Menur 3_rotate_270.jpg,13 Sekar Menur,74,4,train
/kaggle/input/datasets/hertiyani/batik-nitik-960-official-mendeley/Batik Nitik 960/Batik Nitik 960 Images/13 Sekar Menur 3_rotate_90.jpg,13 Sekar Menur 3_rotate_90.jpg,13 Sekar Menur,74,4,train
/kaggle/input/datasets/hertiyani/batik-nitik-960-official-mendeley/Batik Nitik 960/Batik Nitik 960 Images/13 Sekar Menur 4.jpg,13 Sekar Menur 4.jpg,13 Sekar Menur,76,4,test
/kaggle/input/datasets/hertiyani/batik-nitik-960-official-mendeley/Batik Nitik 960/Batik Nitik 960 Images/13 Sekar Menur 4_rotate_180.jpg,13 Sekar Menur 4_rotate_180.jpg,13 Sekar Menur,76,4,test
/kaggle/input/datasets/hertiyani/batik-nitik-960-official-mendeley/Batik Nitik 960/Batik Nitik 960 Images/13 Sekar Menur 4_rotate_270.jpg,13 Sekar Menur 4_rotate_270.jpg,13 Sekar Menur,78,4,train
/kaggle/input/datasets/hertiyani/batik-nitik-960-official-mendeley/Batik Nitik 960/Batik Nitik 960 Images/13 Sekar Menur 4_rotate_90.jpg,13 Sekar Menur 4_rotate_90.jpg,13 Sekar Menur,78,4,train
/kaggle/input/datasets/hertiyani/batik-nitik-960-official-mendeley/Batik Nitik 960/Batik Nitik 960 Images/14 Sekar Tebu 1.jpg,14 Sekar Tebu 1.jpg,14 Sekar Tebu,80,4,train
/kaggle/input/datasets/hertiyani/batik-nitik-960-official-mendeley/Batik Nitik 960/Batik Nitik 960 Images/14 Sekar Tebu 1_rotate_180.jpg,14 Sekar Tebu 1_rotate_180.jpg,14 Sekar Tebu,80,4,train
/kaggle/input/datasets/hertiyani/batik-nitik-960-official-mendeley/Batik Nitik 960/Batik Nitik 960 Images/14 Sekar Tebu 1_rotate_270.jpg,14 Sekar Tebu 1_rotate_270.jpg,14 Sekar Tebu,82,4,test
/kaggle/input/datasets/hertiyani/batik-nitik-960-official-mendeley/Batik Nitik 960/Batik Nitik 960 Images/14 Sekar Tebu 1_rotate_90.jpg,14 Sekar Tebu 1_rotate_90.jpg,14 Sekar Tebu,82,4,test
/kaggle/input/datasets/hertiyani/batik-nitik-960-official-mendeley/Batik Nitik 960/Batik Nitik 960 Images/14 Sekar Tebu 2.jpg,14 Sekar Tebu 2.jpg,14 Sekar Tebu,84,4,train
/kaggle/input/datasets/hertiyani/batik-nitik-960-official-mendeley/Batik Nitik 960/Batik Nitik 960 Images/14 Sekar Tebu 2_rotate_180.jpg,14 Sekar Tebu 2_rotate_180.jpg,14 Sekar Tebu,84,4,train
/kaggle/input/datasets/hertiyani/batik-nitik-960-official-mendeley/Batik Nitik 960/Batik Nitik 960 Images/14 Sekar Tebu 2_rotate_270.jpg,14 Sekar Tebu 2_rotate_270.jpg,14 Sekar Tebu,86,4,train
/kaggle/input/datasets/hertiyani/batik-nitik-960-official-mendeley/Batik Nitik 960/Batik Nitik 960 Images/14 Sekar Tebu 2_rotate_90.jpg,14 Sekar Tebu 2_rotate_90.jpg,14 Sekar Tebu,86,4,train
/kaggle/input/datasets/hertiyani/batik-nitik-960-official-mendeley/Batik Nitik 960/Batik Nitik 960 Images/14 Sekar Tebu 3.jpg,14 Sekar Tebu 3.jpg,14 Sekar Tebu,88,4,train
/kaggle/input/datasets/hertiyani/batik-nitik-960-official-mendeley/Batik Nitik 960/Batik Nitik 960 Images/14 Sekar Tebu 3_rotate_180.jpg,14 Sekar Tebu 3_rotate_180.jpg,14 Sekar Tebu,88,4,train
/kaggle/input/datasets/hertiyani/batik-nitik-960-official-mendeley/Batik Nitik 960/Batik Nitik 960 Images/14 Sekar Tebu 3_rotate_270.jpg,14 Sekar Tebu 3_rotate_270.jpg,14 Sekar Tebu,90,4,train
/kaggle/input/datasets/hertiyani/batik-nitik-960-official-mendeley/Batik Nitik 960/Batik Nitik 960 Images/14 Sekar Tebu 3_rotate_90.jpg,14 Sekar Tebu 3_rotate_90.jpg,14 Sekar Tebu,90,4,train
/kaggle/input/datasets/hertiyani/batik-nitik-960-official-mendeley/Batik Nitik 960/Batik Nitik 960 Images/14 Sekar Tebu 4.jpg,14 Sekar Tebu 4.jpg,14 Sekar Tebu,92,4,test
/kaggle/input/datasets/hertiyani/batik-nitik-960-official-mendeley/Batik Nitik 960/Batik Nitik 960 Images/14 Sekar Tebu 4_rotate_180.jpg,14 Sekar Tebu 4_rotate_180.jpg,14 Sekar Tebu,92,4,test
/kaggle/input/datasets/hertiyani/batik-nitik-960-official-mendeley/Batik Nitik 960/Batik Nitik 960 Images/14 Sekar Tebu 4_rotate_270.jpg,14 Sekar Tebu 4_rotate_270.jpg,14 Sekar Tebu,94,4,test
/kaggle/input/datasets/hertiyani/batik-nitik-960-official-mendeley/Batik Nitik 960/Batik Nitik 960 Images/14 Sekar Tebu 4_rotate_90.jpg,14 Sekar Tebu 4_rotate_90.jpg,14 Sekar Tebu,94,4,test
/kaggle/input/datasets/hertiyani/batik-nitik-960-official-mendeley/Batik Nitik 960/Batik Nitik 960 Images/15 Sekar Manggis 1.jpg,15 Sekar Manggis 1.jpg,15 Sekar Manggis,96,4,train
/kaggle/input/datasets/hertiyani/batik-nitik-960-official-mendeley/Batik Nitik 960/Batik Nitik 960 Images/15 Sekar Manggis 1_rotate_180.jpg,15 Sekar Manggis 1_rotate_180.jpg,15 Sekar Manggis,96,4,train
/kaggle/input/datasets/hertiyani/batik-nitik-960-official-mendeley/Batik Nitik 960/Batik Nitik 960 Images/15 Sekar Manggis 1_rotate_270.jpg,15 Sekar Manggis 1_rotate_270.jpg,15 Sekar Manggis,98,4,train
/kaggle/input/datasets/hertiyani/batik-nitik-960-official-mendeley/Batik Nitik 960/Batik Nitik 960 Images/15 Sekar Manggis 1_rotate_90.jpg,15 Sekar Manggis 1_rotate_90.jpg,15 Sekar Manggis,98,4,train
/kaggle/input/datasets/hertiyani/batik-nitik-960-official-mendeley/Batik Nitik 960/Batik Nitik 960 Images/15 Sekar Manggis 2.jpg,15 Sekar Manggis 2.jpg,15 Sekar Manggis,100,4,train
/kaggle/input/datasets/hertiyani/batik-nitik-960-official-mendeley/Batik Nitik 960/Batik Nitik 960 Images/15 Sekar Manggis 2_rotate_180.jpg,15 Sekar Manggis 2_rotate_180.jpg,15 Sekar Manggis,100,4,train
/kaggle/input/datasets/hertiyani/batik-nitik-960-official-mendeley/Batik Nitik 960/Batik Nitik 960 Images/15 Sekar Manggis 2_rotate_270.jpg,15 Sekar Manggis 2_rotate_270.jpg,15 Sekar Manggis,102,4,train
/kaggle/input/datasets/hertiyani/batik-nitik-960-official-mendeley/Batik Nitik 960/Batik Nitik 960 Images/15 Sekar Manggis 2_rotate_90.jpg,15 Sekar Manggis 2_rotate_90.jpg,15 Sekar Manggis,102,4,train
/kaggle/input/datasets/hertiyani/batik-nitik-960-official-mendeley/Batik Nitik 960/Batik Nitik 960 Images/15 Sekar Manggis 3.jpg,15 Sekar Manggis 3.jpg,15 Sekar Manggis,104,4,test
/kaggle/input/datasets/hertiyani/batik-nitik-960-official-mendeley/Batik Nitik 960/Batik Nitik 960 Images/15 Sekar Manggis 3_rotate_180.jpg,15 Sekar Manggis 3_rotate_180.jpg,15 Sekar Manggis,104,4,test
/kaggle/input/datasets/hertiyani/batik-nitik-960-official-mendeley/Batik Nitik 960/Batik Nitik 960 Images/15 Sekar Manggis 3_rotate_270.jpg,15 Sekar Manggis 3_rotate_270.jpg,15 Sekar Manggis,104,4,test
/kaggle/input/datasets/hertiyani/batik-nitik-960-official-mendeley/Batik Nitik 960/Batik Nitik 960 Images/15 Sekar Manggis 3_rotate_90.jpg,15 Sekar Manggis 3_rotate_90.jpg,15 Sekar Manggis,104,4,test
/kaggle/input/datasets/hertiyani/batik-nitik-960-official-mendeley/Batik Nitik 960/Batik Nitik 960 Images/15 Sekar Manggis 4.jpg,15 Sekar Manggis 4.jpg,15 Sekar Manggis,108,4,train
/kaggle/input/datasets/hertiyani/batik-nitik-960-official-mendeley/Batik Nitik 960/Batik Nitik 960 Images/15 Sekar Manggis 4_rotate_180.jpg,15 Sekar Manggis 4_rotate_180.jpg,15 Sekar Manggis,108,4,train
/kaggle/input/datasets/hertiyani/batik-nitik-960-official-mendeley/Batik Nitik 960/Batik Nitik 960 Images/15 Sekar Manggis 4_rotate_270.jpg,15 Sekar Manggis 4_rotate_270.jpg,15 Sekar Manggis,110,4,test
/kaggle/input/datasets/hertiyani/batik-nitik-960-official-mendeley/Batik Nitik 960/Batik Nitik 960 Images/15 Sekar Manggis 4_rotate_90.jpg,15 Sekar Manggis 4_rotate_90.jpg,15 Sekar Manggis,110,4,test
/kaggle/input/datasets/hertiyani/batik-nitik-960-official-mendeley/Batik Nitik 960/Batik Nitik 960 Images/16 Sekar Randhu 1.jpg,16 Sekar Randhu 1.jpg,16 Sekar Randhu,114,4,test
/kaggle/input/datasets/hertiyani/batik-nitik-960-official-mendeley/Batik Nitik 960/Batik Nitik 960 Images/16 Sekar Randhu 1_rotate_180.jpg,16 Sekar Randhu 1_rotate_180.jpg,16 Sekar Randhu,114,4,test
/kaggle/input/datasets/hertiyani/batik-nitik-960-official-mendeley/Batik Nitik 960/Batik Nitik 960 Images/16 Sekar Randhu 1_rotate_270.jpg,16 Sekar Randhu 1_rotate_270.jpg,16 Sekar Randhu,114,4,test
/kaggle/input/datasets/hertiyani/batik-nitik-960-official-mendeley/Batik Nitik 960/Batik Nitik 960 Images/16 Sekar Randhu 1_rotate_90.jpg,16 Sekar Randhu 1_rotate_90.jpg,16 Sekar Randhu,114,4,test
/kaggle/input/datasets/hertiyani/batik-nitik-960-official-mendeley/Batik Nitik 960/Batik Nitik 960 Images/16 Sekar Randhu 2.jpg,16 Sekar Randhu 2.jpg,16 Sekar Randhu,116,4,train
/kaggle/input/datasets/hertiyani/batik-nitik-960-official-mendeley/Batik Nitik 960/Batik Nitik 960 Images/16 Sekar Randhu 2_rotate_180.jpg,16 Sekar Randhu 2_rotate_180.jpg,16 Sekar Randhu,116,4,train
/kaggle/input/datasets/hertiyani/batik-nitik-960-official-mendeley/Batik Nitik 960/Batik Nitik 960 Images/16 Sekar Randhu 2_rotate_270.jpg,16 Sekar Randhu 2_rotate_270.jpg,16 Sekar Randhu,118,4,train
/kaggle/input/datasets/hertiyani/batik-nitik-960-official-mendeley/Batik Nitik 960/Batik Nitik 960 Images/16 Sekar Randhu 2_rotate_90.jpg,16 Sekar Randhu 2_rotate_90.jpg,16 Sekar Randhu,118,4,train
/kaggle/input/datasets/hertiyani/batik-nitik-960-official-mendeley/Batik Nitik 960/Batik Nitik 960 Images/16 Sekar Randhu 3.jpg,16 Sekar Randhu 3.jpg,16 Sekar Randhu,120,4,train
/kaggle/input/datasets/hertiyani/batik-nitik-960-official-mendeley/Batik Nitik 960/Batik Nitik 960 Images/16 Sekar Randhu 3_rotate_180.jpg,16 Sekar Randhu 3_rotate_180.jpg,16 Sekar Randhu,120,4,train
/kaggle/input/datasets/hertiyani/batik-nitik-960-official-mendeley/Batik Nitik 960/Batik Nitik 960 Images/16 Sekar Randhu 3_rotate_270.jpg,16 Sekar Randhu 3_rotate_270.jpg,16 Sekar Randhu,122,4,test
/kaggle/input/datasets/hertiyani/batik-nitik-960-official-mendeley/Batik Nitik 960/Batik Nitik 960 Images/16 Sekar Randhu 3_rotate_90.jpg,16 Sekar Randhu 3_rotate_90.jpg,16 Sekar Randhu,122,4,test
/kaggle/input/datasets/hertiyani/batik-nitik-960-official-mendeley/Batik Nitik 960/Batik Nitik 960 Images/16 Sekar Randhu 4.jpg,16 Sekar Randhu 4.jpg,16 Sekar Randhu,124,4,train
/kaggle/input/datasets/hertiyani/batik-nitik-960-official-mendeley/Batik Nitik 960/Batik Nitik 960 Images/16 Sekar Randhu 4_rotate_180.jpg,16 Sekar Randhu 4_rotate_180.jpg,16 Sekar Randhu,124,4,train
/kaggle/input/datasets/hertiyani/batik-nitik-960-official-mendeley/Batik Nitik 960/Batik Nitik 960 Images/16 Sekar Randhu 4_rotate_270.jpg,16 Sekar Randhu 4_rotate_270.jpg,16 Sekar Randhu,126,4,train
/kaggle/input/datasets/hertiyani/batik-nitik-960-official-mendeley/Batik Nitik 960/Batik Nitik 960 Images/16 Sekar Randhu 4_rotate_90.jpg,16 Sekar Randhu 4_rotate_90.jpg,16 Sekar Randhu,126,4,train
/kaggle/input/datasets/hertiyani/batik-nitik-960-official-mendeley/Batik Nitik 960/Batik Nitik 960 Images/17 Worawari Rumpuk 1.jpg,17 Worawari Rumpuk 1.jpg,17 Worawari Rumpuk,128,4,train
/kaggle/input/datasets/hertiyani/batik-nitik-960-official-mendeley/Batik Nitik 960/Batik Nitik 960 Images/17 Worawari Rumpuk 1_rotate_180.jpg,17 Worawari Rumpuk 1_rotate_180.jpg,17 Worawari Rumpuk,128,4,train
/kaggle/input/datasets/hertiyani/batik-nitik-960-official-mendeley/Batik Nitik 960/Batik Nitik 960 Images/17 Worawari Rumpuk 1_rotate_270.jpg,17 Worawari Rumpuk 1_rotate_270.jpg,17 Worawari Rumpuk,128,4,train
/kaggle/input/datasets/hertiyani/batik-nitik-960-official-mendeley/Batik Nitik 960/Batik Nitik 960 Images/17 Worawari Rumpuk 1_rotate_90.jpg,17 Worawari Rumpuk 1_rotate_90.jpg,17 Worawari Rumpuk,128,4,train
/kaggle/input/datasets/hertiyani/batik-nitik-960-official-mendeley/Batik Nitik 960/Batik Nitik 960 Images/17 Worawari Rumpuk 2.jpg,17 Worawari Rumpuk 2.jpg,17 Worawari Rumpuk,132,4,train
/kaggle/input/datasets/hertiyani/batik-nitik-960-official-mendeley/Batik Nitik 960/Batik Nitik 960 Images/17 Worawari Rumpuk 2_rotate_180.jpg,17 Worawari Rumpuk 2_rotate_180.jpg,17 Worawari Rumpuk,132,4,train
/kaggle/input/datasets/hertiyani/batik-nitik-960-official-mendeley/Batik Nitik 960/Batik Nitik 960 Images/17 Worawari Rumpuk 2_rotate_270.jpg,17 Worawari Rumpuk 2_rotate_270.jpg,17 Worawari Rumpuk,134,4,train
/kaggle/input/datasets/hertiyani/batik-nitik-960-official-mendeley/Batik Nitik 960/Batik Nitik 960 Images/17 Worawari Rumpuk 2_rotate_90.jpg,17 Worawari Rumpuk 2_rotate_90.jpg,17 Worawari Rumpuk,134,4,train
/kaggle/input/datasets/hertiyani/batik-nitik-960-official-mendeley/Batik Nitik 960/Batik Nitik 960 Images/17 Worawari Rumpuk 3.jpg,17 Worawari Rumpuk 3.jpg,17 Worawari Rumpuk,136,4,test
/kaggle/input/datasets/hertiyani/batik-nitik-960-official-mendeley/Batik Nitik 960/Batik Nitik 960 Images/17 Worawari Rumpuk 3_rotate_180.jpg,17 Worawari Rumpuk 3_rotate_180.jpg,17 Worawari Rumpuk,136,4,test
/kaggle/input/datasets/hertiyani/batik-nitik-960-official-mendeley/Batik Nitik 960/Batik Nitik 960 Images/17 Worawari Rumpuk 3_rotate_270.jpg,17 Worawari Rumpuk 3_rotate_270.jpg,17 Worawari Rumpuk,136,4,test
/kaggle/input/datasets/hertiyani/batik-nitik-960-official-mendeley/Batik Nitik 960/Batik Nitik 960 Images/17 Worawari Rumpuk 3_rotate_90.jpg,17 Worawari Rumpuk 3_rotate_90.jpg,17 Worawari Rumpuk,136,4,test
/kaggle/input/datasets/hertiyani/batik-nitik-960-official-mendeley/Batik Nitik 960/Batik Nitik 960 Images/17 Worawari Rumpuk 4.jpg,17 Worawari Rumpuk 4.jpg,17 Worawari Rumpuk,140,4,test
/kaggle/input/datasets/hertiyani/batik-nitik-960-official-mendeley/Batik Nitik 960/Batik Nitik 960 Images/17 Worawari Rumpuk 4_rotate_180.jpg,17 Worawari Rumpuk 4_rotate_180.jpg,17 Worawari Rumpuk,140,4,test
/kaggle/input/datasets/hertiyani/batik-nitik-960-official-mendeley/Batik Nitik 960/Batik Nitik 960 Images/17 Worawari Rumpuk 4_rotate_270.jpg,17 Worawari Rumpuk 4_rotate_270.jpg,17 Worawari Rumpuk,140,4,test
/kaggle/input/datasets/hertiyani/batik-nitik-960-official-mendeley/Batik Nitik 960/Batik Nitik 960 Images/17 Worawari Rumpuk 4_rotate_90.jpg,17 Worawari Rumpuk 4_rotate_90.jpg,17 Worawari Rumpuk,140,4,test
/kaggle/input/datasets/hertiyani/batik-nitik-960-official-mendeley/Batik Nitik 960/Batik Nitik 960 Images/18 Sekar Dhuku 1.jpg,18 Sekar Dhuku 1.jpg,18 Sekar Dhuku,144,4,train
/kaggle/input/datasets/hertiyani/batik-nitik-960-official-mendeley/Batik Nitik 960/Batik Nitik 960 Images/18 Sekar Dhuku 1_rotate_180.jpg,18 Sekar Dhuku 1_rotate_180.jpg,18 Sekar Dhuku,144,4,train
/kaggle/input/datasets/hertiyani/batik-nitik-960-official-mendeley/Batik Nitik 960/Batik Nitik 960 Images/18 Sekar Dhuku 1_rotate_270.jpg,18 Sekar Dhuku 1_rotate_270.jpg,18 Sekar Dhuku,144,4,train
/kaggle/input/datasets/hertiyani/batik-nitik-960-official-mendeley/Batik Nitik 960/Batik Nitik 960 Images/18 Sekar Dhuku 1_rotate_90.jpg,18 Sekar Dhuku 1_rotate_90.jpg,18 Sekar Dhuku,144,4,train
/kaggle/input/datasets/hertiyani/batik-nitik-960-official-mendeley/Batik Nitik 960/Batik Nitik 960 Images/18 Sekar Dhuku 2.jpg,18 Sekar Dhuku 2.jpg,18 Sekar Dhuku,148,4,train
/kaggle/input/datasets/hertiyani/batik-nitik-960-official-mendeley/Batik Nitik 960/Batik Nitik 960 Images/18 Sekar Dhuku 2_rotate_180.jpg,18 Sekar Dhuku 2_rotate_180.jpg,18 Sekar Dhuku,148,4,train
/kaggle/input/datasets/hertiyani/batik-nitik-960-official-mendeley/Batik Nitik 960/Batik Nitik 960 Images/18 Sekar Dhuku 2_rotate_270.jpg,18 Sekar Dhuku 2_rotate_270.jpg,18 Sekar Dhuku,150,4,test
/kaggle/input/datasets/hertiyani/batik-nitik-960-official-mendeley/Batik Nitik 960/Batik Nitik 960 Images/18 Sekar Dhuku 2_rotate_90.jpg,18 Sekar Dhuku 2_rotate_90.jpg,18 Sekar Dhuku,150,4,test
/kaggle/input/datasets/hertiyani/batik-nitik-960-official-mendeley/Batik Nitik 960/Batik Nitik 960 Images/18 Sekar Dhuku 3.jpg,18 Sekar Dhuku 3.jpg,18 Sekar Dhuku,152,4,train
/kaggle/input/datasets/hertiyani/batik-nitik-960-official-mendeley/Batik Nitik 960/Batik Nitik 960 Images/18 Sekar Dhuku 3_rotate_180.jpg,18 Sekar Dhuku 3_rotate_180.jpg,18 Sekar Dhuku,152,4,train
/kaggle/input/datasets/hertiyani/batik-nitik-960-official-mendeley/Batik Nitik 960/Batik Nitik 960 Images/18 Sekar Dhuku 3_rotate_270.jpg,18 Sekar Dhuku 3_rotate_270.jpg,18 Sekar Dhuku,154,4,test
/kaggle/input/datasets/hertiyani/batik-nitik-960-official-mendeley/Batik Nitik 960/Batik Nitik 960 Images/18 Sekar Dhuku 3_rotate_90.jpg,18 Sekar Dhuku 3_rotate_90.jpg,18 Sekar Dhuku,154,4,test
/kaggle/input/datasets/hertiyani/batik-nitik-960-official-mendeley/Batik Nitik 960/Batik Nitik 960 Images/18 Sekar Dhuku 4.jpg,18 Sekar Dhuku 4.jpg,18 Sekar Dhuku,156,4,test
/kaggle/input/datasets/hertiyani/batik-nitik-960-official-mendeley/Batik Nitik 960/Batik Nitik 960 Images/18 Sekar Dhuku 4_rotate_180.jpg,18 Sekar Dhuku 4_rotate_180.jpg,18 Sekar Dhuku,156,4,test
/kaggle/input/datasets/hertiyani/batik-nitik-960-official-mendeley/Batik Nitik 960/Batik Nitik 960 Images/18 Sekar Dhuku 4_rotate_270.jpg,18 Sekar Dhuku 4_rotate_270.jpg,18 Sekar Dhuku,156,4,test
/kaggle/input/datasets/hertiyani/batik-nitik-960-official-mendeley/Batik Nitik 960/Batik Nitik 960 Images/18 Sekar Dhuku 4_rotate_90.jpg,18 Sekar Dhuku 4_rotate_90.jpg,18 Sekar Dhuku,156,4,test
/kaggle/input/datasets/hertiyani/batik-nitik-960-official-mendeley/Batik Nitik 960/Batik Nitik 960 Images/19 Sekar Jagung 1.jpg,19 Sekar Jagung 1.jpg,19 Sekar Jagung,160,4,test
/kaggle/input/datasets/hertiyani/batik-nitik-960-official-mendeley/Batik Nitik 960/Batik Nitik 960 Images/19 Sekar Jagung 1_rotate_180.jpg,19 Sekar Jagung 1_rotate_180.jpg,19 Sekar Jagung,160,4,test
/kaggle/input/datasets/hertiyani/batik-nitik-960-official-mendeley/Batik Nitik 960/Batik Nitik 960 Images/19 Sekar Jagung 1_rotate_270.jpg,19 Sekar Jagung 1_rotate_270.jpg,19 Sekar Jagung,162,4,test
/kaggle/input/datasets/hertiyani/batik-nitik-960-official-mendeley/Batik Nitik 960/Batik Nitik 960 Images/19 Sekar Jagung 1_rotate_90.jpg,19 Sekar Jagung 1_rotate_90.jpg,19 Sekar Jagung,162,4,test
/kaggle/input/datasets/hertiyani/batik-nitik-960-official-mendeley/Batik Nitik 960/Batik Nitik 960 Images/19 Sekar Jagung 2.jpg,19 Sekar Jagung 2.jpg,19 Sekar Jagung,164,4,train
/kaggle/input/datasets/hertiyani/batik-nitik-960-official-mendeley/Batik Nitik 960/Batik Nitik 960 Images/19 Sekar Jagung 2_rotate_180.jpg,19 Sekar Jagung 2_rotate_180.jpg,19 Sekar Jagung,164,4,train
/kaggle/input/datasets/hertiyani/batik-nitik-960-official-mendeley/Batik Nitik 960/Batik Nitik 960 Images/19 Sekar Jagung 2_rotate_270.jpg,19 Sekar Jagung 2_rotate_270.jpg,19 Sekar Jagung,166,4,train
/kaggle/input/datasets/hertiyani/batik-nitik-960-official-mendeley/Batik Nitik 960/Batik Nitik 960 Images/19 Sekar Jagung 2_rotate_90.jpg,19 Sekar Jagung 2_rotate_90.jpg,19 Sekar Jagung,166,4,train
/kaggle/input/datasets/hertiyani/batik-nitik-960-official-mendeley/Batik Nitik 960/Batik Nitik 960 Images/19 Sekar Jagung 3.jpg,19 Sekar Jagung 3.jpg,19 Sekar Jagung,168,4,test
/kaggle/input/datasets/hertiyani/batik-nitik-960-official-mendeley/Batik Nitik 960/Batik Nitik 960 Images/19 Sekar Jagung 3_rotate_180.jpg,19 Sekar Jagung 3_rotate_180.jpg,19 Sekar Jagung,168,4,test
/kaggle/input/datasets/hertiyani/batik-nitik-960-official-mendeley/Batik Nitik 960/Batik Nitik 960 Images/19 Sekar Jagung 3_rotate_270.jpg,19 Sekar Jagung 3_rotate_270.jpg,19 Sekar Jagung,170,4,train
/kaggle/input/datasets/hertiyani/batik-nitik-960-official-mendeley/Batik Nitik 960/Batik Nitik 960 Images/19 Sekar Jagung 3_rotate_90.jpg,19 Sekar Jagung 3_rotate_90.jpg,19 Sekar Jagung,170,4,train
/kaggle/input/datasets/hertiyani/batik-nitik-960-official-mendeley/Batik Nitik 960/Batik Nitik 960 Images/19 Sekar Jagung 4.jpg,19 Sekar Jagung 4.jpg,19 Sekar Jagung,172,4,train
/kaggle/input/datasets/hertiyani/batik-nitik-960-official-mendeley/Batik Nitik 960/Batik Nitik 960 Images/19 Sekar Jagung 4_rotate_180.jpg,19 Sekar Jagung 4_rotate_180.jpg,19 Sekar Jagung,172,4,train
/kaggle/input/datasets/hertiyani/batik-nitik-960-official-mendeley/Batik Nitik 960/Batik Nitik 960 Images/19 Sekar Jagung 4_rotate_270.jpg,19 Sekar Jagung 4_rotate_270.jpg,19 Sekar Jagung,174,4,train
/kaggle/input/datasets/hertiyani/batik-nitik-960-official-mendeley/Batik Nitik 960/Batik Nitik 960 Images/19 Sekar Jagung 4_rotate_90.jpg,19 Sekar Jagung 4_rotate_90.jpg,19 Sekar Jagung,174,4,train
/kaggle/input/datasets/hertiyani/batik-nitik-960-official-mendeley/Batik Nitik 960/Batik Nitik 960 Images/2 Sekar Liring 1.jpg,2 Sekar Liring 1.jpg,2 Sekar Liring,176,4,test
/kaggle/input/datasets/hertiyani/batik-nitik-960-official-mendeley/Batik Nitik 960/Batik Nitik 960 Images/2 Sekar Liring 1_rotate_180.jpg,2 Sekar Liring 1_rotate_180.jpg,2 Sekar Liring,176,4,test
/kaggle/input/datasets/hertiyani/batik-nitik-960-official-mendeley/Batik Nitik 960/Batik Nitik 960 Images/2 Sekar Liring 1_rotate_270.jpg,2 Sekar Liring 1_rotate_270.jpg,2 Sekar Liring,178,4,train
/kaggle/input/datasets/hertiyani/batik-nitik-960-official-mendeley/Batik Nitik 960/Batik Nitik 960 Images/2 Sekar Liring 1_rotate_90.jpg,2 Sekar Liring 1_rotate_90.jpg,2 Sekar Liring,178,4,train
/kaggle/input/datasets/hertiyani/batik-nitik-960-official-mendeley/Batik Nitik 960/Batik Nitik 960 Images/2 Sekar Liring 2.jpg,2 Sekar Liring 2.jpg,2 Sekar Liring,180,4,train
/kaggle/input/datasets/hertiyani/batik-nitik-960-official-mendeley/Batik Nitik 960/Batik Nitik 960 Images/2 Sekar Liring 2_rotate_180.jpg,2 Sekar Liring 2_rotate_180.jpg,2 Sekar Liring,180,4,train
/kaggle/input/datasets/hertiyani/batik-nitik-960-official-mendeley/Batik Nitik 960/Batik Nitik 960 Images/2 Sekar Liring 2_rotate_270.jpg,2 Sekar Liring 2_rotate_270.jpg,2 Sekar Liring,182,4,test
/kaggle/input/datasets/hertiyani/batik-nitik-960-official-mendeley/Batik Nitik 960/Batik Nitik 960 Images/2 Sekar Liring 2_rotate_90.jpg,2 Sekar Liring 2_rotate_90.jpg,2 Sekar Liring,182,4,test
/kaggle/input/datasets/hertiyani/batik-nitik-960-official-mendeley/Batik Nitik 960/Batik Nitik 960 Images/2 Sekar Liring 3.jpg,2 Sekar Liring 3.jpg,2 Sekar Liring,184,4,train
/kaggle/input/datasets/hertiyani/batik-nitik-960-official-mendeley/Batik Nitik 960/Batik Nitik 960 Images/2 Sekar Liring 3_rotate_180.jpg,2 Sekar Liring 3_rotate_180.jpg,2 Sekar Liring,184,4,train
/kaggle/input/datasets/hertiyani/batik-nitik-960-official-mendeley/Batik Nitik 960/Batik Nitik 960 Images/2 Sekar Liring 3_rotate_270.jpg,2 Sekar Liring 3_rotate_270.jpg,2 Sekar Liring,186,4,train
/kaggle/input/datasets/hertiyani/batik-nitik-960-official-mendeley/Batik Nitik 960/Batik Nitik 960 Images/2 Sekar Liring 3_rotate_90.jpg,2 Sekar Liring 3_rotate_90.jpg,2 Sekar Liring,186,4,train
/kaggle/input/datasets/hertiyani/batik-nitik-960-official-mendeley/Batik Nitik 960/Batik Nitik 960 Images/2 Sekar Liring 4.jpg,2 Sekar Liring 4.jpg,2 Sekar Liring,188,4,test
/kaggle/input/datasets/hertiyani/batik-nitik-960-official-mendeley/Batik Nitik 960/Batik Nitik 960 Images/2 Sekar Liring 4_rotate_180.jpg,2 Sekar Liring 4_rotate_180.jpg,2 Sekar Liring,188,4,test
/kaggle/input/datasets/hertiyani/batik-nitik-960-official-mendeley/Batik Nitik 960/Batik Nitik 960 Images/2 Sekar Liring 4_rotate_270.jpg,2 Sekar Liring 4_rotate_270.jpg,2 Sekar Liring,190,4,train
/kaggle/input/datasets/hertiyani/batik-nitik-960-official-mendeley/Batik Nitik 960/Batik Nitik 960 Images/2 Sekar Liring 4_rotate_90.jpg,2 Sekar Liring 4_rotate_90.jpg,2 Sekar Liring,190,4,train
/kaggle/input/datasets/hertiyani/batik-nitik-960-official-mendeley/Batik Nitik 960/Batik Nitik 960 Images/20 Jayakirana 1.jpg,20 Jayakirana 1.jpg,20 Jayakirana,192,4,test
/kaggle/input/datasets/hertiyani/batik-nitik-960-official-mendeley/Batik Nitik 960/Batik Nitik 960 Images/20 Jayakirana 1_rotate_180.jpg,20 Jayakirana 1_rotate_180.jpg,20 Jayakirana,192,4,test
/kaggle/input/datasets/hertiyani/batik-nitik-960-official-mendeley/Batik Nitik 960/Batik Nitik 960 Images/20 Jayakirana 1_rotate_270.jpg,20 Jayakirana 1_rotate_270.jpg,20 Jayakirana,192,4,test
/kaggle/input/datasets/hertiyani/batik-nitik-960-official-mendeley/Batik Nitik 960/Batik Nitik 960 Images/20 Jayakirana 1_rotate_90.jpg,20 Jayakirana 1_rotate_90.jpg,20 Jayakirana,192,4,test
/kaggle/input/datasets/hertiyani/batik-nitik-960-official-mendeley/Batik Nitik 960/Batik Nitik 960 Images/20 Jayakirana 2.jpg,20 Jayakirana 2.jpg,20 Jayakirana,196,4,test
/kaggle/input/datasets/hertiyani/batik-nitik-960-official-mendeley/Batik Nitik 960/Batik Nitik 960 Images/20 Jayakirana 2_rotate_180.jpg,20 Jayakirana 2_rotate_180.jpg,20 Jayakirana,196,4,test
/kaggle/input/datasets/hertiyani/batik-nitik-960-official-mendeley/Batik Nitik 960/Batik Nitik 960 Images/20 Jayakirana 2_rotate_270.jpg,20 Jayakirana 2_rotate_270.jpg,20 Jayakirana,196,4,test
/kaggle/input/datasets/hertiyani/batik-nitik-960-official-mendeley/Batik Nitik 960/Batik Nitik 960 Images/20 Jayakirana 2_rotate_90.jpg,20 Jayakirana 2_rotate_90.jpg,20 Jayakirana,196,4,test
/kaggle/input/datasets/hertiyani/batik-nitik-960-official-mendeley/Batik Nitik 960/Batik Nitik 960 Images/20 Jayakirana 3.jpg,20 Jayakirana 3.jpg,20 Jayakirana,200,4,train
/kaggle/input/datasets/hertiyani/batik-nitik-960-official-mendeley/Batik Nitik 960/Batik Nitik 960 Images/20 Jayakirana 3_rotate_180.jpg,20 Jayakirana 3_rotate_180.jpg,20 Jayakirana,200,4,train
/kaggle/input/datasets/hertiyani/batik-nitik-960-official-mendeley/Batik Nitik 960/Batik Nitik 960 Images/20 Jayakirana 3_rotate_270.jpg,20 Jayakirana 3_rotate_270.jpg,20 Jayakirana,200,4,train
/kaggle/input/datasets/hertiyani/batik-nitik-960-official-mendeley/Batik Nitik 960/Batik Nitik 960 Images/20 Jayakirana 3_rotate_90.jpg,20 Jayakirana 3_rotate_90.jpg,20 Jayakirana,200,4,train
/kaggle/input/datasets/hertiyani/batik-nitik-960-official-mendeley/Batik Nitik 960/Batik Nitik 960 Images/20 Jayakirana 4.jpg,20 Jayakirana 4.jpg,20 Jayakirana,204,4,train
/kaggle/input/datasets/hertiyani/batik-nitik-960-official-mendeley/Batik Nitik 960/Batik Nitik 960 Images/20 Jayakirana 4_rotate_180.jpg,20 Jayakirana 4_rotate_180.jpg,20 Jayakirana,204,4,train
/kaggle/input/datasets/hertiyani/batik-nitik-960-official-mendeley/Batik Nitik 960/Batik Nitik 960 Images/20 Jayakirana 4_rotate_270.jpg,20 Jayakirana 4_rotate_270.jpg,20 Jayakirana,204,4,train
/kaggle/input/datasets/hertiyani/batik-nitik-960-official-mendeley/Batik Nitik 960/Batik Nitik 960 Images/20 Jayakirana 4_rotate_90.jpg,20 Jayakirana 4_rotate_90.jpg,20 Jayakirana,204,4,train
/kaggle/input/datasets/hertiyani/batik-nitik-960-official-mendeley/Batik Nitik 960/Batik Nitik 960 Images/21 Mawur 1.jpg,21 Mawur 1.jpg,21 Mawur,208,4,train
/kaggle/input/datasets/hertiyani/batik-nitik-960-official-mendeley/Batik Nitik 960/Batik Nitik 960 Images/21 Mawur 1_rotate_180.jpg,21 Mawur 1_rotate_180.jpg,21 Mawur,208,4,train
/kaggle/input/datasets/hertiyani/batik-nitik-960-official-mendeley/Batik Nitik 960/Batik Nitik 960 Images/21 Mawur 1_rotate_270.jpg,21 Mawur 1_rotate_270.jpg,21 Mawur,210,4,train
/kaggle/input/datasets/hertiyani/batik-nitik-960-official-mendeley/Batik Nitik 960/Batik Nitik 960 Images/21 Mawur 1_rotate_90.jpg,21 Mawur 1_rotate_90.jpg,21 Mawur,210,4,train
/kaggle/input/datasets/hertiyani/batik-nitik-960-official-mendeley/Batik Nitik 960/Batik Nitik 960 Images/21 Mawur 2.jpg,21 Mawur 2.jpg,21 Mawur,212,4,train
/kaggle/input/datasets/hertiyani/batik-nitik-960-official-mendeley/Batik Nitik 960/Batik Nitik 960 Images/21 Mawur 2_rotate_180.jpg,21 Mawur 2_rotate_180.jpg,21 Mawur,212,4,train
/kaggle/input/datasets/hertiyani/batik-nitik-960-official-mendeley/Batik Nitik 960/Batik Nitik 960 Images/21 Mawur 2_rotate_270.jpg,21 Mawur 2_rotate_270.jpg,21 Mawur,214,4,train
/kaggle/input/datasets/hertiyani/batik-nitik-960-official-mendeley/Batik Nitik 960/Batik Nitik 960 Images/21 Mawur 2_rotate_90.jpg,21 Mawur 2_rotate_90.jpg,21 Mawur,214,4,train
/kaggle/input/datasets/hertiyani/batik-nitik-960-official-mendeley/Batik Nitik 960/Batik Nitik 960 Images/21 Mawur 3.jpg,21 Mawur 3.jpg,21 Mawur,216,4,test
/kaggle/input/datasets/hertiyani/batik-nitik-960-official-mendeley/Batik Nitik 960/Batik Nitik 960 Images/21 Mawur 3_rotate_180.jpg,21 Mawur 3_rotate_180.jpg,21 Mawur,216,4,test
/kaggle/input/datasets/hertiyani/batik-nitik-960-official-mendeley/Batik Nitik 960/Batik Nitik 960 Images/21 Mawur 3_rotate_270.jpg,21 Mawur 3_rotate_270.jpg,21 Mawur,216,4,test
/kaggle/input/datasets/hertiyani/batik-nitik-960-official-mendeley/Batik Nitik 960/Batik Nitik 960 Images/21 Mawur 3_rotate_90.jpg,21 Mawur 3_rotate_90.jpg,21 Mawur,216,4,test
/kaggle/input/datasets/hertiyani/batik-nitik-960-official-mendeley/Batik Nitik 960/Batik Nitik 960 Images/21 Mawur 4.jpg,21 Mawur 4.jpg,21 Mawur,220,4,train
/kaggle/input/datasets/hertiyani/batik-nitik-960-official-mendeley/Batik Nitik 960/Batik Nitik 960 Images/21 Mawur 4_rotate_180.jpg,21 Mawur 4_rotate_180.jpg,21 Mawur,220,4,train
/kaggle/input/datasets/hertiyani/batik-nitik-960-official-mendeley/Batik Nitik 960/Batik Nitik 960 Images/21 Mawur 4_rotate_270.jpg,21 Mawur 4_rotate_270.jpg,21 Mawur,222,4,test
/kaggle/input/datasets/hertiyani/batik-nitik-960-official-mendeley/Batik Nitik 960/Batik Nitik 960 Images/21 Mawur 4_rotate_90.jpg,21 Mawur 4_rotate_90.jpg,21 Mawur,222,4,test
/kaggle/input/datasets/hertiyani/batik-nitik-960-official-mendeley/Batik Nitik 960/Batik Nitik 960 Images/22 Sekar Tanjung 1.jpg,22 Sekar Tanjung 1.jpg,22 Sekar Tanjung,224,4,train
/kaggle/input/datasets/hertiyani/batik-nitik-960-official-mendeley/Batik Nitik 960/Batik Nitik 960 Images/22 Sekar Tanjung 1_rotate_180.jpg,22 Sekar Tanjung 1_rotate_180.jpg,22 Sekar Tanjung,224,4,train
/kaggle/input/datasets/hertiyani/batik-nitik-960-official-mendeley/Batik Nitik 960/Batik Nitik 960 Images/22 Sekar Tanjung 1_rotate_270.jpg,22 Sekar Tanjung 1_rotate_270.jpg,22 Sekar Tanjung,226,4,train
/kaggle/input/datasets/hertiyani/batik-nitik-960-official-mendeley/Batik Nitik 960/Batik Nitik 960 Images/22 Sekar Tanjung 1_rotate_90.jpg,22 Sekar Tanjung 1_rotate_90.jpg,22 Sekar Tanjung,226,4,train
/kaggle/input/datasets/hertiyani/batik-nitik-960-official-mendeley/Batik Nitik 960/Batik Nitik 960 Images/22 Sekar Tanjung 2.jpg,22 Sekar Tanjung 2.jpg,22 Sekar Tanjung,228,4,test
/kaggle/input/datasets/hertiyani/batik-nitik-960-official-mendeley/Batik Nitik 960/Batik Nitik 960 Images/22 Sekar Tanjung 2_rotate_180.jpg,22 Sekar Tanjung 2_rotate_180.jpg,22 Sekar Tanjung,228,4,test
/kaggle/input/datasets/hertiyani/batik-nitik-960-official-mendeley/Batik Nitik 960/Batik Nitik 960 Images/22 Sekar Tanjung 2_rotate_270.jpg,22 Sekar Tanjung 2_rotate_270.jpg,22 Sekar Tanjung,230,4,train
/kaggle/input/datasets/hertiyani/batik-nitik-960-official-mendeley/Batik Nitik 960/Batik Nitik 960 Images/22 Sekar Tanjung 2_rotate_90.jpg,22 Sekar Tanjung 2_rotate_90.jpg,22 Sekar Tanjung,230,4,train
/kaggle/input/datasets/hertiyani/batik-nitik-960-official-mendeley/Batik Nitik 960/Batik Nitik 960 Images/22 Sekar Tanjung 3.jpg,22 Sekar Tanjung 3.jpg,22 Sekar Tanjung,232,4,train
/kaggle/input/datasets/hertiyani/batik-nitik-960-official-mendeley/Batik Nitik 960/Batik Nitik 960 Images/22 Sekar Tanjung 3_rotate_180.jpg,22 Sekar Tanjung 3_rotate_180.jpg,22 Sekar Tanjung,232,4,train
/kaggle/input/datasets/hertiyani/batik-nitik-960-official-mendeley/Batik Nitik 960/Batik Nitik 960 Images/22 Sekar Tanjung 3_rotate_270.jpg,22 Sekar Tanjung 3_rotate_270.jpg,22 Sekar Tanjung,232,4,train
/kaggle/input/datasets/hertiyani/batik-nitik-960-official-mendeley/Batik Nitik 960/Batik Nitik 960 Images/22 Sekar Tanjung 3_rotate_90.jpg,22 Sekar Tanjung 3_rotate_90.jpg,22 Sekar Tanjung,232,4,train
/kaggle/input/datasets/hertiyani/batik-nitik-960-official-mendeley/Batik Nitik 960/Batik Nitik 960 Images/22 Sekar Tanjung 4.jpg,22 Sekar Tanjung 4.jpg,22 Sekar Tanjung,236,4,test
/kaggle/input/datasets/hertiyani/batik-nitik-960-official-mendeley/Batik Nitik 960/Batik Nitik 960 Images/22 Sekar Tanjung 4_rotate_180.jpg,22 Sekar Tanjung 4_rotate_180.jpg,22 Sekar Tanjung,236,4,test
/kaggle/input/datasets/hertiyani/batik-nitik-960-official-mendeley/Batik Nitik 960/Batik Nitik 960 Images/22 Sekar Tanjung 4_rotate_270.jpg,22 Sekar Tanjung 4_rotate_270.jpg,22 Sekar Tanjung,238,4,test
/kaggle/input/datasets/hertiyani/batik-nitik-960-official-mendeley/Batik Nitik 960/Batik Nitik 960 Images/22 Sekar Tanjung 4_rotate_90.jpg,22 Sekar Tanjung 4_rotate_90.jpg,22 Sekar Tanjung,238,4,test
/kaggle/input/datasets/hertiyani/batik-nitik-960-official-mendeley/Batik Nitik 960/Batik Nitik 960 Images/23 Sekar Keben 1.jpg,23 Sekar Keben 1.jpg,23 Sekar Keben,240,4,train
/kaggle/input/datasets/hertiyani/batik-nitik-960-official-mendeley/Batik Nitik 960/Batik Nitik 960 Images/23 Sekar Keben 1_rotate_180.jpg,23 Sekar Keben 1_rotate_180.jpg,23 Sekar Keben,240,4,train
/kaggle/input/datasets/hertiyani/batik-nitik-960-official-mendeley/Batik Nitik 960/Batik Nitik 960 Images/23 Sekar Keben 1_rotate_270.jpg,23 Sekar Keben 1_rotate_270.jpg,23 Sekar Keben,242,4,train
/kaggle/input/datasets/hertiyani/batik-nitik-960-official-mendeley/Batik Nitik 960/Batik Nitik 960 Images/23 Sekar Keben 1_rotate_90.jpg,23 Sekar Keben 1_rotate_90.jpg,23 Sekar Keben,242,4,train
/kaggle/input/datasets/hertiyani/batik-nitik-960-official-mendeley/Batik Nitik 960/Batik Nitik 960 Images/23 Sekar Keben 2.jpg,23 Sekar Keben 2.jpg,23 Sekar Keben,244,4,train
/kaggle/input/datasets/hertiyani/batik-nitik-960-official-mendeley/Batik Nitik 960/Batik Nitik 960 Images/23 Sekar Keben 2_rotate_180.jpg,23 Sekar Keben 2_rotate_180.jpg,23 Sekar Keben,244,4,train
/kaggle/input/datasets/hertiyani/batik-nitik-960-official-mendeley/Batik Nitik 960/Batik Nitik 960 Images/23 Sekar Keben 2_rotate_270.jpg,23 Sekar Keben 2_rotate_270.jpg,23 Sekar Keben,246,4,test
/kaggle/input/datasets/hertiyani/batik-nitik-960-official-mendeley/Batik Nitik 960/Batik Nitik 960 Images/23 Sekar Keben 2_rotate_90.jpg,23 Sekar Keben 2_rotate_90.jpg,23 Sekar Keben,246,4,test
/kaggle/input/datasets/hertiyani/batik-nitik-960-official-mendeley/Batik Nitik 960/Batik Nitik 960 Images/23 Sekar Keben 3.jpg,23 Sekar Keben 3.jpg,23 Sekar Keben,248,4,train
/kaggle/input/datasets/hertiyani/batik-nitik-960-official-mendeley/Batik Nitik 960/Batik Nitik 960 Images/23 Sekar Keben 3_rotate_180.jpg,23 Sekar Keben 3_rotate_180.jpg,23 Sekar Keben,248,4,train
/kaggle/input/datasets/hertiyani/batik-nitik-960-official-mendeley/Batik Nitik 960/Batik Nitik 960 Images/23 Sekar Keben 3_rotate_270.jpg,23 Sekar Keben 3_rotate_270.jpg,23 Sekar Keben,250,4,test
/kaggle/input/datasets/hertiyani/batik-nitik-960-official-mendeley/Batik Nitik 960/Batik Nitik 960 Images/23 Sekar Keben 3_rotate_90.jpg,23 Sekar Keben 3_rotate_90.jpg,23 Sekar Keben,250,4,test
/kaggle/input/datasets/hertiyani/batik-nitik-960-official-mendeley/Batik Nitik 960/Batik Nitik 960 Images/23 Sekar Keben 4.jpg,23 Sekar Keben 4.jpg,23 Sekar Keben,252,4,train
/kaggle/input/datasets/hertiyani/batik-nitik-960-official-mendeley/Batik Nitik 960/Batik Nitik 960 Images/23 Sekar Keben 4_rotate_180.jpg,23 Sekar Keben 4_rotate_180.jpg,23 Sekar Keben,252,4,train
/kaggle/input/datasets/hertiyani/batik-nitik-960-official-mendeley/Batik Nitik 960/Batik Nitik 960 Images/23 Sekar Keben 4_rotate_270.jpg,23 Sekar Keben 4_rotate_270.jpg,23 Sekar Keben,254,4,test
/kaggle/input/datasets/hertiyani/batik-nitik-960-official-mendeley/Batik Nitik 960/Batik Nitik 960 Images/23 Sekar Keben 4_rotate_90.jpg,23 Sekar Keben 4_rotate_90.jpg,23 Sekar Keben,254,4,test
/kaggle/input/datasets/hertiyani/batik-nitik-960-official-mendeley/Batik Nitik 960/Batik Nitik 960 Images/24 Sekar Srengenge 1.jpg,24 Sekar Srengenge 1.jpg,24 Sekar Srengenge,256,4,test
/kaggle/input/datasets/hertiyani/batik-nitik-960-official-mendeley/Batik Nitik 960/Batik Nitik 960 Images/24 Sekar Srengenge 1_rotate_180.jpg,24 Sekar Srengenge 1_rotate_180.jpg,24 Sekar Srengenge,256,4,test
/kaggle/input/datasets/hertiyani/batik-nitik-960-official-mendeley/Batik Nitik 960/Batik Nitik 960 Images/24 Sekar Srengenge 1_rotate_270.jpg,24 Sekar Srengenge 1_rotate_270.jpg,24 Sekar Srengenge,258,4,train
/kaggle/input/datasets/hertiyani/batik-nitik-960-official-mendeley/Batik Nitik 960/Batik Nitik 960 Images/24 Sekar Srengenge 1_rotate_90.jpg,24 Sekar Srengenge 1_rotate_90.jpg,24 Sekar Srengenge,258,4,train
/kaggle/input/datasets/hertiyani/batik-nitik-960-official-mendeley/Batik Nitik 960/Batik Nitik 960 Images/24 Sekar Srengenge 2.jpg,24 Sekar Srengenge 2.jpg,24 Sekar Srengenge,260,4,train
/kaggle/input/datasets/hertiyani/batik-nitik-960-official-mendeley/Batik Nitik 960/Batik Nitik 960 Images/24 Sekar Srengenge 2_rotate_180.jpg,24 Sekar Srengenge 2_rotate_180.jpg,24 Sekar Srengenge,260,4,train
/kaggle/input/datasets/hertiyani/batik-nitik-960-official-mendeley/Batik Nitik 960/Batik Nitik 960 Images/24 Sekar Srengenge 2_rotate_270.jpg,24 Sekar Srengenge 2_rotate_270.jpg,24 Sekar Srengenge,262,4,train
/kaggle/input/datasets/hertiyani/batik-nitik-960-official-mendeley/Batik Nitik 960/Batik Nitik 960 Images/24 Sekar Srengenge 2_rotate_90.jpg,24 Sekar Srengenge 2_rotate_90.jpg,24 Sekar Srengenge,262,4,train
/kaggle/input/datasets/hertiyani/batik-nitik-960-official-mendeley/Batik Nitik 960/Batik Nitik 960 Images/24 Sekar Srengenge 3.jpg,24 Sekar Srengenge 3.jpg,24 Sekar Srengenge,264,4,test
/kaggle/input/datasets/hertiyani/batik-nitik-960-official-mendeley/Batik Nitik 960/Batik Nitik 960 Images/24 Sekar Srengenge 3_rotate_180.jpg,24 Sekar Srengenge 3_rotate_180.jpg,24 Sekar Srengenge,264,4,test
/kaggle/input/datasets/hertiyani/batik-nitik-960-official-mendeley/Batik Nitik 960/Batik Nitik 960 Images/24 Sekar Srengenge 3_rotate_270.jpg,24 Sekar Srengenge 3_rotate_270.jpg,24 Sekar Srengenge,264,4,test
/kaggle/input/datasets/hertiyani/batik-nitik-960-official-mendeley/Batik Nitik 960/Batik Nitik 960 Images/24 Sekar Srengenge 3_rotate_90.jpg,24 Sekar Srengenge 3_rotate_90.jpg,24 Sekar Srengenge,264,4,test
/kaggle/input/datasets/hertiyani/batik-nitik-960-official-mendeley/Batik Nitik 960/Batik Nitik 960 Images/24 Sekar Srengenge 4.jpg,24 Sekar Srengenge 4.jpg,24 Sekar Srengenge,268,4,test
/kaggle/input/datasets/hertiyani/batik-nitik-960-official-mendeley/Batik Nitik 960/Batik Nitik 960 Images/24 Sekar Srengenge 4_rotate_180.jpg,24 Sekar Srengenge 4_rotate_180.jpg,24 Sekar Srengenge,268,4,test
/kaggle/input/datasets/hertiyani/batik-nitik-960-official-mendeley/Batik Nitik 960/Batik Nitik 960 Images/24 Sekar Srengenge 4_rotate_270.jpg,24 Sekar Srengenge 4_rotate_270.jpg,24 Sekar Srengenge,270,4,train
/kaggle/input/datasets/hertiyani/batik-nitik-960-official-mendeley/Batik Nitik 960/Batik Nitik 960 Images/24 Sekar Srengenge 4_rotate_90.jpg,24 Sekar Srengenge 4_rotate_90.jpg,24 Sekar Srengenge,270,4,train
/kaggle/input/datasets/hertiyani/batik-nitik-960-official-mendeley/Batik Nitik 960/Batik Nitik 960 Images/25 Sekar Soka 1.jpg,25 Sekar Soka 1.jpg,25 Sekar Soka,272,4,train
/kaggle/input/datasets/hertiyani/batik-nitik-960-official-mendeley/Batik Nitik 960/Batik Nitik 960 Images/25 Sekar Soka 1_rotate_180.jpg,25 Sekar Soka 1_rotate_180.jpg,25 Sekar Soka,272,4,train
/kaggle/input/datasets/hertiyani/batik-nitik-960-official-mendeley/Batik Nitik 960/Batik Nitik 960 Images/25 Sekar Soka 1_rotate_270.jpg,25 Sekar Soka 1_rotate_270.jpg,25 Sekar Soka,274,4,train
/kaggle/input/datasets/hertiyani/batik-nitik-960-official-mendeley/Batik Nitik 960/Batik Nitik 960 Images/25 Sekar Soka 1_rotate_90.jpg,25 Sekar Soka 1_rotate_90.jpg,25 Sekar Soka,274,4,train
/kaggle/input/datasets/hertiyani/batik-nitik-960-official-mendeley/Batik Nitik 960/Batik Nitik 960 Images/25 Sekar Soka 2.jpg,25 Sekar Soka 2.jpg,25 Sekar Soka,276,4,train
/kaggle/input/datasets/hertiyani/batik-nitik-960-official-mendeley/Batik Nitik 960/Batik Nitik 960 Images/25 Sekar Soka 2_rotate_180.jpg,25 Sekar Soka 2_rotate_180.jpg,25 Sekar Soka,276,4,train
/kaggle/input/datasets/hertiyani/batik-nitik-960-official-mendeley/Batik Nitik 960/Batik Nitik 960 Images/25 Sekar Soka 2_rotate_270.jpg,25 Sekar Soka 2_rotate_270.jpg,25 Sekar Soka,278,4,train
/kaggle/input/datasets/hertiyani/batik-nitik-960-official-mendeley/Batik Nitik 960/Batik Nitik 960 Images/25 Sekar Soka 2_rotate_90.jpg,25 Sekar Soka 2_rotate_90.jpg,25 Sekar Soka,278,4,train
/kaggle/input/datasets/hertiyani/batik-nitik-960-official-mendeley/Batik Nitik 960/Batik Nitik 960 Images/25 Sekar Soka 3.jpg,25 Sekar Soka 3.jpg,25 Sekar Soka,280,4,test
/kaggle/input/datasets/hertiyani/batik-nitik-960-official-mendeley/Batik Nitik 960/Batik Nitik 960 Images/25 Sekar Soka 3_rotate_180.jpg,25 Sekar Soka 3_rotate_180.jpg,25 Sekar Soka,280,4,test
/kaggle/input/datasets/hertiyani/batik-nitik-960-official-mendeley/Batik Nitik 960/Batik Nitik 960 Images/25 Sekar Soka 3_rotate_270.jpg,25 Sekar Soka 3_rotate_270.jpg,25 Sekar Soka,282,4,train
/kaggle/input/datasets/hertiyani/batik-nitik-960-official-mendeley/Batik Nitik 960/Batik Nitik 960 Images/25 Sekar Soka 3_rotate_90.jpg,25 Sekar Soka 3_rotate_90.jpg,25 Sekar Soka,282,4,train
/kaggle/input/datasets/hertiyani/batik-nitik-960-official-mendeley/Batik Nitik 960/Batik Nitik 960 Images/25 Sekar Soka 4.jpg,25 Sekar Soka 4.jpg,25 Sekar Soka,284,4,test
/kaggle/input/datasets/hertiyani/batik-nitik-960-official-mendeley/Batik Nitik 960/Batik Nitik 960 Images/25 Sekar Soka 4_rotate_180.jpg,25 Sekar Soka 4_rotate_180.jpg,25 Sekar Soka,284,4,test
/kaggle/input/datasets/hertiyani/batik-nitik-960-official-mendeley/Batik Nitik 960/Batik Nitik 960 Images/25 Sekar Soka 4_rotate_270.jpg,25 Sekar Soka 4_rotate_270.jpg,25 Sekar Soka,286,4,test
/kaggle/input/datasets/hertiyani/batik-nitik-960-official-mendeley/Batik Nitik 960/Batik Nitik 960 Images/25 Sekar Soka 4_rotate_90.jpg,25 Sekar Soka 4_rotate_90.jpg,25 Sekar Soka,286,4,test
/kaggle/input/datasets/hertiyani/batik-nitik-960-official-mendeley/Batik Nitik 960/Batik Nitik 960 Images/26 Sekar Nangka 1.jpg,26 Sekar Nangka 1.jpg,26 Sekar Nangka,288,4,test
/kaggle/input/datasets/hertiyani/batik-nitik-960-official-mendeley/Batik Nitik 960/Batik Nitik 960 Images/26 Sekar Nangka 1_rotate_180.jpg,26 Sekar Nangka 1_rotate_180.jpg,26 Sekar Nangka,288,4,test
/kaggle/input/datasets/hertiyani/batik-nitik-960-official-mendeley/Batik Nitik 960/Batik Nitik 960 Images/26 Sekar Nangka 1_rotate_270.jpg,26 Sekar Nangka 1_rotate_270.jpg,26 Sekar Nangka,290,4,test
/kaggle/input/datasets/hertiyani/batik-nitik-960-official-mendeley/Batik Nitik 960/Batik Nitik 960 Images/26 Sekar Nangka 1_rotate_90.jpg,26 Sekar Nangka 1_rotate_90.jpg,26 Sekar Nangka,290,4,test
/kaggle/input/datasets/hertiyani/batik-nitik-960-official-mendeley/Batik Nitik 960/Batik Nitik 960 Images/26 Sekar Nangka 2.jpg,26 Sekar Nangka 2.jpg,26 Sekar Nangka,292,4,train
/kaggle/input/datasets/hertiyani/batik-nitik-960-official-mendeley/Batik Nitik 960/Batik Nitik 960 Images/26 Sekar Nangka 2_rotate_180.jpg,26 Sekar Nangka 2_rotate_180.jpg,26 Sekar Nangka,292,4,train
/kaggle/input/datasets/hertiyani/batik-nitik-960-official-mendeley/Batik Nitik 960/Batik Nitik 960 Images/26 Sekar Nangka 2_rotate_270.jpg,26 Sekar Nangka 2_rotate_270.jpg,26 Sekar Nangka,294,4,test
/kaggle/input/datasets/hertiyani/batik-nitik-960-official-mendeley/Batik Nitik 960/Batik Nitik 960 Images/26 Sekar Nangka 2_rotate_90.jpg,26 Sekar Nangka 2_rotate_90.jpg,26 Sekar Nangka,294,4,test
/kaggle/input/datasets/hertiyani/batik-nitik-960-official-mendeley/Batik Nitik 960/Batik Nitik 960 Images/26 Sekar Nangka 3.jpg,26 Sekar Nangka 3.jpg,26 Sekar Nangka,296,4,train
/kaggle/input/datasets/hertiyani/batik-nitik-960-official-mendeley/Batik Nitik 960/Batik Nitik 960 Images/26 Sekar Nangka 3_rotate_180.jpg,26 Sekar Nangka 3_rotate_180.jpg,26 Sekar Nangka,296,4,train
/kaggle/input/datasets/hertiyani/batik-nitik-960-official-mendeley/Batik Nitik 960/Batik Nitik 960 Images/26 Sekar Nangka 3_rotate_270.jpg,26 Sekar Nangka 3_rotate_270.jpg,26 Sekar Nangka,298,4,train
/kaggle/input/datasets/hertiyani/batik-nitik-960-official-mendeley/Batik Nitik 960/Batik Nitik 960 Images/26 Sekar Nangka 3_rotate_90.jpg,26 Sekar Nangka 3_rotate_90.jpg,26 Sekar Nangka,298,4,train
/kaggle/input/datasets/hertiyani/batik-nitik-960-official-mendeley/Batik Nitik 960/Batik Nitik 960 Images/26 Sekar Nangka 4.jpg,26 Sekar Nangka 4.jpg,26 Sekar Nangka,300,4,train
/kaggle/input/datasets/hertiyani/batik-nitik-960-official-mendeley/Batik Nitik 960/Batik Nitik 960 Images/26 Sekar Nangka 4_rotate_180.jpg,26 Sekar Nangka 4_rotate_180.jpg,26 Sekar Nangka,300,4,train
/kaggle/input/datasets/hertiyani/batik-nitik-960-official-mendeley/Batik Nitik 960/Batik Nitik 960 Images/26 Sekar Nangka 4_rotate_270.jpg,26 Sekar Nangka 4_rotate_270.jpg,26 Sekar Nangka,302,4,train
/kaggle/input/datasets/hertiyani/batik-nitik-960-official-mendeley/Batik Nitik 960/Batik Nitik 960 Images/26 Sekar Nangka 4_rotate_90.jpg,26 Sekar Nangka 4_rotate_90.jpg,26 Sekar Nangka,302,4,train
/kaggle/input/datasets/hertiyani/batik-nitik-960-official-mendeley/Batik Nitik 960/Batik Nitik 960 Images/27 Kawung Nitik 1.jpg,27 Kawung Nitik 1.jpg,27 Kawung Nitik,304,4,train
/kaggle/input/datasets/hertiyani/batik-nitik-960-official-mendeley/Batik Nitik 960/Batik Nitik 960 Images/27 Kawung Nitik 1_rotate_180.jpg,27 Kawung Nitik 1_rotate_180.jpg,27 Kawung Nitik,304,4,train
/kaggle/input/datasets/hertiyani/batik-nitik-960-official-mendeley/Batik Nitik 960/Batik Nitik 960 Images/27 Kawung Nitik 1_rotate_270.jpg,27 Kawung Nitik 1_rotate_270.jpg,27 Kawung Nitik,306,4,test
/kaggle/input/datasets/hertiyani/batik-nitik-960-official-mendeley/Batik Nitik 960/Batik Nitik 960 Images/27 Kawung Nitik 1_rotate_90.jpg,27 Kawung Nitik 1_rotate_90.jpg,27 Kawung Nitik,306,4,test
/kaggle/input/datasets/hertiyani/batik-nitik-960-official-mendeley/Batik Nitik 960/Batik Nitik 960 Images/27 Kawung Nitik 2.jpg,27 Kawung Nitik 2.jpg,27 Kawung Nitik,308,4,train
/kaggle/input/datasets/hertiyani/batik-nitik-960-official-mendeley/Batik Nitik 960/Batik Nitik 960 Images/27 Kawung Nitik 2_rotate_180.jpg,27 Kawung Nitik 2_rotate_180.jpg,27 Kawung Nitik,308,4,train
/kaggle/input/datasets/hertiyani/batik-nitik-960-official-mendeley/Batik Nitik 960/Batik Nitik 960 Images/27 Kawung Nitik 2_rotate_270.jpg,27 Kawung Nitik 2_rotate_270.jpg,27 Kawung Nitik,310,4,train
/kaggle/input/datasets/hertiyani/batik-nitik-960-official-mendeley/Batik Nitik 960/Batik Nitik 960 Images/27 Kawung Nitik 2_rotate_90.jpg,27 Kawung Nitik 2_rotate_90.jpg,27 Kawung Nitik,310,4,train
/kaggle/input/datasets/hertiyani/batik-nitik-960-official-mendeley/Batik Nitik 960/Batik Nitik 960 Images/27 Kawung Nitik 3.jpg,27 Kawung Nitik 3.jpg,27 Kawung Nitik,312,4,train
/kaggle/input/datasets/hertiyani/batik-nitik-960-official-mendeley/Batik Nitik 960/Batik Nitik 960 Images/27 Kawung Nitik 3_rotate_180.jpg,27 Kawung Nitik 3_rotate_180.jpg,27 Kawung Nitik,312,4,train
/kaggle/input/datasets/hertiyani/batik-nitik-960-official-mendeley/Batik Nitik 960/Batik Nitik 960 Images/27 Kawung Nitik 3_rotate_270.jpg,27 Kawung Nitik 3_rotate_270.jpg,27 Kawung Nitik,314,4,train
/kaggle/input/datasets/hertiyani/batik-nitik-960-official-mendeley/Batik Nitik 960/Batik Nitik 960 Images/27 Kawung Nitik 3_rotate_90.jpg,27 Kawung Nitik 3_rotate_90.jpg,27 Kawung Nitik,314,4,train
/kaggle/input/datasets/hertiyani/batik-nitik-960-official-mendeley/Batik Nitik 960/Batik Nitik 960 Images/27 Kawung Nitik 4.jpg,27 Kawung Nitik 4.jpg,27 Kawung Nitik,316,4,test
/kaggle/input/datasets/hertiyani/batik-nitik-960-official-mendeley/Batik Nitik 960/Batik Nitik 960 Images/27 Kawung Nitik 4_rotate_180.jpg,27 Kawung Nitik 4_rotate_180.jpg,27 Kawung Nitik,316,4,test
/kaggle/input/datasets/hertiyani/batik-nitik-960-official-mendeley/Batik Nitik 960/Batik Nitik 960 Images/27 Kawung Nitik 4_rotate_270.jpg,27 Kawung Nitik 4_rotate_270.jpg,27 Kawung Nitik,318,4,test
/kaggle/input/datasets/hertiyani/batik-nitik-960-official-mendeley/Batik Nitik 960/Batik Nitik 960 Images/27 Kawung Nitik 4_rotate_90.jpg,27 Kawung Nitik 4_rotate_90.jpg,27 Kawung Nitik,318,4,test
/kaggle/input/datasets/hertiyani/batik-nitik-960-official-mendeley/Batik Nitik 960/Batik Nitik 960 Images/28 Sekar Kenthang 1.jpg,28 Sekar Kenthang 1.jpg,28 Sekar Kenthang,320,4,train
/kaggle/input/datasets/hertiyani/batik-nitik-960-official-mendeley/Batik Nitik 960/Batik Nitik 960 Images/28 Sekar Kenthang 1_rotate_180.jpg,28 Sekar Kenthang 1_rotate_180.jpg,28 Sekar Kenthang,320,4,train
/kaggle/input/datasets/hertiyani/batik-nitik-960-official-mendeley/Batik Nitik 960/Batik Nitik 960 Images/28 Sekar Kenthang 1_rotate_270.jpg,28 Sekar Kenthang 1_rotate_270.jpg,28 Sekar Kenthang,322,4,train
/kaggle/input/datasets/hertiyani/batik-nitik-960-official-mendeley/Batik Nitik 960/Batik Nitik 960 Images/28 Sekar Kenthang 1_rotate_90.jpg,28 Sekar Kenthang 1_rotate_90.jpg,28 Sekar Kenthang,322,4,train
/kaggle/input/datasets/hertiyani/batik-nitik-960-official-mendeley/Batik Nitik 960/Batik Nitik 960 Images/28 Sekar Kenthang 2.jpg,28 Sekar Kenthang 2.jpg,28 Sekar Kenthang,324,4,train
/kaggle/input/datasets/hertiyani/batik-nitik-960-official-mendeley/Batik Nitik 960/Batik Nitik 960 Images/28 Sekar Kenthang 2_rotate_180.jpg,28 Sekar Kenthang 2_rotate_180.jpg,28 Sekar Kenthang,324,4,train
/kaggle/input/datasets/hertiyani/batik-nitik-960-official-mendeley/Batik Nitik 960/Batik Nitik 960 Images/28 Sekar Kenthang 2_rotate_270.jpg,28 Sekar Kenthang 2_rotate_270.jpg,28 Sekar Kenthang,326,4,test
/kaggle/input/datasets/hertiyani/batik-nitik-960-official-mendeley/Batik Nitik 960/Batik Nitik 960 Images/28 Sekar Kenthang 2_rotate_90.jpg,28 Sekar Kenthang 2_rotate_90.jpg,28 Sekar Kenthang,326,4,test
/kaggle/input/datasets/hertiyani/batik-nitik-960-official-mendeley/Batik Nitik 960/Batik Nitik 960 Images/28 Sekar Kenthang 3.jpg,28 Sekar Kenthang 3.jpg,28 Sekar Kenthang,328,4,test
/kaggle/input/datasets/hertiyani/batik-nitik-960-official-mendeley/Batik Nitik 960/Batik Nitik 960 Images/28 Sekar Kenthang 3_rotate_180.jpg,28 Sekar Kenthang 3_rotate_180.jpg,28 Sekar Kenthang,328,4,test
/kaggle/input/datasets/hertiyani/batik-nitik-960-official-mendeley/Batik Nitik 960/Batik Nitik 960 Images/28 Sekar Kenthang 3_rotate_270.jpg,28 Sekar Kenthang 3_rotate_270.jpg,28 Sekar Kenthang,328,4,test
/kaggle/input/datasets/hertiyani/batik-nitik-960-official-mendeley/Batik Nitik 960/Batik Nitik 960 Images/28 Sekar Kenthang 3_rotate_90.jpg,28 Sekar Kenthang 3_rotate_90.jpg,28 Sekar Kenthang,328,4,test
/kaggle/input/datasets/hertiyani/batik-nitik-960-official-mendeley/Batik Nitik 960/Batik Nitik 960 Images/28 Sekar Kenthang 4.jpg,28 Sekar Kenthang 4.jpg,28 Sekar Kenthang,332,4,train
/kaggle/input/datasets/hertiyani/batik-nitik-960-official-mendeley/Batik Nitik 960/Batik Nitik 960 Images/28 Sekar Kenthang 4_rotate_180.jpg,28 Sekar Kenthang 4_rotate_180.jpg,28 Sekar Kenthang,332,4,train
/kaggle/input/datasets/hertiyani/batik-nitik-960-official-mendeley/Batik Nitik 960/Batik Nitik 960 Images/28 Sekar Kenthang 4_rotate_270.jpg,28 Sekar Kenthang 4_rotate_270.jpg,28 Sekar Kenthang,332,4,train
/kaggle/input/datasets/hertiyani/batik-nitik-960-official-mendeley/Batik Nitik 960/Batik Nitik 960 Images/28 Sekar Kenthang 4_rotate_90.jpg,28 Sekar Kenthang 4_rotate_90.jpg,28 Sekar Kenthang,332,4,train
/kaggle/input/datasets/hertiyani/batik-nitik-960-official-mendeley/Batik Nitik 960/Batik Nitik 960 Images/29 Sekar Pudhak 1.jpg,29 Sekar Pudhak 1.jpg,29 Sekar Pudhak,336,4,train
/kaggle/input/datasets/hertiyani/batik-nitik-960-official-mendeley/Batik Nitik 960/Batik Nitik 960 Images/29 Sekar Pudhak 1_rotate_180.jpg,29 Sekar Pudhak 1_rotate_180.jpg,29 Sekar Pudhak,336,4,train
/kaggle/input/datasets/hertiyani/batik-nitik-960-official-mendeley/Batik Nitik 960/Batik Nitik 960 Images/29 Sekar Pudhak 1_rotate_270.jpg,29 Sekar Pudhak 1_rotate_270.jpg,29 Sekar Pudhak,338,4,train
/kaggle/input/datasets/hertiyani/batik-nitik-960-official-mendeley/Batik Nitik 960/Batik Nitik 960 Images/29 Sekar Pudhak 1_rotate_90.jpg,29 Sekar Pudhak 1_rotate_90.jpg,29 Sekar Pudhak,338,4,train
/kaggle/input/datasets/hertiyani/batik-nitik-960-official-mendeley/Batik Nitik 960/Batik Nitik 960 Images/29 Sekar Pudhak 2.jpg,29 Sekar Pudhak 2.jpg,29 Sekar Pudhak,340,4,train
/kaggle/input/datasets/hertiyani/batik-nitik-960-official-mendeley/Batik Nitik 960/Batik Nitik 960 Images/29 Sekar Pudhak 2_rotate_180.jpg,29 Sekar Pudhak 2_rotate_180.jpg,29 Sekar Pudhak,340,4,train
/kaggle/input/datasets/hertiyani/batik-nitik-960-official-mendeley/Batik Nitik 960/Batik Nitik 960 Images/29 Sekar Pudhak 2_rotate_270.jpg,29 Sekar Pudhak 2_rotate_270.jpg,29 Sekar Pudhak,340,4,train
/kaggle/input/datasets/hertiyani/batik-nitik-960-official-mendeley/Batik Nitik 960/Batik Nitik 960 Images/29 Sekar Pudhak 2_rotate_90.jpg,29 Sekar Pudhak 2_rotate_90.jpg,29 Sekar Pudhak,340,4,train
/kaggle/input/datasets/hertiyani/batik-nitik-960-official-mendeley/Batik Nitik 960/Batik Nitik 960 Images/29 Sekar Pudhak 3.jpg,29 Sekar Pudhak 3.jpg,29 Sekar Pudhak,344,4,test
/kaggle/input/datasets/hertiyani/batik-nitik-960-official-mendeley/Batik Nitik 960/Batik Nitik 960 Images/29 Sekar Pudhak 3_rotate_180.jpg,29 Sekar Pudhak 3_rotate_180.jpg,29 Sekar Pudhak,344,4,test
/kaggle/input/datasets/hertiyani/batik-nitik-960-official-mendeley/Batik Nitik 960/Batik Nitik 960 Images/29 Sekar Pudhak 3_rotate_270.jpg,29 Sekar Pudhak 3_rotate_270.jpg,29 Sekar Pudhak,344,4,test
/kaggle/input/datasets/hertiyani/batik-nitik-960-official-mendeley/Batik Nitik 960/Batik Nitik 960 Images/29 Sekar Pudhak 3_rotate_90.jpg,29 Sekar Pudhak 3_rotate_90.jpg,29 Sekar Pudhak,344,4,test
/kaggle/input/datasets/hertiyani/batik-nitik-960-official-mendeley/Batik Nitik 960/Batik Nitik 960 Images/29 Sekar Pudhak 4.jpg,29 Sekar Pudhak 4.jpg,29 Sekar Pudhak,348,4,train
/kaggle/input/datasets/hertiyani/batik-nitik-960-official-mendeley/Batik Nitik 960/Batik Nitik 960 Images/29 Sekar Pudhak 4_rotate_180.jpg,29 Sekar Pudhak 4_rotate_180.jpg,29 Sekar Pudhak,348,4,train
/kaggle/input/datasets/hertiyani/batik-nitik-960-official-mendeley/Batik Nitik 960/Batik Nitik 960 Images/29 Sekar Pudhak 4_rotate_270.jpg,29 Sekar Pudhak 4_rotate_270.jpg,29 Sekar Pudhak,350,4,test
/kaggle/input/datasets/hertiyani/batik-nitik-960-official-mendeley/Batik Nitik 960/Batik Nitik 960 Images/29 Sekar Pudhak 4_rotate_90.jpg,29 Sekar Pudhak 4_rotate_90.jpg,29 Sekar Pudhak,350,4,test
/kaggle/input/datasets/hertiyani/batik-nitik-960-official-mendeley/Batik Nitik 960/Batik Nitik 960 Images/3 Sekar Duren 1.jpg,3 Sekar Duren 1.jpg,3 Sekar Duren,352,4,train
/kaggle/input/datasets/hertiyani/batik-nitik-960-official-mendeley/Batik Nitik 960/Batik Nitik 960 Images/3 Sekar Duren 1_rotate_180.jpg,3 Sekar Duren 1_rotate_180.jpg,3 Sekar Duren,352,4,train
/kaggle/input/datasets/hertiyani/batik-nitik-960-official-mendeley/Batik Nitik 960/Batik Nitik 960 Images/3 Sekar Duren 1_rotate_270.jpg,3 Sekar Duren 1_rotate_270.jpg,3 Sekar Duren,354,4,train
/kaggle/input/datasets/hertiyani/batik-nitik-960-official-mendeley/Batik Nitik 960/Batik Nitik 960 Images/3 Sekar Duren 1_rotate_90.jpg,3 Sekar Duren 1_rotate_90.jpg,3 Sekar Duren,354,4,train
/kaggle/input/datasets/hertiyani/batik-nitik-960-official-mendeley/Batik Nitik 960/Batik Nitik 960 Images/3 Sekar Duren 2.jpg,3 Sekar Duren 2.jpg,3 Sekar Duren,356,4,test
/kaggle/input/datasets/hertiyani/batik-nitik-960-official-mendeley/Batik Nitik 960/Batik Nitik 960 Images/3 Sekar Duren 2_rotate_180.jpg,3 Sekar Duren 2_rotate_180.jpg,3 Sekar Duren,356,4,test
/kaggle/input/datasets/hertiyani/batik-nitik-960-official-mendeley/Batik Nitik 960/Batik Nitik 960 Images/3 Sekar Duren 2_rotate_270.jpg,3 Sekar Duren 2_rotate_270.jpg,3 Sekar Duren,358,4,test
/kaggle/input/datasets/hertiyani/batik-nitik-960-official-mendeley/Batik Nitik 960/Batik Nitik 960 Images/3 Sekar Duren 2_rotate_90.jpg,3 Sekar Duren 2_rotate_90.jpg,3 Sekar Duren,358,4,test
/kaggle/input/datasets/hertiyani/batik-nitik-960-official-mendeley/Batik Nitik 960/Batik Nitik 960 Images/3 Sekar Duren 3.jpg,3 Sekar Duren 3.jpg,3 Sekar Duren,360,4,train
/kaggle/input/datasets/hertiyani/batik-nitik-960-official-mendeley/Batik Nitik 960/Batik Nitik 960 Images/3 Sekar Duren 3_rotate_180.jpg,3 Sekar Duren 3_rotate_180.jpg,3 Sekar Duren,360,4,train
/kaggle/input/datasets/hertiyani/batik-nitik-960-official-mendeley/Batik Nitik 960/Batik Nitik 960 Images/3 Sekar Duren 3_rotate_270.jpg,3 Sekar Duren 3_rotate_270.jpg,3 Sekar Duren,362,4,train
/kaggle/input/datasets/hertiyani/batik-nitik-960-official-mendeley/Batik Nitik 960/Batik Nitik 960 Images/3 Sekar Duren 3_rotate_90.jpg,3 Sekar Duren 3_rotate_90.jpg,3 Sekar Duren,362,4,train
/kaggle/input/datasets/hertiyani/batik-nitik-960-official-mendeley/Batik Nitik 960/Batik Nitik 960 Images/3 Sekar Duren 4.jpg,3 Sekar Duren 4.jpg,3 Sekar Duren,364,4,test
/kaggle/input/datasets/hertiyani/batik-nitik-960-official-mendeley/Batik Nitik 960/Batik Nitik 960 Images/3 Sekar Duren 4_rotate_180.jpg,3 Sekar Duren 4_rotate_180.jpg,3 Sekar Duren,364,4,test
/kaggle/input/datasets/hertiyani/batik-nitik-960-official-mendeley/Batik Nitik 960/Batik Nitik 960 Images/3 Sekar Duren 4_rotate_270.jpg,3 Sekar Duren 4_rotate_270.jpg,3 Sekar Duren,366,4,train
/kaggle/input/datasets/hertiyani/batik-nitik-960-official-mendeley/Batik Nitik 960/Batik Nitik 960 Images/3 Sekar Duren 4_rotate_90.jpg,3 Sekar Duren 4_rotate_90.jpg,3 Sekar Duren,366,4,train
/kaggle/input/datasets/hertiyani/batik-nitik-960-official-mendeley/Batik Nitik 960/Batik Nitik 960 Images/30 Sekar Dlima 1.jpg,30 Sekar Dlima 1.jpg,30 Sekar Dlima,368,4,train
/kaggle/input/datasets/hertiyani/batik-nitik-960-official-mendeley/Batik Nitik 960/Batik Nitik 960 Images/30 Sekar Dlima 1_rotate_180.jpg,30 Sekar Dlima 1_rotate_180.jpg,30 Sekar Dlima,368,4,train
/kaggle/input/datasets/hertiyani/batik-nitik-960-official-mendeley/Batik Nitik 960/Batik Nitik 960 Images/30 Sekar Dlima 1_rotate_270.jpg,30 Sekar Dlima 1_rotate_270.jpg,30 Sekar Dlima,370,4,train
/kaggle/input/datasets/hertiyani/batik-nitik-960-official-mendeley/Batik Nitik 960/Batik Nitik 960 Images/30 Sekar Dlima 1_rotate_90.jpg,30 Sekar Dlima 1_rotate_90.jpg,30 Sekar Dlima,370,4,train
/kaggle/input/datasets/hertiyani/batik-nitik-960-official-mendeley/Batik Nitik 960/Batik Nitik 960 Images/30 Sekar Dlima 2.jpg,30 Sekar Dlima 2.jpg,30 Sekar Dlima,372,4,test
/kaggle/input/datasets/hertiyani/batik-nitik-960-official-mendeley/Batik Nitik 960/Batik Nitik 960 Images/30 Sekar Dlima 2_rotate_180.jpg,30 Sekar Dlima 2_rotate_180.jpg,30 Sekar Dlima,372,4,test
/kaggle/input/datasets/hertiyani/batik-nitik-960-official-mendeley/Batik Nitik 960/Batik Nitik 960 Images/30 Sekar Dlima 2_rotate_270.jpg,30 Sekar Dlima 2_rotate_270.jpg,30 Sekar Dlima,374,4,train
/kaggle/input/datasets/hertiyani/batik-nitik-960-official-mendeley/Batik Nitik 960/Batik Nitik 960 Images/30 Sekar Dlima 2_rotate_90.jpg,30 Sekar Dlima 2_rotate_90.jpg,30 Sekar Dlima,374,4,train
/kaggle/input/datasets/hertiyani/batik-nitik-960-official-mendeley/Batik Nitik 960/Batik Nitik 960 Images/30 Sekar Dlima 3.jpg,30 Sekar Dlima 3.jpg,30 Sekar Dlima,376,4,test
/kaggle/input/datasets/hertiyani/batik-nitik-960-official-mendeley/Batik Nitik 960/Batik Nitik 960 Images/30 Sekar Dlima 3_rotate_180.jpg,30 Sekar Dlima 3_rotate_180.jpg,30 Sekar Dlima,376,4,test
/kaggle/input/datasets/hertiyani/batik-nitik-960-official-mendeley/Batik Nitik 960/Batik Nitik 960 Images/30 Sekar Dlima 3_rotate_270.jpg,30 Sekar Dlima 3_rotate_270.jpg,30 Sekar Dlima,376,4,test
/kaggle/input/datasets/hertiyani/batik-nitik-960-official-mendeley/Batik Nitik 960/Batik Nitik 960 Images/30 Sekar Dlima 3_rotate_90.jpg,30 Sekar Dlima 3_rotate_90.jpg,30 Sekar Dlima,376,4,test
/kaggle/input/datasets/hertiyani/batik-nitik-960-official-mendeley/Batik Nitik 960/Batik Nitik 960 Images/30 Sekar Dlima 4.jpg,30 Sekar Dlima 4.jpg,30 Sekar Dlima,380,4,train
/kaggle/input/datasets/hertiyani/batik-nitik-960-official-mendeley/Batik Nitik 960/Batik Nitik 960 Images/30 Sekar Dlima 4_rotate_180.jpg,30 Sekar Dlima 4_rotate_180.jpg,30 Sekar Dlima,380,4,train
/kaggle/input/datasets/hertiyani/batik-nitik-960-official-mendeley/Batik Nitik 960/Batik Nitik 960 Images/30 Sekar Dlima 4_rotate_270.jpg,30 Sekar Dlima 4_rotate_270.jpg,30 Sekar Dlima,382,4,train
/kaggle/input/datasets/hertiyani/batik-nitik-960-official-mendeley/Batik Nitik 960/Batik Nitik 960 Images/30 Sekar Dlima 4_rotate_90.jpg,30 Sekar Dlima 4_rotate_90.jpg,30 Sekar Dlima,382,4,train
/kaggle/input/datasets/hertiyani/batik-nitik-960-official-mendeley/Batik Nitik 960/Batik Nitik 960 Images/31 Krawitan  2.jpg,31 Krawitan  2.jpg,31 Krawitan,384,4,train
/kaggle/input/datasets/hertiyani/batik-nitik-960-official-mendeley/Batik Nitik 960/Batik Nitik 960 Images/31 Krawitan  2_rotate_180.jpg,31 Krawitan  2_rotate_180.jpg,31 Krawitan,384,4,train
/kaggle/input/datasets/hertiyani/batik-nitik-960-official-mendeley/Batik Nitik 960/Batik Nitik 960 Images/31 Krawitan  2_rotate_270.jpg,31 Krawitan  2_rotate_270.jpg,31 Krawitan,386,4,train
/kaggle/input/datasets/hertiyani/batik-nitik-960-official-mendeley/Batik Nitik 960/Batik Nitik 960 Images/31 Krawitan  2_rotate_90.jpg,31 Krawitan  2_rotate_90.jpg,31 Krawitan,386,4,train
/kaggle/input/datasets/hertiyani/batik-nitik-960-official-mendeley/Batik Nitik 960/Batik Nitik 960 Images/31 Krawitan 1.jpg,31 Krawitan 1.jpg,31 Krawitan,388,4,train
/kaggle/input/datasets/hertiyani/batik-nitik-960-official-mendeley/Batik Nitik 960/Batik Nitik 960 Images/31 Krawitan 1_rotate_180.jpg,31 Krawitan 1_rotate_180.jpg,31 Krawitan,388,4,train
/kaggle/input/datasets/hertiyani/batik-nitik-960-official-mendeley/Batik Nitik 960/Batik Nitik 960 Images/31 Krawitan 1_rotate_270.jpg,31 Krawitan 1_rotate_270.jpg,31 Krawitan,390,4,test
/kaggle/input/datasets/hertiyani/batik-nitik-960-official-mendeley/Batik Nitik 960/Batik Nitik 960 Images/31 Krawitan 1_rotate_90.jpg,31 Krawitan 1_rotate_90.jpg,31 Krawitan,390,4,test
/kaggle/input/datasets/hertiyani/batik-nitik-960-official-mendeley/Batik Nitik 960/Batik Nitik 960 Images/31 Krawitan 3.jpg,31 Krawitan 3.jpg,31 Krawitan,392,4,test
/kaggle/input/datasets/hertiyani/batik-nitik-960-official-mendeley/Batik Nitik 960/Batik Nitik 960 Images/31 Krawitan 3_rotate_180.jpg,31 Krawitan 3_rotate_180.jpg,31 Krawitan,392,4,test
/kaggle/input/datasets/hertiyani/batik-nitik-960-official-mendeley/Batik Nitik 960/Batik Nitik 960 Images/31 Krawitan 3_rotate_270.jpg,31 Krawitan 3_rotate_270.jpg,31 Krawitan,394,4,train
/kaggle/input/datasets/hertiyani/batik-nitik-960-official-mendeley/Batik Nitik 960/Batik Nitik 960 Images/31 Krawitan 3_rotate_90.jpg,31 Krawitan 3_rotate_90.jpg,31 Krawitan,394,4,train
/kaggle/input/datasets/hertiyani/batik-nitik-960-official-mendeley/Batik Nitik 960/Batik Nitik 960 Images/31 Krawitan 4.jpg,31 Krawitan 4.jpg,31 Krawitan,396,4,train
/kaggle/input/datasets/hertiyani/batik-nitik-960-official-mendeley/Batik Nitik 960/Batik Nitik 960 Images/31 Krawitan 4_rotate_180.jpg,31 Krawitan 4_rotate_180.jpg,31 Krawitan,396,4,train
/kaggle/input/datasets/hertiyani/batik-nitik-960-official-mendeley/Batik Nitik 960/Batik Nitik 960 Images/31 Krawitan 4_rotate_270.jpg,31 Krawitan 4_rotate_270.jpg,31 Krawitan,398,4,test
/kaggle/input/datasets/hertiyani/batik-nitik-960-official-mendeley/Batik Nitik 960/Batik Nitik 960 Images/31 Krawitan 4_rotate_90.jpg,31 Krawitan 4_rotate_90.jpg,31 Krawitan,398,4,test
/kaggle/input/datasets/hertiyani/batik-nitik-960-official-mendeley/Batik Nitik 960/Batik Nitik 960 Images/32 Cinde Wilis 1.jpg,32 Cinde Wilis 1.jpg,32 Cinde Wilis,400,4,train
/kaggle/input/datasets/hertiyani/batik-nitik-960-official-mendeley/Batik Nitik 960/Batik Nitik 960 Images/32 Cinde Wilis 1_rotate_180.jpg,32 Cinde Wilis 1_rotate_180.jpg,32 Cinde Wilis,400,4,train
/kaggle/input/datasets/hertiyani/batik-nitik-960-official-mendeley/Batik Nitik 960/Batik Nitik 960 Images/32 Cinde Wilis 1_rotate_270.jpg,32 Cinde Wilis 1_rotate_270.jpg,32 Cinde Wilis,402,4,train
/kaggle/input/datasets/hertiyani/batik-nitik-960-official-mendeley/Batik Nitik 960/Batik Nitik 960 Images/32 Cinde Wilis 1_rotate_90.jpg,32 Cinde Wilis 1_rotate_90.jpg,32 Cinde Wilis,402,4,train
/kaggle/input/datasets/hertiyani/batik-nitik-960-official-mendeley/Batik Nitik 960/Batik Nitik 960 Images/32 Cinde Wilis 2.jpg,32 Cinde Wilis 2.jpg,32 Cinde Wilis,404,4,test
/kaggle/input/datasets/hertiyani/batik-nitik-960-official-mendeley/Batik Nitik 960/Batik Nitik 960 Images/32 Cinde Wilis 2_rotate_180.jpg,32 Cinde Wilis 2_rotate_180.jpg,32 Cinde Wilis,404,4,test
/kaggle/input/datasets/hertiyani/batik-nitik-960-official-mendeley/Batik Nitik 960/Batik Nitik 960 Images/32 Cinde Wilis 2_rotate_270.jpg,32 Cinde Wilis 2_rotate_270.jpg,32 Cinde Wilis,406,4,test
/kaggle/input/datasets/hertiyani/batik-nitik-960-official-mendeley/Batik Nitik 960/Batik Nitik 960 Images/32 Cinde Wilis 2_rotate_90.jpg,32 Cinde Wilis 2_rotate_90.jpg,32 Cinde Wilis,406,4,test
/kaggle/input/datasets/hertiyani/batik-nitik-960-official-mendeley/Batik Nitik 960/Batik Nitik 960 Images/32 Cinde Wilis 3.jpg,32 Cinde Wilis 3.jpg,32 Cinde Wilis,408,4,train
/kaggle/input/datasets/hertiyani/batik-nitik-960-official-mendeley/Batik Nitik 960/Batik Nitik 960 Images/32 Cinde Wilis 3_rotate_180.jpg,32 Cinde Wilis 3_rotate_180.jpg,32 Cinde Wilis,408,4,train
/kaggle/input/datasets/hertiyani/batik-nitik-960-official-mendeley/Batik Nitik 960/Batik Nitik 960 Images/32 Cinde Wilis 3_rotate_270.jpg,32 Cinde Wilis 3_rotate_270.jpg,32 Cinde Wilis,408,4,train
/kaggle/input/datasets/hertiyani/batik-nitik-960-official-mendeley/Batik Nitik 960/Batik Nitik 960 Images/32 Cinde Wilis 3_rotate_90.jpg,32 Cinde Wilis 3_rotate_90.jpg,32 Cinde Wilis,408,4,train
/kaggle/input/datasets/hertiyani/batik-nitik-960-official-mendeley/Batik Nitik 960/Batik Nitik 960 Images/32 Cinde Wilis 4.jpg,32 Cinde Wilis 4.jpg,32 Cinde Wilis,412,4,train
/kaggle/input/datasets/hertiyani/batik-nitik-960-official-mendeley/Batik Nitik 960/Batik Nitik 960 Images/32 Cinde Wilis 4_rotate_180.jpg,32 Cinde Wilis 4_rotate_180.jpg,32 Cinde Wilis,412,4,train
/kaggle/input/datasets/hertiyani/batik-nitik-960-official-mendeley/Batik Nitik 960/Batik Nitik 960 Images/32 Cinde Wilis 4_rotate_270.jpg,32 Cinde Wilis 4_rotate_270.jpg,32 Cinde Wilis,414,4,test
/kaggle/input/datasets/hertiyani/batik-nitik-960-official-mendeley/Batik Nitik 960/Batik Nitik 960 Images/32 Cinde Wilis 4_rotate_90.jpg,32 Cinde Wilis 4_rotate_90.jpg,32 Cinde Wilis,414,4,test
/kaggle/input/datasets/hertiyani/batik-nitik-960-official-mendeley/Batik Nitik 960/Batik Nitik 960 Images/33 Sekar Mlathi 1.jpg,33 Sekar Mlathi 1.jpg,33 Sekar Mlathi,416,4,train
/kaggle/input/datasets/hertiyani/batik-nitik-960-official-mendeley/Batik Nitik 960/Batik Nitik 960 Images/33 Sekar Mlathi 1_rotate_180.jpg,33 Sekar Mlathi 1_rotate_180.jpg,33 Sekar Mlathi,416,4,train
/kaggle/input/datasets/hertiyani/batik-nitik-960-official-mendeley/Batik Nitik 960/Batik Nitik 960 Images/33 Sekar Mlathi 1_rotate_270.jpg,33 Sekar Mlathi 1_rotate_270.jpg,33 Sekar Mlathi,416,4,train
/kaggle/input/datasets/hertiyani/batik-nitik-960-official-mendeley/Batik Nitik 960/Batik Nitik 960 Images/33 Sekar Mlathi 1_rotate_90.jpg,33 Sekar Mlathi 1_rotate_90.jpg,33 Sekar Mlathi,416,4,train
/kaggle/input/datasets/hertiyani/batik-nitik-960-official-mendeley/Batik Nitik 960/Batik Nitik 960 Images/33 Sekar Mlathi 2.jpg,33 Sekar Mlathi 2.jpg,33 Sekar Mlathi,420,4,train
/kaggle/input/datasets/hertiyani/batik-nitik-960-official-mendeley/Batik Nitik 960/Batik Nitik 960 Images/33 Sekar Mlathi 2_rotate_180.jpg,33 Sekar Mlathi 2_rotate_180.jpg,33 Sekar Mlathi,420,4,train
/kaggle/input/datasets/hertiyani/batik-nitik-960-official-mendeley/Batik Nitik 960/Batik Nitik 960 Images/33 Sekar Mlathi 2_rotate_270.jpg,33 Sekar Mlathi 2_rotate_270.jpg,33 Sekar Mlathi,422,4,train
/kaggle/input/datasets/hertiyani/batik-nitik-960-official-mendeley/Batik Nitik 960/Batik Nitik 960 Images/33 Sekar Mlathi 2_rotate_90.jpg,33 Sekar Mlathi 2_rotate_90.jpg,33 Sekar Mlathi,422,4,train
/kaggle/input/datasets/hertiyani/batik-nitik-960-official-mendeley/Batik Nitik 960/Batik Nitik 960 Images/33 Sekar Mlathi 3.jpg,33 Sekar Mlathi 3.jpg,33 Sekar Mlathi,424,4,test
/kaggle/input/datasets/hertiyani/batik-nitik-960-official-mendeley/Batik Nitik 960/Batik Nitik 960 Images/33 Sekar Mlathi 3_rotate_180.jpg,33 Sekar Mlathi 3_rotate_180.jpg,33 Sekar Mlathi,424,4,test
/kaggle/input/datasets/hertiyani/batik-nitik-960-official-mendeley/Batik Nitik 960/Batik Nitik 960 Images/33 Sekar Mlathi 3_rotate_270.jpg,33 Sekar Mlathi 3_rotate_270.jpg,33 Sekar Mlathi,424,4,test
/kaggle/input/datasets/hertiyani/batik-nitik-960-official-mendeley/Batik Nitik 960/Batik Nitik 960 Images/33 Sekar Mlathi 3_rotate_90.jpg,33 Sekar Mlathi 3_rotate_90.jpg,33 Sekar Mlathi,424,4,test
/kaggle/input/datasets/hertiyani/batik-nitik-960-official-mendeley/Batik Nitik 960/Batik Nitik 960 Images/33 Sekar Mlathi 4.jpg,33 Sekar Mlathi 4.jpg,33 Sekar Mlathi,428,4,train
/kaggle/input/datasets/hertiyani/batik-nitik-960-official-mendeley/Batik Nitik 960/Batik Nitik 960 Images/33 Sekar Mlathi 4_rotate_180.jpg,33 Sekar Mlathi 4_rotate_180.jpg,33 Sekar Mlathi,428,4,train
/kaggle/input/datasets/hertiyani/batik-nitik-960-official-mendeley/Batik Nitik 960/Batik Nitik 960 Images/33 Sekar Mlathi 4_rotate_270.jpg,33 Sekar Mlathi 4_rotate_270.jpg,33 Sekar Mlathi,430,4,test
/kaggle/input/datasets/hertiyani/batik-nitik-960-official-mendeley/Batik Nitik 960/Batik Nitik 960 Images/33 Sekar Mlathi 4_rotate_90.jpg,33 Sekar Mlathi 4_rotate_90.jpg,33 Sekar Mlathi,430,4,test
/kaggle/input/datasets/hertiyani/batik-nitik-960-official-mendeley/Batik Nitik 960/Batik Nitik 960 Images/34 Kuncup Kanthil 1.jpg,34 Kuncup Kanthil 1.jpg,34 Kuncup Kanthil,432,4,test
/kaggle/input/datasets/hertiyani/batik-nitik-960-official-mendeley/Batik Nitik 960/Batik Nitik 960 Images/34 Kuncup Kanthil 1_rotate_180.jpg,34 Kuncup Kanthil 1_rotate_180.jpg,34 Kuncup Kanthil,432,4,test
/kaggle/input/datasets/hertiyani/batik-nitik-960-official-mendeley/Batik Nitik 960/Batik Nitik 960 Images/34 Kuncup Kanthil 1_rotate_270.jpg,34 Kuncup Kanthil 1_rotate_270.jpg,34 Kuncup Kanthil,432,4,test
/kaggle/input/datasets/hertiyani/batik-nitik-960-official-mendeley/Batik Nitik 960/Batik Nitik 960 Images/34 Kuncup Kanthil 1_rotate_90.jpg,34 Kuncup Kanthil 1_rotate_90.jpg,34 Kuncup Kanthil,432,4,test
/kaggle/input/datasets/hertiyani/batik-nitik-960-official-mendeley/Batik Nitik 960/Batik Nitik 960 Images/34 Kuncup Kanthil 2.jpg,34 Kuncup Kanthil 2.jpg,34 Kuncup Kanthil,436,4,train
/kaggle/input/datasets/hertiyani/batik-nitik-960-official-mendeley/Batik Nitik 960/Batik Nitik 960 Images/34 Kuncup Kanthil 2_rotate_180.jpg,34 Kuncup Kanthil 2_rotate_180.jpg,34 Kuncup Kanthil,436,4,train
/kaggle/input/datasets/hertiyani/batik-nitik-960-official-mendeley/Batik Nitik 960/Batik Nitik 960 Images/34 Kuncup Kanthil 2_rotate_270.jpg,34 Kuncup Kanthil 2_rotate_270.jpg,34 Kuncup Kanthil,438,4,train
/kaggle/input/datasets/hertiyani/batik-nitik-960-official-mendeley/Batik Nitik 960/Batik Nitik 960 Images/34 Kuncup Kanthil 2_rotate_90.jpg,34 Kuncup Kanthil 2_rotate_90.jpg,34 Kuncup Kanthil,438,4,train
/kaggle/input/datasets/hertiyani/batik-nitik-960-official-mendeley/Batik Nitik 960/Batik Nitik 960 Images/34 Kuncup Kanthil 3.jpg,34 Kuncup Kanthil 3.jpg,34 Kuncup Kanthil,440,4,test
/kaggle/input/datasets/hertiyani/batik-nitik-960-official-mendeley/Batik Nitik 960/Batik Nitik 960 Images/34 Kuncup Kanthil 3_rotate_180.jpg,34 Kuncup Kanthil 3_rotate_180.jpg,34 Kuncup Kanthil,440,4,test
/kaggle/input/datasets/hertiyani/batik-nitik-960-official-mendeley/Batik Nitik 960/Batik Nitik 960 Images/34 Kuncup Kanthil 3_rotate_270.jpg,34 Kuncup Kanthil 3_rotate_270.jpg,34 Kuncup Kanthil,442,4,train
/kaggle/input/datasets/hertiyani/batik-nitik-960-official-mendeley/Batik Nitik 960/Batik Nitik 960 Images/34 Kuncup Kanthil 3_rotate_90.jpg,34 Kuncup Kanthil 3_rotate_90.jpg,34 Kuncup Kanthil,442,4,train
/kaggle/input/datasets/hertiyani/batik-nitik-960-official-mendeley/Batik Nitik 960/Batik Nitik 960 Images/34 Kuncup Kanthil 4.jpg,34 Kuncup Kanthil 4.jpg,34 Kuncup Kanthil,444,4,train
/kaggle/input/datasets/hertiyani/batik-nitik-960-official-mendeley/Batik Nitik 960/Batik Nitik 960 Images/34 Kuncup Kanthil 4_rotate_180.jpg,34 Kuncup Kanthil 4_rotate_180.jpg,34 Kuncup Kanthil,444,4,train
/kaggle/input/datasets/hertiyani/batik-nitik-960-official-mendeley/Batik Nitik 960/Batik Nitik 960 Images/34 Kuncup Kanthil 4_rotate_270.jpg,34 Kuncup Kanthil 4_rotate_270.jpg,34 Kuncup Kanthil,446,4,test
/kaggle/input/datasets/hertiyani/batik-nitik-960-official-mendeley/Batik Nitik 960/Batik Nitik 960 Images/34 Kuncup Kanthil 4_rotate_90.jpg,34 Kuncup Kanthil 4_rotate_90.jpg,34 Kuncup Kanthil,446,4,test
/kaggle/input/datasets/hertiyani/batik-nitik-960-official-mendeley/Batik Nitik 960/Batik Nitik 960 Images/35 Sekar Dangan 1.jpg,35 Sekar Dangan 1.jpg,35 Sekar Dangan,448,4,train
/kaggle/input/datasets/hertiyani/batik-nitik-960-official-mendeley/Batik Nitik 960/Batik Nitik 960 Images/35 Sekar Dangan 1_rotate_180.jpg,35 Sekar Dangan 1_rotate_180.jpg,35 Sekar Dangan,448,4,train
/kaggle/input/datasets/hertiyani/batik-nitik-960-official-mendeley/Batik Nitik 960/Batik Nitik 960 Images/35 Sekar Dangan 1_rotate_270.jpg,35 Sekar Dangan 1_rotate_270.jpg,35 Sekar Dangan,450,4,test
/kaggle/input/datasets/hertiyani/batik-nitik-960-official-mendeley/Batik Nitik 960/Batik Nitik 960 Images/35 Sekar Dangan 1_rotate_90.jpg,35 Sekar Dangan 1_rotate_90.jpg,35 Sekar Dangan,450,4,test
/kaggle/input/datasets/hertiyani/batik-nitik-960-official-mendeley/Batik Nitik 960/Batik Nitik 960 Images/35 Sekar Dangan 2.jpg,35 Sekar Dangan 2.jpg,35 Sekar Dangan,452,4,test
/kaggle/input/datasets/hertiyani/batik-nitik-960-official-mendeley/Batik Nitik 960/Batik Nitik 960 Images/35 Sekar Dangan 2_rotate_180.jpg,35 Sekar Dangan 2_rotate_180.jpg,35 Sekar Dangan,452,4,test
/kaggle/input/datasets/hertiyani/batik-nitik-960-official-mendeley/Batik Nitik 960/Batik Nitik 960 Images/35 Sekar Dangan 2_rotate_270.jpg,35 Sekar Dangan 2_rotate_270.jpg,35 Sekar Dangan,454,4,test
/kaggle/input/datasets/hertiyani/batik-nitik-960-official-mendeley/Batik Nitik 960/Batik Nitik 960 Images/35 Sekar Dangan 2_rotate_90.jpg,35 Sekar Dangan 2_rotate_90.jpg,35 Sekar Dangan,454,4,test
/kaggle/input/datasets/hertiyani/batik-nitik-960-official-mendeley/Batik Nitik 960/Batik Nitik 960 Images/35 Sekar Dangan 3.jpg,35 Sekar Dangan 3.jpg,35 Sekar Dangan,456,4,train
/kaggle/input/datasets/hertiyani/batik-nitik-960-official-mendeley/Batik Nitik 960/Batik Nitik 960 Images/35 Sekar Dangan 3_rotate_180.jpg,35 Sekar Dangan 3_rotate_180.jpg,35 Sekar Dangan,456,4,train
/kaggle/input/datasets/hertiyani/batik-nitik-960-official-mendeley/Batik Nitik 960/Batik Nitik 960 Images/35 Sekar Dangan 3_rotate_270.jpg,35 Sekar Dangan 3_rotate_270.jpg,35 Sekar Dangan,456,4,train
/kaggle/input/datasets/hertiyani/batik-nitik-960-official-mendeley/Batik Nitik 960/Batik Nitik 960 Images/35 Sekar Dangan 3_rotate_90.jpg,35 Sekar Dangan 3_rotate_90.jpg,35 Sekar Dangan,456,4,train
/kaggle/input/datasets/hertiyani/batik-nitik-960-official-mendeley/Batik Nitik 960/Batik Nitik 960 Images/35 Sekar Dangan 4.jpg,35 Sekar Dangan 4.jpg,35 Sekar Dangan,460,4,train
/kaggle/input/datasets/hertiyani/batik-nitik-960-official-mendeley/Batik Nitik 960/Batik Nitik 960 Images/35 Sekar Dangan 4_rotate_180.jpg,35 Sekar Dangan 4_rotate_180.jpg,35 Sekar Dangan,460,4,train
/kaggle/input/datasets/hertiyani/batik-nitik-960-official-mendeley/Batik Nitik 960/Batik Nitik 960 Images/35 Sekar Dangan 4_rotate_270.jpg,35 Sekar Dangan 4_rotate_270.jpg,35 Sekar Dangan,460,4,train
/kaggle/input/datasets/hertiyani/batik-nitik-960-official-mendeley/Batik Nitik 960/Batik Nitik 960 Images/35 Sekar Dangan 4_rotate_90.jpg,35 Sekar Dangan 4_rotate_90.jpg,35 Sekar Dangan,460,4,train
/kaggle/input/datasets/hertiyani/batik-nitik-960-official-mendeley/Batik Nitik 960/Batik Nitik 960 Images/36 Sekar Sawo 1.jpg,36 Sekar Sawo 1.jpg,36 Sekar Sawo,464,4,train
/kaggle/input/datasets/hertiyani/batik-nitik-960-official-mendeley/Batik Nitik 960/Batik Nitik 960 Images/36 Sekar Sawo 1_rotate_180.jpg,36 Sekar Sawo 1_rotate_180.jpg,36 Sekar Sawo,464,4,train
/kaggle/input/datasets/hertiyani/batik-nitik-960-official-mendeley/Batik Nitik 960/Batik Nitik 960 Images/36 Sekar Sawo 1_rotate_270.jpg,36 Sekar Sawo 1_rotate_270.jpg,36 Sekar Sawo,466,4,train
/kaggle/input/datasets/hertiyani/batik-nitik-960-official-mendeley/Batik Nitik 960/Batik Nitik 960 Images/36 Sekar Sawo 1_rotate_90.jpg,36 Sekar Sawo 1_rotate_90.jpg,36 Sekar Sawo,466,4,train
/kaggle/input/datasets/hertiyani/batik-nitik-960-official-mendeley/Batik Nitik 960/Batik Nitik 960 Images/36 Sekar Sawo 2.jpg,36 Sekar Sawo 2.jpg,36 Sekar Sawo,468,4,train
/kaggle/input/datasets/hertiyani/batik-nitik-960-official-mendeley/Batik Nitik 960/Batik Nitik 960 Images/36 Sekar Sawo 2_rotate_180.jpg,36 Sekar Sawo 2_rotate_180.jpg,36 Sekar Sawo,468,4,train
/kaggle/input/datasets/hertiyani/batik-nitik-960-official-mendeley/Batik Nitik 960/Batik Nitik 960 Images/36 Sekar Sawo 2_rotate_270.jpg,36 Sekar Sawo 2_rotate_270.jpg,36 Sekar Sawo,470,4,test
/kaggle/input/datasets/hertiyani/batik-nitik-960-official-mendeley/Batik Nitik 960/Batik Nitik 960 Images/36 Sekar Sawo 2_rotate_90.jpg,36 Sekar Sawo 2_rotate_90.jpg,36 Sekar Sawo,470,4,test
/kaggle/input/datasets/hertiyani/batik-nitik-960-official-mendeley/Batik Nitik 960/Batik Nitik 960 Images/36 Sekar Sawo 3.jpg,36 Sekar Sawo 3.jpg,36 Sekar Sawo,472,4,train
/kaggle/input/datasets/hertiyani/batik-nitik-960-official-mendeley/Batik Nitik 960/Batik Nitik 960 Images/36 Sekar Sawo 3_rotate_180.jpg,36 Sekar Sawo 3_rotate_180.jpg,36 Sekar Sawo,472,4,train
/kaggle/input/datasets/hertiyani/batik-nitik-960-official-mendeley/Batik Nitik 960/Batik Nitik 960 Images/36 Sekar Sawo 3_rotate_270.jpg,36 Sekar Sawo 3_rotate_270.jpg,36 Sekar Sawo,474,4,test
/kaggle/input/datasets/hertiyani/batik-nitik-960-official-mendeley/Batik Nitik 960/Batik Nitik 960 Images/36 Sekar Sawo 3_rotate_90.jpg,36 Sekar Sawo 3_rotate_90.jpg,36 Sekar Sawo,474,4,test
/kaggle/input/datasets/hertiyani/batik-nitik-960-official-mendeley/Batik Nitik 960/Batik Nitik 960 Images/36 Sekar Sawo 4.jpg,36 Sekar Sawo 4.jpg,36 Sekar Sawo,476,4,test
/kaggle/input/datasets/hertiyani/batik-nitik-960-official-mendeley/Batik Nitik 960/Batik Nitik 960 Images/36 Sekar Sawo 4_rotate_180.jpg,36 Sekar Sawo 4_rotate_180.jpg,36 Sekar Sawo,476,4,test
/kaggle/input/datasets/hertiyani/batik-nitik-960-official-mendeley/Batik Nitik 960/Batik Nitik 960 Images/36 Sekar Sawo 4_rotate_270.jpg,36 Sekar Sawo 4_rotate_270.jpg,36 Sekar Sawo,478,4,train
/kaggle/input/datasets/hertiyani/batik-nitik-960-official-mendeley/Batik Nitik 960/Batik Nitik 960 Images/36 Sekar Sawo 4_rotate_90.jpg,36 Sekar Sawo 4_rotate_90.jpg,36 Sekar Sawo,478,4,train
/kaggle/input/datasets/hertiyani/batik-nitik-960-official-mendeley/Batik Nitik 960/Batik Nitik 960 Images/37 Manggar 1.jpg,37 Manggar 1.jpg,37 Manggar,480,4,train
/kaggle/input/datasets/hertiyani/batik-nitik-960-official-mendeley/Batik Nitik 960/Batik Nitik 960 Images/37 Manggar 1_rotate_180.jpg,37 Manggar 1_rotate_180.jpg,37 Manggar,480,4,train
/kaggle/input/datasets/hertiyani/batik-nitik-960-official-mendeley/Batik Nitik 960/Batik Nitik 960 Images/37 Manggar 1_rotate_270.jpg,37 Manggar 1_rotate_270.jpg,37 Manggar,482,4,test
/kaggle/input/datasets/hertiyani/batik-nitik-960-official-mendeley/Batik Nitik 960/Batik Nitik 960 Images/37 Manggar 1_rotate_90.jpg,37 Manggar 1_rotate_90.jpg,37 Manggar,482,4,test
/kaggle/input/datasets/hertiyani/batik-nitik-960-official-mendeley/Batik Nitik 960/Batik Nitik 960 Images/37 Manggar 2.jpg,37 Manggar 2.jpg,37 Manggar,484,4,train
/kaggle/input/datasets/hertiyani/batik-nitik-960-official-mendeley/Batik Nitik 960/Batik Nitik 960 Images/37 Manggar 2_rotate_180.jpg,37 Manggar 2_rotate_180.jpg,37 Manggar,484,4,train
/kaggle/input/datasets/hertiyani/batik-nitik-960-official-mendeley/Batik Nitik 960/Batik Nitik 960 Images/37 Manggar 2_rotate_270.jpg,37 Manggar 2_rotate_270.jpg,37 Manggar,486,4,train
/kaggle/input/datasets/hertiyani/batik-nitik-960-official-mendeley/Batik Nitik 960/Batik Nitik 960 Images/37 Manggar 2_rotate_90.jpg,37 Manggar 2_rotate_90.jpg,37 Manggar,486,4,train
/kaggle/input/datasets/hertiyani/batik-nitik-960-official-mendeley/Batik Nitik 960/Batik Nitik 960 Images/37 Manggar 3.jpg,37 Manggar 3.jpg,37 Manggar,488,4,train
/kaggle/input/datasets/hertiyani/batik-nitik-960-official-mendeley/Batik Nitik 960/Batik Nitik 960 Images/37 Manggar 3_rotate_180.jpg,37 Manggar 3_rotate_180.jpg,37 Manggar,488,4,train
/kaggle/input/datasets/hertiyani/batik-nitik-960-official-mendeley/Batik Nitik 960/Batik Nitik 960 Images/37 Manggar 3_rotate_270.jpg,37 Manggar 3_rotate_270.jpg,37 Manggar,490,4,train
/kaggle/input/datasets/hertiyani/batik-nitik-960-official-mendeley/Batik Nitik 960/Batik Nitik 960 Images/37 Manggar 3_rotate_90.jpg,37 Manggar 3_rotate_90.jpg,37 Manggar,490,4,train
/kaggle/input/datasets/hertiyani/batik-nitik-960-official-mendeley/Batik Nitik 960/Batik Nitik 960 Images/37 Manggar 4.jpg,37 Manggar 4.jpg,37 Manggar,492,4,test
/kaggle/input/datasets/hertiyani/batik-nitik-960-official-mendeley/Batik Nitik 960/Batik Nitik 960 Images/37 Manggar 4_rotate_180.jpg,37 Manggar 4_rotate_180.jpg,37 Manggar,492,4,test
/kaggle/input/datasets/hertiyani/batik-nitik-960-official-mendeley/Batik Nitik 960/Batik Nitik 960 Images/37 Manggar 4_rotate_270.jpg,37 Manggar 4_rotate_270.jpg,37 Manggar,494,4,test
/kaggle/input/datasets/hertiyani/batik-nitik-960-official-mendeley/Batik Nitik 960/Batik Nitik 960 Images/37 Manggar 4_rotate_90.jpg,37 Manggar 4_rotate_90.jpg,37 Manggar,494,4,test
/kaggle/input/datasets/hertiyani/batik-nitik-960-official-mendeley/Batik Nitik 960/Batik Nitik 960 Images/38 Sekar Cengkeh 1.jpg,38 Sekar Cengkeh 1.jpg,38 Sekar Cengkeh,496,4,train
/kaggle/input/datasets/hertiyani/batik-nitik-960-official-mendeley/Batik Nitik 960/Batik Nitik 960 Images/38 Sekar Cengkeh 1_rotate_180.jpg,38 Sekar Cengkeh 1_rotate_180.jpg,38 Sekar Cengkeh,496,4,train
/kaggle/input/datasets/hertiyani/batik-nitik-960-official-mendeley/Batik Nitik 960/Batik Nitik 960 Images/38 Sekar Cengkeh 1_rotate_270.jpg,38 Sekar Cengkeh 1_rotate_270.jpg,38 Sekar Cengkeh,498,4,test
/kaggle/input/datasets/hertiyani/batik-nitik-960-official-mendeley/Batik Nitik 960/Batik Nitik 960 Images/38 Sekar Cengkeh 1_rotate_90.jpg,38 Sekar Cengkeh 1_rotate_90.jpg,38 Sekar Cengkeh,498,4,test
/kaggle/input/datasets/hertiyani/batik-nitik-960-official-mendeley/Batik Nitik 960/Batik Nitik 960 Images/38 Sekar Cengkeh 2.jpg,38 Sekar Cengkeh 2.jpg,38 Sekar Cengkeh,500,4,train
/kaggle/input/datasets/hertiyani/batik-nitik-960-official-mendeley/Batik Nitik 960/Batik Nitik 960 Images/38 Sekar Cengkeh 2_rotate_180.jpg,38 Sekar Cengkeh 2_rotate_180.jpg,38 Sekar Cengkeh,500,4,train
/kaggle/input/datasets/hertiyani/batik-nitik-960-official-mendeley/Batik Nitik 960/Batik Nitik 960 Images/38 Sekar Cengkeh 2_rotate_270.jpg,38 Sekar Cengkeh 2_rotate_270.jpg,38 Sekar Cengkeh,502,4,train
/kaggle/input/datasets/hertiyani/batik-nitik-960-official-mendeley/Batik Nitik 960/Batik Nitik 960 Images/38 Sekar Cengkeh 2_rotate_90.jpg,38 Sekar Cengkeh 2_rotate_90.jpg,38 Sekar Cengkeh,502,4,train
/kaggle/input/datasets/hertiyani/batik-nitik-960-official-mendeley/Batik Nitik 960/Batik Nitik 960 Images/38 Sekar Cengkeh 3.jpg,38 Sekar Cengkeh 3.jpg,38 Sekar Cengkeh,504,4,train
/kaggle/input/datasets/hertiyani/batik-nitik-960-official-mendeley/Batik Nitik 960/Batik Nitik 960 Images/38 Sekar Cengkeh 3_rotate_180.jpg,38 Sekar Cengkeh 3_rotate_180.jpg,38 Sekar Cengkeh,504,4,train
/kaggle/input/datasets/hertiyani/batik-nitik-960-official-mendeley/Batik Nitik 960/Batik Nitik 960 Images/38 Sekar Cengkeh 3_rotate_270.jpg,38 Sekar Cengkeh 3_rotate_270.jpg,38 Sekar Cengkeh,506,4,train
/kaggle/input/datasets/hertiyani/batik-nitik-960-official-mendeley/Batik Nitik 960/Batik Nitik 960 Images/38 Sekar Cengkeh 3_rotate_90.jpg,38 Sekar Cengkeh 3_rotate_90.jpg,38 Sekar Cengkeh,506,4,train
/kaggle/input/datasets/hertiyani/batik-nitik-960-official-mendeley/Batik Nitik 960/Batik Nitik 960 Images/38 Sekar Cengkeh 4.jpg,38 Sekar Cengkeh 4.jpg,38 Sekar Cengkeh,508,4,test
/kaggle/input/datasets/hertiyani/batik-nitik-960-official-mendeley/Batik Nitik 960/Batik Nitik 960 Images/38 Sekar Cengkeh 4_rotate_180.jpg,38 Sekar Cengkeh 4_rotate_180.jpg,38 Sekar Cengkeh,508,4,test
/kaggle/input/datasets/hertiyani/batik-nitik-960-official-mendeley/Batik Nitik 960/Batik Nitik 960 Images/38 Sekar Cengkeh 4_rotate_270.jpg,38 Sekar Cengkeh 4_rotate_270.jpg,38 Sekar Cengkeh,510,4,test
/kaggle/input/datasets/hertiyani/batik-nitik-960-official-mendeley/Batik Nitik 960/Batik Nitik 960 Images/38 Sekar Cengkeh 4_rotate_90.jpg,38 Sekar Cengkeh 4_rotate_90.jpg,38 Sekar Cengkeh,510,4,test
/kaggle/input/datasets/hertiyani/batik-nitik-960-official-mendeley/Batik Nitik 960/Batik Nitik 960 Images/39 Sritaman 1.jpg,39 Sritaman 1.jpg,39 Sritaman,512,4,test
/kaggle/input/datasets/hertiyani/batik-nitik-960-official-mendeley/Batik Nitik 960/Batik Nitik 960 Images/39 Sritaman 1_rotate_180.jpg,39 Sritaman 1_rotate_180.jpg,39 Sritaman,512,4,test
/kaggle/input/datasets/hertiyani/batik-nitik-960-official-mendeley/Batik Nitik 960/Batik Nitik 960 Images/39 Sritaman 1_rotate_270.jpg,39 Sritaman 1_rotate_270.jpg,39 Sritaman,514,4,test
/kaggle/input/datasets/hertiyani/batik-nitik-960-official-mendeley/Batik Nitik 960/Batik Nitik 960 Images/39 Sritaman 1_rotate_90.jpg,39 Sritaman 1_rotate_90.jpg,39 Sritaman,514,4,test
/kaggle/input/datasets/hertiyani/batik-nitik-960-official-mendeley/Batik Nitik 960/Batik Nitik 960 Images/39 Sritaman 2.jpg,39 Sritaman 2.jpg,39 Sritaman,516,4,train
/kaggle/input/datasets/hertiyani/batik-nitik-960-official-mendeley/Batik Nitik 960/Batik Nitik 960 Images/39 Sritaman 2_rotate_180.jpg,39 Sritaman 2_rotate_180.jpg,39 Sritaman,516,4,train
/kaggle/input/datasets/hertiyani/batik-nitik-960-official-mendeley/Batik Nitik 960/Batik Nitik 960 Images/39 Sritaman 2_rotate_270.jpg,39 Sritaman 2_rotate_270.jpg,39 Sritaman,516,4,train
/kaggle/input/datasets/hertiyani/batik-nitik-960-official-mendeley/Batik Nitik 960/Batik Nitik 960 Images/39 Sritaman 2_rotate_90.jpg,39 Sritaman 2_rotate_90.jpg,39 Sritaman,516,4,train
/kaggle/input/datasets/hertiyani/batik-nitik-960-official-mendeley/Batik Nitik 960/Batik Nitik 960 Images/39 Sritaman 3.jpg,39 Sritaman 3.jpg,39 Sritaman,520,4,train
/kaggle/input/datasets/hertiyani/batik-nitik-960-official-mendeley/Batik Nitik 960/Batik Nitik 960 Images/39 Sritaman 3_rotate_180.jpg,39 Sritaman 3_rotate_180.jpg,39 Sritaman,520,4,train
/kaggle/input/datasets/hertiyani/batik-nitik-960-official-mendeley/Batik Nitik 960/Batik Nitik 960 Images/39 Sritaman 3_rotate_270.jpg,39 Sritaman 3_rotate_270.jpg,39 Sritaman,522,4,train
/kaggle/input/datasets/hertiyani/batik-nitik-960-official-mendeley/Batik Nitik 960/Batik Nitik 960 Images/39 Sritaman 3_rotate_90.jpg,39 Sritaman 3_rotate_90.jpg,39 Sritaman,522,4,train
/kaggle/input/datasets/hertiyani/batik-nitik-960-official-mendeley/Batik Nitik 960/Batik Nitik 960 Images/39 Sritaman 4.jpg,39 Sritaman 4.jpg,39 Sritaman,524,4,train
/kaggle/input/datasets/hertiyani/batik-nitik-960-official-mendeley/Batik Nitik 960/Batik Nitik 960 Images/39 Sritaman 4_rotate_180.jpg,39 Sritaman 4_rotate_180.jpg,39 Sritaman,524,4,train
/kaggle/input/datasets/hertiyani/batik-nitik-960-official-mendeley/Batik Nitik 960/Batik Nitik 960 Images/39 Sritaman 4_rotate_270.jpg,39 Sritaman 4_rotate_270.jpg,39 Sritaman,526,4,test
/kaggle/input/datasets/hertiyani/batik-nitik-960-official-mendeley/Batik Nitik 960/Batik Nitik 960 Images/39 Sritaman 4_rotate_90.jpg,39 Sritaman 4_rotate_90.jpg,39 Sritaman,526,4,test
/kaggle/input/datasets/hertiyani/batik-nitik-960-official-mendeley/Batik Nitik 960/Batik Nitik 960 Images/4 Sekar Gayam 1.jpg,4 Sekar Gayam 1.jpg,4 Sekar Gayam,528,4,train
/kaggle/input/datasets/hertiyani/batik-nitik-960-official-mendeley/Batik Nitik 960/Batik Nitik 960 Images/4 Sekar Gayam 1_rotate_180.jpg,4 Sekar Gayam 1_rotate_180.jpg,4 Sekar Gayam,528,4,train
/kaggle/input/datasets/hertiyani/batik-nitik-960-official-mendeley/Batik Nitik 960/Batik Nitik 960 Images/4 Sekar Gayam 1_rotate_270.jpg,4 Sekar Gayam 1_rotate_270.jpg,4 Sekar Gayam,528,4,train
/kaggle/input/datasets/hertiyani/batik-nitik-960-official-mendeley/Batik Nitik 960/Batik Nitik 960 Images/4 Sekar Gayam 1_rotate_90.jpg,4 Sekar Gayam 1_rotate_90.jpg,4 Sekar Gayam,528,4,train
/kaggle/input/datasets/hertiyani/batik-nitik-960-official-mendeley/Batik Nitik 960/Batik Nitik 960 Images/4 Sekar Gayam 2.jpg,4 Sekar Gayam 2.jpg,4 Sekar Gayam,532,4,test
/kaggle/input/datasets/hertiyani/batik-nitik-960-official-mendeley/Batik Nitik 960/Batik Nitik 960 Images/4 Sekar Gayam 2_rotate_180.jpg,4 Sekar Gayam 2_rotate_180.jpg,4 Sekar Gayam,532,4,test
/kaggle/input/datasets/hertiyani/batik-nitik-960-official-mendeley/Batik Nitik 960/Batik Nitik 960 Images/4 Sekar Gayam 2_rotate_270.jpg,4 Sekar Gayam 2_rotate_270.jpg,4 Sekar Gayam,532,4,test
/kaggle/input/datasets/hertiyani/batik-nitik-960-official-mendeley/Batik Nitik 960/Batik Nitik 960 Images/4 Sekar Gayam 2_rotate_90.jpg,4 Sekar Gayam 2_rotate_90.jpg,4 Sekar Gayam,532,4,test
/kaggle/input/datasets/hertiyani/batik-nitik-960-official-mendeley/Batik Nitik 960/Batik Nitik 960 Images/4 Sekar Gayam 3.jpg,4 Sekar Gayam 3.jpg,4 Sekar Gayam,536,4,train
/kaggle/input/datasets/hertiyani/batik-nitik-960-official-mendeley/Batik Nitik 960/Batik Nitik 960 Images/4 Sekar Gayam 3_rotate_180.jpg,4 Sekar Gayam 3_rotate_180.jpg,4 Sekar Gayam,536,4,train
/kaggle/input/datasets/hertiyani/batik-nitik-960-official-mendeley/Batik Nitik 960/Batik Nitik 960 Images/4 Sekar Gayam 3_rotate_270.jpg,4 Sekar Gayam 3_rotate_270.jpg,4 Sekar Gayam,538,4,test
/kaggle/input/datasets/hertiyani/batik-nitik-960-official-mendeley/Batik Nitik 960/Batik Nitik 960 Images/4 Sekar Gayam 3_rotate_90.jpg,4 Sekar Gayam 3_rotate_90.jpg,4 Sekar Gayam,538,4,test
/kaggle/input/datasets/hertiyani/batik-nitik-960-official-mendeley/Batik Nitik 960/Batik Nitik 960 Images/4 Sekar Gayam 4.jpg,4 Sekar Gayam 4.jpg,4 Sekar Gayam,540,4,train
/kaggle/input/datasets/hertiyani/batik-nitik-960-official-mendeley/Batik Nitik 960/Batik Nitik 960 Images/4 Sekar Gayam 4_rotate_180.jpg,4 Sekar Gayam 4_rotate_180.jpg,4 Sekar Gayam,540,4,train
/kaggle/input/datasets/hertiyani/batik-nitik-960-official-mendeley/Batik Nitik 960/Batik Nitik 960 Images/4 Sekar Gayam 4_rotate_270.jpg,4 Sekar Gayam 4_rotate_270.jpg,4 Sekar Gayam,542,4,train
/kaggle/input/datasets/hertiyani/batik-nitik-960-official-mendeley/Batik Nitik 960/Batik Nitik 960 Images/4 Sekar Gayam 4_rotate_90.jpg,4 Sekar Gayam 4_rotate_90.jpg,4 Sekar Gayam,542,4,train
/kaggle/input/datasets/hertiyani/batik-nitik-960-official-mendeley/Batik Nitik 960/Batik Nitik 960 Images/40 Sekar Mundhu 1.jpg,40 Sekar Mundhu 1.jpg,40 Sekar Mundhu,544,4,train
/kaggle/input/datasets/hertiyani/batik-nitik-960-official-mendeley/Batik Nitik 960/Batik Nitik 960 Images/40 Sekar Mundhu 1_rotate_180.jpg,40 Sekar Mundhu 1_rotate_180.jpg,40 Sekar Mundhu,544,4,train
/kaggle/input/datasets/hertiyani/batik-nitik-960-official-mendeley/Batik Nitik 960/Batik Nitik 960 Images/40 Sekar Mundhu 1_rotate_270.jpg,40 Sekar Mundhu 1_rotate_270.jpg,40 Sekar Mundhu,546,4,test
/kaggle/input/datasets/hertiyani/batik-nitik-960-official-mendeley/Batik Nitik 960/Batik Nitik 960 Images/40 Sekar Mundhu 1_rotate_90.jpg,40 Sekar Mundhu 1_rotate_90.jpg,40 Sekar Mundhu,546,4,test
/kaggle/input/datasets/hertiyani/batik-nitik-960-official-mendeley/Batik Nitik 960/Batik Nitik 960 Images/40 Sekar Mundhu 2.jpg,40 Sekar Mundhu 2.jpg,40 Sekar Mundhu,548,4,test
/kaggle/input/datasets/hertiyani/batik-nitik-960-official-mendeley/Batik Nitik 960/Batik Nitik 960 Images/40 Sekar Mundhu 2_rotate_180.jpg,40 Sekar Mundhu 2_rotate_180.jpg,40 Sekar Mundhu,548,4,test
/kaggle/input/datasets/hertiyani/batik-nitik-960-official-mendeley/Batik Nitik 960/Batik Nitik 960 Images/40 Sekar Mundhu 2_rotate_270.jpg,40 Sekar Mundhu 2_rotate_270.jpg,40 Sekar Mundhu,550,4,train
/kaggle/input/datasets/hertiyani/batik-nitik-960-official-mendeley/Batik Nitik 960/Batik Nitik 960 Images/40 Sekar Mundhu 2_rotate_90.jpg,40 Sekar Mundhu 2_rotate_90.jpg,40 Sekar Mundhu,550,4,train
/kaggle/input/datasets/hertiyani/batik-nitik-960-official-mendeley/Batik Nitik 960/Batik Nitik 960 Images/40 Sekar Mundhu 3.jpg,40 Sekar Mundhu 3.jpg,40 Sekar Mundhu,552,4,train
/kaggle/input/datasets/hertiyani/batik-nitik-960-official-mendeley/Batik Nitik 960/Batik Nitik 960 Images/40 Sekar Mundhu 3_rotate_180.jpg,40 Sekar Mundhu 3_rotate_180.jpg,40 Sekar Mundhu,552,4,train
/kaggle/input/datasets/hertiyani/batik-nitik-960-official-mendeley/Batik Nitik 960/Batik Nitik 960 Images/40 Sekar Mundhu 3_rotate_270.jpg,40 Sekar Mundhu 3_rotate_270.jpg,40 Sekar Mundhu,554,4,train
/kaggle/input/datasets/hertiyani/batik-nitik-960-official-mendeley/Batik Nitik 960/Batik Nitik 960 Images/40 Sekar Mundhu 3_rotate_90.jpg,40 Sekar Mundhu 3_rotate_90.jpg,40 Sekar Mundhu,554,4,train
/kaggle/input/datasets/hertiyani/batik-nitik-960-official-mendeley/Batik Nitik 960/Batik Nitik 960 Images/40 Sekar Mundhu 4.jpg,40 Sekar Mundhu 4.jpg,40 Sekar Mundhu,556,4,train
/kaggle/input/datasets/hertiyani/batik-nitik-960-official-mendeley/Batik Nitik 960/Batik Nitik 960 Images/40 Sekar Mundhu 4_rotate_180.jpg,40 Sekar Mundhu 4_rotate_180.jpg,40 Sekar Mundhu,556,4,train
/kaggle/input/datasets/hertiyani/batik-nitik-960-official-mendeley/Batik Nitik 960/Batik Nitik 960 Images/40 Sekar Mundhu 4_rotate_270.jpg,40 Sekar Mundhu 4_rotate_270.jpg,40 Sekar Mundhu,558,4,test
/kaggle/input/datasets/hertiyani/batik-nitik-960-official-mendeley/Batik Nitik 960/Batik Nitik 960 Images/40 Sekar Mundhu 4_rotate_90.jpg,40 Sekar Mundhu 4_rotate_90.jpg,40 Sekar Mundhu,558,4,test
/kaggle/input/datasets/hertiyani/batik-nitik-960-official-mendeley/Batik Nitik 960/Batik Nitik 960 Images/41 Sekar Andhong 1.jpg,41 Sekar Andhong 1.jpg,41 Sekar Andhong,560,4,test
/kaggle/input/datasets/hertiyani/batik-nitik-960-official-mendeley/Batik Nitik 960/Batik Nitik 960 Images/41 Sekar Andhong 1_rotate_180.jpg,41 Sekar Andhong 1_rotate_180.jpg,41 Sekar Andhong,560,4,test
/kaggle/input/datasets/hertiyani/batik-nitik-960-official-mendeley/Batik Nitik 960/Batik Nitik 960 Images/41 Sekar Andhong 1_rotate_270.jpg,41 Sekar Andhong 1_rotate_270.jpg,41 Sekar Andhong,562,4,train
/kaggle/input/datasets/hertiyani/batik-nitik-960-official-mendeley/Batik Nitik 960/Batik Nitik 960 Images/41 Sekar Andhong 1_rotate_90.jpg,41 Sekar Andhong 1_rotate_90.jpg,41 Sekar Andhong,562,4,train
/kaggle/input/datasets/hertiyani/batik-nitik-960-official-mendeley/Batik Nitik 960/Batik Nitik 960 Images/41 Sekar Andhong 2.jpg,41 Sekar Andhong 2.jpg,41 Sekar Andhong,564,4,train
/kaggle/input/datasets/hertiyani/batik-nitik-960-official-mendeley/Batik Nitik 960/Batik Nitik 960 Images/41 Sekar Andhong 2_rotate_180.jpg,41 Sekar Andhong 2_rotate_180.jpg,41 Sekar Andhong,564,4,train
/kaggle/input/datasets/hertiyani/batik-nitik-960-official-mendeley/Batik Nitik 960/Batik Nitik 960 Images/41 Sekar Andhong 2_rotate_270.jpg,41 Sekar Andhong 2_rotate_270.jpg,41 Sekar Andhong,566,4,test
/kaggle/input/datasets/hertiyani/batik-nitik-960-official-mendeley/Batik Nitik 960/Batik Nitik 960 Images/41 Sekar Andhong 2_rotate_90.jpg,41 Sekar Andhong 2_rotate_90.jpg,41 Sekar Andhong,566,4,test
/kaggle/input/datasets/hertiyani/batik-nitik-960-official-mendeley/Batik Nitik 960/Batik Nitik 960 Images/41 Sekar Andhong 3.jpg,41 Sekar Andhong 3.jpg,41 Sekar Andhong,568,4,train
/kaggle/input/datasets/hertiyani/batik-nitik-960-official-mendeley/Batik Nitik 960/Batik Nitik 960 Images/41 Sekar Andhong 3_rotate_180.jpg,41 Sekar Andhong 3_rotate_180.jpg,41 Sekar Andhong,568,4,train
/kaggle/input/datasets/hertiyani/batik-nitik-960-official-mendeley/Batik Nitik 960/Batik Nitik 960 Images/41 Sekar Andhong 3_rotate_270.jpg,41 Sekar Andhong 3_rotate_270.jpg,41 Sekar Andhong,568,4,train
/kaggle/input/datasets/hertiyani/batik-nitik-960-official-mendeley/Batik Nitik 960/Batik Nitik 960 Images/41 Sekar Andhong 3_rotate_90.jpg,41 Sekar Andhong 3_rotate_90.jpg,41 Sekar Andhong,568,4,train
/kaggle/input/datasets/hertiyani/batik-nitik-960-official-mendeley/Batik Nitik 960/Batik Nitik 960 Images/41 Sekar Andhong 4.jpg,41 Sekar Andhong 4.jpg,41 Sekar Andhong,572,4,test
/kaggle/input/datasets/hertiyani/batik-nitik-960-official-mendeley/Batik Nitik 960/Batik Nitik 960 Images/41 Sekar Andhong 4_rotate_180.jpg,41 Sekar Andhong 4_rotate_180.jpg,41 Sekar Andhong,572,4,test
/kaggle/input/datasets/hertiyani/batik-nitik-960-official-mendeley/Batik Nitik 960/Batik Nitik 960 Images/41 Sekar Andhong 4_rotate_270.jpg,41 Sekar Andhong 4_rotate_270.jpg,41 Sekar Andhong,574,4,train
/kaggle/input/datasets/hertiyani/batik-nitik-960-official-mendeley/Batik Nitik 960/Batik Nitik 960 Images/41 Sekar Andhong 4_rotate_90.jpg,41 Sekar Andhong 4_rotate_90.jpg,41 Sekar Andhong,574,4,train
/kaggle/input/datasets/hertiyani/batik-nitik-960-official-mendeley/Batik Nitik 960/Batik Nitik 960 Images/42 Gedhangan 1.jpg,42 Gedhangan 1.jpg,42 Gedhangan,576,4,train
/kaggle/input/datasets/hertiyani/batik-nitik-960-official-mendeley/Batik Nitik 960/Batik Nitik 960 Images/42 Gedhangan 1_rotate_180.jpg,42 Gedhangan 1_rotate_180.jpg,42 Gedhangan,576,4,train
/kaggle/input/datasets/hertiyani/batik-nitik-960-official-mendeley/Batik Nitik 960/Batik Nitik 960 Images/42 Gedhangan 1_rotate_270.jpg,42 Gedhangan 1_rotate_270.jpg,42 Gedhangan,578,4,test
/kaggle/input/datasets/hertiyani/batik-nitik-960-official-mendeley/Batik Nitik 960/Batik Nitik 960 Images/42 Gedhangan 1_rotate_90.jpg,42 Gedhangan 1_rotate_90.jpg,42 Gedhangan,578,4,test
/kaggle/input/datasets/hertiyani/batik-nitik-960-official-mendeley/Batik Nitik 960/Batik Nitik 960 Images/42 Gedhangan 2.jpg,42 Gedhangan 2.jpg,42 Gedhangan,580,4,test
/kaggle/input/datasets/hertiyani/batik-nitik-960-official-mendeley/Batik Nitik 960/Batik Nitik 960 Images/42 Gedhangan 2_rotate_180.jpg,42 Gedhangan 2_rotate_180.jpg,42 Gedhangan,580,4,test
/kaggle/input/datasets/hertiyani/batik-nitik-960-official-mendeley/Batik Nitik 960/Batik Nitik 960 Images/42 Gedhangan 2_rotate_270.jpg,42 Gedhangan 2_rotate_270.jpg,42 Gedhangan,582,4,train
/kaggle/input/datasets/hertiyani/batik-nitik-960-official-mendeley/Batik Nitik 960/Batik Nitik 960 Images/42 Gedhangan 2_rotate_90.jpg,42 Gedhangan 2_rotate_90.jpg,42 Gedhangan,582,4,train
/kaggle/input/datasets/hertiyani/batik-nitik-960-official-mendeley/Batik Nitik 960/Batik Nitik 960 Images/42 Gedhangan 3.jpg,42 Gedhangan 3.jpg,42 Gedhangan,584,4,train
/kaggle/input/datasets/hertiyani/batik-nitik-960-official-mendeley/Batik Nitik 960/Batik Nitik 960 Images/42 Gedhangan 3_rotate_180.jpg,42 Gedhangan 3_rotate_180.jpg,42 Gedhangan,584,4,train
/kaggle/input/datasets/hertiyani/batik-nitik-960-official-mendeley/Batik Nitik 960/Batik Nitik 960 Images/42 Gedhangan 3_rotate_270.jpg,42 Gedhangan 3_rotate_270.jpg,42 Gedhangan,584,4,train
/kaggle/input/datasets/hertiyani/batik-nitik-960-official-mendeley/Batik Nitik 960/Batik Nitik 960 Images/42 Gedhangan 3_rotate_90.jpg,42 Gedhangan 3_rotate_90.jpg,42 Gedhangan,584,4,train
/kaggle/input/datasets/hertiyani/batik-nitik-960-official-mendeley/Batik Nitik 960/Batik Nitik 960 Images/42 Gedhangan 4.jpg,42 Gedhangan 4.jpg,42 Gedhangan,588,4,train
/kaggle/input/datasets/hertiyani/batik-nitik-960-official-mendeley/Batik Nitik 960/Batik Nitik 960 Images/42 Gedhangan 4_rotate_180.jpg,42 Gedhangan 4_rotate_180.jpg,42 Gedhangan,588,4,train
/kaggle/input/datasets/hertiyani/batik-nitik-960-official-mendeley/Batik Nitik 960/Batik Nitik 960 Images/42 Gedhangan 4_rotate_270.jpg,42 Gedhangan 4_rotate_270.jpg,42 Gedhangan,590,4,test
/kaggle/input/datasets/hertiyani/batik-nitik-960-official-mendeley/Batik Nitik 960/Batik Nitik 960 Images/42 Gedhangan 4_rotate_90.jpg,42 Gedhangan 4_rotate_90.jpg,42 Gedhangan,590,4,test
/kaggle/input/datasets/hertiyani/batik-nitik-960-official-mendeley/Batik Nitik 960/Batik Nitik 960 Images/43 Sekar Pala 1.jpg,43 Sekar Pala 1.jpg,43 Sekar Pala,592,4,train
/kaggle/input/datasets/hertiyani/batik-nitik-960-official-mendeley/Batik Nitik 960/Batik Nitik 960 Images/43 Sekar Pala 1_rotate_180.jpg,43 Sekar Pala 1_rotate_180.jpg,43 Sekar Pala,592,4,train
/kaggle/input/datasets/hertiyani/batik-nitik-960-official-mendeley/Batik Nitik 960/Batik Nitik 960 Images/43 Sekar Pala 1_rotate_270.jpg,43 Sekar Pala 1_rotate_270.jpg,43 Sekar Pala,594,4,test
/kaggle/input/datasets/hertiyani/batik-nitik-960-official-mendeley/Batik Nitik 960/Batik Nitik 960 Images/43 Sekar Pala 1_rotate_90.jpg,43 Sekar Pala 1_rotate_90.jpg,43 Sekar Pala,594,4,test
/kaggle/input/datasets/hertiyani/batik-nitik-960-official-mendeley/Batik Nitik 960/Batik Nitik 960 Images/43 Sekar Pala 2.jpg,43 Sekar Pala 2.jpg,43 Sekar Pala,596,4,train
/kaggle/input/datasets/hertiyani/batik-nitik-960-official-mendeley/Batik Nitik 960/Batik Nitik 960 Images/43 Sekar Pala 2_rotate_180.jpg,43 Sekar Pala 2_rotate_180.jpg,43 Sekar Pala,596,4,train
/kaggle/input/datasets/hertiyani/batik-nitik-960-official-mendeley/Batik Nitik 960/Batik Nitik 960 Images/43 Sekar Pala 2_rotate_270.jpg,43 Sekar Pala 2_rotate_270.jpg,43 Sekar Pala,598,4,train
/kaggle/input/datasets/hertiyani/batik-nitik-960-official-mendeley/Batik Nitik 960/Batik Nitik 960 Images/43 Sekar Pala 2_rotate_90.jpg,43 Sekar Pala 2_rotate_90.jpg,43 Sekar Pala,598,4,train
/kaggle/input/datasets/hertiyani/batik-nitik-960-official-mendeley/Batik Nitik 960/Batik Nitik 960 Images/43 Sekar Pala 3.jpg,43 Sekar Pala 3.jpg,43 Sekar Pala,600,4,test
/kaggle/input/datasets/hertiyani/batik-nitik-960-official-mendeley/Batik Nitik 960/Batik Nitik 960 Images/43 Sekar Pala 3_rotate_180.jpg,43 Sekar Pala 3_rotate_180.jpg,43 Sekar Pala,600,4,test
/kaggle/input/datasets/hertiyani/batik-nitik-960-official-mendeley/Batik Nitik 960/Batik Nitik 960 Images/43 Sekar Pala 3_rotate_270.jpg,43 Sekar Pala 3_rotate_270.jpg,43 Sekar Pala,602,4,train
/kaggle/input/datasets/hertiyani/batik-nitik-960-official-mendeley/Batik Nitik 960/Batik Nitik 960 Images/43 Sekar Pala 3_rotate_90.jpg,43 Sekar Pala 3_rotate_90.jpg,43 Sekar Pala,602,4,train
/kaggle/input/datasets/hertiyani/batik-nitik-960-official-mendeley/Batik Nitik 960/Batik Nitik 960 Images/43 Sekar Pala 4.jpg,43 Sekar Pala 4.jpg,43 Sekar Pala,604,4,test
/kaggle/input/datasets/hertiyani/batik-nitik-960-official-mendeley/Batik Nitik 960/Batik Nitik 960 Images/43 Sekar Pala 4_rotate_180.jpg,43 Sekar Pala 4_rotate_180.jpg,43 Sekar Pala,604,4,test
/kaggle/input/datasets/hertiyani/batik-nitik-960-official-mendeley/Batik Nitik 960/Batik Nitik 960 Images/43 Sekar Pala 4_rotate_270.jpg,43 Sekar Pala 4_rotate_270.jpg,43 Sekar Pala,606,4,train
/kaggle/input/datasets/hertiyani/batik-nitik-960-official-mendeley/Batik Nitik 960/Batik Nitik 960 Images/43 Sekar Pala 4_rotate_90.jpg,43 Sekar Pala 4_rotate_90.jpg,43 Sekar Pala,606,4,train
/kaggle/input/datasets/hertiyani/batik-nitik-960-official-mendeley/Batik Nitik 960/Batik Nitik 960 Images/44 Klampok Arum 1.jpg,44 Klampok Arum 1.jpg,44 Klampok Arum,608,4,train
/kaggle/input/datasets/hertiyani/batik-nitik-960-official-mendeley/Batik Nitik 960/Batik Nitik 960 Images/44 Klampok Arum 1_rotate_180.jpg,44 Klampok Arum 1_rotate_180.jpg,44 Klampok Arum,608,4,train
/kaggle/input/datasets/hertiyani/batik-nitik-960-official-mendeley/Batik Nitik 960/Batik Nitik 960 Images/44 Klampok Arum 1_rotate_270.jpg,44 Klampok Arum 1_rotate_270.jpg,44 Klampok Arum,608,4,train
/kaggle/input/datasets/hertiyani/batik-nitik-960-official-mendeley/Batik Nitik 960/Batik Nitik 960 Images/44 Klampok Arum 1_rotate_90.jpg,44 Klampok Arum 1_rotate_90.jpg,44 Klampok Arum,608,4,train
/kaggle/input/datasets/hertiyani/batik-nitik-960-official-mendeley/Batik Nitik 960/Batik Nitik 960 Images/44 Klampok Arum 2.jpg,44 Klampok Arum 2.jpg,44 Klampok Arum,612,4,train
/kaggle/input/datasets/hertiyani/batik-nitik-960-official-mendeley/Batik Nitik 960/Batik Nitik 960 Images/44 Klampok Arum 2_rotate_180.jpg,44 Klampok Arum 2_rotate_180.jpg,44 Klampok Arum,612,4,train
/kaggle/input/datasets/hertiyani/batik-nitik-960-official-mendeley/Batik Nitik 960/Batik Nitik 960 Images/44 Klampok Arum 2_rotate_270.jpg,44 Klampok Arum 2_rotate_270.jpg,44 Klampok Arum,612,4,train
/kaggle/input/datasets/hertiyani/batik-nitik-960-official-mendeley/Batik Nitik 960/Batik Nitik 960 Images/44 Klampok Arum 2_rotate_90.jpg,44 Klampok Arum 2_rotate_90.jpg,44 Klampok Arum,612,4,train
/kaggle/input/datasets/hertiyani/batik-nitik-960-official-mendeley/Batik Nitik 960/Batik Nitik 960 Images/44 Klampok Arum 3.jpg,44 Klampok Arum 3.jpg,44 Klampok Arum,616,4,test
/kaggle/input/datasets/hertiyani/batik-nitik-960-official-mendeley/Batik Nitik 960/Batik Nitik 960 Images/44 Klampok Arum 3_rotate_180.jpg,44 Klampok Arum 3_rotate_180.jpg,44 Klampok Arum,616,4,test
/kaggle/input/datasets/hertiyani/batik-nitik-960-official-mendeley/Batik Nitik 960/Batik Nitik 960 Images/44 Klampok Arum 3_rotate_270.jpg,44 Klampok Arum 3_rotate_270.jpg,44 Klampok Arum,618,4,train
/kaggle/input/datasets/hertiyani/batik-nitik-960-official-mendeley/Batik Nitik 960/Batik Nitik 960 Images/44 Klampok Arum 3_rotate_90.jpg,44 Klampok Arum 3_rotate_90.jpg,44 Klampok Arum,618,4,train
/kaggle/input/datasets/hertiyani/batik-nitik-960-official-mendeley/Batik Nitik 960/Batik Nitik 960 Images/44 Klampok Arum 4.jpg,44 Klampok Arum 4.jpg,44 Klampok Arum,620,4,test
/kaggle/input/datasets/hertiyani/batik-nitik-960-official-mendeley/Batik Nitik 960/Batik Nitik 960 Images/44 Klampok Arum 4_rotate_180.jpg,44 Klampok Arum 4_rotate_180.jpg,44 Klampok Arum,620,4,test
/kaggle/input/datasets/hertiyani/batik-nitik-960-official-mendeley/Batik Nitik 960/Batik Nitik 960 Images/44 Klampok Arum 4_rotate_270.jpg,44 Klampok Arum 4_rotate_270.jpg,44 Klampok Arum,620,4,test
/kaggle/input/datasets/hertiyani/batik-nitik-960-official-mendeley/Batik Nitik 960/Batik Nitik 960 Images/44 Klampok Arum 4_rotate_90.jpg,44 Klampok Arum 4_rotate_90.jpg,44 Klampok Arum,620,4,test
/kaggle/input/datasets/hertiyani/batik-nitik-960-official-mendeley/Batik Nitik 960/Batik Nitik 960 Images/45 Sekar Jali 1.jpg,45 Sekar Jali 1.jpg,45 Sekar Jali,624,4,train
/kaggle/input/datasets/hertiyani/batik-nitik-960-official-mendeley/Batik Nitik 960/Batik Nitik 960 Images/45 Sekar Jali 1_rotate_180.jpg,45 Sekar Jali 1_rotate_180.jpg,45 Sekar Jali,624,4,train
/kaggle/input/datasets/hertiyani/batik-nitik-960-official-mendeley/Batik Nitik 960/Batik Nitik 960 Images/45 Sekar Jali 1_rotate_270.jpg,45 Sekar Jali 1_rotate_270.jpg,45 Sekar Jali,626,4,train
/kaggle/input/datasets/hertiyani/batik-nitik-960-official-mendeley/Batik Nitik 960/Batik Nitik 960 Images/45 Sekar Jali 1_rotate_90.jpg,45 Sekar Jali 1_rotate_90.jpg,45 Sekar Jali,626,4,train
/kaggle/input/datasets/hertiyani/batik-nitik-960-official-mendeley/Batik Nitik 960/Batik Nitik 960 Images/45 Sekar Jali 2.jpg,45 Sekar Jali 2.jpg,45 Sekar Jali,628,4,train
/kaggle/input/datasets/hertiyani/batik-nitik-960-official-mendeley/Batik Nitik 960/Batik Nitik 960 Images/45 Sekar Jali 2_rotate_180.jpg,45 Sekar Jali 2_rotate_180.jpg,45 Sekar Jali,628,4,train
/kaggle/input/datasets/hertiyani/batik-nitik-960-official-mendeley/Batik Nitik 960/Batik Nitik 960 Images/45 Sekar Jali 2_rotate_270.jpg,45 Sekar Jali 2_rotate_270.jpg,45 Sekar Jali,630,4,train
/kaggle/input/datasets/hertiyani/batik-nitik-960-official-mendeley/Batik Nitik 960/Batik Nitik 960 Images/45 Sekar Jali 2_rotate_90.jpg,45 Sekar Jali 2_rotate_90.jpg,45 Sekar Jali,630,4,train
/kaggle/input/datasets/hertiyani/batik-nitik-960-official-mendeley/Batik Nitik 960/Batik Nitik 960 Images/45 Sekar Jali 3.jpg,45 Sekar Jali 3.jpg,45 Sekar Jali,632,4,test
/kaggle/input/datasets/hertiyani/batik-nitik-960-official-mendeley/Batik Nitik 960/Batik Nitik 960 Images/45 Sekar Jali 3_rotate_180.jpg,45 Sekar Jali 3_rotate_180.jpg,45 Sekar Jali,632,4,test
/kaggle/input/datasets/hertiyani/batik-nitik-960-official-mendeley/Batik Nitik 960/Batik Nitik 960 Images/45 Sekar Jali 3_rotate_270.jpg,45 Sekar Jali 3_rotate_270.jpg,45 Sekar Jali,634,4,train
/kaggle/input/datasets/hertiyani/batik-nitik-960-official-mendeley/Batik Nitik 960/Batik Nitik 960 Images/45 Sekar Jali 3_rotate_90.jpg,45 Sekar Jali 3_rotate_90.jpg,45 Sekar Jali,634,4,train
/kaggle/input/datasets/hertiyani/batik-nitik-960-official-mendeley/Batik Nitik 960/Batik Nitik 960 Images/45 Sekar Jali 4.jpg,45 Sekar Jali 4.jpg,45 Sekar Jali,636,4,test
/kaggle/input/datasets/hertiyani/batik-nitik-960-official-mendeley/Batik Nitik 960/Batik Nitik 960 Images/45 Sekar Jali 4_rotate_180.jpg,45 Sekar Jali 4_rotate_180.jpg,45 Sekar Jali,636,4,test
/kaggle/input/datasets/hertiyani/batik-nitik-960-official-mendeley/Batik Nitik 960/Batik Nitik 960 Images/45 Sekar Jali 4_rotate_270.jpg,45 Sekar Jali 4_rotate_270.jpg,45 Sekar Jali,636,4,test
/kaggle/input/datasets/hertiyani/batik-nitik-960-official-mendeley/Batik Nitik 960/Batik Nitik 960 Images/45 Sekar Jali 4_rotate_90.jpg,45 Sekar Jali 4_rotate_90.jpg,45 Sekar Jali,636,4,test
/kaggle/input/datasets/hertiyani/batik-nitik-960-official-mendeley/Batik Nitik 960/Batik Nitik 960 Images/46 Sekar Lintang 1.jpg,46 Sekar Lintang 1.jpg,46 Sekar Lintang,640,4,train
/kaggle/input/datasets/hertiyani/batik-nitik-960-official-mendeley/Batik Nitik 960/Batik Nitik 960 Images/46 Sekar Lintang 1_rotate_180.jpg,46 Sekar Lintang 1_rotate_180.jpg,46 Sekar Lintang,640,4,train
/kaggle/input/datasets/hertiyani/batik-nitik-960-official-mendeley/Batik Nitik 960/Batik Nitik 960 Images/46 Sekar Lintang 1_rotate_270.jpg,46 Sekar Lintang 1_rotate_270.jpg,46 Sekar Lintang,642,4,train
/kaggle/input/datasets/hertiyani/batik-nitik-960-official-mendeley/Batik Nitik 960/Batik Nitik 960 Images/46 Sekar Lintang 1_rotate_90.jpg,46 Sekar Lintang 1_rotate_90.jpg,46 Sekar Lintang,642,4,train
/kaggle/input/datasets/hertiyani/batik-nitik-960-official-mendeley/Batik Nitik 960/Batik Nitik 960 Images/46 Sekar Lintang 2.jpg,46 Sekar Lintang 2.jpg,46 Sekar Lintang,644,4,train
/kaggle/input/datasets/hertiyani/batik-nitik-960-official-mendeley/Batik Nitik 960/Batik Nitik 960 Images/46 Sekar Lintang 2_rotate_180.jpg,46 Sekar Lintang 2_rotate_180.jpg,46 Sekar Lintang,644,4,train
/kaggle/input/datasets/hertiyani/batik-nitik-960-official-mendeley/Batik Nitik 960/Batik Nitik 960 Images/46 Sekar Lintang 2_rotate_270.jpg,46 Sekar Lintang 2_rotate_270.jpg,46 Sekar Lintang,646,4,train
/kaggle/input/datasets/hertiyani/batik-nitik-960-official-mendeley/Batik Nitik 960/Batik Nitik 960 Images/46 Sekar Lintang 2_rotate_90.jpg,46 Sekar Lintang 2_rotate_90.jpg,46 Sekar Lintang,646,4,train
/kaggle/input/datasets/hertiyani/batik-nitik-960-official-mendeley/Batik Nitik 960/Batik Nitik 960 Images/46 Sekar Lintang 3.jpg,46 Sekar Lintang 3.jpg,46 Sekar Lintang,648,4,test
/kaggle/input/datasets/hertiyani/batik-nitik-960-official-mendeley/Batik Nitik 960/Batik Nitik 960 Images/46 Sekar Lintang 3_rotate_180.jpg,46 Sekar Lintang 3_rotate_180.jpg,46 Sekar Lintang,648,4,test
/kaggle/input/datasets/hertiyani/batik-nitik-960-official-mendeley/Batik Nitik 960/Batik Nitik 960 Images/46 Sekar Lintang 3_rotate_270.jpg,46 Sekar Lintang 3_rotate_270.jpg,46 Sekar Lintang,648,4,test
/kaggle/input/datasets/hertiyani/batik-nitik-960-official-mendeley/Batik Nitik 960/Batik Nitik 960 Images/46 Sekar Lintang 3_rotate_90.jpg,46 Sekar Lintang 3_rotate_90.jpg,46 Sekar Lintang,648,4,test
/kaggle/input/datasets/hertiyani/batik-nitik-960-official-mendeley/Batik Nitik 960/Batik Nitik 960 Images/46 Sekar Lintang 4.jpg,46 Sekar Lintang 4.jpg,46 Sekar Lintang,652,4,train
/kaggle/input/datasets/hertiyani/batik-nitik-960-official-mendeley/Batik Nitik 960/Batik Nitik 960 Images/46 Sekar Lintang 4_rotate_180.jpg,46 Sekar Lintang 4_rotate_180.jpg,46 Sekar Lintang,652,4,train
/kaggle/input/datasets/hertiyani/batik-nitik-960-official-mendeley/Batik Nitik 960/Batik Nitik 960 Images/46 Sekar Lintang 4_rotate_270.jpg,46 Sekar Lintang 4_rotate_270.jpg,46 Sekar Lintang,654,4,test
/kaggle/input/datasets/hertiyani/batik-nitik-960-official-mendeley/Batik Nitik 960/Batik Nitik 960 Images/46 Sekar Lintang 4_rotate_90.jpg,46 Sekar Lintang 4_rotate_90.jpg,46 Sekar Lintang,654,4,test
/kaggle/input/datasets/hertiyani/batik-nitik-960-official-mendeley/Batik Nitik 960/Batik Nitik 960 Images/47 Sekar Kenanga 1.jpg,47 Sekar Kenanga 1.jpg,47 Sekar Kenanga,656,4,train
/kaggle/input/datasets/hertiyani/batik-nitik-960-official-mendeley/Batik Nitik 960/Batik Nitik 960 Images/47 Sekar Kenanga 1_rotate_180.jpg,47 Sekar Kenanga 1_rotate_180.jpg,47 Sekar Kenanga,656,4,train
/kaggle/input/datasets/hertiyani/batik-nitik-960-official-mendeley/Batik Nitik 960/Batik Nitik 960 Images/47 Sekar Kenanga 1_rotate_270.jpg,47 Sekar Kenanga 1_rotate_270.jpg,47 Sekar Kenanga,658,4,train
/kaggle/input/datasets/hertiyani/batik-nitik-960-official-mendeley/Batik Nitik 960/Batik Nitik 960 Images/47 Sekar Kenanga 1_rotate_90.jpg,47 Sekar Kenanga 1_rotate_90.jpg,47 Sekar Kenanga,658,4,train
/kaggle/input/datasets/hertiyani/batik-nitik-960-official-mendeley/Batik Nitik 960/Batik Nitik 960 Images/47 Sekar Kenanga 2.jpg,47 Sekar Kenanga 2.jpg,47 Sekar Kenanga,660,4,train
/kaggle/input/datasets/hertiyani/batik-nitik-960-official-mendeley/Batik Nitik 960/Batik Nitik 960 Images/47 Sekar Kenanga 2_rotate_180.jpg,47 Sekar Kenanga 2_rotate_180.jpg,47 Sekar Kenanga,660,4,train
/kaggle/input/datasets/hertiyani/batik-nitik-960-official-mendeley/Batik Nitik 960/Batik Nitik 960 Images/47 Sekar Kenanga 2_rotate_270.jpg,47 Sekar Kenanga 2_rotate_270.jpg,47 Sekar Kenanga,662,4,train
/kaggle/input/datasets/hertiyani/batik-nitik-960-official-mendeley/Batik Nitik 960/Batik Nitik 960 Images/47 Sekar Kenanga 2_rotate_90.jpg,47 Sekar Kenanga 2_rotate_90.jpg,47 Sekar Kenanga,662,4,train
/kaggle/input/datasets/hertiyani/batik-nitik-960-official-mendeley/Batik Nitik 960/Batik Nitik 960 Images/47 Sekar Kenanga 3.jpg,47 Sekar Kenanga 3.jpg,47 Sekar Kenanga,664,4,test
/kaggle/input/datasets/hertiyani/batik-nitik-960-official-mendeley/Batik Nitik 960/Batik Nitik 960 Images/47 Sekar Kenanga 3_rotate_180.jpg,47 Sekar Kenanga 3_rotate_180.jpg,47 Sekar Kenanga,664,4,test
/kaggle/input/datasets/hertiyani/batik-nitik-960-official-mendeley/Batik Nitik 960/Batik Nitik 960 Images/47 Sekar Kenanga 3_rotate_270.jpg,47 Sekar Kenanga 3_rotate_270.jpg,47 Sekar Kenanga,664,4,test
/kaggle/input/datasets/hertiyani/batik-nitik-960-official-mendeley/Batik Nitik 960/Batik Nitik 960 Images/47 Sekar Kenanga 3_rotate_90.jpg,47 Sekar Kenanga 3_rotate_90.jpg,47 Sekar Kenanga,664,4,test
/kaggle/input/datasets/hertiyani/batik-nitik-960-official-mendeley/Batik Nitik 960/Batik Nitik 960 Images/47 Sekar Kenanga 4.jpg,47 Sekar Kenanga 4.jpg,47 Sekar Kenanga,668,4,test
/kaggle/input/datasets/hertiyani/batik-nitik-960-official-mendeley/Batik Nitik 960/Batik Nitik 960 Images/47 Sekar Kenanga 4_rotate_180.jpg,47 Sekar Kenanga 4_rotate_180.jpg,47 Sekar Kenanga,668,4,test
/kaggle/input/datasets/hertiyani/batik-nitik-960-official-mendeley/Batik Nitik 960/Batik Nitik 960 Images/47 Sekar Kenanga 4_rotate_270.jpg,47 Sekar Kenanga 4_rotate_270.jpg,47 Sekar Kenanga,670,4,train
/kaggle/input/datasets/hertiyani/batik-nitik-960-official-mendeley/Batik Nitik 960/Batik Nitik 960 Images/47 Sekar Kenanga 4_rotate_90.jpg,47 Sekar Kenanga 4_rotate_90.jpg,47 Sekar Kenanga,670,4,train
/kaggle/input/datasets/hertiyani/batik-nitik-960-official-mendeley/Batik Nitik 960/Batik Nitik 960 Images/48 Sekar Jeruk 1.jpg,48 Sekar Jeruk 1.jpg,48 Sekar Jeruk,672,4,train
/kaggle/input/datasets/hertiyani/batik-nitik-960-official-mendeley/Batik Nitik 960/Batik Nitik 960 Images/48 Sekar Jeruk 1_rotate_180.jpg,48 Sekar Jeruk 1_rotate_180.jpg,48 Sekar Jeruk,672,4,train
/kaggle/input/datasets/hertiyani/batik-nitik-960-official-mendeley/Batik Nitik 960/Batik Nitik 960 Images/48 Sekar Jeruk 1_rotate_270.jpg,48 Sekar Jeruk 1_rotate_270.jpg,48 Sekar Jeruk,674,4,test
/kaggle/input/datasets/hertiyani/batik-nitik-960-official-mendeley/Batik Nitik 960/Batik Nitik 960 Images/48 Sekar Jeruk 1_rotate_90.jpg,48 Sekar Jeruk 1_rotate_90.jpg,48 Sekar Jeruk,674,4,test
/kaggle/input/datasets/hertiyani/batik-nitik-960-official-mendeley/Batik Nitik 960/Batik Nitik 960 Images/48 Sekar Jeruk 2.jpg,48 Sekar Jeruk 2.jpg,48 Sekar Jeruk,672,4,train
/kaggle/input/datasets/hertiyani/batik-nitik-960-official-mendeley/Batik Nitik 960/Batik Nitik 960 Images/48 Sekar Jeruk 2_rotate_180.jpg,48 Sekar Jeruk 2_rotate_180.jpg,48 Sekar Jeruk,672,4,train
/kaggle/input/datasets/hertiyani/batik-nitik-960-official-mendeley/Batik Nitik 960/Batik Nitik 960 Images/48 Sekar Jeruk 2_rotate_270.jpg,48 Sekar Jeruk 2_rotate_270.jpg,48 Sekar Jeruk,674,4,test
/kaggle/input/datasets/hertiyani/batik-nitik-960-official-mendeley/Batik Nitik 960/Batik Nitik 960 Images/48 Sekar Jeruk 2_rotate_90.jpg,48 Sekar Jeruk 2_rotate_90.jpg,48 Sekar Jeruk,674,4,test
/kaggle/input/datasets/hertiyani/batik-nitik-960-official-mendeley/Batik Nitik 960/Batik Nitik 960 Images/48 Sekar Jeruk 3.jpg,48 Sekar Jeruk 3.jpg,48 Sekar Jeruk,672,4,train
/kaggle/input/datasets/hertiyani/batik-nitik-960-official-mendeley/Batik Nitik 960/Batik Nitik 960 Images/48 Sekar Jeruk 3_rotate_180.jpg,48 Sekar Jeruk 3_rotate_180.jpg,48 Sekar Jeruk,672,4,train
/kaggle/input/datasets/hertiyani/batik-nitik-960-official-mendeley/Batik Nitik 960/Batik Nitik 960 Images/48 Sekar Jeruk 3_rotate_270.jpg,48 Sekar Jeruk 3_rotate_270.jpg,48 Sekar Jeruk,674,4,test
/kaggle/input/datasets/hertiyani/batik-nitik-960-official-mendeley/Batik Nitik 960/Batik Nitik 960 Images/48 Sekar Jeruk 3_rotate_90.jpg,48 Sekar Jeruk 3_rotate_90.jpg,48 Sekar Jeruk,674,4,test
/kaggle/input/datasets/hertiyani/batik-nitik-960-official-mendeley/Batik Nitik 960/Batik Nitik 960 Images/48 Sekar Jeruk 4.jpg,48 Sekar Jeruk 4.jpg,48 Sekar Jeruk,672,4,train
/kaggle/input/datasets/hertiyani/batik-nitik-960-official-mendeley/Batik Nitik 960/Batik Nitik 960 Images/48 Sekar Jeruk 4_rotate_180.jpg,48 Sekar Jeruk 4_rotate_180.jpg,48 Sekar Jeruk,672,4,train
/kaggle/input/datasets/hertiyani/batik-nitik-960-official-mendeley/Batik Nitik 960/Batik Nitik 960 Images/48 Sekar Jeruk 4_rotate_270.jpg,48 Sekar Jeruk 4_rotate_270.jpg,48 Sekar Jeruk,674,4,test
/kaggle/input/datasets/hertiyani/batik-nitik-960-official-mendeley/Batik Nitik 960/Batik Nitik 960 Images/48 Sekar Jeruk 4_rotate_90.jpg,48 Sekar Jeruk 4_rotate_90.jpg,48 Sekar Jeruk,674,4,test
/kaggle/input/datasets/hertiyani/batik-nitik-960-official-mendeley/Batik Nitik 960/Batik Nitik 960 Images/49 Sekar Mindi 1.jpg,49 Sekar Mindi 1.jpg,49 Sekar Mindi,688,4,train
/kaggle/input/datasets/hertiyani/batik-nitik-960-official-mendeley/Batik Nitik 960/Batik Nitik 960 Images/49 Sekar Mindi 1_rotate_180.jpg,49 Sekar Mindi 1_rotate_180.jpg,49 Sekar Mindi,688,4,train
/kaggle/input/datasets/hertiyani/batik-nitik-960-official-mendeley/Batik Nitik 960/Batik Nitik 960 Images/49 Sekar Mindi 1_rotate_270.jpg,49 Sekar Mindi 1_rotate_270.jpg,49 Sekar Mindi,688,4,train
/kaggle/input/datasets/hertiyani/batik-nitik-960-official-mendeley/Batik Nitik 960/Batik Nitik 960 Images/49 Sekar Mindi 1_rotate_90.jpg,49 Sekar Mindi 1_rotate_90.jpg,49 Sekar Mindi,688,4,train
/kaggle/input/datasets/hertiyani/batik-nitik-960-official-mendeley/Batik Nitik 960/Batik Nitik 960 Images/49 Sekar Mindi 2.jpg,49 Sekar Mindi 2.jpg,49 Sekar Mindi,692,4,test
/kaggle/input/datasets/hertiyani/batik-nitik-960-official-mendeley/Batik Nitik 960/Batik Nitik 960 Images/49 Sekar Mindi 2_rotate_180.jpg,49 Sekar Mindi 2_rotate_180.jpg,49 Sekar Mindi,692,4,test
/kaggle/input/datasets/hertiyani/batik-nitik-960-official-mendeley/Batik Nitik 960/Batik Nitik 960 Images/49 Sekar Mindi 2_rotate_270.jpg,49 Sekar Mindi 2_rotate_270.jpg,49 Sekar Mindi,694,4,train
/kaggle/input/datasets/hertiyani/batik-nitik-960-official-mendeley/Batik Nitik 960/Batik Nitik 960 Images/49 Sekar Mindi 2_rotate_90.jpg,49 Sekar Mindi 2_rotate_90.jpg,49 Sekar Mindi,694,4,train
/kaggle/input/datasets/hertiyani/batik-nitik-960-official-mendeley/Batik Nitik 960/Batik Nitik 960 Images/49 Sekar Mindi 3.jpg,49 Sekar Mindi 3.jpg,49 Sekar Mindi,696,4,train
/kaggle/input/datasets/hertiyani/batik-nitik-960-official-mendeley/Batik Nitik 960/Batik Nitik 960 Images/49 Sekar Mindi 3_rotate_180.jpg,49 Sekar Mindi 3_rotate_180.jpg,49 Sekar Mindi,696,4,train
/kaggle/input/datasets/hertiyani/batik-nitik-960-official-mendeley/Batik Nitik 960/Batik Nitik 960 Images/49 Sekar Mindi 3_rotate_270.jpg,49 Sekar Mindi 3_rotate_270.jpg,49 Sekar Mindi,696,4,train
/kaggle/input/datasets/hertiyani/batik-nitik-960-official-mendeley/Batik Nitik 960/Batik Nitik 960 Images/49 Sekar Mindi 3_rotate_90.jpg,49 Sekar Mindi 3_rotate_90.jpg,49 Sekar Mindi,696,4,train
/kaggle/input/datasets/hertiyani/batik-nitik-960-official-mendeley/Batik Nitik 960/Batik Nitik 960 Images/49 Sekar Mindi 4.jpg,49 Sekar Mindi 4.jpg,49 Sekar Mindi,700,4,test
/kaggle/input/datasets/hertiyani/batik-nitik-960-official-mendeley/Batik Nitik 960/Batik Nitik 960 Images/49 Sekar Mindi 4_rotate_180.jpg,49 Sekar Mindi 4_rotate_180.jpg,49 Sekar Mindi,700,4,test
/kaggle/input/datasets/hertiyani/batik-nitik-960-official-mendeley/Batik Nitik 960/Batik Nitik 960 Images/49 Sekar Mindi 4_rotate_270.jpg,49 Sekar Mindi 4_rotate_270.jpg,49 Sekar Mindi,702,4,test
/kaggle/input/datasets/hertiyani/batik-nitik-960-official-mendeley/Batik Nitik 960/Batik Nitik 960 Images/49 Sekar Mindi 4_rotate_90.jpg,49 Sekar Mindi 4_rotate_90.jpg,49 Sekar Mindi,702,4,test
/kaggle/input/datasets/hertiyani/batik-nitik-960-official-mendeley/Batik Nitik 960/Batik Nitik 960 Images/5 Sekar Pacar 1.jpg,5 Sekar Pacar 1.jpg,5 Sekar Pacar,704,4,test
/kaggle/input/datasets/hertiyani/batik-nitik-960-official-mendeley/Batik Nitik 960/Batik Nitik 960 Images/5 Sekar Pacar 1_rotate_180.jpg,5 Sekar Pacar 1_rotate_180.jpg,5 Sekar Pacar,704,4,test
/kaggle/input/datasets/hertiyani/batik-nitik-960-official-mendeley/Batik Nitik 960/Batik Nitik 960 Images/5 Sekar Pacar 1_rotate_270.jpg,5 Sekar Pacar 1_rotate_270.jpg,5 Sekar Pacar,704,4,test
/kaggle/input/datasets/hertiyani/batik-nitik-960-official-mendeley/Batik Nitik 960/Batik Nitik 960 Images/5 Sekar Pacar 1_rotate_90.jpg,5 Sekar Pacar 1_rotate_90.jpg,5 Sekar Pacar,704,4,test
/kaggle/input/datasets/hertiyani/batik-nitik-960-official-mendeley/Batik Nitik 960/Batik Nitik 960 Images/5 Sekar Pacar 2.jpg,5 Sekar Pacar 2.jpg,5 Sekar Pacar,708,4,train
/kaggle/input/datasets/hertiyani/batik-nitik-960-official-mendeley/Batik Nitik 960/Batik Nitik 960 Images/5 Sekar Pacar 2_rotate_180.jpg,5 Sekar Pacar 2_rotate_180.jpg,5 Sekar Pacar,708,4,train
/kaggle/input/datasets/hertiyani/batik-nitik-960-official-mendeley/Batik Nitik 960/Batik Nitik 960 Images/5 Sekar Pacar 2_rotate_270.jpg,5 Sekar Pacar 2_rotate_270.jpg,5 Sekar Pacar,710,4,train
/kaggle/input/datasets/hertiyani/batik-nitik-960-official-mendeley/Batik Nitik 960/Batik Nitik 960 Images/5 Sekar Pacar 2_rotate_90.jpg,5 Sekar Pacar 2_rotate_90.jpg,5 Sekar Pacar,710,4,train
/kaggle/input/datasets/hertiyani/batik-nitik-960-official-mendeley/Batik Nitik 960/Batik Nitik 960 Images/5 Sekar Pacar 3.jpg,5 Sekar Pacar 3.jpg,5 Sekar Pacar,712,4,test
/kaggle/input/datasets/hertiyani/batik-nitik-960-official-mendeley/Batik Nitik 960/Batik Nitik 960 Images/5 Sekar Pacar 3_rotate_180.jpg,5 Sekar Pacar 3_rotate_180.jpg,5 Sekar Pacar,712,4,test
/kaggle/input/datasets/hertiyani/batik-nitik-960-official-mendeley/Batik Nitik 960/Batik Nitik 960 Images/5 Sekar Pacar 3_rotate_270.jpg,5 Sekar Pacar 3_rotate_270.jpg,5 Sekar Pacar,714,4,train
/kaggle/input/datasets/hertiyani/batik-nitik-960-official-mendeley/Batik Nitik 960/Batik Nitik 960 Images/5 Sekar Pacar 3_rotate_90.jpg,5 Sekar Pacar 3_rotate_90.jpg,5 Sekar Pacar,714,4,train
/kaggle/input/datasets/hertiyani/batik-nitik-960-official-mendeley/Batik Nitik 960/Batik Nitik 960 Images/5 Sekar Pacar 4.jpg,5 Sekar Pacar 4.jpg,5 Sekar Pacar,716,4,test
/kaggle/input/datasets/hertiyani/batik-nitik-960-official-mendeley/Batik Nitik 960/Batik Nitik 960 Images/5 Sekar Pacar 4_rotate_180.jpg,5 Sekar Pacar 4_rotate_180.jpg,5 Sekar Pacar,716,4,test
/kaggle/input/datasets/hertiyani/batik-nitik-960-official-mendeley/Batik Nitik 960/Batik Nitik 960 Images/5 Sekar Pacar 4_rotate_270.jpg,5 Sekar Pacar 4_rotate_270.jpg,5 Sekar Pacar,718,4,train
/kaggle/input/datasets/hertiyani/batik-nitik-960-official-mendeley/Batik Nitik 960/Batik Nitik 960 Images/5 Sekar Pacar 4_rotate_90.jpg,5 Sekar Pacar 4_rotate_90.jpg,5 Sekar Pacar,718,4,train
/kaggle/input/datasets/hertiyani/batik-nitik-960-official-mendeley/Batik Nitik 960/Batik Nitik 960 Images/50 Tanjung Gunung 1.jpg,50 Tanjung Gunung 1.jpg,50 Tanjung Gunung,720,4,train
/kaggle/input/datasets/hertiyani/batik-nitik-960-official-mendeley/Batik Nitik 960/Batik Nitik 960 Images/50 Tanjung Gunung 1_rotate_180.jpg,50 Tanjung Gunung 1_rotate_180.jpg,50 Tanjung Gunung,720,4,train
/kaggle/input/datasets/hertiyani/batik-nitik-960-official-mendeley/Batik Nitik 960/Batik Nitik 960 Images/50 Tanjung Gunung 1_rotate_270.jpg,50 Tanjung Gunung 1_rotate_270.jpg,50 Tanjung Gunung,722,4,train
/kaggle/input/datasets/hertiyani/batik-nitik-960-official-mendeley/Batik Nitik 960/Batik Nitik 960 Images/50 Tanjung Gunung 1_rotate_90.jpg,50 Tanjung Gunung 1_rotate_90.jpg,50 Tanjung Gunung,722,4,train
/kaggle/input/datasets/hertiyani/batik-nitik-960-official-mendeley/Batik Nitik 960/Batik Nitik 960 Images/50 Tanjung Gunung 2.jpg,50 Tanjung Gunung 2.jpg,50 Tanjung Gunung,724,4,test
/kaggle/input/datasets/hertiyani/batik-nitik-960-official-mendeley/Batik Nitik 960/Batik Nitik 960 Images/50 Tanjung Gunung 2_rotate_180.jpg,50 Tanjung Gunung 2_rotate_180.jpg,50 Tanjung Gunung,724,4,test
/kaggle/input/datasets/hertiyani/batik-nitik-960-official-mendeley/Batik Nitik 960/Batik Nitik 960 Images/50 Tanjung Gunung 2_rotate_270.jpg,50 Tanjung Gunung 2_rotate_270.jpg,50 Tanjung Gunung,724,4,test
/kaggle/input/datasets/hertiyani/batik-nitik-960-official-mendeley/Batik Nitik 960/Batik Nitik 960 Images/50 Tanjung Gunung 2_rotate_90.jpg,50 Tanjung Gunung 2_rotate_90.jpg,50 Tanjung Gunung,724,4,test
/kaggle/input/datasets/hertiyani/batik-nitik-960-official-mendeley/Batik Nitik 960/Batik Nitik 960 Images/50 Tanjung Gunung 3.jpg,50 Tanjung Gunung 3.jpg,50 Tanjung Gunung,728,4,test
/kaggle/input/datasets/hertiyani/batik-nitik-960-official-mendeley/Batik Nitik 960/Batik Nitik 960 Images/50 Tanjung Gunung 3_rotate_180.jpg,50 Tanjung Gunung 3_rotate_180.jpg,50 Tanjung Gunung,728,4,test
/kaggle/input/datasets/hertiyani/batik-nitik-960-official-mendeley/Batik Nitik 960/Batik Nitik 960 Images/50 Tanjung Gunung 3_rotate_270.jpg,50 Tanjung Gunung 3_rotate_270.jpg,50 Tanjung Gunung,730,4,train
/kaggle/input/datasets/hertiyani/batik-nitik-960-official-mendeley/Batik Nitik 960/Batik Nitik 960 Images/50 Tanjung Gunung 3_rotate_90.jpg,50 Tanjung Gunung 3_rotate_90.jpg,50 Tanjung Gunung,730,4,train
/kaggle/input/datasets/hertiyani/batik-nitik-960-official-mendeley/Batik Nitik 960/Batik Nitik 960 Images/50 Tanjung Gunung 4.jpg,50 Tanjung Gunung 4.jpg,50 Tanjung Gunung,732,4,train
/kaggle/input/datasets/hertiyani/batik-nitik-960-official-mendeley/Batik Nitik 960/Batik Nitik 960 Images/50 Tanjung Gunung 4_rotate_180.jpg,50 Tanjung Gunung 4_rotate_180.jpg,50 Tanjung Gunung,732,4,train
/kaggle/input/datasets/hertiyani/batik-nitik-960-official-mendeley/Batik Nitik 960/Batik Nitik 960 Images/50 Tanjung Gunung 4_rotate_270.jpg,50 Tanjung Gunung 4_rotate_270.jpg,50 Tanjung Gunung,732,4,train
/kaggle/input/datasets/hertiyani/batik-nitik-960-official-mendeley/Batik Nitik 960/Batik Nitik 960 Images/50 Tanjung Gunung 4_rotate_90.jpg,50 Tanjung Gunung 4_rotate_90.jpg,50 Tanjung Gunung,732,4,train
/kaggle/input/datasets/hertiyani/batik-nitik-960-official-mendeley/Batik Nitik 960/Batik Nitik 960 Images/51 Sekar Kenikir 1.jpg,51 Sekar Kenikir 1.jpg,51 Sekar Kenikir,736,4,train
/kaggle/input/datasets/hertiyani/batik-nitik-960-official-mendeley/Batik Nitik 960/Batik Nitik 960 Images/51 Sekar Kenikir 1_rotate_180.jpg,51 Sekar Kenikir 1_rotate_180.jpg,51 Sekar Kenikir,736,4,train
/kaggle/input/datasets/hertiyani/batik-nitik-960-official-mendeley/Batik Nitik 960/Batik Nitik 960 Images/51 Sekar Kenikir 1_rotate_270.jpg,51 Sekar Kenikir 1_rotate_270.jpg,51 Sekar Kenikir,738,4,train
/kaggle/input/datasets/hertiyani/batik-nitik-960-official-mendeley/Batik Nitik 960/Batik Nitik 960 Images/51 Sekar Kenikir 1_rotate_90.jpg,51 Sekar Kenikir 1_rotate_90.jpg,51 Sekar Kenikir,738,4,train
/kaggle/input/datasets/hertiyani/batik-nitik-960-official-mendeley/Batik Nitik 960/Batik Nitik 960 Images/51 Sekar Kenikir 2.jpg,51 Sekar Kenikir 2.jpg,51 Sekar Kenikir,740,4,test
/kaggle/input/datasets/hertiyani/batik-nitik-960-official-mendeley/Batik Nitik 960/Batik Nitik 960 Images/51 Sekar Kenikir 2_rotate_180.jpg,51 Sekar Kenikir 2_rotate_180.jpg,51 Sekar Kenikir,740,4,test
/kaggle/input/datasets/hertiyani/batik-nitik-960-official-mendeley/Batik Nitik 960/Batik Nitik 960 Images/51 Sekar Kenikir 2_rotate_270.jpg,51 Sekar Kenikir 2_rotate_270.jpg,51 Sekar Kenikir,740,4,test
/kaggle/input/datasets/hertiyani/batik-nitik-960-official-mendeley/Batik Nitik 960/Batik Nitik 960 Images/51 Sekar Kenikir 2_rotate_90.jpg,51 Sekar Kenikir 2_rotate_90.jpg,51 Sekar Kenikir,740,4,test
/kaggle/input/datasets/hertiyani/batik-nitik-960-official-mendeley/Batik Nitik 960/Batik Nitik 960 Images/51 Sekar Kenikir 3.jpg,51 Sekar Kenikir 3.jpg,51 Sekar Kenikir,744,4,test
/kaggle/input/datasets/hertiyani/batik-nitik-960-official-mendeley/Batik Nitik 960/Batik Nitik 960 Images/51 Sekar Kenikir 3_rotate_180.jpg,51 Sekar Kenikir 3_rotate_180.jpg,51 Sekar Kenikir,744,4,test
/kaggle/input/datasets/hertiyani/batik-nitik-960-official-mendeley/Batik Nitik 960/Batik Nitik 960 Images/51 Sekar Kenikir 3_rotate_270.jpg,51 Sekar Kenikir 3_rotate_270.jpg,51 Sekar Kenikir,746,4,train
/kaggle/input/datasets/hertiyani/batik-nitik-960-official-mendeley/Batik Nitik 960/Batik Nitik 960 Images/51 Sekar Kenikir 3_rotate_90.jpg,51 Sekar Kenikir 3_rotate_90.jpg,51 Sekar Kenikir,746,4,train
/kaggle/input/datasets/hertiyani/batik-nitik-960-official-mendeley/Batik Nitik 960/Batik Nitik 960 Images/51 Sekar Kenikir 4.jpg,51 Sekar Kenikir 4.jpg,51 Sekar Kenikir,748,4,train
/kaggle/input/datasets/hertiyani/batik-nitik-960-official-mendeley/Batik Nitik 960/Batik Nitik 960 Images/51 Sekar Kenikir 4_rotate_180.jpg,51 Sekar Kenikir 4_rotate_180.jpg,51 Sekar Kenikir,748,4,train
/kaggle/input/datasets/hertiyani/batik-nitik-960-official-mendeley/Batik Nitik 960/Batik Nitik 960 Images/51 Sekar Kenikir 4_rotate_270.jpg,51 Sekar Kenikir 4_rotate_270.jpg,51 Sekar Kenikir,750,4,train
/kaggle/input/datasets/hertiyani/batik-nitik-960-official-mendeley/Batik Nitik 960/Batik Nitik 960 Images/51 Sekar Kenikir 4_rotate_90.jpg,51 Sekar Kenikir 4_rotate_90.jpg,51 Sekar Kenikir,750,4,train
/kaggle/input/datasets/hertiyani/batik-nitik-960-official-mendeley/Batik Nitik 960/Batik Nitik 960 Images/52 Sekar Blimbing 1.jpg,52 Sekar Blimbing 1.jpg,52 Sekar Blimbing,752,4,test
/kaggle/input/datasets/hertiyani/batik-nitik-960-official-mendeley/Batik Nitik 960/Batik Nitik 960 Images/52 Sekar Blimbing 1_rotate_180.jpg,52 Sekar Blimbing 1_rotate_180.jpg,52 Sekar Blimbing,752,4,test
/kaggle/input/datasets/hertiyani/batik-nitik-960-official-mendeley/Batik Nitik 960/Batik Nitik 960 Images/52 Sekar Blimbing 1_rotate_270.jpg,52 Sekar Blimbing 1_rotate_270.jpg,52 Sekar Blimbing,754,4,train
/kaggle/input/datasets/hertiyani/batik-nitik-960-official-mendeley/Batik Nitik 960/Batik Nitik 960 Images/52 Sekar Blimbing 1_rotate_90.jpg,52 Sekar Blimbing 1_rotate_90.jpg,52 Sekar Blimbing,754,4,train
/kaggle/input/datasets/hertiyani/batik-nitik-960-official-mendeley/Batik Nitik 960/Batik Nitik 960 Images/52 Sekar Blimbing 2.jpg,52 Sekar Blimbing 2.jpg,52 Sekar Blimbing,756,4,train
/kaggle/input/datasets/hertiyani/batik-nitik-960-official-mendeley/Batik Nitik 960/Batik Nitik 960 Images/52 Sekar Blimbing 2_rotate_180.jpg,52 Sekar Blimbing 2_rotate_180.jpg,52 Sekar Blimbing,756,4,train
/kaggle/input/datasets/hertiyani/batik-nitik-960-official-mendeley/Batik Nitik 960/Batik Nitik 960 Images/52 Sekar Blimbing 2_rotate_270.jpg,52 Sekar Blimbing 2_rotate_270.jpg,52 Sekar Blimbing,758,4,test
/kaggle/input/datasets/hertiyani/batik-nitik-960-official-mendeley/Batik Nitik 960/Batik Nitik 960 Images/52 Sekar Blimbing 2_rotate_90.jpg,52 Sekar Blimbing 2_rotate_90.jpg,52 Sekar Blimbing,758,4,test
/kaggle/input/datasets/hertiyani/batik-nitik-960-official-mendeley/Batik Nitik 960/Batik Nitik 960 Images/52 Sekar Blimbing 3.jpg,52 Sekar Blimbing 3.jpg,52 Sekar Blimbing,760,4,train
/kaggle/input/datasets/hertiyani/batik-nitik-960-official-mendeley/Batik Nitik 960/Batik Nitik 960 Images/52 Sekar Blimbing 3_rotate_180.jpg,52 Sekar Blimbing 3_rotate_180.jpg,52 Sekar Blimbing,760,4,train
/kaggle/input/datasets/hertiyani/batik-nitik-960-official-mendeley/Batik Nitik 960/Batik Nitik 960 Images/52 Sekar Blimbing 3_rotate_270.jpg,52 Sekar Blimbing 3_rotate_270.jpg,52 Sekar Blimbing,762,4,train
/kaggle/input/datasets/hertiyani/batik-nitik-960-official-mendeley/Batik Nitik 960/Batik Nitik 960 Images/52 Sekar Blimbing 3_rotate_90.jpg,52 Sekar Blimbing 3_rotate_90.jpg,52 Sekar Blimbing,762,4,train
/kaggle/input/datasets/hertiyani/batik-nitik-960-official-mendeley/Batik Nitik 960/Batik Nitik 960 Images/52 Sekar Blimbing 4.jpg,52 Sekar Blimbing 4.jpg,52 Sekar Blimbing,764,4,train
/kaggle/input/datasets/hertiyani/batik-nitik-960-official-mendeley/Batik Nitik 960/Batik Nitik 960 Images/52 Sekar Blimbing 4_rotate_180.jpg,52 Sekar Blimbing 4_rotate_180.jpg,52 Sekar Blimbing,764,4,train
/kaggle/input/datasets/hertiyani/batik-nitik-960-official-mendeley/Batik Nitik 960/Batik Nitik 960 Images/52 Sekar Blimbing 4_rotate_270.jpg,52 Sekar Blimbing 4_rotate_270.jpg,52 Sekar Blimbing,766,4,test
/kaggle/input/datasets/hertiyani/batik-nitik-960-official-mendeley/Batik Nitik 960/Batik Nitik 960 Images/52 Sekar Blimbing 4_rotate_90.jpg,52 Sekar Blimbing 4_rotate_90.jpg,52 Sekar Blimbing,766,4,test
/kaggle/input/datasets/hertiyani/batik-nitik-960-official-mendeley/Batik Nitik 960/Batik Nitik 960 Images/53 Sekar Pijetan 1.jpg,53 Sekar Pijetan 1.jpg,53 Sekar Pijetan,768,4,test
/kaggle/input/datasets/hertiyani/batik-nitik-960-official-mendeley/Batik Nitik 960/Batik Nitik 960 Images/53 Sekar Pijetan 1_rotate_180.jpg,53 Sekar Pijetan 1_rotate_180.jpg,53 Sekar Pijetan,768,4,test
/kaggle/input/datasets/hertiyani/batik-nitik-960-official-mendeley/Batik Nitik 960/Batik Nitik 960 Images/53 Sekar Pijetan 1_rotate_270.jpg,53 Sekar Pijetan 1_rotate_270.jpg,53 Sekar Pijetan,770,4,test
/kaggle/input/datasets/hertiyani/batik-nitik-960-official-mendeley/Batik Nitik 960/Batik Nitik 960 Images/53 Sekar Pijetan 1_rotate_90.jpg,53 Sekar Pijetan 1_rotate_90.jpg,53 Sekar Pijetan,770,4,test
/kaggle/input/datasets/hertiyani/batik-nitik-960-official-mendeley/Batik Nitik 960/Batik Nitik 960 Images/53 Sekar Pijetan 2.jpg,53 Sekar Pijetan 2.jpg,53 Sekar Pijetan,772,4,train
/kaggle/input/datasets/hertiyani/batik-nitik-960-official-mendeley/Batik Nitik 960/Batik Nitik 960 Images/53 Sekar Pijetan 2_rotate_180.jpg,53 Sekar Pijetan 2_rotate_180.jpg,53 Sekar Pijetan,772,4,train
/kaggle/input/datasets/hertiyani/batik-nitik-960-official-mendeley/Batik Nitik 960/Batik Nitik 960 Images/53 Sekar Pijetan 2_rotate_270.jpg,53 Sekar Pijetan 2_rotate_270.jpg,53 Sekar Pijetan,774,4,train
/kaggle/input/datasets/hertiyani/batik-nitik-960-official-mendeley/Batik Nitik 960/Batik Nitik 960 Images/53 Sekar Pijetan 2_rotate_90.jpg,53 Sekar Pijetan 2_rotate_90.jpg,53 Sekar Pijetan,774,4,train
/kaggle/input/datasets/hertiyani/batik-nitik-960-official-mendeley/Batik Nitik 960/Batik Nitik 960 Images/53 Sekar Pijetan 3.jpg,53 Sekar Pijetan 3.jpg,53 Sekar Pijetan,776,4,train
/kaggle/input/datasets/hertiyani/batik-nitik-960-official-mendeley/Batik Nitik 960/Batik Nitik 960 Images/53 Sekar Pijetan 3_rotate_180.jpg,53 Sekar Pijetan 3_rotate_180.jpg,53 Sekar Pijetan,776,4,train
/kaggle/input/datasets/hertiyani/batik-nitik-960-official-mendeley/Batik Nitik 960/Batik Nitik 960 Images/53 Sekar Pijetan 3_rotate_270.jpg,53 Sekar Pijetan 3_rotate_270.jpg,53 Sekar Pijetan,778,4,train
/kaggle/input/datasets/hertiyani/batik-nitik-960-official-mendeley/Batik Nitik 960/Batik Nitik 960 Images/53 Sekar Pijetan 3_rotate_90.jpg,53 Sekar Pijetan 3_rotate_90.jpg,53 Sekar Pijetan,778,4,train
/kaggle/input/datasets/hertiyani/batik-nitik-960-official-mendeley/Batik Nitik 960/Batik Nitik 960 Images/53 Sekar Pijetan 4.jpg,53 Sekar Pijetan 4.jpg,53 Sekar Pijetan,780,4,train
/kaggle/input/datasets/hertiyani/batik-nitik-960-official-mendeley/Batik Nitik 960/Batik Nitik 960 Images/53 Sekar Pijetan 4_rotate_180.jpg,53 Sekar Pijetan 4_rotate_180.jpg,53 Sekar Pijetan,780,4,train
/kaggle/input/datasets/hertiyani/batik-nitik-960-official-mendeley/Batik Nitik 960/Batik Nitik 960 Images/53 Sekar Pijetan 4_rotate_270.jpg,53 Sekar Pijetan 4_rotate_270.jpg,53 Sekar Pijetan,782,4,test
/kaggle/input/datasets/hertiyani/batik-nitik-960-official-mendeley/Batik Nitik 960/Batik Nitik 960 Images/53 Sekar Pijetan 4_rotate_90.jpg,53 Sekar Pijetan 4_rotate_90.jpg,53 Sekar Pijetan,782,4,test
/kaggle/input/datasets/hertiyani/batik-nitik-960-official-mendeley/Batik Nitik 960/Batik Nitik 960 Images/54 Sari Mulat 1.jpg,54 Sari Mulat 1.jpg,54 Sari Mulat,784,4,train
/kaggle/input/datasets/hertiyani/batik-nitik-960-official-mendeley/Batik Nitik 960/Batik Nitik 960 Images/54 Sari Mulat 1_rotate_180.jpg,54 Sari Mulat 1_rotate_180.jpg,54 Sari Mulat,784,4,train
/kaggle/input/datasets/hertiyani/batik-nitik-960-official-mendeley/Batik Nitik 960/Batik Nitik 960 Images/54 Sari Mulat 1_rotate_270.jpg,54 Sari Mulat 1_rotate_270.jpg,54 Sari Mulat,786,4,train
/kaggle/input/datasets/hertiyani/batik-nitik-960-official-mendeley/Batik Nitik 960/Batik Nitik 960 Images/54 Sari Mulat 1_rotate_90.jpg,54 Sari Mulat 1_rotate_90.jpg,54 Sari Mulat,786,4,train
/kaggle/input/datasets/hertiyani/batik-nitik-960-official-mendeley/Batik Nitik 960/Batik Nitik 960 Images/54 Sari Mulat 2.jpg,54 Sari Mulat 2.jpg,54 Sari Mulat,788,4,test
/kaggle/input/datasets/hertiyani/batik-nitik-960-official-mendeley/Batik Nitik 960/Batik Nitik 960 Images/54 Sari Mulat 2_rotate_180.jpg,54 Sari Mulat 2_rotate_180.jpg,54 Sari Mulat,788,4,test
/kaggle/input/datasets/hertiyani/batik-nitik-960-official-mendeley/Batik Nitik 960/Batik Nitik 960 Images/54 Sari Mulat 2_rotate_270.jpg,54 Sari Mulat 2_rotate_270.jpg,54 Sari Mulat,790,4,test
/kaggle/input/datasets/hertiyani/batik-nitik-960-official-mendeley/Batik Nitik 960/Batik Nitik 960 Images/54 Sari Mulat 2_rotate_90.jpg,54 Sari Mulat 2_rotate_90.jpg,54 Sari Mulat,790,4,test
/kaggle/input/datasets/hertiyani/batik-nitik-960-official-mendeley/Batik Nitik 960/Batik Nitik 960 Images/54 Sari Mulat 3.jpg,54 Sari Mulat 3.jpg,54 Sari Mulat,792,4,train
/kaggle/input/datasets/hertiyani/batik-nitik-960-official-mendeley/Batik Nitik 960/Batik Nitik 960 Images/54 Sari Mulat 3_rotate_180.jpg,54 Sari Mulat 3_rotate_180.jpg,54 Sari Mulat,792,4,train
/kaggle/input/datasets/hertiyani/batik-nitik-960-official-mendeley/Batik Nitik 960/Batik Nitik 960 Images/54 Sari Mulat 3_rotate_270.jpg,54 Sari Mulat 3_rotate_270.jpg,54 Sari Mulat,794,4,train
/kaggle/input/datasets/hertiyani/batik-nitik-960-official-mendeley/Batik Nitik 960/Batik Nitik 960 Images/54 Sari Mulat 3_rotate_90.jpg,54 Sari Mulat 3_rotate_90.jpg,54 Sari Mulat,794,4,train
/kaggle/input/datasets/hertiyani/batik-nitik-960-official-mendeley/Batik Nitik 960/Batik Nitik 960 Images/54 Sari Mulat 4.jpg,54 Sari Mulat 4.jpg,54 Sari Mulat,796,4,train
/kaggle/input/datasets/hertiyani/batik-nitik-960-official-mendeley/Batik Nitik 960/Batik Nitik 960 Images/54 Sari Mulat 4_rotate_180.jpg,54 Sari Mulat 4_rotate_180.jpg,54 Sari Mulat,796,4,train
/kaggle/input/datasets/hertiyani/batik-nitik-960-official-mendeley/Batik Nitik 960/Batik Nitik 960 Images/54 Sari Mulat 4_rotate_270.jpg,54 Sari Mulat 4_rotate_270.jpg,54 Sari Mulat,798,4,test
/kaggle/input/datasets/hertiyani/batik-nitik-960-official-mendeley/Batik Nitik 960/Batik Nitik 960 Images/54 Sari Mulat 4_rotate_90.jpg,54 Sari Mulat 4_rotate_90.jpg,54 Sari Mulat,798,4,test
/kaggle/input/datasets/hertiyani/batik-nitik-960-official-mendeley/Batik Nitik 960/Batik Nitik 960 Images/55 Sekar Mrica 1.jpg,55 Sekar Mrica 1.jpg,55 Sekar Mrica,800,4,train
/kaggle/input/datasets/hertiyani/batik-nitik-960-official-mendeley/Batik Nitik 960/Batik Nitik 960 Images/55 Sekar Mrica 1_rotate_180.jpg,55 Sekar Mrica 1_rotate_180.jpg,55 Sekar Mrica,800,4,train
/kaggle/input/datasets/hertiyani/batik-nitik-960-official-mendeley/Batik Nitik 960/Batik Nitik 960 Images/55 Sekar Mrica 1_rotate_270.jpg,55 Sekar Mrica 1_rotate_270.jpg,55 Sekar Mrica,802,4,train
/kaggle/input/datasets/hertiyani/batik-nitik-960-official-mendeley/Batik Nitik 960/Batik Nitik 960 Images/55 Sekar Mrica 1_rotate_90.jpg,55 Sekar Mrica 1_rotate_90.jpg,55 Sekar Mrica,802,4,train
/kaggle/input/datasets/hertiyani/batik-nitik-960-official-mendeley/Batik Nitik 960/Batik Nitik 960 Images/55 Sekar Mrica 2.jpg,55 Sekar Mrica 2.jpg,55 Sekar Mrica,804,4,train
/kaggle/input/datasets/hertiyani/batik-nitik-960-official-mendeley/Batik Nitik 960/Batik Nitik 960 Images/55 Sekar Mrica 2_rotate_180.jpg,55 Sekar Mrica 2_rotate_180.jpg,55 Sekar Mrica,804,4,train
/kaggle/input/datasets/hertiyani/batik-nitik-960-official-mendeley/Batik Nitik 960/Batik Nitik 960 Images/55 Sekar Mrica 2_rotate_270.jpg,55 Sekar Mrica 2_rotate_270.jpg,55 Sekar Mrica,806,4,train
/kaggle/input/datasets/hertiyani/batik-nitik-960-official-mendeley/Batik Nitik 960/Batik Nitik 960 Images/55 Sekar Mrica 2_rotate_90.jpg,55 Sekar Mrica 2_rotate_90.jpg,55 Sekar Mrica,806,4,train
/kaggle/input/datasets/hertiyani/batik-nitik-960-official-mendeley/Batik Nitik 960/Batik Nitik 960 Images/55 Sekar Mrica 3.jpg,55 Sekar Mrica 3.jpg,55 Sekar Mrica,808,4,test
/kaggle/input/datasets/hertiyani/batik-nitik-960-official-mendeley/Batik Nitik 960/Batik Nitik 960 Images/55 Sekar Mrica 3_rotate_180.jpg,55 Sekar Mrica 3_rotate_180.jpg,55 Sekar Mrica,808,4,test
/kaggle/input/datasets/hertiyani/batik-nitik-960-official-mendeley/Batik Nitik 960/Batik Nitik 960 Images/55 Sekar Mrica 3_rotate_270.jpg,55 Sekar Mrica 3_rotate_270.jpg,55 Sekar Mrica,810,4,test
/kaggle/input/datasets/hertiyani/batik-nitik-960-official-mendeley/Batik Nitik 960/Batik Nitik 960 Images/55 Sekar Mrica 3_rotate_90.jpg,55 Sekar Mrica 3_rotate_90.jpg,55 Sekar Mrica,810,4,test
/kaggle/input/datasets/hertiyani/batik-nitik-960-official-mendeley/Batik Nitik 960/Batik Nitik 960 Images/55 Sekar Mrica 4.jpg,55 Sekar Mrica 4.jpg,55 Sekar Mrica,812,4,test
/kaggle/input/datasets/hertiyani/batik-nitik-960-official-mendeley/Batik Nitik 960/Batik Nitik 960 Images/55 Sekar Mrica 4_rotate_180.jpg,55 Sekar Mrica 4_rotate_180.jpg,55 Sekar Mrica,812,4,test
/kaggle/input/datasets/hertiyani/batik-nitik-960-official-mendeley/Batik Nitik 960/Batik Nitik 960 Images/55 Sekar Mrica 4_rotate_270.jpg,55 Sekar Mrica 4_rotate_270.jpg,55 Sekar Mrica,814,4,train
/kaggle/input/datasets/hertiyani/batik-nitik-960-official-mendeley/Batik Nitik 960/Batik Nitik 960 Images/55 Sekar Mrica 4_rotate_90.jpg,55 Sekar Mrica 4_rotate_90.jpg,55 Sekar Mrica,814,4,train
/kaggle/input/datasets/hertiyani/batik-nitik-960-official-mendeley/Batik Nitik 960/Batik Nitik 960 Images/56 Sekar Kepel 1.jpg,56 Sekar Kepel 1.jpg,56 Sekar Kepel,816,4,test
/kaggle/input/datasets/hertiyani/batik-nitik-960-official-mendeley/Batik Nitik 960/Batik Nitik 960 Images/56 Sekar Kepel 1_rotate_180.jpg,56 Sekar Kepel 1_rotate_180.jpg,56 Sekar Kepel,816,4,test
/kaggle/input/datasets/hertiyani/batik-nitik-960-official-mendeley/Batik Nitik 960/Batik Nitik 960 Images/56 Sekar Kepel 1_rotate_270.jpg,56 Sekar Kepel 1_rotate_270.jpg,56 Sekar Kepel,816,4,test
/kaggle/input/datasets/hertiyani/batik-nitik-960-official-mendeley/Batik Nitik 960/Batik Nitik 960 Images/56 Sekar Kepel 1_rotate_90.jpg,56 Sekar Kepel 1_rotate_90.jpg,56 Sekar Kepel,816,4,test
/kaggle/input/datasets/hertiyani/batik-nitik-960-official-mendeley/Batik Nitik 960/Batik Nitik 960 Images/56 Sekar Kepel 2.jpg,56 Sekar Kepel 2.jpg,56 Sekar Kepel,820,4,train
/kaggle/input/datasets/hertiyani/batik-nitik-960-official-mendeley/Batik Nitik 960/Batik Nitik 960 Images/56 Sekar Kepel 2_rotate_180.jpg,56 Sekar Kepel 2_rotate_180.jpg,56 Sekar Kepel,820,4,train
/kaggle/input/datasets/hertiyani/batik-nitik-960-official-mendeley/Batik Nitik 960/Batik Nitik 960 Images/56 Sekar Kepel 2_rotate_270.jpg,56 Sekar Kepel 2_rotate_270.jpg,56 Sekar Kepel,822,4,train
/kaggle/input/datasets/hertiyani/batik-nitik-960-official-mendeley/Batik Nitik 960/Batik Nitik 960 Images/56 Sekar Kepel 2_rotate_90.jpg,56 Sekar Kepel 2_rotate_90.jpg,56 Sekar Kepel,822,4,train
/kaggle/input/datasets/hertiyani/batik-nitik-960-official-mendeley/Batik Nitik 960/Batik Nitik 960 Images/56 Sekar Kepel 3.jpg,56 Sekar Kepel 3.jpg,56 Sekar Kepel,824,4,test
/kaggle/input/datasets/hertiyani/batik-nitik-960-official-mendeley/Batik Nitik 960/Batik Nitik 960 Images/56 Sekar Kepel 3_rotate_180.jpg,56 Sekar Kepel 3_rotate_180.jpg,56 Sekar Kepel,824,4,test
/kaggle/input/datasets/hertiyani/batik-nitik-960-official-mendeley/Batik Nitik 960/Batik Nitik 960 Images/56 Sekar Kepel 3_rotate_270.jpg,56 Sekar Kepel 3_rotate_270.jpg,56 Sekar Kepel,826,4,train
/kaggle/input/datasets/hertiyani/batik-nitik-960-official-mendeley/Batik Nitik 960/Batik Nitik 960 Images/56 Sekar Kepel 3_rotate_90.jpg,56 Sekar Kepel 3_rotate_90.jpg,56 Sekar Kepel,826,4,train
/kaggle/input/datasets/hertiyani/batik-nitik-960-official-mendeley/Batik Nitik 960/Batik Nitik 960 Images/56 Sekar Kepel 4.jpg,56 Sekar Kepel 4.jpg,56 Sekar Kepel,828,4,train
/kaggle/input/datasets/hertiyani/batik-nitik-960-official-mendeley/Batik Nitik 960/Batik Nitik 960 Images/56 Sekar Kepel 4_rotate_180.jpg,56 Sekar Kepel 4_rotate_180.jpg,56 Sekar Kepel,828,4,train
/kaggle/input/datasets/hertiyani/batik-nitik-960-official-mendeley/Batik Nitik 960/Batik Nitik 960 Images/56 Sekar Kepel 4_rotate_270.jpg,56 Sekar Kepel 4_rotate_270.jpg,56 Sekar Kepel,830,4,train
/kaggle/input/datasets/hertiyani/batik-nitik-960-official-mendeley/Batik Nitik 960/Batik Nitik 960 Images/56 Sekar Kepel 4_rotate_90.jpg,56 Sekar Kepel 4_rotate_90.jpg,56 Sekar Kepel,830,4,train
/kaggle/input/datasets/hertiyani/batik-nitik-960-official-mendeley/Batik Nitik 960/Batik Nitik 960 Images/57 Truntum Kurung 1.jpg,57 Truntum Kurung 1.jpg,57 Truntum Kurung,832,4,test
/kaggle/input/datasets/hertiyani/batik-nitik-960-official-mendeley/Batik Nitik 960/Batik Nitik 960 Images/57 Truntum Kurung 1_rotate_180.jpg,57 Truntum Kurung 1_rotate_180.jpg,57 Truntum Kurung,832,4,test
/kaggle/input/datasets/hertiyani/batik-nitik-960-official-mendeley/Batik Nitik 960/Batik Nitik 960 Images/57 Truntum Kurung 1_rotate_270.jpg,57 Truntum Kurung 1_rotate_270.jpg,57 Truntum Kurung,832,4,test
/kaggle/input/datasets/hertiyani/batik-nitik-960-official-mendeley/Batik Nitik 960/Batik Nitik 960 Images/57 Truntum Kurung 1_rotate_90.jpg,57 Truntum Kurung 1_rotate_90.jpg,57 Truntum Kurung,832,4,test
/kaggle/input/datasets/hertiyani/batik-nitik-960-official-mendeley/Batik Nitik 960/Batik Nitik 960 Images/57 Truntum Kurung 2.jpg,57 Truntum Kurung 2.jpg,57 Truntum Kurung,836,4,train
/kaggle/input/datasets/hertiyani/batik-nitik-960-official-mendeley/Batik Nitik 960/Batik Nitik 960 Images/57 Truntum Kurung 2_rotate_180.jpg,57 Truntum Kurung 2_rotate_180.jpg,57 Truntum Kurung,836,4,train
/kaggle/input/datasets/hertiyani/batik-nitik-960-official-mendeley/Batik Nitik 960/Batik Nitik 960 Images/57 Truntum Kurung 2_rotate_270.jpg,57 Truntum Kurung 2_rotate_270.jpg,57 Truntum Kurung,838,4,train
/kaggle/input/datasets/hertiyani/batik-nitik-960-official-mendeley/Batik Nitik 960/Batik Nitik 960 Images/57 Truntum Kurung 2_rotate_90.jpg,57 Truntum Kurung 2_rotate_90.jpg,57 Truntum Kurung,838,4,train
/kaggle/input/datasets/hertiyani/batik-nitik-960-official-mendeley/Batik Nitik 960/Batik Nitik 960 Images/57 Truntum Kurung 3.jpg,57 Truntum Kurung 3.jpg,57 Truntum Kurung,840,4,test
/kaggle/input/datasets/hertiyani/batik-nitik-960-official-mendeley/Batik Nitik 960/Batik Nitik 960 Images/57 Truntum Kurung 3_rotate_180.jpg,57 Truntum Kurung 3_rotate_180.jpg,57 Truntum Kurung,840,4,test
/kaggle/input/datasets/hertiyani/batik-nitik-960-official-mendeley/Batik Nitik 960/Batik Nitik 960 Images/57 Truntum Kurung 3_rotate_270.jpg,57 Truntum Kurung 3_rotate_270.jpg,57 Truntum Kurung,842,4,train
/kaggle/input/datasets/hertiyani/batik-nitik-960-official-mendeley/Batik Nitik 960/Batik Nitik 960 Images/57 Truntum Kurung 3_rotate_90.jpg,57 Truntum Kurung 3_rotate_90.jpg,57 Truntum Kurung,842,4,train
/kaggle/input/datasets/hertiyani/batik-nitik-960-official-mendeley/Batik Nitik 960/Batik Nitik 960 Images/57 Truntum Kurung 4.jpg,57 Truntum Kurung 4.jpg,57 Truntum Kurung,844,4,train
/kaggle/input/datasets/hertiyani/batik-nitik-960-official-mendeley/Batik Nitik 960/Batik Nitik 960 Images/57 Truntum Kurung 4_rotate_180.jpg,57 Truntum Kurung 4_rotate_180.jpg,57 Truntum Kurung,844,4,train
/kaggle/input/datasets/hertiyani/batik-nitik-960-official-mendeley/Batik Nitik 960/Batik Nitik 960 Images/57 Truntum Kurung 4_rotate_270.jpg,57 Truntum Kurung 4_rotate_270.jpg,57 Truntum Kurung,844,4,train
/kaggle/input/datasets/hertiyani/batik-nitik-960-official-mendeley/Batik Nitik 960/Batik Nitik 960 Images/57 Truntum Kurung 4_rotate_90.jpg,57 Truntum Kurung 4_rotate_90.jpg,57 Truntum Kurung,844,4,train
/kaggle/input/datasets/hertiyani/batik-nitik-960-official-mendeley/Batik Nitik 960/Batik Nitik 960 Images/58 Jayakusuma 1.jpg,58 Jayakusuma 1.jpg,58 Jayakusuma,848,4,train
/kaggle/input/datasets/hertiyani/batik-nitik-960-official-mendeley/Batik Nitik 960/Batik Nitik 960 Images/58 Jayakusuma 1_rotate_180.jpg,58 Jayakusuma 1_rotate_180.jpg,58 Jayakusuma,848,4,train
/kaggle/input/datasets/hertiyani/batik-nitik-960-official-mendeley/Batik Nitik 960/Batik Nitik 960 Images/58 Jayakusuma 1_rotate_270.jpg,58 Jayakusuma 1_rotate_270.jpg,58 Jayakusuma,850,4,train
/kaggle/input/datasets/hertiyani/batik-nitik-960-official-mendeley/Batik Nitik 960/Batik Nitik 960 Images/58 Jayakusuma 1_rotate_90.jpg,58 Jayakusuma 1_rotate_90.jpg,58 Jayakusuma,850,4,train
/kaggle/input/datasets/hertiyani/batik-nitik-960-official-mendeley/Batik Nitik 960/Batik Nitik 960 Images/58 Jayakusuma 2.jpg,58 Jayakusuma 2.jpg,58 Jayakusuma,852,4,train
/kaggle/input/datasets/hertiyani/batik-nitik-960-official-mendeley/Batik Nitik 960/Batik Nitik 960 Images/58 Jayakusuma 2_rotate_180.jpg,58 Jayakusuma 2_rotate_180.jpg,58 Jayakusuma,852,4,train
/kaggle/input/datasets/hertiyani/batik-nitik-960-official-mendeley/Batik Nitik 960/Batik Nitik 960 Images/58 Jayakusuma 2_rotate_270.jpg,58 Jayakusuma 2_rotate_270.jpg,58 Jayakusuma,854,4,train
/kaggle/input/datasets/hertiyani/batik-nitik-960-official-mendeley/Batik Nitik 960/Batik Nitik 960 Images/58 Jayakusuma 2_rotate_90.jpg,58 Jayakusuma 2_rotate_90.jpg,58 Jayakusuma,854,4,train
/kaggle/input/datasets/hertiyani/batik-nitik-960-official-mendeley/Batik Nitik 960/Batik Nitik 960 Images/58 Jayakusuma 3.jpg,58 Jayakusuma 3.jpg,58 Jayakusuma,856,4,test
/kaggle/input/datasets/hertiyani/batik-nitik-960-official-mendeley/Batik Nitik 960/Batik Nitik 960 Images/58 Jayakusuma 3_rotate_180.jpg,58 Jayakusuma 3_rotate_180.jpg,58 Jayakusuma,856,4,test
/kaggle/input/datasets/hertiyani/batik-nitik-960-official-mendeley/Batik Nitik 960/Batik Nitik 960 Images/58 Jayakusuma 3_rotate_270.jpg,58 Jayakusuma 3_rotate_270.jpg,58 Jayakusuma,858,4,train
/kaggle/input/datasets/hertiyani/batik-nitik-960-official-mendeley/Batik Nitik 960/Batik Nitik 960 Images/58 Jayakusuma 3_rotate_90.jpg,58 Jayakusuma 3_rotate_90.jpg,58 Jayakusuma,858,4,train
/kaggle/input/datasets/hertiyani/batik-nitik-960-official-mendeley/Batik Nitik 960/Batik Nitik 960 Images/58 Jayakusuma 4.jpg,58 Jayakusuma 4.jpg,58 Jayakusuma,860,4,test
/kaggle/input/datasets/hertiyani/batik-nitik-960-official-mendeley/Batik Nitik 960/Batik Nitik 960 Images/58 Jayakusuma 4_rotate_180.jpg,58 Jayakusuma 4_rotate_180.jpg,58 Jayakusuma,860,4,test
/kaggle/input/datasets/hertiyani/batik-nitik-960-official-mendeley/Batik Nitik 960/Batik Nitik 960 Images/58 Jayakusuma 4_rotate_270.jpg,58 Jayakusuma 4_rotate_270.jpg,58 Jayakusuma,860,4,test
/kaggle/input/datasets/hertiyani/batik-nitik-960-official-mendeley/Batik Nitik 960/Batik Nitik 960 Images/58 Jayakusuma 4_rotate_90.jpg,58 Jayakusuma 4_rotate_90.jpg,58 Jayakusuma,860,4,test
/kaggle/input/datasets/hertiyani/batik-nitik-960-official-mendeley/Batik Nitik 960/Batik Nitik 960 Images/59 Rengganis 1.jpg,59 Rengganis 1.jpg,59 Rengganis,864,4,train
/kaggle/input/datasets/hertiyani/batik-nitik-960-official-mendeley/Batik Nitik 960/Batik Nitik 960 Images/59 Rengganis 1_rotate_180.jpg,59 Rengganis 1_rotate_180.jpg,59 Rengganis,864,4,train
/kaggle/input/datasets/hertiyani/batik-nitik-960-official-mendeley/Batik Nitik 960/Batik Nitik 960 Images/59 Rengganis 1_rotate_270.jpg,59 Rengganis 1_rotate_270.jpg,59 Rengganis,866,4,test
/kaggle/input/datasets/hertiyani/batik-nitik-960-official-mendeley/Batik Nitik 960/Batik Nitik 960 Images/59 Rengganis 1_rotate_90.jpg,59 Rengganis 1_rotate_90.jpg,59 Rengganis,866,4,test
/kaggle/input/datasets/hertiyani/batik-nitik-960-official-mendeley/Batik Nitik 960/Batik Nitik 960 Images/59 Rengganis 2.jpg,59 Rengganis 2.jpg,59 Rengganis,868,4,test
/kaggle/input/datasets/hertiyani/batik-nitik-960-official-mendeley/Batik Nitik 960/Batik Nitik 960 Images/59 Rengganis 2_rotate_180.jpg,59 Rengganis 2_rotate_180.jpg,59 Rengganis,868,4,test
/kaggle/input/datasets/hertiyani/batik-nitik-960-official-mendeley/Batik Nitik 960/Batik Nitik 960 Images/59 Rengganis 2_rotate_270.jpg,59 Rengganis 2_rotate_270.jpg,59 Rengganis,870,4,train
/kaggle/input/datasets/hertiyani/batik-nitik-960-official-mendeley/Batik Nitik 960/Batik Nitik 960 Images/59 Rengganis 2_rotate_90.jpg,59 Rengganis 2_rotate_90.jpg,59 Rengganis,870,4,train
/kaggle/input/datasets/hertiyani/batik-nitik-960-official-mendeley/Batik Nitik 960/Batik Nitik 960 Images/59 Rengganis 3.jpg,59 Rengganis 3.jpg,59 Rengganis,872,4,train
/kaggle/input/datasets/hertiyani/batik-nitik-960-official-mendeley/Batik Nitik 960/Batik Nitik 960 Images/59 Rengganis 3_rotate_180.jpg,59 Rengganis 3_rotate_180.jpg,59 Rengganis,872,4,train
/kaggle/input/datasets/hertiyani/batik-nitik-960-official-mendeley/Batik Nitik 960/Batik Nitik 960 Images/59 Rengganis 3_rotate_270.jpg,59 Rengganis 3_rotate_270.jpg,59 Rengganis,872,4,train
/kaggle/input/datasets/hertiyani/batik-nitik-960-official-mendeley/Batik Nitik 960/Batik Nitik 960 Images/59 Rengganis 3_rotate_90.jpg,59 Rengganis 3_rotate_90.jpg,59 Rengganis,872,4,train
/kaggle/input/datasets/hertiyani/batik-nitik-960-official-mendeley/Batik Nitik 960/Batik Nitik 960 Images/59 Rengganis 4.jpg,59 Rengganis 4.jpg,59 Rengganis,876,4,test
/kaggle/input/datasets/hertiyani/batik-nitik-960-official-mendeley/Batik Nitik 960/Batik Nitik 960 Images/59 Rengganis 4_rotate_180.jpg,59 Rengganis 4_rotate_180.jpg,59 Rengganis,876,4,test
/kaggle/input/datasets/hertiyani/batik-nitik-960-official-mendeley/Batik Nitik 960/Batik Nitik 960 Images/59 Rengganis 4_rotate_270.jpg,59 Rengganis 4_rotate_270.jpg,59 Rengganis,878,4,train
/kaggle/input/datasets/hertiyani/batik-nitik-960-official-mendeley/Batik Nitik 960/Batik Nitik 960 Images/59 Rengganis 4_rotate_90.jpg,59 Rengganis 4_rotate_90.jpg,59 Rengganis,878,4,train
/kaggle/input/datasets/hertiyani/batik-nitik-960-official-mendeley/Batik Nitik 960/Batik Nitik 960 Images/6 Arumdalu 1.jpg,6 Arumdalu 1.jpg,6 Arumdalu,880,4,test
/kaggle/input/datasets/hertiyani/batik-nitik-960-official-mendeley/Batik Nitik 960/Batik Nitik 960 Images/6 Arumdalu 1_rotate_180.jpg,6 Arumdalu 1_rotate_180.jpg,6 Arumdalu,880,4,test
/kaggle/input/datasets/hertiyani/batik-nitik-960-official-mendeley/Batik Nitik 960/Batik Nitik 960 Images/6 Arumdalu 1_rotate_270.jpg,6 Arumdalu 1_rotate_270.jpg,6 Arumdalu,880,4,test
/kaggle/input/datasets/hertiyani/batik-nitik-960-official-mendeley/Batik Nitik 960/Batik Nitik 960 Images/6 Arumdalu 1_rotate_90.jpg,6 Arumdalu 1_rotate_90.jpg,6 Arumdalu,880,4,test
/kaggle/input/datasets/hertiyani/batik-nitik-960-official-mendeley/Batik Nitik 960/Batik Nitik 960 Images/6 Arumdalu 2.jpg,6 Arumdalu 2.jpg,6 Arumdalu,884,4,train
/kaggle/input/datasets/hertiyani/batik-nitik-960-official-mendeley/Batik Nitik 960/Batik Nitik 960 Images/6 Arumdalu 2_rotate_180.jpg,6 Arumdalu 2_rotate_180.jpg,6 Arumdalu,884,4,train
/kaggle/input/datasets/hertiyani/batik-nitik-960-official-mendeley/Batik Nitik 960/Batik Nitik 960 Images/6 Arumdalu 2_rotate_270.jpg,6 Arumdalu 2_rotate_270.jpg,6 Arumdalu,886,4,train
/kaggle/input/datasets/hertiyani/batik-nitik-960-official-mendeley/Batik Nitik 960/Batik Nitik 960 Images/6 Arumdalu 2_rotate_90.jpg,6 Arumdalu 2_rotate_90.jpg,6 Arumdalu,886,4,train
/kaggle/input/datasets/hertiyani/batik-nitik-960-official-mendeley/Batik Nitik 960/Batik Nitik 960 Images/6 Arumdalu 3.jpg,6 Arumdalu 3.jpg,6 Arumdalu,888,4,train
/kaggle/input/datasets/hertiyani/batik-nitik-960-official-mendeley/Batik Nitik 960/Batik Nitik 960 Images/6 Arumdalu 3_rotate_180.jpg,6 Arumdalu 3_rotate_180.jpg,6 Arumdalu,888,4,train
/kaggle/input/datasets/hertiyani/batik-nitik-960-official-mendeley/Batik Nitik 960/Batik Nitik 960 Images/6 Arumdalu 3_rotate_270.jpg,6 Arumdalu 3_rotate_270.jpg,6 Arumdalu,888,4,train
/kaggle/input/datasets/hertiyani/batik-nitik-960-official-mendeley/Batik Nitik 960/Batik Nitik 960 Images/6 Arumdalu 3_rotate_90.jpg,6 Arumdalu 3_rotate_90.jpg,6 Arumdalu,888,4,train
/kaggle/input/datasets/hertiyani/batik-nitik-960-official-mendeley/Batik Nitik 960/Batik Nitik 960 Images/6 Arumdalu 4.jpg,6 Arumdalu 4.jpg,6 Arumdalu,892,4,train
/kaggle/input/datasets/hertiyani/batik-nitik-960-official-mendeley/Batik Nitik 960/Batik Nitik 960 Images/6 Arumdalu 4_rotate_180.jpg,6 Arumdalu 4_rotate_180.jpg,6 Arumdalu,892,4,train
/kaggle/input/datasets/hertiyani/batik-nitik-960-official-mendeley/Batik Nitik 960/Batik Nitik 960 Images/6 Arumdalu 4_rotate_270.jpg,6 Arumdalu 4_rotate_270.jpg,6 Arumdalu,894,4,test
/kaggle/input/datasets/hertiyani/batik-nitik-960-official-mendeley/Batik Nitik 960/Batik Nitik 960 Images/6 Arumdalu 4_rotate_90.jpg,6 Arumdalu 4_rotate_90.jpg,6 Arumdalu,894,4,test
/kaggle/input/datasets/hertiyani/batik-nitik-960-official-mendeley/Batik Nitik 960/Batik Nitik 960 Images/60 Sekar Gambir 1.jpg,60 Sekar Gambir 1.jpg,60 Sekar Gambir,896,4,test
/kaggle/input/datasets/hertiyani/batik-nitik-960-official-mendeley/Batik Nitik 960/Batik Nitik 960 Images/60 Sekar Gambir 1_rotate_180.jpg,60 Sekar Gambir 1_rotate_180.jpg,60 Sekar Gambir,896,4,test
/kaggle/input/datasets/hertiyani/batik-nitik-960-official-mendeley/Batik Nitik 960/Batik Nitik 960 Images/60 Sekar Gambir 1_rotate_270.jpg,60 Sekar Gambir 1_rotate_270.jpg,60 Sekar Gambir,898,4,test
/kaggle/input/datasets/hertiyani/batik-nitik-960-official-mendeley/Batik Nitik 960/Batik Nitik 960 Images/60 Sekar Gambir 1_rotate_90.jpg,60 Sekar Gambir 1_rotate_90.jpg,60 Sekar Gambir,898,4,test
/kaggle/input/datasets/hertiyani/batik-nitik-960-official-mendeley/Batik Nitik 960/Batik Nitik 960 Images/60 Sekar Gambir 2.jpg,60 Sekar Gambir 2.jpg,60 Sekar Gambir,900,4,train
/kaggle/input/datasets/hertiyani/batik-nitik-960-official-mendeley/Batik Nitik 960/Batik Nitik 960 Images/60 Sekar Gambir 2_rotate_180.jpg,60 Sekar Gambir 2_rotate_180.jpg,60 Sekar Gambir,900,4,train
/kaggle/input/datasets/hertiyani/batik-nitik-960-official-mendeley/Batik Nitik 960/Batik Nitik 960 Images/60 Sekar Gambir 2_rotate_270.jpg,60 Sekar Gambir 2_rotate_270.jpg,60 Sekar Gambir,902,4,test
/kaggle/input/datasets/hertiyani/batik-nitik-960-official-mendeley/Batik Nitik 960/Batik Nitik 960 Images/60 Sekar Gambir 2_rotate_90.jpg,60 Sekar Gambir 2_rotate_90.jpg,60 Sekar Gambir,902,4,test
/kaggle/input/datasets/hertiyani/batik-nitik-960-official-mendeley/Batik Nitik 960/Batik Nitik 960 Images/60 Sekar Gambir 3.jpg,60 Sekar Gambir 3.jpg,60 Sekar Gambir,904,4,train
/kaggle/input/datasets/hertiyani/batik-nitik-960-official-mendeley/Batik Nitik 960/Batik Nitik 960 Images/60 Sekar Gambir 3_rotate_180.jpg,60 Sekar Gambir 3_rotate_180.jpg,60 Sekar Gambir,904,4,train
/kaggle/input/datasets/hertiyani/batik-nitik-960-official-mendeley/Batik Nitik 960/Batik Nitik 960 Images/60 Sekar Gambir 3_rotate_270.jpg,60 Sekar Gambir 3_rotate_270.jpg,60 Sekar Gambir,904,4,train
/kaggle/input/datasets/hertiyani/batik-nitik-960-official-mendeley/Batik Nitik 960/Batik Nitik 960 Images/60 Sekar Gambir 3_rotate_90.jpg,60 Sekar Gambir 3_rotate_90.jpg,60 Sekar Gambir,904,4,train
/kaggle/input/datasets/hertiyani/batik-nitik-960-official-mendeley/Batik Nitik 960/Batik Nitik 960 Images/60 Sekar Gambir 4.jpg,60 Sekar Gambir 4.jpg,60 Sekar Gambir,908,4,train
/kaggle/input/datasets/hertiyani/batik-nitik-960-official-mendeley/Batik Nitik 960/Batik Nitik 960 Images/60 Sekar Gambir 4_rotate_180.jpg,60 Sekar Gambir 4_rotate_180.jpg,60 Sekar Gambir,908,4,train
/kaggle/input/datasets/hertiyani/batik-nitik-960-official-mendeley/Batik Nitik 960/Batik Nitik 960 Images/60 Sekar Gambir 4_rotate_270.jpg,60 Sekar Gambir 4_rotate_270.jpg,60 Sekar Gambir,910,4,train
/kaggle/input/datasets/hertiyani/batik-nitik-960-official-mendeley/Batik Nitik 960/Batik Nitik 960 Images/60 Sekar Gambir 4_rotate_90.jpg,60 Sekar Gambir 4_rotate_90.jpg,60 Sekar Gambir,910,4,train
/kaggle/input/datasets/hertiyani/batik-nitik-960-official-mendeley/Batik Nitik 960/Batik Nitik 960 Images/7 Sekar Srigadhing 1.jpg,7 Sekar Srigadhing 1.jpg,7 Sekar Srigadhing,912,4,train
/kaggle/input/datasets/hertiyani/batik-nitik-960-official-mendeley/Batik Nitik 960/Batik Nitik 960 Images/7 Sekar Srigadhing 1_rotate_180.jpg,7 Sekar Srigadhing 1_rotate_180.jpg,7 Sekar Srigadhing,912,4,train
/kaggle/input/datasets/hertiyani/batik-nitik-960-official-mendeley/Batik Nitik 960/Batik Nitik 960 Images/7 Sekar Srigadhing 1_rotate_270.jpg,7 Sekar Srigadhing 1_rotate_270.jpg,7 Sekar Srigadhing,914,4,train
/kaggle/input/datasets/hertiyani/batik-nitik-960-official-mendeley/Batik Nitik 960/Batik Nitik 960 Images/7 Sekar Srigadhing 1_rotate_90.jpg,7 Sekar Srigadhing 1_rotate_90.jpg,7 Sekar Srigadhing,914,4,train
/kaggle/input/datasets/hertiyani/batik-nitik-960-official-mendeley/Batik Nitik 960/Batik Nitik 960 Images/7 Sekar Srigadhing 2.jpg,7 Sekar Srigadhing 2.jpg,7 Sekar Srigadhing,916,4,test
/kaggle/input/datasets/hertiyani/batik-nitik-960-official-mendeley/Batik Nitik 960/Batik Nitik 960 Images/7 Sekar Srigadhing 2_rotate_180.jpg,7 Sekar Srigadhing 2_rotate_180.jpg,7 Sekar Srigadhing,916,4,test
/kaggle/input/datasets/hertiyani/batik-nitik-960-official-mendeley/Batik Nitik 960/Batik Nitik 960 Images/7 Sekar Srigadhing 2_rotate_270.jpg,7 Sekar Srigadhing 2_rotate_270.jpg,7 Sekar Srigadhing,918,4,test
/kaggle/input/datasets/hertiyani/batik-nitik-960-official-mendeley/Batik Nitik 960/Batik Nitik 960 Images/7 Sekar Srigadhing 2_rotate_90.jpg,7 Sekar Srigadhing 2_rotate_90.jpg,7 Sekar Srigadhing,918,4,test
/kaggle/input/datasets/hertiyani/batik-nitik-960-official-mendeley/Batik Nitik 960/Batik Nitik 960 Images/7 Sekar Srigadhing 3.jpg,7 Sekar Srigadhing 3.jpg,7 Sekar Srigadhing,920,4,test
/kaggle/input/datasets/hertiyani/batik-nitik-960-official-mendeley/Batik Nitik 960/Batik Nitik 960 Images/7 Sekar Srigadhing 3_rotate_180.jpg,7 Sekar Srigadhing 3_rotate_180.jpg,7 Sekar Srigadhing,920,4,test
/kaggle/input/datasets/hertiyani/batik-nitik-960-official-mendeley/Batik Nitik 960/Batik Nitik 960 Images/7 Sekar Srigadhing 3_rotate_270.jpg,7 Sekar Srigadhing 3_rotate_270.jpg,7 Sekar Srigadhing,922,4,train
/kaggle/input/datasets/hertiyani/batik-nitik-960-official-mendeley/Batik Nitik 960/Batik Nitik 960 Images/7 Sekar Srigadhing 3_rotate_90.jpg,7 Sekar Srigadhing 3_rotate_90.jpg,7 Sekar Srigadhing,922,4,train
/kaggle/input/datasets/hertiyani/batik-nitik-960-official-mendeley/Batik Nitik 960/Batik Nitik 960 Images/7 Sekar Srigadhing 4.jpg,7 Sekar Srigadhing 4.jpg,7 Sekar Srigadhing,924,4,train
/kaggle/input/datasets/hertiyani/batik-nitik-960-official-mendeley/Batik Nitik 960/Batik Nitik 960 Images/7 Sekar Srigadhing 4_rotate_180.jpg,7 Sekar Srigadhing 4_rotate_180.jpg,7 Sekar Srigadhing,924,4,train
/kaggle/input/datasets/hertiyani/batik-nitik-960-official-mendeley/Batik Nitik 960/Batik Nitik 960 Images/7 Sekar Srigadhing 4_rotate_270.jpg,7 Sekar Srigadhing 4_rotate_270.jpg,7 Sekar Srigadhing,926,4,train
/kaggle/input/datasets/hertiyani/batik-nitik-960-official-mendeley/Batik Nitik 960/Batik Nitik 960 Images/7 Sekar Srigadhing 4_rotate_90.jpg,7 Sekar Srigadhing 4_rotate_90.jpg,7 Sekar Srigadhing,926,4,train
/kaggle/input/datasets/hertiyani/batik-nitik-960-official-mendeley/Batik Nitik 960/Batik Nitik 960 Images/8 Kemukus 1.jpg,8 Kemukus 1.jpg,8 Kemukus,928,4,train
/kaggle/input/datasets/hertiyani/batik-nitik-960-official-mendeley/Batik Nitik 960/Batik Nitik 960 Images/8 Kemukus 1_rotate_180.jpg,8 Kemukus 1_rotate_180.jpg,8 Kemukus,928,4,train
/kaggle/input/datasets/hertiyani/batik-nitik-960-official-mendeley/Batik Nitik 960/Batik Nitik 960 Images/8 Kemukus 1_rotate_270.jpg,8 Kemukus 1_rotate_270.jpg,8 Kemukus,928,4,train
/kaggle/input/datasets/hertiyani/batik-nitik-960-official-mendeley/Batik Nitik 960/Batik Nitik 960 Images/8 Kemukus 1_rotate_90.jpg,8 Kemukus 1_rotate_90.jpg,8 Kemukus,928,4,train
/kaggle/input/datasets/hertiyani/batik-nitik-960-official-mendeley/Batik Nitik 960/Batik Nitik 960 Images/8 Kemukus 2.jpg,8 Kemukus 2.jpg,8 Kemukus,932,4,test
/kaggle/input/datasets/hertiyani/batik-nitik-960-official-mendeley/Batik Nitik 960/Batik Nitik 960 Images/8 Kemukus 2_rotate_180.jpg,8 Kemukus 2_rotate_180.jpg,8 Kemukus,932,4,test
/kaggle/input/datasets/hertiyani/batik-nitik-960-official-mendeley/Batik Nitik 960/Batik Nitik 960 Images/8 Kemukus 2_rotate_270.jpg,8 Kemukus 2_rotate_270.jpg,8 Kemukus,934,4,test
/kaggle/input/datasets/hertiyani/batik-nitik-960-official-mendeley/Batik Nitik 960/Batik Nitik 960 Images/8 Kemukus 2_rotate_90.jpg,8 Kemukus 2_rotate_90.jpg,8 Kemukus,934,4,test
/kaggle/input/datasets/hertiyani/batik-nitik-960-official-mendeley/Batik Nitik 960/Batik Nitik 960 Images/8 Kemukus 3.jpg,8 Kemukus 3.jpg,8 Kemukus,936,4,train
/kaggle/input/datasets/hertiyani/batik-nitik-960-official-mendeley/Batik Nitik 960/Batik Nitik 960 Images/8 Kemukus 3_rotate_180.jpg,8 Kemukus 3_rotate_180.jpg,8 Kemukus,936,4,train
/kaggle/input/datasets/hertiyani/batik-nitik-960-official-mendeley/Batik Nitik 960/Batik Nitik 960 Images/8 Kemukus 3_rotate_270.jpg,8 Kemukus 3_rotate_270.jpg,8 Kemukus,936,4,train
/kaggle/input/datasets/hertiyani/batik-nitik-960-official-mendeley/Batik Nitik 960/Batik Nitik 960 Images/8 Kemukus 3_rotate_90.jpg,8 Kemukus 3_rotate_90.jpg,8 Kemukus,936,4,train
/kaggle/input/datasets/hertiyani/batik-nitik-960-official-mendeley/Batik Nitik 960/Batik Nitik 960 Images/8 Kemukus 4.jpg,8 Kemukus 4.jpg,8 Kemukus,940,4,test
/kaggle/input/datasets/hertiyani/batik-nitik-960-official-mendeley/Batik Nitik 960/Batik Nitik 960 Images/8 Kemukus 4_rotate_180.jpg,8 Kemukus 4_rotate_180.jpg,8 Kemukus,940,4,test
/kaggle/input/datasets/hertiyani/batik-nitik-960-official-mendeley/Batik Nitik 960/Batik Nitik 960 Images/8 Kemukus 4_rotate_270.jpg,8 Kemukus 4_rotate_270.jpg,8 Kemukus,940,4,test
/kaggle/input/datasets/hertiyani/batik-nitik-960-official-mendeley/Batik Nitik 960/Batik Nitik 960 Images/8 Kemukus 4_rotate_90.jpg,8 Kemukus 4_rotate_90.jpg,8 Kemukus,940,4,test
/kaggle/input/datasets/hertiyani/batik-nitik-960-official-mendeley/Batik Nitik 960/Batik Nitik 960 Images/9 Sekar Gudhe 1.jpg,9 Sekar Gudhe 1.jpg,9 Sekar Gudhe,944,4,train
/kaggle/input/datasets/hertiyani/batik-nitik-960-official-mendeley/Batik Nitik 960/Batik Nitik 960 Images/9 Sekar Gudhe 1_rotate_180.jpg,9 Sekar Gudhe 1_rotate_180.jpg,9 Sekar Gudhe,944,4,train
/kaggle/input/datasets/hertiyani/batik-nitik-960-official-mendeley/Batik Nitik 960/Batik Nitik 960 Images/9 Sekar Gudhe 1_rotate_270.jpg,9 Sekar Gudhe 1_rotate_270.jpg,9 Sekar Gudhe,946,4,test
/kaggle/input/datasets/hertiyani/batik-nitik-960-official-mendeley/Batik Nitik 960/Batik Nitik 960 Images/9 Sekar Gudhe 1_rotate_90.jpg,9 Sekar Gudhe 1_rotate_90.jpg,9 Sekar Gudhe,946,4,test
/kaggle/input/datasets/hertiyani/batik-nitik-960-official-mendeley/Batik Nitik 960/Batik Nitik 960 Images/9 Sekar Gudhe 2.jpg,9 Sekar Gudhe 2.jpg,9 Sekar Gudhe,948,4,train
/kaggle/input/datasets/hertiyani/batik-nitik-960-official-mendeley/Batik Nitik 960/Batik Nitik 960 Images/9 Sekar Gudhe 2_rotate_180.jpg,9 Sekar Gudhe 2_rotate_180.jpg,9 Sekar Gudhe,948,4,train
/kaggle/input/datasets/hertiyani/batik-nitik-960-official-mendeley/Batik Nitik 960/Batik Nitik 960 Images/9 Sekar Gudhe 2_rotate_270.jpg,9 Sekar Gudhe 2_rotate_270.jpg,9 Sekar Gudhe,950,4,test
/kaggle/input/datasets/hertiyani/batik-nitik-960-official-mendeley/Batik Nitik 960/Batik Nitik 960 Images/9 Sekar Gudhe 2_rotate_90.jpg,9 Sekar Gudhe 2_rotate_90.jpg,9 Sekar Gudhe,950,4,test
/kaggle/input/datasets/hertiyani/batik-nitik-960-official-mendeley/Batik Nitik 960/Batik Nitik 960 Images/9 Sekar Gudhe 3.jpg,9 Sekar Gudhe 3.jpg,9 Sekar Gudhe,952,4,train
/kaggle/input/datasets/hertiyani/batik-nitik-960-official-mendeley/Batik Nitik 960/Batik Nitik 960 Images/9 Sekar Gudhe 3_rotate_180.jpg,9 Sekar Gudhe 3_rotate_180.jpg,9 Sekar Gudhe,952,4,train
/kaggle/input/datasets/hertiyani/batik-nitik-960-official-mendeley/Batik Nitik 960/Batik Nitik 960 Images/9 Sekar Gudhe 3_rotate_270.jpg,9 Sekar Gudhe 3_rotate_270.jpg,9 Sekar Gudhe,952,4,train
/kaggle/input/datasets/hertiyani/batik-nitik-960-official-mendeley/Batik Nitik 960/Batik Nitik 960 Images/9 Sekar Gudhe 3_rotate_90.jpg,9 Sekar Gudhe 3_rotate_90.jpg,9 Sekar Gudhe,952,4,train
/kaggle/input/datasets/hertiyani/batik-nitik-960-official-mendeley/Batik Nitik 960/Batik Nitik 960 Images/9 Sekar Gudhe 4.jpg,9 Sekar Gudhe 4.jpg,9 Sekar Gudhe,956,4,train
/kaggle/input/datasets/hertiyani/batik-nitik-960-official-mendeley/Batik Nitik 960/Batik Nitik 960 Images/9 Sekar Gudhe 4_rotate_180.jpg,9 Sekar Gudhe 4_rotate_180.jpg,9 Sekar Gudhe,956,4,train
/kaggle/input/datasets/hertiyani/batik-nitik-960-official-mendeley/Batik Nitik 960/Batik Nitik 960 Images/9 Sekar Gudhe 4_rotate_270.jpg,9 Sekar Gudhe 4_rotate_270.jpg,9 Sekar Gudhe,958,4,test
/kaggle/input/datasets/hertiyani/batik-nitik-960-official-mendeley/Batik Nitik 960/Batik Nitik 960 Images/9 Sekar Gudhe 4_rotate_90.jpg,9 Sekar Gudhe 4_rotate_90.jpg,9 Sekar Gudhe,958,4,test
