path,fname,label,width,height,bytes,md5,dup_group
/kaggle/input/datasets/dionisiusdh/indonesian-batik-motifs/batik-bali/1.jpg,1.jpg,batik-bali,1280,960,622552,a6cc4a5cd44bff4a10a04c7dc8782154,0
/kaggle/input/datasets/dionisiusdh/indonesian-batik-motifs/batik-bali/10.jpg,10.jpg,batik-bali,246,320,59538,6c488babe374cec32fbb46146aabe399,1
/kaggle/input/datasets/dionisiusdh/indonesian-batik-motifs/batik-bali/11.jpg,11.jpg,batik-bali,1702,1702,882701,225226f57d1c8765c106eca8e7753682,2
/kaggle/input/datasets/dionisiusdh/indonesian-batik-motifs/batik-bali/12.jpg,12.jpg,batik-bali,3000,4000,3656327,259fa88070db61b1cf46ccce9dbba686,3
/kaggle/input/datasets/dionisiusdh/indonesian-batik-motifs/batik-bali/13.jpg,13.jpg,batik-bali,1000,1000,240394,939b60bd071c2a3944572718311792db,4
/kaggle/input/datasets/dionisiusdh/indonesian-batik-motifs/batik-bali/14.jpg,14.jpg,batik-bali,1280,960,276680,b0c5ff49deccff28dd75a0adcd32d81a,5
/kaggle/input/datasets/dionisiusdh/indonesian-batik-motifs/batik-bali/15.jpg,15.jpg,batik-bali,953,1300,444898,3bec6ff115dabe43b329ada6952c4192,6
/kaggle/input/datasets/dionisiusdh/indonesian-batik-motifs/batik-bali/16.jpg,16.jpg,batik-bali,632,457,114629,0c80e2ee447e041297837a1bcaba311f,7
/kaggle/input/datasets/dionisiusdh/indonesian-batik-motifs/batik-bali/17.jpg,17.jpg,batik-bali,442,274,322727,70ab994ee06f552de06886db46b10733,8
/kaggle/input/datasets/dionisiusdh/indonesian-batik-motifs/batik-bali/18.jpg,18.jpg,batik-bali,750,430,104755,22c2f4dcfaf21717516ba5d8c0bc24a8,9
/kaggle/input/datasets/dionisiusdh/indonesian-batik-motifs/batik-bali/19.jpg,19.jpg,batik-bali,800,531,102516,54ab38d220b79f673e66d3a0279d821d,10
/kaggle/input/datasets/dionisiusdh/indonesian-batik-motifs/batik-bali/2.jpg,2.jpg,batik-bali,1365,1365,459920,96b78359bd74ff51fd6a20cbfef456b3,11
/kaggle/input/datasets/dionisiusdh/indonesian-batik-motifs/batik-bali/20.jpg,20.jpg,batik-bali,957,1300,353527,b57a2dcd07f3b4e305a8ed5e4ff10591,12
/kaggle/input/datasets/dionisiusdh/indonesian-batik-motifs/batik-bali/21.jpg,21.jpg,batik-bali,1400,787,208259,46ad0474504e25ae7c2611c1c1a28c34,13
/kaggle/input/datasets/dionisiusdh/indonesian-batik-motifs/batik-bali/22.jpg,22.jpg,batik-bali,2996,1970,869337,e6dcf614cc7bf5b0cd46396b333521b5,14
/kaggle/input/datasets/dionisiusdh/indonesian-batik-motifs/batik-bali/23.jpg,23.jpg,batik-bali,1600,878,365194,7ce4288182f02c8695826befd79bcf63,15
/kaggle/input/datasets/dionisiusdh/indonesian-batik-motifs/batik-bali/24.jpg,24.jpg,batik-bali,269,320,58232,9eefd96790253e8d86fe1db48730654a,16
/kaggle/input/datasets/dionisiusdh/indonesian-batik-motifs/batik-bali/25.jpg,25.jpg,batik-bali,600,400,401564,37330b7af33f231ce8363657c8a62a9b,17
/kaggle/input/datasets/dionisiusdh/indonesian-batik-motifs/batik-bali/26.jpg,26.jpg,batik-bali,1504,1000,966869,3c711ade824ae9257477cbf76d2f1f9d,18
/kaggle/input/datasets/dionisiusdh/indonesian-batik-motifs/batik-bali/27.jpg,27.jpg,batik-bali,1776,1772,642225,a881a135d5a06a398de4cfcc93837466,19
/kaggle/input/datasets/dionisiusdh/indonesian-batik-motifs/batik-bali/28.jpg,28.jpg,batik-bali,1600,1200,770515,1b8ac3c9c4ba4d2a26c27004335d6f9f,20
/kaggle/input/datasets/dionisiusdh/indonesian-batik-motifs/batik-bali/29.jpg,29.jpg,batik-bali,550,550,263303,469ec30e949b0a391d80c90bcaffdcc9,21
/kaggle/input/datasets/dionisiusdh/indonesian-batik-motifs/batik-bali/3.jpg,3.jpg,batik-bali,693,379,104508,4f6ae1a63d02b9c7c97a5df88e0ad1fb,22
/kaggle/input/datasets/dionisiusdh/indonesian-batik-motifs/batik-bali/30.jpg,30.jpg,batik-bali,801,1200,336503,a990eca5e3a1b24f8b743c45ab3206bb,23
/kaggle/input/datasets/dionisiusdh/indonesian-batik-motifs/batik-bali/31.jpg,31.jpg,batik-bali,1200,1478,382198,bbbc6d73180873f734288e613f10cc88,24
/kaggle/input/datasets/dionisiusdh/indonesian-batik-motifs/batik-bali/32.jpg,32.jpg,batik-bali,998,1000,228910,1fd56afd30092a1489ee019d5d2bb4a8,25
/kaggle/input/datasets/dionisiusdh/indonesian-batik-motifs/batik-bali/33.jpg,33.jpg,batik-bali,672,345,56695,95375455e65d099b2c6f1d2cec6f2ff4,26
/kaggle/input/datasets/dionisiusdh/indonesian-batik-motifs/batik-bali/34.jpg,34.jpg,batik-bali,320,266,36120,111028243039154161a33bcc355138ba,27
/kaggle/input/datasets/dionisiusdh/indonesian-batik-motifs/batik-bali/35.jpg,35.jpg,batik-bali,1300,957,371372,227468c86bf12a016e6b7f5975665d4e,28
/kaggle/input/datasets/dionisiusdh/indonesian-batik-motifs/batik-bali/36.jpg,36.jpg,batik-bali,1920,1080,1200546,1254c225f852667eb034ace6fa2cf9b7,29
/kaggle/input/datasets/dionisiusdh/indonesian-batik-motifs/batik-bali/37.jpg,37.jpg,batik-bali,626,626,276652,274d1c0350a69d2d17adee870f07e3b1,30
/kaggle/input/datasets/dionisiusdh/indonesian-batik-motifs/batik-bali/38.jpg,38.jpg,batik-bali,3664,2748,2035668,448b229ff4acb6614cb36e404dc2f173,31
/kaggle/input/datasets/dionisiusdh/indonesian-batik-motifs/batik-bali/39.jpg,39.jpg,batik-bali,1280,853,229457,fbb302b432582fa2bae06ff0ef533bf3,32
/kaggle/input/datasets/dionisiusdh/indonesian-batik-motifs/batik-bali/4.jpg,4.jpg,batik-bali,242,320,63471,4ba81b9cdf02d66b0841d5a7e469e553,33
/kaggle/input/datasets/dionisiusdh/indonesian-batik-motifs/batik-bali/40.jpg,40.jpg,batik-bali,897,890,211980,20f90db83d851f68f88e7883defbe27a,34
/kaggle/input/datasets/dionisiusdh/indonesian-batik-motifs/batik-bali/41.jpg,41.jpg,batik-bali,1600,1564,591467,ff7e6b7bde80342c7ead0366bbf19174,35
/kaggle/input/datasets/dionisiusdh/indonesian-batik-motifs/batik-bali/42.jpg,42.jpg,batik-bali,626,422,193314,baf4cd67a13c761fc3da6f111e2d5da3,36
/kaggle/input/datasets/dionisiusdh/indonesian-batik-motifs/batik-bali/43.jpg,43.jpg,batik-bali,888,565,281359,b90827665af5541bedc7905f4fcea232,37
/kaggle/input/datasets/dionisiusdh/indonesian-batik-motifs/batik-bali/44.jpg,44.jpg,batik-bali,1719,1719,588168,f7cdbd4046ee378bdfd7119092d50004,38
/kaggle/input/datasets/dionisiusdh/indonesian-batik-motifs/batik-bali/45.jpg,45.jpg,batik-bali,500,333,84407,11a4bd083896cb249156a948ab3fd8d9,39
/kaggle/input/datasets/dionisiusdh/indonesian-batik-motifs/batik-bali/46.jpg,46.jpg,batik-bali,300,300,52179,750c3588057fa83c213074d66bb7326b,40
/kaggle/input/datasets/dionisiusdh/indonesian-batik-motifs/batik-bali/47.jpg,47.jpg,batik-bali,400,300,185227,96d40a417bbf881ee24792c8045b1b67,41
/kaggle/input/datasets/dionisiusdh/indonesian-batik-motifs/batik-bali/48.jpg,48.jpg,batik-bali,1300,957,442122,b0ce04351f0305028101eed0b1f5ab4c,42
/kaggle/input/datasets/dionisiusdh/indonesian-batik-motifs/batik-bali/49.jpg,49.jpg,batik-bali,541,259,46121,a4de6fe6973701edf739e805aeed4156,43
/kaggle/input/datasets/dionisiusdh/indonesian-batik-motifs/batik-bali/5.jpg,5.jpg,batik-bali,894,894,275458,fefaf899e95d8c84f53c9e47e42fb206,44
/kaggle/input/datasets/dionisiusdh/indonesian-batik-motifs/batik-bali/50.jpg,50.jpg,batik-bali,545,409,179826,9b1ee82b9f61e3b155a90a252dd3e01f,45
/kaggle/input/datasets/dionisiusdh/indonesian-batik-motifs/batik-bali/6.jpg,6.jpg,batik-bali,600,800,174162,cfdaeaff49aa9b0ba8e4486d98b43934,46
/kaggle/input/datasets/dionisiusdh/indonesian-batik-motifs/batik-bali/7.jpg,7.jpg,batik-bali,736,1023,216642,9f16fa14d501021192e8b67b171e7ecf,47
/kaggle/input/datasets/dionisiusdh/indonesian-batik-motifs/batik-bali/8.jpg,8.jpg,batik-bali,488,316,313036,d9a34e1f68d4136e769436c00d440fa4,48
/kaggle/input/datasets/dionisiusdh/indonesian-batik-motifs/batik-bali/9.jpg,9.jpg,batik-bali,1936,2592,1341878,f312229afdcbfde2ba707aa7aa635f14,49
/kaggle/input/datasets/dionisiusdh/indonesian-batik-motifs/batik-betawi/1.jpg,1.jpg,batik-betawi,800,400,161923,b926efbd5c42014bdf478ccd37666fa1,50
/kaggle/input/datasets/dionisiusdh/indonesian-batik-motifs/batik-betawi/10.jpg,10.jpg,batik-betawi,640,1138,298192,4f27a6c5500f19f1b868b7e79462baee,51
/kaggle/input/datasets/dionisiusdh/indonesian-batik-motifs/batik-betawi/11.jpg,11.jpg,batik-betawi,730,547,173961,e525517246b6dcb2d8c5b9cad567b0fe,52
/kaggle/input/datasets/dionisiusdh/indonesian-batik-motifs/batik-betawi/12.jpg,12.jpg,batik-betawi,793,768,238900,b95c299e176074b27665c1fb11d7c732,53
/kaggle/input/datasets/dionisiusdh/indonesian-batik-motifs/batik-betawi/13.jpg,13.jpg,batik-betawi,640,432,94975,5a96bbd12fb94f15be986b19742090d7,54
/kaggle/input/datasets/dionisiusdh/indonesian-batik-motifs/batik-betawi/14.jpg,14.jpg,batik-betawi,700,400,47647,1453b4a546ee544125abef8eea86604c,55
/kaggle/input/datasets/dionisiusdh/indonesian-batik-motifs/batik-betawi/15.jpg,15.jpg,batik-betawi,400,300,66738,74779b924620e189208755c63230edc4,56
/kaggle/input/datasets/dionisiusdh/indonesian-batik-motifs/batik-betawi/16.jpg,16.jpg,batik-betawi,830,556,135989,55e27e96953f9a6cef5a08c2f9649da3,57
/kaggle/input/datasets/dionisiusdh/indonesian-batik-motifs/batik-betawi/17.jpg,17.jpg,batik-betawi,600,400,115856,099a148d6eca3f177893aaf41aa51b61,58
/kaggle/input/datasets/dionisiusdh/indonesian-batik-motifs/batik-betawi/18.jpg,18.jpg,batik-betawi,768,787,318461,f6044c57c3720d8894c8e7a8a47efd1c,59
/kaggle/input/datasets/dionisiusdh/indonesian-batik-motifs/batik-betawi/19.jpg,19.jpg,batik-betawi,259,194,22980,f6abba247dfb4773c86a1867279647a4,60
/kaggle/input/datasets/dionisiusdh/indonesian-batik-motifs/batik-betawi/2.jpg,2.jpg,batik-betawi,850,567,217725,c1a5f8e23da2a2db9c32463401955bf2,61
/kaggle/input/datasets/dionisiusdh/indonesian-batik-motifs/batik-betawi/20.jpg,20.jpg,batik-betawi,700,522,84512,17f073639fa775194d3f738a8f65d8a2,62
/kaggle/input/datasets/dionisiusdh/indonesian-batik-motifs/batik-betawi/21.jpg,21.jpg,batik-betawi,620,354,151658,87a5fc826343a0b8dacd7d4218be0ee0,63
/kaggle/input/datasets/dionisiusdh/indonesian-batik-motifs/batik-betawi/22.jpg,22.jpg,batik-betawi,960,720,191673,8e032b684b03568c6584d24fed7cccd9,64
/kaggle/input/datasets/dionisiusdh/indonesian-batik-motifs/batik-betawi/23.jpg,23.jpg,batik-betawi,241,185,26169,03456462e9464493cd0ab5758fa0697c,65
/kaggle/input/datasets/dionisiusdh/indonesian-batik-motifs/batik-betawi/24.jpg,24.jpg,batik-betawi,600,400,115758,86f30f9c56af939fef98159e58a8f832,66
/kaggle/input/datasets/dionisiusdh/indonesian-batik-motifs/batik-betawi/25.jpg,25.jpg,batik-betawi,664,800,124799,baf38658f4f6bee0b1d07c945f0741a9,67
/kaggle/input/datasets/dionisiusdh/indonesian-batik-motifs/batik-betawi/26.jpg,26.jpg,batik-betawi,800,450,86000,f40098ae593cf92938fd9ebdfa9017b1,68
/kaggle/input/datasets/dionisiusdh/indonesian-batik-motifs/batik-betawi/27.jpg,27.jpg,batik-betawi,2560,1440,4049459,a09f982d8aac17f128a4a5adc6504d11,69
/kaggle/input/datasets/dionisiusdh/indonesian-batik-motifs/batik-betawi/28.jpg,28.jpg,batik-betawi,830,556,130372,67661f25e8ad811363fcee1546ae906e,70
/kaggle/input/datasets/dionisiusdh/indonesian-batik-motifs/batik-betawi/29.jpg,29.jpg,batik-betawi,700,469,174792,ea1c2cbf1da778ddda5078d183c7942b,71
/kaggle/input/datasets/dionisiusdh/indonesian-batik-motifs/batik-betawi/3.jpg,3.jpg,batik-betawi,300,225,24480,2a0b7926822f19dc210c8065aff72c5b,72
/kaggle/input/datasets/dionisiusdh/indonesian-batik-motifs/batik-betawi/30.jpg,30.jpg,batik-betawi,1000,1000,123131,7acf09690cd86e9f9e528d0e8f02fa46,73
/kaggle/input/datasets/dionisiusdh/indonesian-batik-motifs/batik-betawi/31.jpg,31.jpg,batik-betawi,600,400,43105,b5637e07c5965ea27ba3a2039e657484,74
/kaggle/input/datasets/dionisiusdh/indonesian-batik-motifs/batik-betawi/32.jpg,32.jpg,batik-betawi,800,800,81753,de8c1999c6b9f3b5ead4dc6beaa98d16,75
/kaggle/input/datasets/dionisiusdh/indonesian-batik-motifs/batik-betawi/33.jpg,33.jpg,batik-betawi,1000,1000,240394,939b60bd071c2a3944572718311792db,4
/kaggle/input/datasets/dionisiusdh/indonesian-batik-motifs/batik-betawi/34.jpg,34.jpg,batik-betawi,259,194,20642,58564a13c4f3fe4c673bd3d224abd528,77
/kaggle/input/datasets/dionisiusdh/indonesian-batik-motifs/batik-betawi/35.jpg,35.jpg,batik-betawi,275,183,22328,f9f3ed0896eabd9ecf183fcaef0687b2,54
/kaggle/input/datasets/dionisiusdh/indonesian-batik-motifs/batik-betawi/36.jpg,36.jpg,batik-betawi,1000,522,200844,40699859f4ca3d20eb1eaf1e4198f6b6,79
/kaggle/input/datasets/dionisiusdh/indonesian-batik-motifs/batik-betawi/37.jpg,37.jpg,batik-betawi,1280,934,263563,a2ee87f10897d40b3a18dca4914da988,80
/kaggle/input/datasets/dionisiusdh/indonesian-batik-motifs/batik-betawi/38.jpg,38.jpg,batik-betawi,300,259,159489,c55a765c4d739b6e1e3276fca19faf52,81
/kaggle/input/datasets/dionisiusdh/indonesian-batik-motifs/batik-betawi/39.jpg,39.jpg,batik-betawi,650,565,71907,dafe88cd515d5f3322ffad3aca28a314,82
/kaggle/input/datasets/dionisiusdh/indonesian-batik-motifs/batik-betawi/4.jpg,4.jpg,batik-betawi,448,298,117044,3a4a0b460e5a1ad0887eca7eed7dc4ff,83
/kaggle/input/datasets/dionisiusdh/indonesian-batik-motifs/batik-betawi/40.jpg,40.jpg,batik-betawi,750,986,180517,8dede692777ba499c69432f0c30553e2,84
/kaggle/input/datasets/dionisiusdh/indonesian-batik-motifs/batik-betawi/41.jpg,41.jpg,batik-betawi,1000,1000,271622,e2b4719c97f466baa7d9695679633104,85
/kaggle/input/datasets/dionisiusdh/indonesian-batik-motifs/batik-betawi/42.jpg,42.jpg,batik-betawi,1024,1024,172084,78eb8607c44e8b113eda45569ce1f013,86
/kaggle/input/datasets/dionisiusdh/indonesian-batik-motifs/batik-betawi/43.jpg,43.jpg,batik-betawi,1000,1000,236076,d2d8a43fbc3ea6ce2e4d6b1932dfede1,87
/kaggle/input/datasets/dionisiusdh/indonesian-batik-motifs/batik-betawi/44.jpg,44.jpg,batik-betawi,240,168,18643,66ea2501ab357e2080405b1811ceb0a5,88
/kaggle/input/datasets/dionisiusdh/indonesian-batik-motifs/batik-betawi/45.jpg,45.jpg,batik-betawi,700,466,211253,190eb7877436f6732a1028619620db96,89
/kaggle/input/datasets/dionisiusdh/indonesian-batik-motifs/batik-betawi/46.jpg,46.jpg,batik-betawi,1600,1200,552500,9dfbfe4c2d74348cbf8d0fab23f887dd,90
/kaggle/input/datasets/dionisiusdh/indonesian-batik-motifs/batik-betawi/47.jpg,47.jpg,batik-betawi,900,675,261260,83295d775f04b2edd5bedf123a98ffc0,91
/kaggle/input/datasets/dionisiusdh/indonesian-batik-motifs/batik-betawi/48.jpg,48.jpg,batik-betawi,2536,1572,1773665,ac8bcc45f072f687c5dd1d00cbda9be4,92
/kaggle/input/datasets/dionisiusdh/indonesian-batik-motifs/batik-betawi/49.jpg,49.jpg,batik-betawi,596,559,117294,e5eae3f6c318b3352c02b87366f9582a,93
/kaggle/input/datasets/dionisiusdh/indonesian-batik-motifs/batik-betawi/5.jpg,5.jpg,batik-betawi,300,200,23711,45bf0b5ac59997416c6cd5381229aedb,55
/kaggle/input/datasets/dionisiusdh/indonesian-batik-motifs/batik-betawi/50.jpg,50.jpg,batik-betawi,640,400,123878,8478053f75175ac61593507a802356dc,95
/kaggle/input/datasets/dionisiusdh/indonesian-batik-motifs/batik-betawi/6.jpg,6.jpg,batik-betawi,768,850,254134,567ea45186852059b0de37998fcb1b65,96
/kaggle/input/datasets/dionisiusdh/indonesian-batik-motifs/batik-betawi/7.jpg,7.jpg,batik-betawi,700,700,127246,f46332341acc9c7ceaba5a0f7eb520d6,97
/kaggle/input/datasets/dionisiusdh/indonesian-batik-motifs/batik-betawi/8.jpg,8.jpg,batik-betawi,980,650,196193,95e9f718dac3cbe1b0de134ac9746514,98
/kaggle/input/datasets/dionisiusdh/indonesian-batik-motifs/batik-betawi/9.jpg,9.jpg,batik-betawi,600,400,119185,1d012f5e72ae9eef35c8bf9bc092e674,99
/kaggle/input/datasets/dionisiusdh/indonesian-batik-motifs/batik-celup/1.jpg,1.jpg,batik-celup,1040,780,292456,bda018b043eef7b6de1788d56ed5461e,100
/kaggle/input/datasets/dionisiusdh/indonesian-batik-motifs/batik-celup/10.jpg,10.jpg,batik-celup,744,711,166057,c9264e85b0849c97b4421662b618dff2,101
/kaggle/input/datasets/dionisiusdh/indonesian-batik-motifs/batik-celup/11.jpg,11.jpg,batik-celup,465,359,41815,da1594e03ecca1346d1a7938f4b06841,102
/kaggle/input/datasets/dionisiusdh/indonesian-batik-motifs/batik-celup/12.jpg,12.jpg,batik-celup,1502,977,109294,eb9c6c8cbd151c1a4b3475eff320b475,103
/kaggle/input/datasets/dionisiusdh/indonesian-batik-motifs/batik-celup/13.jpg,13.jpg,batik-celup,800,526,119681,8534348190cfc7d331793aac4a3b0669,104
/kaggle/input/datasets/dionisiusdh/indonesian-batik-motifs/batik-celup/14.jpg,14.jpg,batik-celup,1280,768,78843,b9746e8570be6a4462fe8b87ca837d53,105
/kaggle/input/datasets/dionisiusdh/indonesian-batik-motifs/batik-celup/15.jpg,15.jpg,batik-celup,300,225,26992,a0615b325ba742fd150856c56539ebf2,106
/kaggle/input/datasets/dionisiusdh/indonesian-batik-motifs/batik-celup/16.jpg,16.jpg,batik-celup,1600,1200,128458,778b0312f55ade051031793aeb24ceb5,107
/kaggle/input/datasets/dionisiusdh/indonesian-batik-motifs/batik-celup/17.jpg,17.jpg,batik-celup,506,600,84199,726d3aa141001ed667f15e4ba6eb4c46,108
/kaggle/input/datasets/dionisiusdh/indonesian-batik-motifs/batik-celup/18.jpg,18.jpg,batik-celup,580,435,79888,988498996557fcfae36a9d1e6561cace,109
/kaggle/input/datasets/dionisiusdh/indonesian-batik-motifs/batik-celup/19.jpg,19.jpg,batik-celup,320,242,47246,7446d3a03523e474256efc39340c099f,110
/kaggle/input/datasets/dionisiusdh/indonesian-batik-motifs/batik-celup/2.jpg,2.jpg,batik-celup,640,604,196248,36cd2a6f24f45561278849fc9990bae8,111
/kaggle/input/datasets/dionisiusdh/indonesian-batik-motifs/batik-celup/20.jpg,20.jpg,batik-celup,1200,1600,223368,5dfc1473ec94db94cee52f60072c6fb6,112
/kaggle/input/datasets/dionisiusdh/indonesian-batik-motifs/batik-celup/21.jpg,21.jpg,batik-celup,400,550,35952,62715b7d181f94235904d6ee07a27197,114
/kaggle/input/datasets/dionisiusdh/indonesian-batik-motifs/batik-celup/22.jpg,22.jpg,batik-celup,400,550,36607,051267bb9d0bb6737f756f45c067cd3b,114
/kaggle/input/datasets/dionisiusdh/indonesian-batik-motifs/batik-celup/23.jpg,23.jpg,batik-celup,400,550,38066,1a5d043ab96ad8faeab9f3db5dbacd5d,114
/kaggle/input/datasets/dionisiusdh/indonesian-batik-motifs/batik-celup/24.jpg,24.jpg,batik-celup,367,313,27193,be103e41ac237fa4ecb3629febcbe4e4,116
/kaggle/input/datasets/dionisiusdh/indonesian-batik-motifs/batik-celup/25.jpg,25.jpg,batik-celup,924,1416,479805,3badff6253c9647f9e1ff9168f2a72a1,117
/kaggle/input/datasets/dionisiusdh/indonesian-batik-motifs/batik-celup/26.jpg,26.jpg,batik-celup,1280,720,354008,ae3689706bcaf7fba61eb5867ec33747,118
/kaggle/input/datasets/dionisiusdh/indonesian-batik-motifs/batik-celup/27.jpg,27.jpg,batik-celup,638,479,90032,87eb87bd9a1362a9cbd30cbdee49a682,119
/kaggle/input/datasets/dionisiusdh/indonesian-batik-motifs/batik-celup/28.jpg,28.jpg,batik-celup,638,479,63014,1795ce186834d072746ba1f4283ca13c,120
/kaggle/input/datasets/dionisiusdh/indonesian-batik-motifs/batik-celup/29.jpg,29.jpg,batik-celup,400,550,39606,33650d9b4a70c7b709cbd436180a46e7,114
/kaggle/input/datasets/dionisiusdh/indonesian-batik-motifs/batik-celup/3.jpg,3.jpg,batik-celup,1600,1200,475184,e07b01e820ed773aec3fcaf236d20051,122
/kaggle/input/datasets/dionisiusdh/indonesian-batik-motifs/batik-celup/30.jpg,30.jpg,batik-celup,450,300,34358,eec74e06acde82895daea647d92bf68e,123
/kaggle/input/datasets/dionisiusdh/indonesian-batik-motifs/batik-celup/31.jpg,31.jpg,batik-celup,400,550,37812,10aeae5ba2970001239a63394a304fce,124
/kaggle/input/datasets/dionisiusdh/indonesian-batik-motifs/batik-celup/32.jpg,32.jpg,batik-celup,686,514,126341,939c382b044b0b99f53d974e2a3b45aa,125
/kaggle/input/datasets/dionisiusdh/indonesian-batik-motifs/batik-celup/33.jpg,33.jpg,batik-celup,1600,1200,221323,102d005e1297331c97da6451bb195461,126
/kaggle/input/datasets/dionisiusdh/indonesian-batik-motifs/batik-celup/34.jpg,34.jpg,batik-celup,400,550,53096,e812e81f6c5c5f998d95e1915ef9a24c,127
/kaggle/input/datasets/dionisiusdh/indonesian-batik-motifs/batik-celup/35.jpg,35.jpg,batik-celup,1600,1200,343887,d9be54e0d081e32f36a96361bf709c40,128
/kaggle/input/datasets/dionisiusdh/indonesian-batik-motifs/batik-celup/36.jpg,36.jpg,batik-celup,850,850,163925,025a0dfc5eaa04f552f1d0dd0342dac3,129
/kaggle/input/datasets/dionisiusdh/indonesian-batik-motifs/batik-celup/37.jpg,37.jpg,batik-celup,736,985,199840,784cb20fd89f446ada5ca1212417a4dd,130
/kaggle/input/datasets/dionisiusdh/indonesian-batik-motifs/batik-celup/38.jpg,38.jpg,batik-celup,2400,3760,1055680,dc2c041613e0c33c32f7520a7079ba8a,131
/kaggle/input/datasets/dionisiusdh/indonesian-batik-motifs/batik-celup/39.jpg,39.jpg,batik-celup,1600,1200,184565,8c7a98b96aa32e2148956870687be524,132
/kaggle/input/datasets/dionisiusdh/indonesian-batik-motifs/batik-celup/4.jpg,4.jpg,batik-celup,570,595,133712,2260c14d5953d09e88e59b1123e5e766,133
/kaggle/input/datasets/dionisiusdh/indonesian-batik-motifs/batik-celup/40.jpg,40.jpg,batik-celup,481,265,37222,c1a2485b0a063d5b27b89b6c18146a47,134
/kaggle/input/datasets/dionisiusdh/indonesian-batik-motifs/batik-celup/41.jpg,41.jpg,batik-celup,480,360,32466,e45bd4b6f8a1386878598c3ce578fab5,135
/kaggle/input/datasets/dionisiusdh/indonesian-batik-motifs/batik-celup/42.jpg,42.jpg,batik-celup,320,214,19600,6edcb7cb22607487b78e65ba7c6278f6,136
/kaggle/input/datasets/dionisiusdh/indonesian-batik-motifs/batik-celup/43.jpg,43.jpg,batik-celup,315,341,20776,5a58de01ed04e913ad8b29c0b662adb7,137
/kaggle/input/datasets/dionisiusdh/indonesian-batik-motifs/batik-celup/44.jpg,44.jpg,batik-celup,735,497,120219,e022da78992e61a37a7e00ee5a8ea6d0,138
/kaggle/input/datasets/dionisiusdh/indonesian-batik-motifs/batik-celup/45.jpg,45.jpg,batik-celup,400,300,60884,dcd93870b9e6d3f08767df82df093582,139
/kaggle/input/datasets/dionisiusdh/indonesian-batik-motifs/batik-celup/46.jpg,46.jpg,batik-celup,1200,1600,180795,28122363e775cf2399170ec2ef84001b,140
/kaggle/input/datasets/dionisiusdh/indonesian-batik-motifs/batik-celup/47.jpg,47.jpg,batik-celup,1441,1457,299056,d6f45bd2f5ae85cc11f205829685c905,141
/kaggle/input/datasets/dionisiusdh/indonesian-batik-motifs/batik-celup/48.jpg,48.jpg,batik-celup,500,375,43257,f2eac04965aa1f661e20740606e90cdf,142
/kaggle/input/datasets/dionisiusdh/indonesian-batik-motifs/batik-celup/49.jpg,49.jpg,batik-celup,400,400,42479,f8e24b795e90530a634e37a651eeb37a,143
/kaggle/input/datasets/dionisiusdh/indonesian-batik-motifs/batik-celup/5.jpg,5.jpg,batik-celup,429,356,33874,bb0a9c0ff3496b49ac8a28fa2c49ef05,144
/kaggle/input/datasets/dionisiusdh/indonesian-batik-motifs/batik-celup/50.jpg,50.jpg,batik-celup,600,315,40706,eba4397389a225d94970c1342df21cf3,145
/kaggle/input/datasets/dionisiusdh/indonesian-batik-motifs/batik-celup/6.jpg,6.jpg,batik-celup,650,362,41521,a6999ac539310074b9b8ab6a7e59924e,146
/kaggle/input/datasets/dionisiusdh/indonesian-batik-motifs/batik-celup/7.jpg,7.jpg,batik-celup,1200,630,171336,cacc120e5c01aa2f0854cad113f63b88,147
/kaggle/input/datasets/dionisiusdh/indonesian-batik-motifs/batik-celup/8.jpg,8.jpg,batik-celup,569,400,159401,b406889a56c238d1b19f8174d50a44f5,148
/kaggle/input/datasets/dionisiusdh/indonesian-batik-motifs/batik-celup/9.jpg,9.jpg,batik-celup,1280,720,47430,f67ea4bd6cd32d7e455ddf0851eaea14,149
/kaggle/input/datasets/dionisiusdh/indonesian-batik-motifs/batik-cendrawasih/1.jpg,1.jpg,batik-cendrawasih,1278,720,416748,495208b8ffd4189720368f8c89776c7e,150
/kaggle/input/datasets/dionisiusdh/indonesian-batik-motifs/batik-cendrawasih/10.jpg,10.jpg,batik-cendrawasih,300,227,30078,131fa9c1e9dbbf878c437c91864876a0,151
/kaggle/input/datasets/dionisiusdh/indonesian-batik-motifs/batik-cendrawasih/11.jpg,11.jpg,batik-cendrawasih,700,393,99672,a0b02bb160e5b8edb083da6ca0dca9d0,152
/kaggle/input/datasets/dionisiusdh/indonesian-batik-motifs/batik-cendrawasih/12.jpg,12.jpg,batik-cendrawasih,639,479,101280,d2d353f4b2c6c433c0761df1df512ad8,153
/kaggle/input/datasets/dionisiusdh/indonesian-batik-motifs/batik-cendrawasih/13.jpg,13.jpg,batik-cendrawasih,300,300,38976,bdf92eba329f291df0d50ad87176bfd6,154
/kaggle/input/datasets/dionisiusdh/indonesian-batik-motifs/batik-cendrawasih/14.jpg,14.jpg,batik-cendrawasih,1000,1000,192467,c88c25d4f4947f7688bba26b652fdaa8,155
/kaggle/input/datasets/dionisiusdh/indonesian-batik-motifs/batik-cendrawasih/15.jpg,15.jpg,batik-cendrawasih,320,360,50223,4403045b61a7687c87d628dc85423351,156
/kaggle/input/datasets/dionisiusdh/indonesian-batik-motifs/batik-cendrawasih/16.jpg,16.jpg,batik-cendrawasih,350,467,103393,752813b59ed0dd70a566614863a9de8d,157
/kaggle/input/datasets/dionisiusdh/indonesian-batik-motifs/batik-cendrawasih/17.jpg,17.jpg,batik-cendrawasih,1000,1500,255729,ae66ac44743765a5540f3a52cbc9e79e,158
/kaggle/input/datasets/dionisiusdh/indonesian-batik-motifs/batik-cendrawasih/19.jpg,19.jpg,batik-cendrawasih,750,356,109092,2e62866477a354eea3274d9cb73b8bb7,159
/kaggle/input/datasets/dionisiusdh/indonesian-batik-motifs/batik-cendrawasih/2.jpg,2.jpg,batik-cendrawasih,350,467,74823,233da0f3aa22e9a85ac9b513e32d2472,160
/kaggle/input/datasets/dionisiusdh/indonesian-batik-motifs/batik-cendrawasih/20.jpg,20.jpg,batik-cendrawasih,641,480,80413,dbca13e55b11a9cc4cb6ba073df53b98,161
/kaggle/input/datasets/dionisiusdh/indonesian-batik-motifs/batik-cendrawasih/21.jpg,21.jpg,batik-cendrawasih,452,499,45955,b969c936ffdf2c5e45c0dc7beb73d9b3,162
/kaggle/input/datasets/dionisiusdh/indonesian-batik-motifs/batik-cendrawasih/22.jpg,22.jpg,batik-cendrawasih,1000,1000,141913,db307b33f7b72749f8252939dd16f261,163
/kaggle/input/datasets/dionisiusdh/indonesian-batik-motifs/batik-cendrawasih/23.jpg,23.jpg,batik-cendrawasih,1000,1000,121898,97403f24f3e737457057402542c28248,164
/kaggle/input/datasets/dionisiusdh/indonesian-batik-motifs/batik-cendrawasih/24.jpg,24.jpg,batik-cendrawasih,1600,1200,326612,3f6cbbcfb83fde7c81c582e046dbe9ec,165
/kaggle/input/datasets/dionisiusdh/indonesian-batik-motifs/batik-cendrawasih/25.jpg,25.jpg,batik-cendrawasih,600,600,83384,ffdb60dd3c9b912737d48cdf944c8fca,166
/kaggle/input/datasets/dionisiusdh/indonesian-batik-motifs/batik-cendrawasih/26.jpg,26.jpg,batik-cendrawasih,400,550,47590,2e43fa0ed13b2bb1f94e052e9aa8ffed,167
/kaggle/input/datasets/dionisiusdh/indonesian-batik-motifs/batik-cendrawasih/27.jpg,27.jpg,batik-cendrawasih,350,467,55307,59f99c7ec3bac5b6bd51bf2cb8b156f0,168
/kaggle/input/datasets/dionisiusdh/indonesian-batik-motifs/batik-cendrawasih/28.jpg,28.jpg,batik-cendrawasih,683,1025,396017,4d542dd86705da36e89af8b5d2d27923,169
/kaggle/input/datasets/dionisiusdh/indonesian-batik-motifs/batik-cendrawasih/29.jpg,29.jpg,batik-cendrawasih,400,550,59399,03a4ee71f7a4d32fb30037bff4463cb6,170
/kaggle/input/datasets/dionisiusdh/indonesian-batik-motifs/batik-cendrawasih/3.jpg,3.jpg,batik-cendrawasih,1050,700,80374,847af51290307d62fe9c5e94be1f0bf0,171
/kaggle/input/datasets/dionisiusdh/indonesian-batik-motifs/batik-cendrawasih/30.jpg,30.jpg,batik-cendrawasih,683,1025,459521,fb45ed3eb9a1142e96af50e21e9ee702,172
/kaggle/input/datasets/dionisiusdh/indonesian-batik-motifs/batik-cendrawasih/31.jpg,31.jpg,batik-cendrawasih,683,1025,482270,3ac60e7f0c644839b38bcfe744843701,173
/kaggle/input/datasets/dionisiusdh/indonesian-batik-motifs/batik-cendrawasih/32.jpg,32.jpg,batik-cendrawasih,736,919,92084,db4b443a3d2aa162c29e3922cb33b522,174
/kaggle/input/datasets/dionisiusdh/indonesian-batik-motifs/batik-cendrawasih/33.jpg,33.jpg,batik-cendrawasih,300,262,25798,9576f60ee887fed3d387a108589ea65a,175
/kaggle/input/datasets/dionisiusdh/indonesian-batik-motifs/batik-cendrawasih/34.jpg,34.jpg,batik-cendrawasih,2500,2500,389428,77d0ae3e3903749d68cd02e2b8e016b0,176
/kaggle/input/datasets/dionisiusdh/indonesian-batik-motifs/batik-cendrawasih/35.jpg,35.jpg,batik-cendrawasih,450,600,121755,440782ef7dded3830ffa762157c7814f,177
/kaggle/input/datasets/dionisiusdh/indonesian-batik-motifs/batik-cendrawasih/36.jpg,36.jpg,batik-cendrawasih,720,349,143312,fa8397569130ff048d9aa0d802a8af1c,178
/kaggle/input/datasets/dionisiusdh/indonesian-batik-motifs/batik-cendrawasih/37.jpg,37.jpg,batik-cendrawasih,350,467,64519,4f52391874e429163b6cf2f108b20ad6,179
/kaggle/input/datasets/dionisiusdh/indonesian-batik-motifs/batik-cendrawasih/38.jpg,38.jpg,batik-cendrawasih,640,478,102756,4d79d14b98a159c51b0c59bc876ae1fb,180
/kaggle/input/datasets/dionisiusdh/indonesian-batik-motifs/batik-cendrawasih/39.jpg,39.jpg,batik-cendrawasih,1920,1920,454448,8dd3d784034d67926d2196e964fe0c37,181
/kaggle/input/datasets/dionisiusdh/indonesian-batik-motifs/batik-cendrawasih/4.jpg,4.jpg,batik-cendrawasih,349,465,47703,e308ac6f9a8a678b3dce4458b654005e,182
/kaggle/input/datasets/dionisiusdh/indonesian-batik-motifs/batik-cendrawasih/40.jpg,40.jpg,batik-cendrawasih,683,1025,426697,1977cd3a5bc639153bfb8ae0b9f480c8,183
/kaggle/input/datasets/dionisiusdh/indonesian-batik-motifs/batik-cendrawasih/41.jpg,41.jpg,batik-cendrawasih,700,933,278738,fe0b67c88405ca89048bcd1776b2c1f6,184
/kaggle/input/datasets/dionisiusdh/indonesian-batik-motifs/batik-cendrawasih/42.jpg,42.jpg,batik-cendrawasih,350,467,61360,83b53c9457f76b3500e46c369f9e5b71,185
/kaggle/input/datasets/dionisiusdh/indonesian-batik-motifs/batik-cendrawasih/43.jpg,43.jpg,batik-cendrawasih,875,563,76959,4c66d3f8a314a2d6988186ef123cb164,186
/kaggle/input/datasets/dionisiusdh/indonesian-batik-motifs/batik-cendrawasih/44.jpg,44.jpg,batik-cendrawasih,400,600,102412,726a330bb4007acc8517121c3fd5f830,187
/kaggle/input/datasets/dionisiusdh/indonesian-batik-motifs/batik-cendrawasih/45.jpg,45.jpg,batik-cendrawasih,900,900,176131,c06d4667d0d30b06e9698ba3eb4ae033,188
/kaggle/input/datasets/dionisiusdh/indonesian-batik-motifs/batik-cendrawasih/46.jpg,46.jpg,batik-cendrawasih,1000,1333,387025,236c4a29a260d16507e70db4d1eece19,189
/kaggle/input/datasets/dionisiusdh/indonesian-batik-motifs/batik-cendrawasih/47.jpg,47.jpg,batik-cendrawasih,641,344,554419,22b9115bb678f2d17041822be07edbcd,190
/kaggle/input/datasets/dionisiusdh/indonesian-batik-motifs/batik-cendrawasih/48.jpg,48.jpg,batik-cendrawasih,306,261,24945,7ee80628f70b77415efdbbccb2af9cda,191
/kaggle/input/datasets/dionisiusdh/indonesian-batik-motifs/batik-cendrawasih/49.jpg,49.jpg,batik-cendrawasih,700,400,37125,90f65b500f939a24269e9c6663f0ea9f,192
/kaggle/input/datasets/dionisiusdh/indonesian-batik-motifs/batik-cendrawasih/5.jpg,5.jpg,batik-cendrawasih,640,480,99326,38006b4fb396f17764642e838dd0c1b7,193
/kaggle/input/datasets/dionisiusdh/indonesian-batik-motifs/batik-cendrawasih/50.jpg,50.jpg,batik-cendrawasih,600,600,41545,ad386db895c398a223d090d7fb0c5835,194
/kaggle/input/datasets/dionisiusdh/indonesian-batik-motifs/batik-cendrawasih/6.jpg,6.jpg,batik-cendrawasih,1000,1333,519190,5b97b86ad09663c57c3fffeface5b9b2,195
/kaggle/input/datasets/dionisiusdh/indonesian-batik-motifs/batik-cendrawasih/7.jpg,7.jpg,batik-cendrawasih,1000,1500,292728,fb100c6aa639a11708600a64d8174038,196
/kaggle/input/datasets/dionisiusdh/indonesian-batik-motifs/batik-cendrawasih/8.jpg,8.jpg,batik-cendrawasih,512,512,68094,5c7f42006babaa363943d0eaf35da43a,197
/kaggle/input/datasets/dionisiusdh/indonesian-batik-motifs/batik-cendrawasih/9.jpg,9.jpg,batik-cendrawasih,450,600,118644,595c95a7082898d0ad170e112fcc7dd7,198
/kaggle/input/datasets/dionisiusdh/indonesian-batik-motifs/batik-ceplok/10.jpg,10.jpg,batik-ceplok,640,444,130840,3b6996b61313c23c8a88ccbcc3b43905,199
/kaggle/input/datasets/dionisiusdh/indonesian-batik-motifs/batik-ceplok/11.jpg,11.jpg,batik-ceplok,736,552,110378,52b5f0ea4f9083df71fcf91ef70e4064,200
/kaggle/input/datasets/dionisiusdh/indonesian-batik-motifs/batik-ceplok/12.jpg,12.jpg,batik-ceplok,1080,1383,475544,7ae2c74082f75acea2e7120c12d7d46d,201
/kaggle/input/datasets/dionisiusdh/indonesian-batik-motifs/batik-ceplok/13.jpg,13.jpg,batik-ceplok,600,436,95289,0ed31d446c6676337b75960740902f59,7
/kaggle/input/datasets/dionisiusdh/indonesian-batik-motifs/batik-ceplok/14.jpg,14.jpg,batik-ceplok,1600,1200,771070,82a86c7d368e503f91eb01ec764025b2,203
/kaggle/input/datasets/dionisiusdh/indonesian-batik-motifs/batik-ceplok/15.jpg,15.jpg,batik-ceplok,709,768,142234,c846985028c3298f84a849828637e707,204
/kaggle/input/datasets/dionisiusdh/indonesian-batik-motifs/batik-ceplok/17.jpg,17.jpg,batik-ceplok,300,224,32340,b2447f0fbb7e55a4346b17e952b72dc0,205
/kaggle/input/datasets/dionisiusdh/indonesian-batik-motifs/batik-ceplok/18.jpg,18.jpg,batik-ceplok,1138,1344,767284,56add7b2ef8e47f61fd60e0a8ba6f6f6,206
/kaggle/input/datasets/dionisiusdh/indonesian-batik-motifs/batik-ceplok/19.jpg,19.jpg,batik-ceplok,600,408,96384,ed726d55ca566abc6daf830517a774f7,207
/kaggle/input/datasets/dionisiusdh/indonesian-batik-motifs/batik-ceplok/2.jpg,2.jpg,batik-ceplok,700,700,546050,9a868741760922ab16a253594146f1cf,208
/kaggle/input/datasets/dionisiusdh/indonesian-batik-motifs/batik-ceplok/20.jpg,20.jpg,batik-ceplok,1600,1200,492798,0f747788845b88031a28de65ed754c62,209
/kaggle/input/datasets/dionisiusdh/indonesian-batik-motifs/batik-ceplok/21.jpg,21.jpg,batik-ceplok,2300,2678,1395139,85bb45e63403d9898a51fe815a0da460,210
/kaggle/input/datasets/dionisiusdh/indonesian-batik-motifs/batik-ceplok/22.jpg,22.jpg,batik-ceplok,1080,1383,168259,28b98bd42d4f83feaa05836abf58233d,211
/kaggle/input/datasets/dionisiusdh/indonesian-batik-motifs/batik-ceplok/23.jpg,23.jpg,batik-ceplok,1080,1383,436145,5c0e3b6388272dcc3741b10745665b5e,212
/kaggle/input/datasets/dionisiusdh/indonesian-batik-motifs/batik-ceplok/24.jpg,24.jpg,batik-ceplok,640,891,221688,05cc4d01afc5ec2069b1a17b1f4a8579,213
/kaggle/input/datasets/dionisiusdh/indonesian-batik-motifs/batik-ceplok/25.jpg,25.jpg,batik-ceplok,1088,1305,647808,e3eda1f405dc995950870baec0e41f76,214
/kaggle/input/datasets/dionisiusdh/indonesian-batik-motifs/batik-ceplok/26.jpg,26.jpg,batik-ceplok,400,550,64049,b822eb974f9a69f18c1a41b2b3918715,215
/kaggle/input/datasets/dionisiusdh/indonesian-batik-motifs/batik-ceplok/27.jpg,27.jpg,batik-ceplok,400,550,66362,061b2c39c3526308fb8ff35c19e106e3,215
/kaggle/input/datasets/dionisiusdh/indonesian-batik-motifs/batik-ceplok/28.jpg,28.jpg,batik-ceplok,350,467,95951,6def9941b21da3fe9ed9ca795e86df5f,217
/kaggle/input/datasets/dionisiusdh/indonesian-batik-motifs/batik-ceplok/29.jpg,29.jpg,batik-ceplok,750,563,153275,b37f246f982efdc0f8e651350f2a4b63,218
/kaggle/input/datasets/dionisiusdh/indonesian-batik-motifs/batik-ceplok/3.jpg,3.jpg,batik-ceplok,400,291,72594,1e320c9fb5af80bc6436ac48431983bc,219
/kaggle/input/datasets/dionisiusdh/indonesian-batik-motifs/batik-ceplok/30.jpg,30.jpg,batik-ceplok,1080,1383,225408,fc5a2b466e015d9d0e448ee33794e395,220
/kaggle/input/datasets/dionisiusdh/indonesian-batik-motifs/batik-ceplok/31.jpg,31.jpg,batik-ceplok,400,550,71633,84fec2a19c3a1505b0465a8511486cea,221
/kaggle/input/datasets/dionisiusdh/indonesian-batik-motifs/batik-ceplok/32.jpg,32.jpg,batik-ceplok,1080,1383,168944,bf1001f724e9c8e1c7d9cf79656bd6e9,222
/kaggle/input/datasets/dionisiusdh/indonesian-batik-motifs/batik-ceplok/33.jpg,33.jpg,batik-ceplok,224,299,37696,0fc55e1fc1a0f17b74e2e77186d4e827,223
/kaggle/input/datasets/dionisiusdh/indonesian-batik-motifs/batik-ceplok/34.jpg,34.jpg,batik-ceplok,1600,1200,635334,df8afd115297ca1e2c6be44ba8e18f42,224
/kaggle/input/datasets/dionisiusdh/indonesian-batik-motifs/batik-ceplok/35.jpg,35.jpg,batik-ceplok,500,375,84546,ec35bd59b7f9a0b9d9b9330790c97180,225
/kaggle/input/datasets/dionisiusdh/indonesian-batik-motifs/batik-ceplok/36.jpg,36.jpg,batik-ceplok,400,550,41795,8fe115dd645fd7c2109b47cf42661a23,226
/kaggle/input/datasets/dionisiusdh/indonesian-batik-motifs/batik-ceplok/37.jpg,37.jpg,batik-ceplok,700,698,610350,67aa26389a13c90149f974c3da7918e7,227
/kaggle/input/datasets/dionisiusdh/indonesian-batik-motifs/batik-ceplok/38.jpg,38.jpg,batik-ceplok,163,163,14248,a770e44b1c477fc89ee62e763bd14128,228
/kaggle/input/datasets/dionisiusdh/indonesian-batik-motifs/batik-ceplok/39.jpg,39.jpg,batik-ceplok,350,467,61905,d71b17f868f2cb24a68a54fbe650ac86,229
/kaggle/input/datasets/dionisiusdh/indonesian-batik-motifs/batik-ceplok/4.jpg,4.jpg,batik-ceplok,805,485,73481,856c1b64ce691f245cf9de78c898b4ee,230
/kaggle/input/datasets/dionisiusdh/indonesian-batik-motifs/batik-ceplok/40.jpg,40.jpg,batik-ceplok,400,550,70469,efa01ab74672328eac4825d83db30b99,231
/kaggle/input/datasets/dionisiusdh/indonesian-batik-motifs/batik-ceplok/41.jpg,41.jpg,batik-ceplok,2500,2500,496600,660942b89ca99e1b76bc670c02f22bcb,232
/kaggle/input/datasets/dionisiusdh/indonesian-batik-motifs/batik-ceplok/42.jpg,42.jpg,batik-ceplok,400,550,68252,62528a6124ef24417ba13057166b95fc,233
/kaggle/input/datasets/dionisiusdh/indonesian-batik-motifs/batik-ceplok/43.jpg,43.jpg,batik-ceplok,2500,2500,527608,34eaa44e84b21b1934049ec28dbafff2,756
/kaggle/input/datasets/dionisiusdh/indonesian-batik-motifs/batik-ceplok/44.jpg,44.jpg,batik-ceplok,1597,1113,891660,61d9a2df0505c6a9a33200d07f09822d,235
/kaggle/input/datasets/dionisiusdh/indonesian-batik-motifs/batik-ceplok/45.jpg,45.jpg,batik-ceplok,400,550,70984,99c1151c33fda40a5c3c96e9aa777fc1,236
/kaggle/input/datasets/dionisiusdh/indonesian-batik-motifs/batik-ceplok/46.jpg,46.jpg,batik-ceplok,300,243,29241,7f34e4d3eb46786507abd3f602ec16b5,237
/kaggle/input/datasets/dionisiusdh/indonesian-batik-motifs/batik-ceplok/47.jpg,47.jpg,batik-ceplok,2500,2500,691697,b9f7b2042cb3faf959cadd4786cbbc62,756
/kaggle/input/datasets/dionisiusdh/indonesian-batik-motifs/batik-ceplok/48.jpg,48.jpg,batik-ceplok,800,800,65447,80782d438ca96a3bd55452e765c0186c,239
/kaggle/input/datasets/dionisiusdh/indonesian-batik-motifs/batik-ceplok/49.jpg,49.jpg,batik-ceplok,400,550,65085,04dde24e669c72731477493fc50d90a3,240
/kaggle/input/datasets/dionisiusdh/indonesian-batik-motifs/batik-ceplok/5.jpg,5.jpg,batik-ceplok,1200,849,228636,b47126673a46f500fd30295d9580deaf,241
/kaggle/input/datasets/dionisiusdh/indonesian-batik-motifs/batik-ceplok/50.jpg,50.jpg,batik-ceplok,134,179,15416,d430c0644e5c6e402d63828f76799814,242
/kaggle/input/datasets/dionisiusdh/indonesian-batik-motifs/batik-ceplok/6.jpg,6.jpg,batik-ceplok,702,359,543432,8e0bb9b041849b335a8f6416d551d3cd,243
/kaggle/input/datasets/dionisiusdh/indonesian-batik-motifs/batik-ceplok/7.jpg,7.jpg,batik-ceplok,1600,1131,304910,7352a0bfaec788a3cfeb3c5dc76c4a5c,244
/kaggle/input/datasets/dionisiusdh/indonesian-batik-motifs/batik-ceplok/8.jpg,8.jpg,batik-ceplok,879,586,1066239,0a63bcf05da5a9501ed78d5098367214,245
/kaggle/input/datasets/dionisiusdh/indonesian-batik-motifs/batik-ceplok/9.jpg,9.jpg,batik-ceplok,640,691,165766,2b1cb9d2d69fbcf4120d857f7a35004b,246
/kaggle/input/datasets/dionisiusdh/indonesian-batik-motifs/batik-ciamis/1.jpg,1.jpg,batik-ciamis,2536,1572,1773665,ac8bcc45f072f687c5dd1d00cbda9be4,92
/kaggle/input/datasets/dionisiusdh/indonesian-batik-motifs/batik-ciamis/10.jpg,10.jpg,batik-ciamis,640,447,75366,24fec4e4732963e87de21d8f92d60a85,248
/kaggle/input/datasets/dionisiusdh/indonesian-batik-motifs/batik-ciamis/11.jpg,11.jpg,batik-ciamis,1600,1200,521940,b991281539704d0bac69409f3b33e3dc,249
/kaggle/input/datasets/dionisiusdh/indonesian-batik-motifs/batik-ciamis/12.jpg,12.jpg,batik-ciamis,300,200,27904,408163d36e15b6aaead20d14337d4e67,250
/kaggle/input/datasets/dionisiusdh/indonesian-batik-motifs/batik-ciamis/13.jpg,13.jpg,batik-ciamis,1600,1002,369930,9e5ec01da873ea70daf0afb1e1c6b9da,251
/kaggle/input/datasets/dionisiusdh/indonesian-batik-motifs/batik-ciamis/14.jpg,14.jpg,batik-ciamis,630,380,69700,f5e6fdedb533c0c918dd400487edb1bf,252
/kaggle/input/datasets/dionisiusdh/indonesian-batik-motifs/batik-ciamis/15.jpg,15.jpg,batik-ciamis,550,368,65640,e2bbdf20cc5b7164f18ebbdad2b26b4f,253
/kaggle/input/datasets/dionisiusdh/indonesian-batik-motifs/batik-ciamis/16.jpg,16.jpg,batik-ciamis,300,155,33419,b985f418c59cc22285ed3c938a8b16b2,254
/kaggle/input/datasets/dionisiusdh/indonesian-batik-motifs/batik-ciamis/17.jpg,17.jpg,batik-ciamis,1024,791,215004,173f077bbb2454aa94a69e90a6fcba0e,255
/kaggle/input/datasets/dionisiusdh/indonesian-batik-motifs/batik-ciamis/18.jpg,18.jpg,batik-ciamis,750,430,66657,9188399d865a1e73bead4935075b76be,256
/kaggle/input/datasets/dionisiusdh/indonesian-batik-motifs/batik-ciamis/19.jpg,19.jpg,batik-ciamis,650,436,84199,96da5499b898e1235ea02c4c39886e60,257
/kaggle/input/datasets/dionisiusdh/indonesian-batik-motifs/batik-ciamis/2.jpg,2.jpg,batik-ciamis,600,400,122942,073693764601cd168c6645fbe1b35576,258
/kaggle/input/datasets/dionisiusdh/indonesian-batik-motifs/batik-ciamis/20.jpg,20.jpg,batik-ciamis,630,380,72398,a5c469f56e3300f046d32cbc191fe213,259
/kaggle/input/datasets/dionisiusdh/indonesian-batik-motifs/batik-ciamis/21.jpg,21.jpg,batik-ciamis,320,314,25122,83bdb9340917d6b10d356afaf3e32233,260
/kaggle/input/datasets/dionisiusdh/indonesian-batik-motifs/batik-ciamis/22.jpg,22.jpg,batik-ciamis,630,380,57779,ea69c78f35511627c3dd86a864625235,261
/kaggle/input/datasets/dionisiusdh/indonesian-batik-motifs/batik-ciamis/23.jpg,23.jpg,batik-ciamis,243,253,12944,913e550131a7a99fd886f4aaee59ce00,262
/kaggle/input/datasets/dionisiusdh/indonesian-batik-motifs/batik-ciamis/24.jpg,24.jpg,batik-ciamis,630,380,88649,f2cce92b08ba2b959b5284a61918df36,263
/kaggle/input/datasets/dionisiusdh/indonesian-batik-motifs/batik-ciamis/25.jpg,25.jpg,batik-ciamis,875,624,110220,677028d6df9bba6e8d827da0bb6c5eaa,264
/kaggle/input/datasets/dionisiusdh/indonesian-batik-motifs/batik-ciamis/26.jpg,26.jpg,batik-ciamis,243,253,11154,4374074182ed3fafafdb6a0a2c52ffb7,265
/kaggle/input/datasets/dionisiusdh/indonesian-batik-motifs/batik-ciamis/27.jpg,27.jpg,batik-ciamis,243,253,17434,cae1794b676ca04d7cbff7d43dba0823,266
/kaggle/input/datasets/dionisiusdh/indonesian-batik-motifs/batik-ciamis/28.jpg,28.jpg,batik-ciamis,283,425,198956,17b8086b3e077e6e0c56a23cb209db76,267
/kaggle/input/datasets/dionisiusdh/indonesian-batik-motifs/batik-ciamis/29.jpg,29.jpg,batik-ciamis,630,380,69012,7b098f66cddd16f71d22a0ed99cbfad1,268
/kaggle/input/datasets/dionisiusdh/indonesian-batik-motifs/batik-ciamis/3.jpg,3.jpg,batik-ciamis,700,541,115614,d08f00d43b749487d118c0696f5a2a1c,255
/kaggle/input/datasets/dionisiusdh/indonesian-batik-motifs/batik-ciamis/30.jpg,30.jpg,batik-ciamis,630,380,70908,707ce29c758c5d4f0a9e53a6b2c33eb5,270
/kaggle/input/datasets/dionisiusdh/indonesian-batik-motifs/batik-ciamis/31.jpg,31.jpg,batik-ciamis,630,380,95643,481848ab3d3b015ede3af689df83efd1,271
/kaggle/input/datasets/dionisiusdh/indonesian-batik-motifs/batik-ciamis/32.jpg,32.jpg,batik-ciamis,960,1280,171858,63a6211a6c2e6bfcfa2541acd5499586,272
/kaggle/input/datasets/dionisiusdh/indonesian-batik-motifs/batik-ciamis/33.jpg,33.jpg,batik-ciamis,600,400,290672,78fe1bd2fd35305596cadd5d56c34dd9,273
/kaggle/input/datasets/dionisiusdh/indonesian-batik-motifs/batik-ciamis/34.jpg,34.jpg,batik-ciamis,1600,1200,541847,694b90b858b3f42dc007e6be4dc00771,274
/kaggle/input/datasets/dionisiusdh/indonesian-batik-motifs/batik-ciamis/35.jpg,35.jpg,batik-ciamis,300,200,24007,8a8afd6a6357ad88b1a2e86b7851f05a,275
/kaggle/input/datasets/dionisiusdh/indonesian-batik-motifs/batik-ciamis/36.jpg,36.jpg,batik-ciamis,403,458,45048,31b9177981bb07c517e8ff04d516726d,276
/kaggle/input/datasets/dionisiusdh/indonesian-batik-motifs/batik-ciamis/37.jpg,37.jpg,batik-ciamis,300,225,22113,0d673e2a628e9f5cedb7861b3b29ea91,277
/kaggle/input/datasets/dionisiusdh/indonesian-batik-motifs/batik-ciamis/38.jpg,38.jpg,batik-ciamis,420,336,59795,8847b05a019357151e8017f8d5200a05,278
/kaggle/input/datasets/dionisiusdh/indonesian-batik-motifs/batik-ciamis/39.jpg,39.jpg,batik-ciamis,700,430,84334,7c69acf01bf48e67b5079f077aeb9b26,279
/kaggle/input/datasets/dionisiusdh/indonesian-batik-motifs/batik-ciamis/4.jpg,4.jpg,batik-ciamis,709,702,156129,3be71608c8465ec1d523fada97b2dcb0,280
/kaggle/input/datasets/dionisiusdh/indonesian-batik-motifs/batik-ciamis/40.jpg,40.jpg,batik-ciamis,243,253,15758,ad111d2dd24cc1e16ffb7d5eeeb03b67,281
/kaggle/input/datasets/dionisiusdh/indonesian-batik-motifs/batik-ciamis/41.jpg,41.jpg,batik-ciamis,243,253,14290,cd69dce9eed8e5545c3db39561f1f6a1,282
/kaggle/input/datasets/dionisiusdh/indonesian-batik-motifs/batik-ciamis/42.jpg,42.jpg,batik-ciamis,300,222,23979,54bea9d99d071d6bf53c847dd1e86a0d,283
/kaggle/input/datasets/dionisiusdh/indonesian-batik-motifs/batik-ciamis/43.jpg,43.jpg,batik-ciamis,700,525,69757,05b25587b8d84ecb9b8185fa2088d029,284
/kaggle/input/datasets/dionisiusdh/indonesian-batik-motifs/batik-ciamis/44.jpg,44.jpg,batik-ciamis,736,459,98399,ef090553c68067f5f00866d21b7a6b69,285
/kaggle/input/datasets/dionisiusdh/indonesian-batik-motifs/batik-ciamis/45.jpg,45.jpg,batik-ciamis,767,476,142452,31eb1438cf19ede3e772332e921c6629,286
/kaggle/input/datasets/dionisiusdh/indonesian-batik-motifs/batik-ciamis/46.jpg,46.jpg,batik-ciamis,792,587,174118,9649cd30a6565a46b27f1d044d4834c9,283
/kaggle/input/datasets/dionisiusdh/indonesian-batik-motifs/batik-ciamis/47.jpg,47.jpg,batik-ciamis,640,452,178437,2d72b4ab2ecfe71e3224de4e09e643e5,288
/kaggle/input/datasets/dionisiusdh/indonesian-batik-motifs/batik-ciamis/48.jpg,48.jpg,batik-ciamis,400,268,52422,7b2ab7068b37b830eeae7643c4a5664a,289
/kaggle/input/datasets/dionisiusdh/indonesian-batik-motifs/batik-ciamis/49.jpg,49.jpg,batik-ciamis,640,360,31045,26a12518c0fe0272d98049a7ecbafa95,290
/kaggle/input/datasets/dionisiusdh/indonesian-batik-motifs/batik-ciamis/5.jpg,5.jpg,batik-ciamis,300,200,35823,332b21c5ae1bfc078bdc4cf607f4f34d,291
/kaggle/input/datasets/dionisiusdh/indonesian-batik-motifs/batik-ciamis/50.jpg,50.jpg,batik-ciamis,320,317,60783,b803ffb99aef326974250c612e5a01ca,280
/kaggle/input/datasets/dionisiusdh/indonesian-batik-motifs/batik-ciamis/6.jpg,6.jpg,batik-ciamis,700,525,91014,9df445b81e121343640f7b6878390245,293
/kaggle/input/datasets/dionisiusdh/indonesian-batik-motifs/batik-ciamis/7.jpg,7.jpg,batik-ciamis,600,400,236437,833b358791925d35aef2ca27cb0a972c,294
/kaggle/input/datasets/dionisiusdh/indonesian-batik-motifs/batik-ciamis/8.jpg,8.jpg,batik-ciamis,650,436,103189,f6b3b30632977b088d205abe3a107cef,295
/kaggle/input/datasets/dionisiusdh/indonesian-batik-motifs/batik-ciamis/9.jpg,9.jpg,batik-ciamis,600,400,305325,81543e9d96f4fb8594a324155901e48c,296
/kaggle/input/datasets/dionisiusdh/indonesian-batik-motifs/batik-garutan/1.jpg,1.jpg,batik-garutan,800,800,188548,26277dfd2d1ddd41185b16a825ac9906,297
/kaggle/input/datasets/dionisiusdh/indonesian-batik-motifs/batik-garutan/10.jpg,10.jpg,batik-garutan,855,570,274612,6328cee61ef739377ddae9103d14c011,298
/kaggle/input/datasets/dionisiusdh/indonesian-batik-motifs/batik-garutan/11.jpg,11.jpg,batik-garutan,720,713,1156358,5060f1dcc7855251bc03308a0489baaa,299
/kaggle/input/datasets/dionisiusdh/indonesian-batik-motifs/batik-garutan/12.jpg,12.jpg,batik-garutan,300,233,23574,1b8cbbd2df3467b6c2e5fc048a8c5dd9,300
/kaggle/input/datasets/dionisiusdh/indonesian-batik-motifs/batik-garutan/13.jpg,13.jpg,batik-garutan,2001,1210,920835,89c80cd082b4b0a2cd890f174d74ccff,301
/kaggle/input/datasets/dionisiusdh/indonesian-batik-motifs/batik-garutan/14.jpg,14.jpg,batik-garutan,720,604,811261,1c18e7655d687c01700156ad7129e3d4,302
/kaggle/input/datasets/dionisiusdh/indonesian-batik-motifs/batik-garutan/15.jpg,15.jpg,batik-garutan,150,150,11102,ce178798224f5684f6c130d964a42c82,303
/kaggle/input/datasets/dionisiusdh/indonesian-batik-motifs/batik-garutan/16.jpg,16.jpg,batik-garutan,320,243,36591,2161a60e60c2dc92455b8e6a57393a18,304
/kaggle/input/datasets/dionisiusdh/indonesian-batik-motifs/batik-garutan/17.jpg,17.jpg,batik-garutan,648,702,185641,0be77699bd4538ff208df764e52457de,305
/kaggle/input/datasets/dionisiusdh/indonesian-batik-motifs/batik-garutan/18.jpg,18.jpg,batik-garutan,1539,1024,180156,fceccaec03292a210b2c91001db52438,306
/kaggle/input/datasets/dionisiusdh/indonesian-batik-motifs/batik-garutan/19.jpg,19.jpg,batik-garutan,681,1024,304402,5f3f47fbd9f1982c62215e239c668cc3,307
/kaggle/input/datasets/dionisiusdh/indonesian-batik-motifs/batik-garutan/2.jpg,2.jpg,batik-garutan,299,169,19455,60e25cb98134d659abd81600acc624dc,308
/kaggle/input/datasets/dionisiusdh/indonesian-batik-motifs/batik-garutan/20.jpg,20.jpg,batik-garutan,1600,1200,288438,c1f544738e72f9a71247c983b5479a90,309
/kaggle/input/datasets/dionisiusdh/indonesian-batik-motifs/batik-garutan/21.jpg,21.jpg,batik-garutan,1000,1000,200443,9f024402302c6854924bc5c2362ab3b0,310
/kaggle/input/datasets/dionisiusdh/indonesian-batik-motifs/batik-garutan/22.jpg,22.jpg,batik-garutan,576,819,59585,0ea96cce4f32b412998588b4fed7a5da,311
/kaggle/input/datasets/dionisiusdh/indonesian-batik-motifs/batik-garutan/23.jpg,23.jpg,batik-garutan,480,640,78322,1c95cc5674275a4343ae149df02a836b,312
/kaggle/input/datasets/dionisiusdh/indonesian-batik-motifs/batik-garutan/24.jpg,24.jpg,batik-garutan,609,457,119983,d0f6496b161152231a939643c3eb345f,313
/kaggle/input/datasets/dionisiusdh/indonesian-batik-motifs/batik-garutan/25.jpg,25.jpg,batik-garutan,800,800,179246,8d97d4d73a737388ef01de4d0270c2f0,314
/kaggle/input/datasets/dionisiusdh/indonesian-batik-motifs/batik-garutan/26.jpg,26.jpg,batik-garutan,380,570,84042,caa78b8617a489951360b6f1599927ca,315
/kaggle/input/datasets/dionisiusdh/indonesian-batik-motifs/batik-garutan/27.jpg,27.jpg,batik-garutan,800,800,160237,bbb2e91cb14f2498696f701459a37298,316
/kaggle/input/datasets/dionisiusdh/indonesian-batik-motifs/batik-garutan/28.jpg,28.jpg,batik-garutan,670,335,36998,24c3c898a698faa30cb33adfaca0f385,317
/kaggle/input/datasets/dionisiusdh/indonesian-batik-motifs/batik-garutan/29.jpg,29.jpg,batik-garutan,300,300,25838,c0ad568b33be789a90efcd033caf5ebb,318
/kaggle/input/datasets/dionisiusdh/indonesian-batik-motifs/batik-garutan/3.jpg,3.jpg,batik-garutan,1241,1222,193591,484ea6fcc1becfa1f491c3f5ada0409f,319
/kaggle/input/datasets/dionisiusdh/indonesian-batik-motifs/batik-garutan/30.jpg,30.jpg,batik-garutan,600,450,156294,8d4ba7512a23dca4f1fa11ed8791e0df,320
/kaggle/input/datasets/dionisiusdh/indonesian-batik-motifs/batik-garutan/31.jpg,31.jpg,batik-garutan,614,461,176409,ad6cb3e01a4e686e77e600a09a75ebed,321
/kaggle/input/datasets/dionisiusdh/indonesian-batik-motifs/batik-garutan/32.jpg,32.jpg,batik-garutan,800,800,157080,5025489f41d5a5fe9d2a665a3317e410,322
/kaggle/input/datasets/dionisiusdh/indonesian-batik-motifs/batik-garutan/33.jpg,33.jpg,batik-garutan,750,750,125070,16a3d926e71195e083c1440872e86bb4,323
/kaggle/input/datasets/dionisiusdh/indonesian-batik-motifs/batik-garutan/34.jpg,34.jpg,batik-garutan,400,300,40035,a527056d9a10b9ed3c580dce054f2596,324
/kaggle/input/datasets/dionisiusdh/indonesian-batik-motifs/batik-garutan/35.jpg,35.jpg,batik-garutan,1505,968,941845,e20da501b32db7d115f8e06e43567873,325
/kaggle/input/datasets/dionisiusdh/indonesian-batik-motifs/batik-garutan/36.jpg,36.jpg,batik-garutan,332,604,75699,46abecb83f5414afa76921c74649d9d5,326
/kaggle/input/datasets/dionisiusdh/indonesian-batik-motifs/batik-garutan/37.jpg,37.jpg,batik-garutan,800,557,157779,3e708613b8cb15fffb6e96e9783f872a,327
/kaggle/input/datasets/dionisiusdh/indonesian-batik-motifs/batik-garutan/38.jpg,38.jpg,batik-garutan,640,430,102970,b784944c1c8346aaa23d6b9e8d02c17d,328
/kaggle/input/datasets/dionisiusdh/indonesian-batik-motifs/batik-garutan/39.jpg,39.jpg,batik-garutan,550,368,65640,e2bbdf20cc5b7164f18ebbdad2b26b4f,253
/kaggle/input/datasets/dionisiusdh/indonesian-batik-motifs/batik-garutan/4.jpg,4.jpg,batik-garutan,2536,1572,1773665,ac8bcc45f072f687c5dd1d00cbda9be4,92
/kaggle/input/datasets/dionisiusdh/indonesian-batik-motifs/batik-garutan/40.jpg,40.jpg,batik-garutan,1936,2592,725509,225949c0be9a5b7cb76b915638b282e8,331
/kaggle/input/datasets/dionisiusdh/indonesian-batik-motifs/batik-garutan/41.jpg,41.jpg,batik-garutan,480,640,69961,9869dc250fdc8b077c602d65fb28fb1e,332
/kaggle/input/datasets/dionisiusdh/indonesian-batik-motifs/batik-garutan/42.jpg,42.jpg,batik-garutan,1000,1142,146276,073b3c5ce4b34ec2316998fc6de6a12d,333
/kaggle/input/datasets/dionisiusdh/indonesian-batik-motifs/batik-garutan/43.jpg,43.jpg,batik-garutan,800,800,208513,47eb3bc461576d8e7692c009ad4f1ed6,334
/kaggle/input/datasets/dionisiusdh/indonesian-batik-motifs/batik-garutan/44.jpg,44.jpg,batik-garutan,585,1068,232253,53aa06a758b06d0ff9cf1384e25c2072,335
/kaggle/input/datasets/dionisiusdh/indonesian-batik-motifs/batik-garutan/45.jpg,45.jpg,batik-garutan,800,800,201223,450679f17ee15a65e37500f58255b723,336
/kaggle/input/datasets/dionisiusdh/indonesian-batik-motifs/batik-garutan/46.jpg,46.jpg,batik-garutan,1400,1379,260260,20882d355a55eec627203285784ceeef,337
/kaggle/input/datasets/dionisiusdh/indonesian-batik-motifs/batik-garutan/47.jpg,47.jpg,batik-garutan,1066,1600,331190,b771c155ba09caff7542ee4ade27e548,338
/kaggle/input/datasets/dionisiusdh/indonesian-batik-motifs/batik-garutan/48.jpg,48.jpg,batik-garutan,1539,1024,174134,69a6b71f4e4811626db0f60a7031a6af,339
/kaggle/input/datasets/dionisiusdh/indonesian-batik-motifs/batik-garutan/49.jpg,49.jpg,batik-garutan,458,458,73388,fa037d8a0953ffb664522c0e98ddca1f,340
/kaggle/input/datasets/dionisiusdh/indonesian-batik-motifs/batik-garutan/5.jpg,5.jpg,batik-garutan,1021,543,256116,d3579210ccbb7abe6a8c4654d7f6d12f,341
/kaggle/input/datasets/dionisiusdh/indonesian-batik-motifs/batik-garutan/50.jpg,50.jpg,batik-garutan,800,800,218694,4ba1a2c1c6dcf56b574aab7626dfc20a,342
/kaggle/input/datasets/dionisiusdh/indonesian-batik-motifs/batik-garutan/6.jpg,6.jpg,batik-garutan,855,570,324227,9d8de7a167c9cd0589ea63e296835e54,343
/kaggle/input/datasets/dionisiusdh/indonesian-batik-motifs/batik-garutan/7.jpg,7.jpg,batik-garutan,259,194,16235,512dfbe8f0ce9cdae89899e3571e0143,344
/kaggle/input/datasets/dionisiusdh/indonesian-batik-motifs/batik-garutan/8.jpg,8.jpg,batik-garutan,1000,750,205144,266bcfdb2390c1209957b3fff069cf58,345
/kaggle/input/datasets/dionisiusdh/indonesian-batik-motifs/batik-garutan/9.jpg,9.jpg,batik-garutan,1280,960,566984,f07fa670f6c65a21fdef3fc1cae080f6,346
/kaggle/input/datasets/dionisiusdh/indonesian-batik-motifs/batik-gentongan/1.jpg,1.jpg,batik-gentongan,807,501,1020843,ffe35416a602161648df13005a10f732,347
/kaggle/input/datasets/dionisiusdh/indonesian-batik-motifs/batik-gentongan/10.jpg,10.jpg,batik-gentongan,1920,1920,545067,afb4d7f505e96865d43efa196e11ad53,348
/kaggle/input/datasets/dionisiusdh/indonesian-batik-motifs/batik-gentongan/11.jpg,11.jpg,batik-gentongan,770,1014,137928,2ecdb0e337baa52a553f38d81c8b8134,349
/kaggle/input/datasets/dionisiusdh/indonesian-batik-motifs/batik-gentongan/12.jpg,12.jpg,batik-gentongan,700,350,78215,44e8468e83cc76bbf82f6ae7a0e00b05,350
/kaggle/input/datasets/dionisiusdh/indonesian-batik-motifs/batik-gentongan/13.jpg,13.jpg,batik-gentongan,830,556,180267,ef9c0c87055705ff670142375138580e,351
/kaggle/input/datasets/dionisiusdh/indonesian-batik-motifs/batik-gentongan/14.jpg,14.jpg,batik-gentongan,768,1024,124526,c310a49f21f675a7f7af98cedc4df0cf,352
/kaggle/input/datasets/dionisiusdh/indonesian-batik-motifs/batik-gentongan/15.jpg,15.jpg,batik-gentongan,800,445,82961,7f210bedfff8e839615f879e3f0e02c8,353
/kaggle/input/datasets/dionisiusdh/indonesian-batik-motifs/batik-gentongan/16.jpg,16.jpg,batik-gentongan,1155,1655,523481,c3d6e0e8ab9f033413ffcf7428a5d68c,354
/kaggle/input/datasets/dionisiusdh/indonesian-batik-motifs/batik-gentongan/17.jpg,17.jpg,batik-gentongan,800,600,363390,4e7f545098002b60fa0365f2676d15df,355
/kaggle/input/datasets/dionisiusdh/indonesian-batik-motifs/batik-gentongan/18.jpg,18.jpg,batik-gentongan,300,158,23815,18bb4e2e75a8936e1830158dec5f9e80,356
/kaggle/input/datasets/dionisiusdh/indonesian-batik-motifs/batik-gentongan/19.jpg,19.jpg,batik-gentongan,500,500,98913,787e40bb100341528342c862a0836472,357
/kaggle/input/datasets/dionisiusdh/indonesian-batik-motifs/batik-gentongan/2.jpg,2.jpg,batik-gentongan,620,354,202771,1b4489092f511c6d643a2133da58b098,358
/kaggle/input/datasets/dionisiusdh/indonesian-batik-motifs/batik-gentongan/20.jpg,20.jpg,batik-gentongan,390,520,82775,a82ea49d764394c029d6c35e123839cf,359
/kaggle/input/datasets/dionisiusdh/indonesian-batik-motifs/batik-gentongan/21.jpg,21.jpg,batik-gentongan,500,500,90537,510054b618759cf605e993d3f67295d3,360
/kaggle/input/datasets/dionisiusdh/indonesian-batik-motifs/batik-gentongan/22.jpg,22.jpg,batik-gentongan,500,500,94879,6a9ac2a7d229ce484b8632118fd5407c,361
/kaggle/input/datasets/dionisiusdh/indonesian-batik-motifs/batik-gentongan/23.jpg,23.jpg,batik-gentongan,620,354,163482,fc5455ebb0b4f0f194c117f796ad74b5,362
/kaggle/input/datasets/dionisiusdh/indonesian-batik-motifs/batik-gentongan/24.jpg,24.jpg,batik-gentongan,300,225,30538,566a487601f92572b8d69b8342c3bb28,363
/kaggle/input/datasets/dionisiusdh/indonesian-batik-motifs/batik-gentongan/25.jpg,25.jpg,batik-gentongan,500,500,100867,4f90bcad2b9ba077308177298ba56ef4,364
/kaggle/input/datasets/dionisiusdh/indonesian-batik-motifs/batik-gentongan/26.jpg,26.jpg,batik-gentongan,700,400,56026,691a36246c0a8e8673de09af875f3adc,365
/kaggle/input/datasets/dionisiusdh/indonesian-batik-motifs/batik-gentongan/27.jpg,27.jpg,batik-gentongan,620,354,86272,188d768948479c34938c7e907533acef,366
/kaggle/input/datasets/dionisiusdh/indonesian-batik-motifs/batik-gentongan/28.jpg,28.jpg,batik-gentongan,447,245,15641,0988a265323b1d39916f9999ce2204c4,367
/kaggle/input/datasets/dionisiusdh/indonesian-batik-motifs/batik-gentongan/29.jpg,29.jpg,batik-gentongan,926,896,630750,5786c42ab14122947689002e0fa61b9c,368
/kaggle/input/datasets/dionisiusdh/indonesian-batik-motifs/batik-gentongan/3.jpg,3.jpg,batik-gentongan,300,400,27631,fa03bbb9b0e5f8f2f8e894472e81e6b8,369
/kaggle/input/datasets/dionisiusdh/indonesian-batik-motifs/batik-gentongan/30.jpg,30.jpg,batik-gentongan,1599,1077,1011814,e4a02a66a3f5611e092c1f5c9c4b5f9e,370
/kaggle/input/datasets/dionisiusdh/indonesian-batik-motifs/batik-gentongan/31.jpg,31.jpg,batik-gentongan,700,393,84685,1a8c2240a5a798307f457d28bb791620,371
/kaggle/input/datasets/dionisiusdh/indonesian-batik-motifs/batik-gentongan/32.jpg,32.jpg,batik-gentongan,640,640,64810,97e43b61448bed6b6c745fd19888de69,372
/kaggle/input/datasets/dionisiusdh/indonesian-batik-motifs/batik-gentongan/33.jpg,33.jpg,batik-gentongan,1600,1200,899758,ec59fb8e7c0ab897f38c6972ad1bdafd,373
/kaggle/input/datasets/dionisiusdh/indonesian-batik-motifs/batik-gentongan/34.jpg,34.jpg,batik-gentongan,1024,576,375981,34c91c644be92fb78a7401049cfcfc16,374
/kaggle/input/datasets/dionisiusdh/indonesian-batik-motifs/batik-gentongan/35.jpg,35.jpg,batik-gentongan,1536,2048,584793,8904de29b6e46f6c74caf06376fd1139,375
/kaggle/input/datasets/dionisiusdh/indonesian-batik-motifs/batik-gentongan/36.jpg,36.jpg,batik-gentongan,736,981,286747,330c58e8371c530bb0dc2f36ec341240,376
/kaggle/input/datasets/dionisiusdh/indonesian-batik-motifs/batik-gentongan/37.jpg,37.jpg,batik-gentongan,620,354,198313,003075e7c9b4481e33852a94f69d110c,377
/kaggle/input/datasets/dionisiusdh/indonesian-batik-motifs/batik-gentongan/38.jpg,38.jpg,batik-gentongan,2160,3240,917723,9b84ec86a7e49ff38fba65ff9a2ed2bc,378
/kaggle/input/datasets/dionisiusdh/indonesian-batik-motifs/batik-gentongan/39.jpg,39.jpg,batik-gentongan,874,634,356679,083d5b0206767f8384c4cc2d514c2944,379
/kaggle/input/datasets/dionisiusdh/indonesian-batik-motifs/batik-gentongan/4.jpg,4.jpg,batik-gentongan,640,480,202110,397719a32c7209c548a10aac2a87ece3,380
/kaggle/input/datasets/dionisiusdh/indonesian-batik-motifs/batik-gentongan/40.jpg,40.jpg,batik-gentongan,683,1024,589405,87ade79c78b9089d14aef49d05b38575,381
/kaggle/input/datasets/dionisiusdh/indonesian-batik-motifs/batik-gentongan/41.jpg,41.jpg,batik-gentongan,640,640,46886,a157245663116c54bc3a9f3ed4305ca2,382
/kaggle/input/datasets/dionisiusdh/indonesian-batik-motifs/batik-gentongan/42.jpg,42.jpg,batik-gentongan,640,480,196354,28ff22444ac2b6017d211f19d3da9670,383
/kaggle/input/datasets/dionisiusdh/indonesian-batik-motifs/batik-gentongan/43.jpg,43.jpg,batik-gentongan,800,600,227737,5e468131bdcfc208619c664c8641f3f4,384
/kaggle/input/datasets/dionisiusdh/indonesian-batik-motifs/batik-gentongan/44.jpg,44.jpg,batik-gentongan,1024,559,171665,ba1d7c2c56923084570409383f2b8e38,385
/kaggle/input/datasets/dionisiusdh/indonesian-batik-motifs/batik-gentongan/45.jpg,45.jpg,batik-gentongan,1024,768,224472,932f73c6cb76208efb8bc0a7957d62e4,386
/kaggle/input/datasets/dionisiusdh/indonesian-batik-motifs/batik-gentongan/46.jpg,46.jpg,batik-gentongan,600,398,120060,75f8c2c1c96394ab5e8c7d86350eecd8,387
/kaggle/input/datasets/dionisiusdh/indonesian-batik-motifs/batik-gentongan/47.jpg,47.jpg,batik-gentongan,640,640,40187,34b265b220bff2c8e8aa0d475a0ad956,388
/kaggle/input/datasets/dionisiusdh/indonesian-batik-motifs/batik-gentongan/48.jpg,48.jpg,batik-gentongan,300,225,18376,f283a6ba64a610f07bd915da85cd724f,389
/kaggle/input/datasets/dionisiusdh/indonesian-batik-motifs/batik-gentongan/49.jpg,49.jpg,batik-gentongan,1483,827,549475,657034b9330137e5691457d687c22931,390
/kaggle/input/datasets/dionisiusdh/indonesian-batik-motifs/batik-gentongan/5.jpg,5.jpg,batik-gentongan,960,640,230854,c370b83ff78389921efcad93078d26cb,391
/kaggle/input/datasets/dionisiusdh/indonesian-batik-motifs/batik-gentongan/50.jpg,50.jpg,batik-gentongan,720,422,290008,338b94624d9e80ed680b6da24f57e746,392
/kaggle/input/datasets/dionisiusdh/indonesian-batik-motifs/batik-gentongan/6.jpg,6.jpg,batik-gentongan,300,193,18951,cdf5201ed14ec762cc35075ef94708ae,393
/kaggle/input/datasets/dionisiusdh/indonesian-batik-motifs/batik-gentongan/7.jpg,7.jpg,batik-gentongan,225,300,48800,aa141869ab6e04fdb92a2d4647b341aa,394
/kaggle/input/datasets/dionisiusdh/indonesian-batik-motifs/batik-gentongan/8.jpg,8.jpg,batik-gentongan,296,246,25909,c61540380b2d880a0983f00e267a9158,395
/kaggle/input/datasets/dionisiusdh/indonesian-batik-motifs/batik-gentongan/9.jpg,9.jpg,batik-gentongan,800,533,158404,28cb0b7230c323b5ba32ce5771aa996b,396
/kaggle/input/datasets/dionisiusdh/indonesian-batik-motifs/batik-kawung/1.jpg,1.jpg,batik-kawung,1776,1772,642225,a881a135d5a06a398de4cfcc93837466,19
/kaggle/input/datasets/dionisiusdh/indonesian-batik-motifs/batik-kawung/10.jpg,10.jpg,batik-kawung,1500,1600,365238,ae458412e1fe00ca847a9ff730b14c49,398
/kaggle/input/datasets/dionisiusdh/indonesian-batik-motifs/batik-kawung/11.jpg,11.jpg,batik-kawung,888,1024,201678,b652a7c92c53c0a2e51c3586a19ef2c5,399
/kaggle/input/datasets/dionisiusdh/indonesian-batik-motifs/batik-kawung/12.jpg,12.jpg,batik-kawung,1280,720,196734,70589de19747f2f862ba61cce6b6b030,400
/kaggle/input/datasets/dionisiusdh/indonesian-batik-motifs/batik-kawung/13.jpg,13.jpg,batik-kawung,1600,1200,770515,1b8ac3c9c4ba4d2a26c27004335d6f9f,20
/kaggle/input/datasets/dionisiusdh/indonesian-batik-motifs/batik-kawung/14.jpg,14.jpg,batik-kawung,600,600,224444,1a7e13276eab404c4a69ceb931b3f83c,402
/kaggle/input/datasets/dionisiusdh/indonesian-batik-motifs/batik-kawung/15.jpg,15.jpg,batik-kawung,700,700,1076688,768f4405af47575eafb3f3e80ab34747,403
/kaggle/input/datasets/dionisiusdh/indonesian-batik-motifs/batik-kawung/17.jpg,17.jpg,batik-kawung,480,360,68253,cb76810db52d755a78b03f11a2f79a41,404
/kaggle/input/datasets/dionisiusdh/indonesian-batik-motifs/batik-kawung/18.jpg,18.jpg,batik-kawung,1600,1200,673706,30bf0b8b0504f794adeec7a5ca2d4e09,405
/kaggle/input/datasets/dionisiusdh/indonesian-batik-motifs/batik-kawung/19.jpg,19.jpg,batik-kawung,800,542,156533,1d68a7e5d56b0600cc724f5a5bf6cd74,207
/kaggle/input/datasets/dionisiusdh/indonesian-batik-motifs/batik-kawung/20.jpg,20.jpg,batik-kawung,1300,1390,394218,53991b331a7af4505f682122af86b4a9,407
/kaggle/input/datasets/dionisiusdh/indonesian-batik-motifs/batik-kawung/21.jpg,21.jpg,batik-kawung,1585,1521,689299,51b8000a17fefb91dfce411c0be24399,408
/kaggle/input/datasets/dionisiusdh/indonesian-batik-motifs/batik-kawung/22.jpg,22.jpg,batik-kawung,2520,1669,1391961,2f4727bc128af65774521726e3d020f8,409
/kaggle/input/datasets/dionisiusdh/indonesian-batik-motifs/batik-kawung/23.jpg,23.jpg,batik-kawung,641,960,170415,a841371b7e0c6130eed313de2c3e4933,410
/kaggle/input/datasets/dionisiusdh/indonesian-batik-motifs/batik-kawung/24.jpg,24.jpg,batik-kawung,600,408,96384,ed726d55ca566abc6daf830517a774f7,207
/kaggle/input/datasets/dionisiusdh/indonesian-batik-motifs/batik-kawung/25.jpg,25.jpg,batik-kawung,800,800,44645,98579b0d85e1ace7fb8fe5c8300501d9,412
/kaggle/input/datasets/dionisiusdh/indonesian-batik-motifs/batik-kawung/26.jpg,26.jpg,batik-kawung,1756,1140,3686240,8147b95cd7953d1d49a0876b68169a87,413
/kaggle/input/datasets/dionisiusdh/indonesian-batik-motifs/batik-kawung/28.jpg,28.jpg,batik-kawung,1024,683,163315,fbb0b52eb970df6aba050fd1d5754117,414
/kaggle/input/datasets/dionisiusdh/indonesian-batik-motifs/batik-kawung/3.jpg,3.jpg,batik-kawung,590,403,41766,69e167e37543c7eb80651ac09cbc8bc7,415
/kaggle/input/datasets/dionisiusdh/indonesian-batik-motifs/batik-kawung/30.jpg,30.jpg,batik-kawung,300,300,36102,52bba6dac5d371a1f9f1b5bc9626f2c4,416
/kaggle/input/datasets/dionisiusdh/indonesian-batik-motifs/batik-kawung/31.jpg,31.jpg,batik-kawung,456,304,146410,acba9cbf6429d9ab2904cfd08eeb7e02,417
/kaggle/input/datasets/dionisiusdh/indonesian-batik-motifs/batik-kawung/32.jpg,32.jpg,batik-kawung,1600,1200,774422,b12264991878e8e738674c03b8bc8c76,418
/kaggle/input/datasets/dionisiusdh/indonesian-batik-motifs/batik-kawung/33.jpg,33.jpg,batik-kawung,1133,1448,604616,8e9cc0978c4d3bc04f66700b8e169be2,419
/kaggle/input/datasets/dionisiusdh/indonesian-batik-motifs/batik-kawung/34.jpg,34.jpg,batik-kawung,350,219,37863,2d809fd37da417aaff704c7fe9f7a1f9,420
/kaggle/input/datasets/dionisiusdh/indonesian-batik-motifs/batik-kawung/35.jpg,35.jpg,batik-kawung,1181,1181,421444,efe7f7d567236126ca245726dd45d89b,421
/kaggle/input/datasets/dionisiusdh/indonesian-batik-motifs/batik-kawung/36.jpg,36.jpg,batik-kawung,236,246,21778,250c8f97d97dfbfec22a9a5bf6589568,422
/kaggle/input/datasets/dionisiusdh/indonesian-batik-motifs/batik-kawung/37.jpg,37.jpg,batik-kawung,520,355,37271,a6a18f722cf661d2a981a1bc21a29bd3,415
/kaggle/input/datasets/dionisiusdh/indonesian-batik-motifs/batik-kawung/38.jpg,38.jpg,batik-kawung,1600,1200,485577,d94e2089b25e1181441e9e7fbddb15bc,424
/kaggle/input/datasets/dionisiusdh/indonesian-batik-motifs/batik-kawung/39.jpg,39.jpg,batik-kawung,1088,1305,647808,e3eda1f405dc995950870baec0e41f76,214
/kaggle/input/datasets/dionisiusdh/indonesian-batik-motifs/batik-kawung/4.jpg,4.jpg,batik-kawung,709,768,142234,c846985028c3298f84a849828637e707,204
/kaggle/input/datasets/dionisiusdh/indonesian-batik-motifs/batik-kawung/40.jpg,40.jpg,batik-kawung,1105,1326,624678,3d2ac6fdf3c28f9dbabd5b492b17b979,427
/kaggle/input/datasets/dionisiusdh/indonesian-batik-motifs/batik-kawung/41.jpg,41.jpg,batik-kawung,1024,1024,573062,01d0d8f73ad0e3efe18167136607d33c,428
/kaggle/input/datasets/dionisiusdh/indonesian-batik-motifs/batik-kawung/42.jpg,42.jpg,batik-kawung,862,632,127241,24df7762f25a1f6483f2462ed2a84a6f,429
/kaggle/input/datasets/dionisiusdh/indonesian-batik-motifs/batik-kawung/43.jpg,43.jpg,batik-kawung,1280,720,110865,63f9f8ae5c3e9090114fe1c183a0e362,430
/kaggle/input/datasets/dionisiusdh/indonesian-batik-motifs/batik-kawung/44.jpg,44.jpg,batik-kawung,1172,1391,658687,73f9fd966f40333b28d7fd80db538de1,431
/kaggle/input/datasets/dionisiusdh/indonesian-batik-motifs/batik-kawung/45.jpg,45.jpg,batik-kawung,1597,1113,891660,61d9a2df0505c6a9a33200d07f09822d,235
/kaggle/input/datasets/dionisiusdh/indonesian-batik-motifs/batik-kawung/46.jpg,46.jpg,batik-kawung,3264,2448,2016216,61f3cbd594bbb265bdd9d6c2c54059cf,433
/kaggle/input/datasets/dionisiusdh/indonesian-batik-motifs/batik-kawung/47.jpg,47.jpg,batik-kawung,700,444,129348,ceb8b5abab8859bf3a52d6fe54547816,434
/kaggle/input/datasets/dionisiusdh/indonesian-batik-motifs/batik-kawung/49.jpg,49.jpg,batik-kawung,579,384,85332,8061f6da3256c8b95a850382833e8c4a,435
/kaggle/input/datasets/dionisiusdh/indonesian-batik-motifs/batik-kawung/5.jpg,5.jpg,batik-kawung,1060,596,101967,09f4ad7f0692c89abb5ef322038144de,436
/kaggle/input/datasets/dionisiusdh/indonesian-batik-motifs/batik-kawung/50.jpg,50.jpg,batik-kawung,448,224,25432,8b3e3c86c6d0f886fff644b0a5a2e0fe,437
/kaggle/input/datasets/dionisiusdh/indonesian-batik-motifs/batik-kawung/6.jpg,6.jpg,batik-kawung,647,485,117254,6fde2501f18125ee1c4ef321e1ef8e11,438
/kaggle/input/datasets/dionisiusdh/indonesian-batik-motifs/batik-kawung/7.jpg,7.jpg,batik-kawung,1600,1200,603339,67ddf3f509b5474a2682669a8034c917,439
/kaggle/input/datasets/dionisiusdh/indonesian-batik-motifs/batik-kawung/8.jpg,8.jpg,batik-kawung,1600,1200,492798,0f747788845b88031a28de65ed754c62,209
/kaggle/input/datasets/dionisiusdh/indonesian-batik-motifs/batik-kawung/9.jpg,9.jpg,batik-kawung,500,625,187633,a5c87145aa89c91da04f6f5a6fa06c9e,441
/kaggle/input/datasets/dionisiusdh/indonesian-batik-motifs/batik-keraton/1.jpg,1.jpg,batik-keraton,2661,1884,1437973,c72702769aa731a34cdd7eb0d8107c0d,442
/kaggle/input/datasets/dionisiusdh/indonesian-batik-motifs/batik-keraton/10.jpg,10.jpg,batik-keraton,1000,1000,374024,9457ef367aae8a5e587d1bede38db149,443
/kaggle/input/datasets/dionisiusdh/indonesian-batik-motifs/batik-keraton/11.jpg,11.jpg,batik-keraton,500,378,239321,4b64b9b02c95977312b803b315dec621,444
/kaggle/input/datasets/dionisiusdh/indonesian-batik-motifs/batik-keraton/12.jpg,12.jpg,batik-keraton,500,325,211415,61f3fd0ff632bdf9810afc00891c00e6,445
/kaggle/input/datasets/dionisiusdh/indonesian-batik-motifs/batik-keraton/13.jpg,13.jpg,batik-keraton,500,338,223999,ae2675f15ef2a68efba2aa0b647146f5,446
/kaggle/input/datasets/dionisiusdh/indonesian-batik-motifs/batik-keraton/14.jpg,14.jpg,batik-keraton,300,268,98714,f7b4d8cf4276f3c1ea6e22985bf0fab2,447
/kaggle/input/datasets/dionisiusdh/indonesian-batik-motifs/batik-keraton/15.jpg,15.jpg,batik-keraton,450,600,81386,9143583555225f95bb4681200c30aa18,448
/kaggle/input/datasets/dionisiusdh/indonesian-batik-motifs/batik-keraton/16.jpg,16.jpg,batik-keraton,1200,800,245817,cdaf8282155e7d4691d4d2a4060a0ef4,449
/kaggle/input/datasets/dionisiusdh/indonesian-batik-motifs/batik-keraton/17.jpg,17.jpg,batik-keraton,940,940,40717,774520f4aaa8deeeca6cb4adcf56b3d5,450
/kaggle/input/datasets/dionisiusdh/indonesian-batik-motifs/batik-keraton/18.jpg,18.jpg,batik-keraton,720,636,457632,751a6d8e29d3f2cca66d176f68cd3430,451
/kaggle/input/datasets/dionisiusdh/indonesian-batik-motifs/batik-keraton/19.jpg,19.jpg,batik-keraton,670,505,86927,beae8340dc30a3ecb549e5c497eb6573,452
/kaggle/input/datasets/dionisiusdh/indonesian-batik-motifs/batik-keraton/2.jpg,2.jpg,batik-keraton,700,647,1219670,a6b29e62664b8c8c52fd6a06fd82b4d5,453
/kaggle/input/datasets/dionisiusdh/indonesian-batik-motifs/batik-keraton/20.jpg,20.jpg,batik-keraton,1000,1000,201656,cc6209ace55e6beed18c3a16ae080a5c,454
/kaggle/input/datasets/dionisiusdh/indonesian-batik-motifs/batik-keraton/21.jpg,21.jpg,batik-keraton,1000,1000,216338,d76d6f691f75740cb68ce1116f9b103f,455
/kaggle/input/datasets/dionisiusdh/indonesian-batik-motifs/batik-keraton/22.jpg,22.jpg,batik-keraton,1280,720,86019,ea722ece406619dd4df36c9c71657366,456
/kaggle/input/datasets/dionisiusdh/indonesian-batik-motifs/batik-keraton/23.jpg,23.jpg,batik-keraton,720,720,357276,d43c2d48afde7dcafe0914c22b7bab43,457
/kaggle/input/datasets/dionisiusdh/indonesian-batik-motifs/batik-keraton/24.jpg,24.jpg,batik-keraton,1200,800,239129,21448cdaea89a146a159bc031c8fcf29,458
/kaggle/input/datasets/dionisiusdh/indonesian-batik-motifs/batik-keraton/25.jpg,25.jpg,batik-keraton,750,500,51468,e741b782fdf0a24d85c1ebe68c975f7b,459
/kaggle/input/datasets/dionisiusdh/indonesian-batik-motifs/batik-keraton/26.jpg,26.jpg,batik-keraton,500,367,248501,d6f17a51d32a8895c963b3ecc69b716e,460
/kaggle/input/datasets/dionisiusdh/indonesian-batik-motifs/batik-keraton/27.jpg,27.jpg,batik-keraton,720,720,367200,1d2169a8b9d6bcc46fb3eb7f0a24bf3a,461
/kaggle/input/datasets/dionisiusdh/indonesian-batik-motifs/batik-keraton/28.jpg,28.jpg,batik-keraton,500,209,125296,2991ded2fa7b9f3913dcf0f7a93aaa58,462
/kaggle/input/datasets/dionisiusdh/indonesian-batik-motifs/batik-keraton/29.jpg,29.jpg,batik-keraton,1797,2121,1062334,465be5a3e9c7cba99bf38f1c12ab4055,463
/kaggle/input/datasets/dionisiusdh/indonesian-batik-motifs/batik-keraton/3.jpg,3.jpg,batik-keraton,1077,1200,259028,8899e8f1f07e52a68ff59017807a68be,464
/kaggle/input/datasets/dionisiusdh/indonesian-batik-motifs/batik-keraton/30.jpg,30.jpg,batik-keraton,626,422,171634,a8a2f3d462c4cdb7685de7ae195aa7c9,36
/kaggle/input/datasets/dionisiusdh/indonesian-batik-motifs/batik-keraton/31.jpg,31.jpg,batik-keraton,728,242,130250,1538605102c01d017035ef144c95e1ac,466
/kaggle/input/datasets/dionisiusdh/indonesian-batik-motifs/batik-keraton/32.jpg,32.jpg,batik-keraton,312,201,83793,5513891a4b118842af721741d5502c49,467
/kaggle/input/datasets/dionisiusdh/indonesian-batik-motifs/batik-keraton/33.jpg,33.jpg,batik-keraton,1000,1000,212499,c80f66b89b041da567b1da6f23372575,468
/kaggle/input/datasets/dionisiusdh/indonesian-batik-motifs/batik-keraton/34.jpg,34.jpg,batik-keraton,768,1024,227333,4d4e2bcc48bc15088753f2a333be9f22,469
/kaggle/input/datasets/dionisiusdh/indonesian-batik-motifs/batik-keraton/35.jpg,35.jpg,batik-keraton,1200,800,217827,fd5e3b6fc31e8fcb81944dde52843a3c,470
/kaggle/input/datasets/dionisiusdh/indonesian-batik-motifs/batik-keraton/36.jpg,36.jpg,batik-keraton,1000,1000,223771,8ea6043bc5d1d098dc81b29ca9f38be4,471
/kaggle/input/datasets/dionisiusdh/indonesian-batik-motifs/batik-keraton/37.jpg,37.jpg,batik-keraton,800,600,290132,527613d041a39cd8bbdc2bcefd2b446c,472
/kaggle/input/datasets/dionisiusdh/indonesian-batik-motifs/batik-keraton/38.jpg,38.jpg,batik-keraton,824,581,115850,e4537989c1cf04431c6a2dab489dcbeb,473
/kaggle/input/datasets/dionisiusdh/indonesian-batik-motifs/batik-keraton/39.jpg,39.jpg,batik-keraton,4454,3014,1401811,a3cb98060f4435414c26f99a2c8c6707,474
/kaggle/input/datasets/dionisiusdh/indonesian-batik-motifs/batik-keraton/4.jpg,4.jpg,batik-keraton,852,612,241940,9d1c071fbc581fb04210f80e935a2dce,475
/kaggle/input/datasets/dionisiusdh/indonesian-batik-motifs/batik-keraton/40.jpg,40.jpg,batik-keraton,450,600,414553,e5f0f5b668a960d3811bdf362b503ae9,476
/kaggle/input/datasets/dionisiusdh/indonesian-batik-motifs/batik-keraton/41.jpg,41.jpg,batik-keraton,1000,1000,190017,fda3d226c8d2009504d6365a8a1cf95f,477
/kaggle/input/datasets/dionisiusdh/indonesian-batik-motifs/batik-keraton/42.jpg,42.jpg,batik-keraton,640,480,85142,55d02a34b879269dd6227bd55af540e2,478
/kaggle/input/datasets/dionisiusdh/indonesian-batik-motifs/batik-keraton/43.jpg,43.jpg,batik-keraton,1280,1280,266300,a4acab4d938142899babf53403303b34,479
/kaggle/input/datasets/dionisiusdh/indonesian-batik-motifs/batik-keraton/44.jpg,44.jpg,batik-keraton,700,635,1216459,58ace301c8574862198cb81a187b2b39,480
/kaggle/input/datasets/dionisiusdh/indonesian-batik-motifs/batik-keraton/45.jpg,45.jpg,batik-keraton,1200,1600,980740,379ba888c6b63c01a9d19c5c744fa51e,481
/kaggle/input/datasets/dionisiusdh/indonesian-batik-motifs/batik-keraton/46.jpg,46.jpg,batik-keraton,1709,1003,3884861,c8149ae02764f88eba4bad39ca656253,482
/kaggle/input/datasets/dionisiusdh/indonesian-batik-motifs/batik-keraton/47.jpg,47.jpg,batik-keraton,600,451,151650,6e8056b040a9ff4599a132c3becf6dd8,483
/kaggle/input/datasets/dionisiusdh/indonesian-batik-motifs/batik-keraton/48.jpg,48.jpg,batik-keraton,1000,741,176190,73c7bf60c9032b8d580fa8909fb49b1f,484
/kaggle/input/datasets/dionisiusdh/indonesian-batik-motifs/batik-keraton/49.jpg,49.jpg,batik-keraton,1280,720,418796,e32a486631efd6ce09ff2ddc2dafcda5,374
/kaggle/input/datasets/dionisiusdh/indonesian-batik-motifs/batik-keraton/5.jpg,5.jpg,batik-keraton,500,318,208211,650a7c88c718575ca0a58ec099fe3948,486
/kaggle/input/datasets/dionisiusdh/indonesian-batik-motifs/batik-keraton/50.jpg,50.jpg,batik-keraton,768,1024,189596,5ebbb5993a224773bc7e561c2f02ae08,487
/kaggle/input/datasets/dionisiusdh/indonesian-batik-motifs/batik-keraton/6.jpg,6.jpg,batik-keraton,500,375,60622,44b4ede9f9f4258a9921e082fae139f8,225
/kaggle/input/datasets/dionisiusdh/indonesian-batik-motifs/batik-keraton/7.jpg,7.jpg,batik-keraton,260,224,38705,12e24f8089e60f1ba841314059e907e9,489
/kaggle/input/datasets/dionisiusdh/indonesian-batik-motifs/batik-keraton/8.jpg,8.jpg,batik-keraton,1600,1199,599084,e541314e01a71c404ce57199d15de8de,490
/kaggle/input/datasets/dionisiusdh/indonesian-batik-motifs/batik-keraton/9.jpg,9.jpg,batik-keraton,720,720,468736,9175ca87b792be35d1e8165bc1beaf44,491
/kaggle/input/datasets/dionisiusdh/indonesian-batik-motifs/batik-lasem/1.jpg,1.jpg,batik-lasem,1200,800,450595,29a356476fcf09b7640a7a0e606675d5,492
/kaggle/input/datasets/dionisiusdh/indonesian-batik-motifs/batik-lasem/10.jpg,10.jpg,batik-lasem,2044,900,517019,b68a53c977beee49d9845438043869ad,493
/kaggle/input/datasets/dionisiusdh/indonesian-batik-motifs/batik-lasem/11.jpg,11.jpg,batik-lasem,300,216,32846,40aad315a82407cdd7728e1811b29b40,494
/kaggle/input/datasets/dionisiusdh/indonesian-batik-motifs/batik-lasem/12.jpg,12.jpg,batik-lasem,300,225,56684,8142906912e50ec5c90746f2e73eac0a,495
/kaggle/input/datasets/dionisiusdh/indonesian-batik-motifs/batik-lasem/13.jpg,13.jpg,batik-lasem,700,393,89096,f33d03996214a518ef64770e7c36ccd4,496
/kaggle/input/datasets/dionisiusdh/indonesian-batik-motifs/batik-lasem/14.jpg,14.jpg,batik-lasem,450,495,75890,078760a38f8081c000312b3480eb952a,497
/kaggle/input/datasets/dionisiusdh/indonesian-batik-motifs/batik-lasem/15.jpg,15.jpg,batik-lasem,403,336,50056,2cf33b8deb88e1a80c235e99da12738a,498
/kaggle/input/datasets/dionisiusdh/indonesian-batik-motifs/batik-lasem/16.jpg,16.jpg,batik-lasem,1190,1328,412312,2f000a9b05e355f760dea26ea6815c53,499
/kaggle/input/datasets/dionisiusdh/indonesian-batik-motifs/batik-lasem/17.jpg,17.jpg,batik-lasem,361,288,68330,dc5e3a1d22f61342d7fc2ad9ad05357d,500
/kaggle/input/datasets/dionisiusdh/indonesian-batik-motifs/batik-lasem/18.jpg,18.jpg,batik-lasem,800,600,297396,c0343364b1674068888a90a4ab328849,501
/kaggle/input/datasets/dionisiusdh/indonesian-batik-motifs/batik-lasem/19.jpg,19.jpg,batik-lasem,3264,2448,2716888,91d63d7a7c0eb03495e4cb4db9c2f57a,502
/kaggle/input/datasets/dionisiusdh/indonesian-batik-motifs/batik-lasem/2.jpg,2.jpg,batik-lasem,600,342,197592,589d8c85a275856f8d59933596864dcc,503
/kaggle/input/datasets/dionisiusdh/indonesian-batik-motifs/batik-lasem/20.jpg,20.jpg,batik-lasem,700,700,149513,069e429a9004e21ee49624e7cd2c29e5,504
/kaggle/input/datasets/dionisiusdh/indonesian-batik-motifs/batik-lasem/21.jpg,21.jpg,batik-lasem,1000,1778,543507,d8f59c5bd00056e641cb2a684f3fbdcd,505
/kaggle/input/datasets/dionisiusdh/indonesian-batik-motifs/batik-lasem/22.jpg,22.jpg,batik-lasem,500,334,50453,cba964fb069b80171523736b65ef10e2,506
/kaggle/input/datasets/dionisiusdh/indonesian-batik-motifs/batik-lasem/23.jpg,23.jpg,batik-lasem,320,240,34385,77c629306a9b11447d76b1e7f05c9dea,507
/kaggle/input/datasets/dionisiusdh/indonesian-batik-motifs/batik-lasem/24.jpg,24.jpg,batik-lasem,800,600,199842,2c6509dd0ae4dda7164fc29fb0297c85,508
/kaggle/input/datasets/dionisiusdh/indonesian-batik-motifs/batik-lasem/25.jpg,25.jpg,batik-lasem,1000,1000,282544,4f5d6d62fd36c89232d89151ab37d8aa,509
/kaggle/input/datasets/dionisiusdh/indonesian-batik-motifs/batik-lasem/26.jpg,26.jpg,batik-lasem,1200,900,323353,be6314a9ad195ad98296f96a82778008,510
/kaggle/input/datasets/dionisiusdh/indonesian-batik-motifs/batik-lasem/27.jpg,27.jpg,batik-lasem,1000,1333,527451,198f8566256f167560305a5afa52177b,511
/kaggle/input/datasets/dionisiusdh/indonesian-batik-motifs/batik-lasem/28.jpg,28.jpg,batik-lasem,338,450,56451,8fe98b501019e82b5da9efef7cbc28cc,512
/kaggle/input/datasets/dionisiusdh/indonesian-batik-motifs/batik-lasem/29.jpg,29.jpg,batik-lasem,2048,1536,975652,6d7596f1cc8340f9f7eb0f16afce25b6,513
/kaggle/input/datasets/dionisiusdh/indonesian-batik-motifs/batik-lasem/3.jpg,3.jpg,batik-lasem,450,579,50898,4f38d795595752e388a7d2fe6f949828,514
/kaggle/input/datasets/dionisiusdh/indonesian-batik-motifs/batik-lasem/30.jpg,30.jpg,batik-lasem,688,303,106862,6cca0292aa5641dc0682859a57ea1437,515
/kaggle/input/datasets/dionisiusdh/indonesian-batik-motifs/batik-lasem/31.jpg,31.jpg,batik-lasem,1000,1250,452997,88e93173d1c3f7d7b23c732683fa3026,516
/kaggle/input/datasets/dionisiusdh/indonesian-batik-motifs/batik-lasem/32.jpg,32.jpg,batik-lasem,1000,1333,656117,0c50a9004743c7f88e88551b6e417218,517
/kaggle/input/datasets/dionisiusdh/indonesian-batik-motifs/batik-lasem/33.jpg,33.jpg,batik-lasem,382,316,306484,d8b374f04766425ae614ae7d080a7578,518
/kaggle/input/datasets/dionisiusdh/indonesian-batik-motifs/batik-lasem/34.jpg,34.jpg,batik-lasem,349,465,69732,93d2df92b21633d2218c628a3350315b,519
/kaggle/input/datasets/dionisiusdh/indonesian-batik-motifs/batik-lasem/35.jpg,35.jpg,batik-lasem,640,480,100455,fe54b547b8dc06c3e07d5cdca07790cb,520
/kaggle/input/datasets/dionisiusdh/indonesian-batik-motifs/batik-lasem/36.jpg,36.jpg,batik-lasem,650,433,174810,e31523d415aa8947ef43f1b188459ba5,521
/kaggle/input/datasets/dionisiusdh/indonesian-batik-motifs/batik-lasem/37.jpg,37.jpg,batik-lasem,200,113,9962,314aa02ad9178d0be070bb9b007f30d1,522
/kaggle/input/datasets/dionisiusdh/indonesian-batik-motifs/batik-lasem/38.jpg,38.jpg,batik-lasem,300,400,45588,5a5d000a34a079386d4f40325fe93005,523
/kaggle/input/datasets/dionisiusdh/indonesian-batik-motifs/batik-lasem/39.jpg,39.jpg,batik-lasem,360,480,44132,98e3a8c5af9442493260e812dd5c46d4,524
/kaggle/input/datasets/dionisiusdh/indonesian-batik-motifs/batik-lasem/4.jpg,4.jpg,batik-lasem,320,212,51396,d41c6050651f9cc4a9e09be2a36e5587,525
/kaggle/input/datasets/dionisiusdh/indonesian-batik-motifs/batik-lasem/40.jpg,40.jpg,batik-lasem,600,450,154619,8f30f473f0c615a6b4d09cfd34e66e5a,526
/kaggle/input/datasets/dionisiusdh/indonesian-batik-motifs/batik-lasem/41.jpg,41.jpg,batik-lasem,1000,1778,503981,71072387b76e2c525b222745f5a32d97,527
/kaggle/input/datasets/dionisiusdh/indonesian-batik-motifs/batik-lasem/42.jpg,42.jpg,batik-lasem,630,380,84147,31ab62b75d73a71dbc5a5ffc22a884a4,528
/kaggle/input/datasets/dionisiusdh/indonesian-batik-motifs/batik-lasem/43.jpg,43.jpg,batik-lasem,1000,1333,446554,28527d1eb263ee138e64efc2a41e869f,529
/kaggle/input/datasets/dionisiusdh/indonesian-batik-motifs/batik-lasem/44.jpg,44.jpg,batik-lasem,600,450,271319,8ac6a50b9548797e66dd644d8d7aac5b,530
/kaggle/input/datasets/dionisiusdh/indonesian-batik-motifs/batik-lasem/45.jpg,45.jpg,batik-lasem,640,640,99202,5a7ebf40b36a16cb92befe3ce7ee44f7,531
/kaggle/input/datasets/dionisiusdh/indonesian-batik-motifs/batik-lasem/46.jpg,46.jpg,batik-lasem,540,720,176504,8caa192f8960318e0125de879f5bf8b3,532
/kaggle/input/datasets/dionisiusdh/indonesian-batik-motifs/batik-lasem/47.jpg,47.jpg,batik-lasem,600,450,154458,96b47eeb2dc862cfb4b6bda9aca1b6dc,533
/kaggle/input/datasets/dionisiusdh/indonesian-batik-motifs/batik-lasem/48.jpg,48.jpg,batik-lasem,350,490,142825,dba473e1a38d488c503eaa72046b5ae5,534
/kaggle/input/datasets/dionisiusdh/indonesian-batik-motifs/batik-lasem/49.jpg,49.jpg,batik-lasem,450,579,75487,7a83154a909fea70ddc9c248d7f47451,514
/kaggle/input/datasets/dionisiusdh/indonesian-batik-motifs/batik-lasem/5.jpg,5.jpg,batik-lasem,350,467,94135,d0841dfe370a0de57d7dd945f4b71e4c,536
/kaggle/input/datasets/dionisiusdh/indonesian-batik-motifs/batik-lasem/50.jpg,50.jpg,batik-lasem,349,465,45292,4cad9fa5534ae5a1bda027f09ffecab3,537
/kaggle/input/datasets/dionisiusdh/indonesian-batik-motifs/batik-lasem/6.jpg,6.jpg,batik-lasem,350,467,92295,9a5cc65388d9e0f613178d1df060da77,538
/kaggle/input/datasets/dionisiusdh/indonesian-batik-motifs/batik-lasem/7.jpg,7.jpg,batik-lasem,618,800,194091,660d4ffd33a9ba95cb8343fcde37e01b,539
/kaggle/input/datasets/dionisiusdh/indonesian-batik-motifs/batik-lasem/8.jpg,8.jpg,batik-lasem,600,450,151364,459d2e89c110beb3f6cb3c2075d3fa01,540
/kaggle/input/datasets/dionisiusdh/indonesian-batik-motifs/batik-lasem/9.jpg,9.jpg,batik-lasem,437,328,39287,6ea1b33beca8b0eb24b91159aeb8b26e,541
/kaggle/input/datasets/dionisiusdh/indonesian-batik-motifs/batik-megamendung/1.jpg,1.jpg,batik-megamendung,1280,960,311861,8c06378a4d2e86690432e55419d6d8ca,542
/kaggle/input/datasets/dionisiusdh/indonesian-batik-motifs/batik-megamendung/10.jpg,10.jpg,batik-megamendung,640,480,118650,c673887e2fb6a78eba232170f71e3133,543
/kaggle/input/datasets/dionisiusdh/indonesian-batik-motifs/batik-megamendung/12.jpg,12.jpg,batik-megamendung,400,280,42556,a9e511288c365cb32d97567530c3e870,544
/kaggle/input/datasets/dionisiusdh/indonesian-batik-motifs/batik-megamendung/13.jpg,13.jpg,batik-megamendung,2560,1920,1822408,08e33471084dfddbc2af059b5d618796,545
/kaggle/input/datasets/dionisiusdh/indonesian-batik-motifs/batik-megamendung/14.jpg,14.jpg,batik-megamendung,2816,2112,554065,964b75b85cf6ed27e893369022570f75,546
/kaggle/input/datasets/dionisiusdh/indonesian-batik-motifs/batik-megamendung/15.jpg,15.jpg,batik-megamendung,1300,944,299078,166196e66e615037079b4cc7964a5e12,547
/kaggle/input/datasets/dionisiusdh/indonesian-batik-motifs/batik-megamendung/16.jpg,16.jpg,batik-megamendung,2560,1920,1386508,d9ba99ba1cf9968c7d0dd094b90ec4fa,548
/kaggle/input/datasets/dionisiusdh/indonesian-batik-motifs/batik-megamendung/17.jpg,17.jpg,batik-megamendung,720,1280,200125,e28611187e560cdf60cf8169a189d2b5,549
/kaggle/input/datasets/dionisiusdh/indonesian-batik-motifs/batik-megamendung/18.jpg,18.jpg,batik-megamendung,1300,1390,347518,64b13c1ae31c9e211b4888d5ad166615,550
/kaggle/input/datasets/dionisiusdh/indonesian-batik-motifs/batik-megamendung/19.jpg,19.jpg,batik-megamendung,673,373,65018,b5369c1b6e8e9f8a02cdfd05eb943a3f,551
/kaggle/input/datasets/dionisiusdh/indonesian-batik-motifs/batik-megamendung/2.jpg,2.jpg,batik-megamendung,2560,1920,1683523,005c101cbf6d2b8142423e1674a81f61,552
/kaggle/input/datasets/dionisiusdh/indonesian-batik-motifs/batik-megamendung/20.jpg,20.jpg,batik-megamendung,1400,1400,663983,fdda764f175ee6db9352d5c9ff695db9,553
/kaggle/input/datasets/dionisiusdh/indonesian-batik-motifs/batik-megamendung/21.jpg,21.jpg,batik-megamendung,576,802,117274,ed13e52023bcdf11fb55fafd83202ef0,554
/kaggle/input/datasets/dionisiusdh/indonesian-batik-motifs/batik-megamendung/22.jpg,22.jpg,batik-megamendung,400,300,39138,d389d247f73037a58dde5493164ce0eb,543
/kaggle/input/datasets/dionisiusdh/indonesian-batik-motifs/batik-megamendung/23.jpg,23.jpg,batik-megamendung,1300,1390,311074,f4ba89d24f5d26e329fa05e0eeb31a96,550
/kaggle/input/datasets/dionisiusdh/indonesian-batik-motifs/batik-megamendung/24.jpg,24.jpg,batik-megamendung,580,435,62081,8ddac0202e6c3b154a8b47ba0ff96c7a,557
/kaggle/input/datasets/dionisiusdh/indonesian-batik-motifs/batik-megamendung/25.jpg,25.jpg,batik-megamendung,580,435,77163,bfd71b7cfe4396eb9c5beb699d1c0933,557
/kaggle/input/datasets/dionisiusdh/indonesian-batik-motifs/batik-megamendung/26.jpg,26.jpg,batik-megamendung,400,300,30209,9247901f603a79342ddcc4f1e917a64a,559
/kaggle/input/datasets/dionisiusdh/indonesian-batik-motifs/batik-megamendung/27.jpg,27.jpg,batik-megamendung,2560,1920,1838088,2c1a74eac7f0fefa3bbc4c653361a5cd,560
/kaggle/input/datasets/dionisiusdh/indonesian-batik-motifs/batik-megamendung/28.jpg,28.jpg,batik-megamendung,640,360,58628,b55ed343dea169ddc47f0927e76a3cb3,561
/kaggle/input/datasets/dionisiusdh/indonesian-batik-motifs/batik-megamendung/29.jpg,29.jpg,batik-megamendung,640,427,194155,27e855db822449150e24d63e6e895d5f,562
/kaggle/input/datasets/dionisiusdh/indonesian-batik-motifs/batik-megamendung/3.jpg,3.jpg,batik-megamendung,236,337,28639,3ae98e46b5be81d33240f3f0fe7d4dc4,544
/kaggle/input/datasets/dionisiusdh/indonesian-batik-motifs/batik-megamendung/30.jpg,30.jpg,batik-megamendung,960,1280,284278,a73d8b453106bbd9980e085313c0d7a5,564
/kaggle/input/datasets/dionisiusdh/indonesian-batik-motifs/batik-megamendung/31.jpg,31.jpg,batik-megamendung,736,736,183964,5f1eea477493fa323e85c62cd9b1cd45,565
/kaggle/input/datasets/dionisiusdh/indonesian-batik-motifs/batik-megamendung/32.jpg,32.jpg,batik-megamendung,1200,1200,397179,cc917553e0ca73f02d17fef36ba3270a,565
/kaggle/input/datasets/dionisiusdh/indonesian-batik-motifs/batik-megamendung/33.jpg,33.jpg,batik-megamendung,578,600,100931,48566171b29b0d263b4c5ba3f8bc0b6a,567
/kaggle/input/datasets/dionisiusdh/indonesian-batik-motifs/batik-megamendung/34.jpg,34.jpg,batik-megamendung,2800,2100,154303,50e2dea3f469d9a6614ce6105e713b9b,568
/kaggle/input/datasets/dionisiusdh/indonesian-batik-motifs/batik-megamendung/36.jpg,36.jpg,batik-megamendung,800,1522,1822146,23cc61ec138f5bcd15d90280b397ea79,569
/kaggle/input/datasets/dionisiusdh/indonesian-batik-motifs/batik-megamendung/37.jpg,37.jpg,batik-megamendung,896,891,161733,a3dfa556e096b28b0ec33dfafca9a5f1,570
/kaggle/input/datasets/dionisiusdh/indonesian-batik-motifs/batik-megamendung/38.jpg,38.jpg,batik-megamendung,800,1522,352811,4ecd178d04b718a5291fbb11344c7448,569
/kaggle/input/datasets/dionisiusdh/indonesian-batik-motifs/batik-megamendung/39.jpg,39.jpg,batik-megamendung,480,360,42151,968b32a097552dac6cee0993d7d2c296,572
/kaggle/input/datasets/dionisiusdh/indonesian-batik-motifs/batik-megamendung/4.jpg,4.jpg,batik-megamendung,512,384,73005,d1c1a664c49fabff60c4309f83f298f4,573
/kaggle/input/datasets/dionisiusdh/indonesian-batik-motifs/batik-megamendung/40.jpg,40.jpg,batik-megamendung,580,386,73203,70a50a3f9a17516d6efaa958c3c6ee2e,574
/kaggle/input/datasets/dionisiusdh/indonesian-batik-motifs/batik-megamendung/41.jpg,41.jpg,batik-megamendung,580,386,76672,b1e230be9b0ad1712317d9fa2c2fbfc0,575
/kaggle/input/datasets/dionisiusdh/indonesian-batik-motifs/batik-megamendung/42.jpg,42.jpg,batik-megamendung,480,360,43257,d7729f6b4fc4c1a7f4301b6b0f1a3f84,576
/kaggle/input/datasets/dionisiusdh/indonesian-batik-motifs/batik-megamendung/43.jpg,43.jpg,batik-megamendung,580,386,604475,3d7945a4b8ade8757b32e072de1e445c,577
/kaggle/input/datasets/dionisiusdh/indonesian-batik-motifs/batik-megamendung/44.jpg,44.jpg,batik-megamendung,1024,768,117066,92d24d44732f9dee95a1cb043364003c,578
/kaggle/input/datasets/dionisiusdh/indonesian-batik-motifs/batik-megamendung/45.jpg,45.jpg,batik-megamendung,1280,960,648252,9a32548274215b69de74ca7874b6859c,579
/kaggle/input/datasets/dionisiusdh/indonesian-batik-motifs/batik-megamendung/46.jpg,46.jpg,batik-megamendung,1330,1300,253034,d8518c07073f762d353a7079acc50020,580
/kaggle/input/datasets/dionisiusdh/indonesian-batik-motifs/batik-megamendung/47.jpg,47.jpg,batik-megamendung,712,435,63624,775f364182f6e0075cc981197e8f13d8,581
/kaggle/input/datasets/dionisiusdh/indonesian-batik-motifs/batik-megamendung/48.jpg,48.jpg,batik-megamendung,709,433,77455,6fd0507b8ec0f0b7fce32fcd2b18d85e,582
/kaggle/input/datasets/dionisiusdh/indonesian-batik-motifs/batik-megamendung/5.jpg,5.jpg,batik-megamendung,280,400,44437,669eacb46e8253c21492569ed5a21093,544
/kaggle/input/datasets/dionisiusdh/indonesian-batik-motifs/batik-megamendung/6.jpg,6.jpg,batik-megamendung,1330,1300,242331,1b029c39c3512d167b31d1ff3bac1046,580
/kaggle/input/datasets/dionisiusdh/indonesian-batik-motifs/batik-megamendung/7.jpg,7.jpg,batik-megamendung,1280,960,471829,68ac8c291383f9db0566df07de701aa9,543
/kaggle/input/datasets/dionisiusdh/indonesian-batik-motifs/batik-megamendung/8.jpg,8.jpg,batik-megamendung,400,420,73295,e4fef05b68e9598f033515143324035f,586
/kaggle/input/datasets/dionisiusdh/indonesian-batik-motifs/batik-megamendung/9.jpg,9.jpg,batik-megamendung,1200,1609,608739,40ba44f6b13a84b8de2a2cd4128e8372,587
/kaggle/input/datasets/dionisiusdh/indonesian-batik-motifs/batik-parang/1.jpg,1.jpg,batik-parang,1024,1024,230499,f8ace7399e9fd1564ef57c02b130b52a,588
/kaggle/input/datasets/dionisiusdh/indonesian-batik-motifs/batik-parang/10.jpg,10.jpg,batik-parang,403,334,52483,3a54ce2265c590b7c9133ed18eab9487,589
/kaggle/input/datasets/dionisiusdh/indonesian-batik-motifs/batik-parang/11.jpg,11.jpg,batik-parang,448,296,54467,b57973fbdac0150bf143a9eb080bdc5b,590
/kaggle/input/datasets/dionisiusdh/indonesian-batik-motifs/batik-parang/12.jpg,12.jpg,batik-parang,700,393,50509,3e8271648a3b4f6836d738644c062334,591
/kaggle/input/datasets/dionisiusdh/indonesian-batik-motifs/batik-parang/13.jpg,13.jpg,batik-parang,3008,2000,798876,801d193b7674b5cf0f4b7aae93f8fe4b,592
/kaggle/input/datasets/dionisiusdh/indonesian-batik-motifs/batik-parang/14.jpg,14.jpg,batik-parang,1280,960,248915,77227884b41fa2288a5011cc77d0db69,593
/kaggle/input/datasets/dionisiusdh/indonesian-batik-motifs/batik-parang/15.jpg,15.jpg,batik-parang,736,981,142106,6f9595c12ca693ea5576a5c22a55c5ea,594
/kaggle/input/datasets/dionisiusdh/indonesian-batik-motifs/batik-parang/16.jpg,16.jpg,batik-parang,923,959,1169614,ea5b56b98f658d59a2a9b229348c52bd,595
/kaggle/input/datasets/dionisiusdh/indonesian-batik-motifs/batik-parang/17.jpg,17.jpg,batik-parang,550,413,69368,1e0968a6d4c76dec3be4ea29169c5051,596
/kaggle/input/datasets/dionisiusdh/indonesian-batik-motifs/batik-parang/18.jpg,18.jpg,batik-parang,1600,1131,304910,7352a0bfaec788a3cfeb3c5dc76c4a5c,244
/kaggle/input/datasets/dionisiusdh/indonesian-batik-motifs/batik-parang/19.jpg,19.jpg,batik-parang,824,853,783576,b8f873f665bb0d08d8463c8b15a97c5a,598
/kaggle/input/datasets/dionisiusdh/indonesian-batik-motifs/batik-parang/2.jpg,2.jpg,batik-parang,300,232,22415,70aef2cf1608a05b9bcf54d073f3848c,599
/kaggle/input/datasets/dionisiusdh/indonesian-batik-motifs/batik-parang/20.jpg,20.jpg,batik-parang,476,476,145717,b17eb0fe767a29fb4da64aecd5bd5fab,600
/kaggle/input/datasets/dionisiusdh/indonesian-batik-motifs/batik-parang/21.jpg,21.jpg,batik-parang,1600,1200,692004,1f6b94ae02c99d8adadfdcf18a790bd7,601
/kaggle/input/datasets/dionisiusdh/indonesian-batik-motifs/batik-parang/22.jpg,22.jpg,batik-parang,431,293,66931,ecfe0546bbe9112bb7ecbaba74b113db,602
/kaggle/input/datasets/dionisiusdh/indonesian-batik-motifs/batik-parang/23.jpg,23.jpg,batik-parang,526,748,163917,ea65bc0bb56add3819623bfb2debf955,603
/kaggle/input/datasets/dionisiusdh/indonesian-batik-motifs/batik-parang/24.jpg,24.jpg,batik-parang,1600,1200,673706,30bf0b8b0504f794adeec7a5ca2d4e09,405
/kaggle/input/datasets/dionisiusdh/indonesian-batik-motifs/batik-parang/25.jpg,25.jpg,batik-parang,1200,1200,885446,18031488daf96c0dc91f86be9887b311,605
/kaggle/input/datasets/dionisiusdh/indonesian-batik-motifs/batik-parang/26.jpg,26.jpg,batik-parang,300,225,25933,e175730111e21bd72a5e4a51fab2cb54,606
/kaggle/input/datasets/dionisiusdh/indonesian-batik-motifs/batik-parang/27.jpg,27.jpg,batik-parang,782,844,951929,ec7704758c032b05c45209ce25b60b42,607
/kaggle/input/datasets/dionisiusdh/indonesian-batik-motifs/batik-parang/28.jpg,28.jpg,batik-parang,1107,768,216308,64e7d34de29efbc8c38446ac0128ca97,608
/kaggle/input/datasets/dionisiusdh/indonesian-batik-motifs/batik-parang/29.jpg,29.jpg,batik-parang,736,990,170235,dba4830fdf6f0e12c0546f3fd8938385,609
/kaggle/input/datasets/dionisiusdh/indonesian-batik-motifs/batik-parang/3.jpg,3.jpg,batik-parang,640,640,114470,7b09e4691659582915fcab39caa25eb2,605
/kaggle/input/datasets/dionisiusdh/indonesian-batik-motifs/batik-parang/30.jpg,30.jpg,batik-parang,305,218,51872,3353cc66485344901814ced70dfacd1b,611
/kaggle/input/datasets/dionisiusdh/indonesian-batik-motifs/batik-parang/31.jpg,31.jpg,batik-parang,640,465,90858,f797357da9d37b5d2d0da1fb894a50fc,612
/kaggle/input/datasets/dionisiusdh/indonesian-batik-motifs/batik-parang/32.jpg,32.jpg,batik-parang,1504,1000,424373,dcb9df3484eb8ea2336b80329c9e4ec4,18
/kaggle/input/datasets/dionisiusdh/indonesian-batik-motifs/batik-parang/33.jpg,33.jpg,batik-parang,1143,1353,641537,605cef2b0ea6b123ad6ee283826c030e,614
/kaggle/input/datasets/dionisiusdh/indonesian-batik-motifs/batik-parang/34.jpg,34.jpg,batik-parang,1600,1200,776409,944c6aec256c97074cac67fdd4c77d1c,615
/kaggle/input/datasets/dionisiusdh/indonesian-batik-motifs/batik-parang/35.jpg,35.jpg,batik-parang,800,500,134578,ce3c4c1b9f63b0870e81df47dfe136de,616
/kaggle/input/datasets/dionisiusdh/indonesian-batik-motifs/batik-parang/36.jpg,36.jpg,batik-parang,400,300,59206,49a806d5a89dea777791c429f0d9b3ea,617
/kaggle/input/datasets/dionisiusdh/indonesian-batik-motifs/batik-parang/37.jpg,37.jpg,batik-parang,1702,1702,877899,2853f1f554ff633c6e74a808b1911e07,2
/kaggle/input/datasets/dionisiusdh/indonesian-batik-motifs/batik-parang/38.jpg,38.jpg,batik-parang,375,500,52442,c587ad58acb02bab655c45d2d6a3ea8b,619
/kaggle/input/datasets/dionisiusdh/indonesian-batik-motifs/batik-parang/39.jpg,39.jpg,batik-parang,1000,1000,294441,8612f600c8836f8d26c88c3d240ff57e,620
/kaggle/input/datasets/dionisiusdh/indonesian-batik-motifs/batik-parang/4.jpg,4.jpg,batik-parang,1024,708,193986,b8249859b6f0707450b6d9421d6c6447,621
/kaggle/input/datasets/dionisiusdh/indonesian-batik-motifs/batik-parang/40.jpg,40.jpg,batik-parang,1138,1344,767284,56add7b2ef8e47f61fd60e0a8ba6f6f6,206
/kaggle/input/datasets/dionisiusdh/indonesian-batik-motifs/batik-parang/41.jpg,41.jpg,batik-parang,1118,1332,659319,0efddb8985756ab75932e8124bea3517,623
/kaggle/input/datasets/dionisiusdh/indonesian-batik-motifs/batik-parang/42.jpg,42.jpg,batik-parang,750,1083,59764,2d747acd486fe1f494ba6879fb178d5a,624
/kaggle/input/datasets/dionisiusdh/indonesian-batik-motifs/batik-parang/43.jpg,43.jpg,batik-parang,1000,1000,220161,0b263a7676cc86fc11b4729d105a5929,625
/kaggle/input/datasets/dionisiusdh/indonesian-batik-motifs/batik-parang/44.jpg,44.jpg,batik-parang,750,1083,108086,6f9504659eb2f28f2791bb8159ffd894,626
/kaggle/input/datasets/dionisiusdh/indonesian-batik-motifs/batik-parang/45.jpg,45.jpg,batik-parang,750,1083,101178,938f21a62d2cfa4bf5f3b5f8aa7f088c,627
/kaggle/input/datasets/dionisiusdh/indonesian-batik-motifs/batik-parang/46.jpg,46.jpg,batik-parang,1200,1385,239330,7163fa888290435ae532e3199551db16,628
/kaggle/input/datasets/dionisiusdh/indonesian-batik-motifs/batik-parang/47.jpg,47.jpg,batik-parang,462,721,204179,2796e9055cdff604ae279ba6bd84a4a3,629
/kaggle/input/datasets/dionisiusdh/indonesian-batik-motifs/batik-parang/48.jpg,48.jpg,batik-parang,1000,1333,442295,bc303e01b9857f103622619d99d7d631,630
/kaggle/input/datasets/dionisiusdh/indonesian-batik-motifs/batik-parang/49.jpg,49.jpg,batik-parang,283,300,27660,2a7aac4a8182f991a4444f1a9c48e92b,631
/kaggle/input/datasets/dionisiusdh/indonesian-batik-motifs/batik-parang/5.jpg,5.jpg,batik-parang,310,220,48644,9f187d7932d8446241b053014ebe9845,632
/kaggle/input/datasets/dionisiusdh/indonesian-batik-motifs/batik-parang/50.jpg,50.jpg,batik-parang,229,220,30416,bb049425b74403119a96b43671386bfe,633
/kaggle/input/datasets/dionisiusdh/indonesian-batik-motifs/batik-parang/6.jpg,6.jpg,batik-parang,1200,1467,300249,9424db3bc51c9cc9faae7411934eefd0,634
/kaggle/input/datasets/dionisiusdh/indonesian-batik-motifs/batik-parang/7.jpg,7.jpg,batik-parang,864,1002,364511,ad8f91b9321b86052961b0c896db4256,635
/kaggle/input/datasets/dionisiusdh/indonesian-batik-motifs/batik-parang/8.jpg,8.jpg,batik-parang,600,400,52100,864cfaee1e681500936ab9ce7c8d73e2,636
/kaggle/input/datasets/dionisiusdh/indonesian-batik-motifs/batik-parang/9.jpg,9.jpg,batik-parang,300,400,35615,10ac2aca5369916e2207a094e20a6f93,637
/kaggle/input/datasets/dionisiusdh/indonesian-batik-motifs/batik-pekalongan/1.jpg,1.jpg,batik-pekalongan,1600,1199,598974,a5e038ca0568ba0f443c4f243340cea0,490
/kaggle/input/datasets/dionisiusdh/indonesian-batik-motifs/batik-pekalongan/10.jpg,10.jpg,batik-pekalongan,300,225,28752,f208c1ef3c0c4b6d2321c57c18aaba2f,490
/kaggle/input/datasets/dionisiusdh/indonesian-batik-motifs/batik-pekalongan/11.jpg,11.jpg,batik-pekalongan,736,552,167641,5ede3eea43b6526362bb5ca5cb2bb889,640
/kaggle/input/datasets/dionisiusdh/indonesian-batik-motifs/batik-pekalongan/12.jpg,12.jpg,batik-pekalongan,1000,1000,287695,c7e7a60438eef5a63e1a4b51a7732cb3,641
/kaggle/input/datasets/dionisiusdh/indonesian-batik-motifs/batik-pekalongan/13.jpg,13.jpg,batik-pekalongan,1600,1200,539970,24c6dd604935ae7c8b3e6d914e9a7414,642
/kaggle/input/datasets/dionisiusdh/indonesian-batik-motifs/batik-pekalongan/14.jpg,14.jpg,batik-pekalongan,4962,3518,2630641,8feb3aecc71db10ef1bc4befcecbba8d,643
/kaggle/input/datasets/dionisiusdh/indonesian-batik-motifs/batik-pekalongan/15.jpg,15.jpg,batik-pekalongan,1267,1200,655060,4adaaed67fda30b35b98a4cadc4217d7,644
/kaggle/input/datasets/dionisiusdh/indonesian-batik-motifs/batik-pekalongan/16.jpg,16.jpg,batik-pekalongan,416,426,481347,dfeac6508e7fc1a51577501321ee16fe,645
/kaggle/input/datasets/dionisiusdh/indonesian-batik-motifs/batik-pekalongan/17.jpg,17.jpg,batik-pekalongan,500,312,58216,8a6024ff1a607931e789e1642650ff03,646
/kaggle/input/datasets/dionisiusdh/indonesian-batik-motifs/batik-pekalongan/18.jpg,18.jpg,batik-pekalongan,687,520,198756,3f86fa8dd3a3b27a89f626d65a3f12cc,647
/kaggle/input/datasets/dionisiusdh/indonesian-batik-motifs/batik-pekalongan/19.jpg,19.jpg,batik-pekalongan,960,720,328231,325be22b7e1766e6ca902ef8f6f3d517,648
/kaggle/input/datasets/dionisiusdh/indonesian-batik-motifs/batik-pekalongan/2.jpg,2.jpg,batik-pekalongan,529,583,248391,504f724d9cd0439cff9b495083d9ec54,649
/kaggle/input/datasets/dionisiusdh/indonesian-batik-motifs/batik-pekalongan/20.jpg,20.jpg,batik-pekalongan,1000,424,247559,dcb12235280d296651d6078a28d42713,650
/kaggle/input/datasets/dionisiusdh/indonesian-batik-motifs/batik-pekalongan/21.jpg,21.jpg,batik-pekalongan,600,314,106563,44d71ee9563a88187eb2066dc1739909,651
/kaggle/input/datasets/dionisiusdh/indonesian-batik-motifs/batik-pekalongan/22.jpg,22.jpg,batik-pekalongan,541,318,48420,131d2e74c5e6226e3eae9c17afcc4756,652
/kaggle/input/datasets/dionisiusdh/indonesian-batik-motifs/batik-pekalongan/23.jpg,23.jpg,batik-pekalongan,227,173,32195,3747eaeb95b0455a576b8cbbef06efef,653
/kaggle/input/datasets/dionisiusdh/indonesian-batik-motifs/batik-pekalongan/24.jpg,24.jpg,batik-pekalongan,640,480,381222,844fed06cb811cc852e55be3afff7757,642
/kaggle/input/datasets/dionisiusdh/indonesian-batik-motifs/batik-pekalongan/25.jpg,25.jpg,batik-pekalongan,1600,1200,497172,20b0287ca905cac49ab62a268e3408d1,655
/kaggle/input/datasets/dionisiusdh/indonesian-batik-motifs/batik-pekalongan/26.jpg,26.jpg,batik-pekalongan,2048,1536,1051661,3791e6b28cf65ac80e9e32078fafa67d,656
/kaggle/input/datasets/dionisiusdh/indonesian-batik-motifs/batik-pekalongan/27.jpg,27.jpg,batik-pekalongan,1024,1024,230590,a2b25c92263f666040bac1812dee4d02,588
/kaggle/input/datasets/dionisiusdh/indonesian-batik-motifs/batik-pekalongan/28.jpg,28.jpg,batik-pekalongan,400,300,72760,e5969c3a50792d3a3512c6c76cd6bcdc,658
/kaggle/input/datasets/dionisiusdh/indonesian-batik-motifs/batik-pekalongan/29.jpg,29.jpg,batik-pekalongan,1000,1500,294348,dd818ea01477c0caefc1f3c494b1d119,659
/kaggle/input/datasets/dionisiusdh/indonesian-batik-motifs/batik-pekalongan/3.jpg,3.jpg,batik-pekalongan,320,240,23036,7a0ee52646ecdc599f9922a331087d4a,660
/kaggle/input/datasets/dionisiusdh/indonesian-batik-motifs/batik-pekalongan/30.jpg,30.jpg,batik-pekalongan,750,1000,781714,824c5555a4ccdf8024ae506fabd5a852,661
/kaggle/input/datasets/dionisiusdh/indonesian-batik-motifs/batik-pekalongan/31.jpg,31.jpg,batik-pekalongan,960,640,95844,64fba8dda2917953c30c91f09f3cbeaa,662
/kaggle/input/datasets/dionisiusdh/indonesian-batik-motifs/batik-pekalongan/32.jpg,32.jpg,batik-pekalongan,1000,1000,228738,0991976abdf05418755254af50d0cf27,663
/kaggle/input/datasets/dionisiusdh/indonesian-batik-motifs/batik-pekalongan/33.jpg,33.jpg,batik-pekalongan,600,314,382675,97cb9463f08fe88af3d525d0538206bd,664
/kaggle/input/datasets/dionisiusdh/indonesian-batik-motifs/batik-pekalongan/34.jpg,34.jpg,batik-pekalongan,640,480,149352,2f5c3c6d6158ad036c32835eeb577279,665
/kaggle/input/datasets/dionisiusdh/indonesian-batik-motifs/batik-pekalongan/35.jpg,35.jpg,batik-pekalongan,2016,1134,529210,9f1d53ff6410398eae580609a7dcafd4,666
/kaggle/input/datasets/dionisiusdh/indonesian-batik-motifs/batik-pekalongan/36.jpg,36.jpg,batik-pekalongan,2048,1536,883413,90ee368f855985a8e4e83a9357b6d396,667
/kaggle/input/datasets/dionisiusdh/indonesian-batik-motifs/batik-pekalongan/37.jpg,37.jpg,batik-pekalongan,2996,1970,869337,e6dcf614cc7bf5b0cd46396b333521b5,14
/kaggle/input/datasets/dionisiusdh/indonesian-batik-motifs/batik-pekalongan/38.jpg,38.jpg,batik-pekalongan,1000,1778,611697,defbc857c7b206c729d90833742e07ef,669
/kaggle/input/datasets/dionisiusdh/indonesian-batik-motifs/batik-pekalongan/39.jpg,39.jpg,batik-pekalongan,762,1100,148872,5ae610bb2438c86a011d0503331f38b5,670
/kaggle/input/datasets/dionisiusdh/indonesian-batik-motifs/batik-pekalongan/4.jpg,4.jpg,batik-pekalongan,1200,1689,743823,054ff36397a8279a151173b78a88bdfa,671
/kaggle/input/datasets/dionisiusdh/indonesian-batik-motifs/batik-pekalongan/40.jpg,40.jpg,batik-pekalongan,2048,1536,679412,18c1de704cc2e703073d3cc122fb205c,672
/kaggle/input/datasets/dionisiusdh/indonesian-batik-motifs/batik-pekalongan/41.jpg,41.jpg,batik-pekalongan,1000,1000,284901,9965057ed6d5310c750b4b67c661c754,673
/kaggle/input/datasets/dionisiusdh/indonesian-batik-motifs/batik-pekalongan/42.jpg,42.jpg,batik-pekalongan,306,320,62450,c3c2a68760a3b4e7e5c320fb20cf7d08,674
/kaggle/input/datasets/dionisiusdh/indonesian-batik-motifs/batik-pekalongan/43.jpg,43.jpg,batik-pekalongan,768,1024,299905,1585a03a0b35446252999ed6843944fc,675
/kaggle/input/datasets/dionisiusdh/indonesian-batik-motifs/batik-pekalongan/44.jpg,44.jpg,batik-pekalongan,1000,1529,283301,98c78c295fe1635992954b355d915632,676
/kaggle/input/datasets/dionisiusdh/indonesian-batik-motifs/batik-pekalongan/45.jpg,45.jpg,batik-pekalongan,272,204,30644,85d9754e1007b8161f15bea317c8ee63,677
/kaggle/input/datasets/dionisiusdh/indonesian-batik-motifs/batik-pekalongan/46.jpg,46.jpg,batik-pekalongan,1600,1200,448372,e643739968f57dd68d9d3d631c895f91,678
/kaggle/input/datasets/dionisiusdh/indonesian-batik-motifs/batik-pekalongan/47.jpg,47.jpg,batik-pekalongan,600,400,199315,1b5b81db2da9e397a87af21fb6da293b,679
/kaggle/input/datasets/dionisiusdh/indonesian-batik-motifs/batik-pekalongan/48.jpg,48.jpg,batik-pekalongan,244,330,31197,c9d63ac5a25e9eb27b1548b8ad62b8c6,680
/kaggle/input/datasets/dionisiusdh/indonesian-batik-motifs/batik-pekalongan/49.jpg,49.jpg,batik-pekalongan,960,638,258504,aee1fd6cff9460e362b3df2e090d496d,681
/kaggle/input/datasets/dionisiusdh/indonesian-batik-motifs/batik-pekalongan/5.jpg,5.jpg,batik-pekalongan,1600,1200,521940,b991281539704d0bac69409f3b33e3dc,249
/kaggle/input/datasets/dionisiusdh/indonesian-batik-motifs/batik-pekalongan/50.jpg,50.jpg,batik-pekalongan,620,354,152946,c2cb4f93c6c1ae0fc44176b2cba8225f,683
/kaggle/input/datasets/dionisiusdh/indonesian-batik-motifs/batik-pekalongan/6.jpg,6.jpg,batik-pekalongan,1404,1200,449410,4f3c5e56de2d30592d7089c4283007ac,684
/kaggle/input/datasets/dionisiusdh/indonesian-batik-motifs/batik-pekalongan/7.jpg,7.jpg,batik-pekalongan,2048,1536,904202,ba7444d298965f4174b36608af8016fd,685
/kaggle/input/datasets/dionisiusdh/indonesian-batik-motifs/batik-pekalongan/8.jpg,8.jpg,batik-pekalongan,2048,1536,1019172,c95de85bf8d21b49e4131eb504fdcb19,686
/kaggle/input/datasets/dionisiusdh/indonesian-batik-motifs/batik-pekalongan/9.jpg,9.jpg,batik-pekalongan,1600,1200,375284,dacae154e2a5aded56c2fc4f9b5e5960,687
/kaggle/input/datasets/dionisiusdh/indonesian-batik-motifs/batik-priangan/1.jpg,1.jpg,batik-priangan,320,178,37799,fcc5687515166aebee47d6691a0a0e81,688
/kaggle/input/datasets/dionisiusdh/indonesian-batik-motifs/batik-priangan/10.jpg,10.jpg,batik-priangan,1600,1200,541847,694b90b858b3f42dc007e6be4dc00771,274
/kaggle/input/datasets/dionisiusdh/indonesian-batik-motifs/batik-priangan/11.jpg,11.jpg,batik-priangan,640,480,83695,4d3747b422f445a9f5d4d012bc684b6a,690
/kaggle/input/datasets/dionisiusdh/indonesian-batik-motifs/batik-priangan/12.jpg,12.jpg,batik-priangan,720,364,142368,8d0ef49a6afe18178dda646d1689b01f,691
/kaggle/input/datasets/dionisiusdh/indonesian-batik-motifs/batik-priangan/13.jpg,13.jpg,batik-priangan,720,720,404576,4dcad577a7cbd2606d869fde5ecc0e8a,692
/kaggle/input/datasets/dionisiusdh/indonesian-batik-motifs/batik-priangan/14.jpg,14.jpg,batik-priangan,720,572,182682,f697d0ee1ac2d231c918a84797eee500,693
/kaggle/input/datasets/dionisiusdh/indonesian-batik-motifs/batik-priangan/15.jpg,15.jpg,batik-priangan,640,480,98462,8590a7627d045e92ed60a399ac717b51,694
/kaggle/input/datasets/dionisiusdh/indonesian-batik-motifs/batik-priangan/16.jpg,16.jpg,batik-priangan,1080,1080,131952,dcccc8ea64fa8b9e0f8e78c69423b84d,695
/kaggle/input/datasets/dionisiusdh/indonesian-batik-motifs/batik-priangan/17.jpg,17.jpg,batik-priangan,1080,1080,89523,314426a666783ee521dfd5b466484b79,696
/kaggle/input/datasets/dionisiusdh/indonesian-batik-motifs/batik-priangan/18.jpg,18.jpg,batik-priangan,1024,791,215004,173f077bbb2454aa94a69e90a6fcba0e,255
/kaggle/input/datasets/dionisiusdh/indonesian-batik-motifs/batik-priangan/19.jpg,19.jpg,batik-priangan,500,468,50802,4d971c7a4751db5efbbc38d92c358fa9,698
/kaggle/input/datasets/dionisiusdh/indonesian-batik-motifs/batik-priangan/2.jpg,2.jpg,batik-priangan,647,431,134549,afe435d0caf152c75dc36a94ac2df919,699
/kaggle/input/datasets/dionisiusdh/indonesian-batik-motifs/batik-priangan/20.jpg,20.jpg,batik-priangan,480,640,82449,7f74d9c812bf26f82305234bf106be32,700
/kaggle/input/datasets/dionisiusdh/indonesian-batik-motifs/batik-priangan/21.jpg,21.jpg,batik-priangan,700,424,126022,ed99495e04911d1f4672b2c0c525e771,301
/kaggle/input/datasets/dionisiusdh/indonesian-batik-motifs/batik-priangan/22.jpg,22.jpg,batik-priangan,1080,1080,85857,a6e635b6570c81931dc650cac28f914a,702
/kaggle/input/datasets/dionisiusdh/indonesian-batik-motifs/batik-priangan/23.jpg,23.jpg,batik-priangan,236,177,11502,8d4146b0d2e86be6198d105c6cc62059,703
/kaggle/input/datasets/dionisiusdh/indonesian-batik-motifs/batik-priangan/24.jpg,24.jpg,batik-priangan,299,169,19455,60e25cb98134d659abd81600acc624dc,308
/kaggle/input/datasets/dionisiusdh/indonesian-batik-motifs/batik-priangan/25.jpg,25.jpg,batik-priangan,480,640,58987,a66fa6fdae72d7070fe485d6827c46b7,705
/kaggle/input/datasets/dionisiusdh/indonesian-batik-motifs/batik-priangan/26.jpg,26.jpg,batik-priangan,480,640,62399,20d9ddd2aeee1185281815e0f8b61220,706
/kaggle/input/datasets/dionisiusdh/indonesian-batik-motifs/batik-priangan/27.jpg,27.jpg,batik-priangan,500,333,72808,5bff0fbe65ad321a998420c7d4ef695b,707
/kaggle/input/datasets/dionisiusdh/indonesian-batik-motifs/batik-priangan/28.jpg,28.jpg,batik-priangan,1024,512,209014,ced0676ca2bb339758e3ba6645c7ae03,708
/kaggle/input/datasets/dionisiusdh/indonesian-batik-motifs/batik-priangan/29.jpg,29.jpg,batik-priangan,480,640,63401,7e02065865ca67302d1b9b7cf9a21324,709
/kaggle/input/datasets/dionisiusdh/indonesian-batik-motifs/batik-priangan/3.jpg,3.jpg,batik-priangan,700,583,102245,4093c2c80754cb0fc5d54a39a877aeeb,710
/kaggle/input/datasets/dionisiusdh/indonesian-batik-motifs/batik-priangan/30.jpg,30.jpg,batik-priangan,1080,1080,135772,4b214132a54ca816763241235875ceef,711
/kaggle/input/datasets/dionisiusdh/indonesian-batik-motifs/batik-priangan/31.jpg,31.jpg,batik-priangan,320,240,55020,ee0d22012b1380bed9bd5515c1682d7d,712
/kaggle/input/datasets/dionisiusdh/indonesian-batik-motifs/batik-priangan/32.jpg,32.jpg,batik-priangan,800,450,36504,8337486a04952e45d4ff5466163e9403,713
/kaggle/input/datasets/dionisiusdh/indonesian-batik-motifs/batik-priangan/33.jpg,33.jpg,batik-priangan,680,485,68263,249a14a7ab6ea38a9d0f64957f9c0646,714
/kaggle/input/datasets/dionisiusdh/indonesian-batik-motifs/batik-priangan/34.jpg,34.jpg,batik-priangan,238,180,12936,fa0b56729a0c71f8431f84c1bbf05e28,715
/kaggle/input/datasets/dionisiusdh/indonesian-batik-motifs/batik-priangan/35.jpg,35.jpg,batik-priangan,1024,576,389541,fd6eb979c519fbcdfe9bb574e38d200d,374
/kaggle/input/datasets/dionisiusdh/indonesian-batik-motifs/batik-priangan/36.jpg,36.jpg,batik-priangan,320,320,24953,8cc6d0bc5678db8bb13a85beac476cc3,717
/kaggle/input/datasets/dionisiusdh/indonesian-batik-motifs/batik-priangan/37.jpg,37.jpg,batik-priangan,736,417,71816,b94e934d8f71cff8e6e3cbc5e6d5589d,718
/kaggle/input/datasets/dionisiusdh/indonesian-batik-motifs/batik-priangan/38.jpg,38.jpg,batik-priangan,1200,675,123371,8e4e58d5d26a3e7df88b279841b5e7a3,719
/kaggle/input/datasets/dionisiusdh/indonesian-batik-motifs/batik-priangan/39.jpg,39.jpg,batik-priangan,800,464,397814,6fddce0db2dbd91dbaae76a0af4f6c2d,720
/kaggle/input/datasets/dionisiusdh/indonesian-batik-motifs/batik-priangan/4.jpg,4.jpg,batik-priangan,277,182,18224,a57fbb70826fa303ff59e52b8aea045f,721
/kaggle/input/datasets/dionisiusdh/indonesian-batik-motifs/batik-priangan/40.jpg,40.jpg,batik-priangan,550,360,74028,cb9973c659016f48815ae5271f265ca4,722
/kaggle/input/datasets/dionisiusdh/indonesian-batik-motifs/batik-priangan/41.jpg,41.jpg,batik-priangan,704,471,287628,c147cb68c834dc8e7fba0be4151b9015,723
/kaggle/input/datasets/dionisiusdh/indonesian-batik-motifs/batik-priangan/42.jpg,42.jpg,batik-priangan,850,1203,130766,fe01addee29eb8e15473b39d90455886,724
/kaggle/input/datasets/dionisiusdh/indonesian-batik-motifs/batik-priangan/43.jpg,43.jpg,batik-priangan,480,640,85201,8ab2444f4e842f3251528787d1439a23,725
/kaggle/input/datasets/dionisiusdh/indonesian-batik-motifs/batik-priangan/44.jpg,44.jpg,batik-priangan,700,400,77229,46476866d324d2cc767387f683b47678,726
/kaggle/input/datasets/dionisiusdh/indonesian-batik-motifs/batik-priangan/45.jpg,45.jpg,batik-priangan,982,1140,956398,15e94a49d6fcb266b9e57b2ce65a564f,727
/kaggle/input/datasets/dionisiusdh/indonesian-batik-motifs/batik-priangan/46.jpg,46.jpg,batik-priangan,1024,681,393274,7f8e3ed4a8c15ebf8aaf1de1fdd0bbc8,728
/kaggle/input/datasets/dionisiusdh/indonesian-batik-motifs/batik-priangan/47.jpg,47.jpg,batik-priangan,638,359,103483,157a2905c9f138c2212cf4402249f0df,729
/kaggle/input/datasets/dionisiusdh/indonesian-batik-motifs/batik-priangan/48.jpg,48.jpg,batik-priangan,800,533,232057,ad5a91d6686c4a3eedc265225fd8f5da,730
/kaggle/input/datasets/dionisiusdh/indonesian-batik-motifs/batik-priangan/49.jpg,49.jpg,batik-priangan,555,444,79876,f6282ec0a5618cfc5ad6b379bf5b4f06,731
/kaggle/input/datasets/dionisiusdh/indonesian-batik-motifs/batik-priangan/5.jpg,5.jpg,batik-priangan,1600,921,614187,c3ee1e3add693cc17ba9a5b88a87a244,732
/kaggle/input/datasets/dionisiusdh/indonesian-batik-motifs/batik-priangan/50.jpg,50.jpg,batik-priangan,300,170,28425,6ce8e86b02fba37715e914793fb53b81,733
/kaggle/input/datasets/dionisiusdh/indonesian-batik-motifs/batik-priangan/6.jpg,6.jpg,batik-priangan,721,720,606568,c3c96930a07e9c39a996ddd5144a390e,734
/kaggle/input/datasets/dionisiusdh/indonesian-batik-motifs/batik-priangan/7.jpg,7.jpg,batik-priangan,200,267,19917,75ac920eed0d696366462dacddd9e5af,735
/kaggle/input/datasets/dionisiusdh/indonesian-batik-motifs/batik-priangan/8.jpg,8.jpg,batik-priangan,770,512,94931,32c685d86442fba9d71e84f40b945e79,736
/kaggle/input/datasets/dionisiusdh/indonesian-batik-motifs/batik-priangan/9.jpg,9.jpg,batik-priangan,740,703,381825,9696b96c44a31e43cabf79c65137a697,737
/kaggle/input/datasets/dionisiusdh/indonesian-batik-motifs/batik-sekar/1.jpg,1.jpg,batik-sekar,1600,1200,306621,470ff74d17fa619c2506403fc3c4e4b0,738
/kaggle/input/datasets/dionisiusdh/indonesian-batik-motifs/batik-sekar/10.jpg,10.jpg,batik-sekar,1350,1750,630386,7f7304f134bdaa0f8c58ec9cce9a5029,739
/kaggle/input/datasets/dionisiusdh/indonesian-batik-motifs/batik-sekar/11.jpg,11.jpg,batik-sekar,673,373,46432,da6ca2bac9d84a9fb1efe8b3db788e0b,740
/kaggle/input/datasets/dionisiusdh/indonesian-batik-motifs/batik-sekar/13.jpg,13.jpg,batik-sekar,499,333,83616,1d3713a05841de2e9335fbc130a4209c,741
/kaggle/input/datasets/dionisiusdh/indonesian-batik-motifs/batik-sekar/14.jpg,14.jpg,batik-sekar,1350,1750,347194,72bbb04f7f8319b0ed4c3cd710205bb1,742
/kaggle/input/datasets/dionisiusdh/indonesian-batik-motifs/batik-sekar/15.jpg,15.jpg,batik-sekar,1000,1333,474484,e8fb715dc8efe65806800f25c95b94ac,743
/kaggle/input/datasets/dionisiusdh/indonesian-batik-motifs/batik-sekar/16.jpg,16.jpg,batik-sekar,400,550,88711,97911f3d8067a0d6b5c7005ad787d057,744
/kaggle/input/datasets/dionisiusdh/indonesian-batik-motifs/batik-sekar/17.jpg,17.jpg,batik-sekar,1350,1750,392105,df5dad44b7295ead3f0b65f4a4b5b8cb,745
/kaggle/input/datasets/dionisiusdh/indonesian-batik-motifs/batik-sekar/18.jpg,18.jpg,batik-sekar,1000,1000,324721,931aefa373439f14c66496409db9f59a,746
/kaggle/input/datasets/dionisiusdh/indonesian-batik-motifs/batik-sekar/19.jpg,19.jpg,batik-sekar,1350,1750,361080,5b5eeb5f17413e773817206ee2f74d5f,747
/kaggle/input/datasets/dionisiusdh/indonesian-batik-motifs/batik-sekar/2.jpg,2.jpg,batik-sekar,1000,1333,419263,45e18862b4bae11707493e132e545ef3,748
/kaggle/input/datasets/dionisiusdh/indonesian-batik-motifs/batik-sekar/20.jpg,20.jpg,batik-sekar,1000,1083,147327,80228c0f7cea5c28fc793037fcb85c32,749
/kaggle/input/datasets/dionisiusdh/indonesian-batik-motifs/batik-sekar/21.jpg,21.jpg,batik-sekar,2500,2500,710862,08a200dc1dc7bf8348ab55d2a685983f,750
/kaggle/input/datasets/dionisiusdh/indonesian-batik-motifs/batik-sekar/22.jpg,22.jpg,batik-sekar,400,550,48516,8e50a9634caa0dcfff1c6fb29d4ba6c3,751
/kaggle/input/datasets/dionisiusdh/indonesian-batik-motifs/batik-sekar/23.jpg,23.jpg,batik-sekar,1000,1083,175914,abdcbb8320fa475ce979933312cd1b0f,749
/kaggle/input/datasets/dionisiusdh/indonesian-batik-motifs/batik-sekar/24.jpg,24.jpg,batik-sekar,1024,1024,118875,fa9b9d98206fafd31fdd422465e9e249,756
/kaggle/input/datasets/dionisiusdh/indonesian-batik-motifs/batik-sekar/25.jpg,25.jpg,batik-sekar,1000,1004,127423,965f3fd05de1a1d62800b0060e6a45cb,754
/kaggle/input/datasets/dionisiusdh/indonesian-batik-motifs/batik-sekar/26.jpg,26.jpg,batik-sekar,1350,1750,192445,a508c6ff1c6a08a4bdf8d35ab9f26551,755
/kaggle/input/datasets/dionisiusdh/indonesian-batik-motifs/batik-sekar/27.jpg,27.jpg,batik-sekar,2500,2500,372684,b0e647bc7586bb642b765e17e19c3911,756
/kaggle/input/datasets/dionisiusdh/indonesian-batik-motifs/batik-sekar/28.jpg,28.jpg,batik-sekar,2500,2500,400774,ecc57d42bdcd7df4ff4617c1de305875,756
/kaggle/input/datasets/dionisiusdh/indonesian-batik-motifs/batik-sekar/29.jpg,29.jpg,batik-sekar,585,417,671051,cbd89eeeaefa8106f839b483867c4cdd,758
/kaggle/input/datasets/dionisiusdh/indonesian-batik-motifs/batik-sekar/3.jpg,3.jpg,batik-sekar,1000,1000,229663,884f8411e451b369eb893326415508a7,759
/kaggle/input/datasets/dionisiusdh/indonesian-batik-motifs/batik-sekar/30.jpg,30.jpg,batik-sekar,875,563,59714,ca5ffed8eb70f097f2687ba981777be4,760
/kaggle/input/datasets/dionisiusdh/indonesian-batik-motifs/batik-sekar/31.jpg,31.jpg,batik-sekar,2500,2500,496600,660942b89ca99e1b76bc670c02f22bcb,232
/kaggle/input/datasets/dionisiusdh/indonesian-batik-motifs/batik-sekar/33.jpg,33.jpg,batik-sekar,1000,1000,365197,f013894f695b28e956db510fcda2dfd1,762
/kaggle/input/datasets/dionisiusdh/indonesian-batik-motifs/batik-sekar/34.jpg,34.jpg,batik-sekar,1600,1200,574839,92160567c9fc245746b59645a3d13211,763
/kaggle/input/datasets/dionisiusdh/indonesian-batik-motifs/batik-sekar/35.jpg,35.jpg,batik-sekar,400,550,42949,e2e6b08826cb43e23952c91eef54aa94,764
/kaggle/input/datasets/dionisiusdh/indonesian-batik-motifs/batik-sekar/36.jpg,36.jpg,batik-sekar,2500,2500,514980,8f121e11880760412732c40fa7e68744,765
/kaggle/input/datasets/dionisiusdh/indonesian-batik-motifs/batik-sekar/37.jpg,37.jpg,batik-sekar,1000,1000,228738,0991976abdf05418755254af50d0cf27,663
/kaggle/input/datasets/dionisiusdh/indonesian-batik-motifs/batik-sekar/38.jpg,38.jpg,batik-sekar,360,270,21591,5b6c7e9687c0d6a786101be1d84bcfd5,767
/kaggle/input/datasets/dionisiusdh/indonesian-batik-motifs/batik-sekar/39.jpg,39.jpg,batik-sekar,2500,2500,691697,b9f7b2042cb3faf959cadd4786cbbc62,756
/kaggle/input/datasets/dionisiusdh/indonesian-batik-motifs/batik-sekar/40.jpg,40.jpg,batik-sekar,875,563,50143,9bc3a00a60f858f2420bc56db9239641,769
/kaggle/input/datasets/dionisiusdh/indonesian-batik-motifs/batik-sekar/41.jpg,41.jpg,batik-sekar,2500,2500,580405,4c8461dd445b3f42a5649ed0c8a6756c,770
/kaggle/input/datasets/dionisiusdh/indonesian-batik-motifs/batik-sekar/42.jpg,42.jpg,batik-sekar,400,550,102140,72d277685549c6ac5552aea75a2229a9,744
/kaggle/input/datasets/dionisiusdh/indonesian-batik-motifs/batik-sekar/43.jpg,43.jpg,batik-sekar,400,550,63564,c5f58eb784f8af4d52ba24cd73c9fd26,772
/kaggle/input/datasets/dionisiusdh/indonesian-batik-motifs/batik-sekar/44.jpg,44.jpg,batik-sekar,2500,2500,441510,76eccaab31e26af5204376d462075df9,756
/kaggle/input/datasets/dionisiusdh/indonesian-batik-motifs/batik-sekar/45.jpg,45.jpg,batik-sekar,2000,1125,3387522,6b74f4b8e4e284d20ac68a05f29f6a90,774
/kaggle/input/datasets/dionisiusdh/indonesian-batik-motifs/batik-sekar/46.jpg,46.jpg,batik-sekar,400,550,72345,6bde5d527c2be0c76d8a44507672d314,775
/kaggle/input/datasets/dionisiusdh/indonesian-batik-motifs/batik-sekar/47.jpg,47.jpg,batik-sekar,1000,1333,467497,78def0163da80793f890bedf4df5ff87,776
/kaggle/input/datasets/dionisiusdh/indonesian-batik-motifs/batik-sekar/48.jpg,48.jpg,batik-sekar,750,450,178259,b7feecb6b8d93719dae40033898f5b46,777
/kaggle/input/datasets/dionisiusdh/indonesian-batik-motifs/batik-sekar/49.jpg,49.jpg,batik-sekar,200,201,23123,4059529ccdcdcea9fb23504f07285df3,778
/kaggle/input/datasets/dionisiusdh/indonesian-batik-motifs/batik-sekar/5.jpg,5.jpg,batik-sekar,1000,750,263371,95568c31ed0ce3169be96fbb8c15d3a5,779
/kaggle/input/datasets/dionisiusdh/indonesian-batik-motifs/batik-sekar/50.jpg,50.jpg,batik-sekar,400,550,60695,342a7e020a8ed511ec305e590d41efa3,772
/kaggle/input/datasets/dionisiusdh/indonesian-batik-motifs/batik-sekar/6.jpg,6.jpg,batik-sekar,640,480,101014,ec4f9071f21646abefca05dcf0fc5011,738
/kaggle/input/datasets/dionisiusdh/indonesian-batik-motifs/batik-sekar/7.jpg,7.jpg,batik-sekar,500,332,54495,bf3d855e828429c42d544a00aac0c204,782
/kaggle/input/datasets/dionisiusdh/indonesian-batik-motifs/batik-sekar/8.jpg,8.jpg,batik-sekar,670,403,626570,a2c96dc06b7f5d3e3dafbdf39aca9042,783
/kaggle/input/datasets/dionisiusdh/indonesian-batik-motifs/batik-sekar/9.jpg,9.jpg,batik-sekar,1000,750,193888,eebb74eaf386371aaf1aed331b71ce4e,784
/kaggle/input/datasets/dionisiusdh/indonesian-batik-motifs/batik-sidoluhur/1.jpg,1.jpg,batik-sidoluhur,800,320,437596,547f7c8dca4354540f50e992f617b2cf,785
/kaggle/input/datasets/dionisiusdh/indonesian-batik-motifs/batik-sidoluhur/10.jpg,10.jpg,batik-sidoluhur,2844,2778,514264,51e7ab6c07d1ecddd75c2ad32a4af1c1,786
/kaggle/input/datasets/dionisiusdh/indonesian-batik-motifs/batik-sidoluhur/11.jpg,11.jpg,batik-sidoluhur,1000,563,170132,0c1c15390317f0dfdd880bb74627e368,787
/kaggle/input/datasets/dionisiusdh/indonesian-batik-motifs/batik-sidoluhur/12.jpg,12.jpg,batik-sidoluhur,1600,939,914075,aca54ea2e5cbbc796950a8986efe515a,482
/kaggle/input/datasets/dionisiusdh/indonesian-batik-motifs/batik-sidoluhur/13.jpg,13.jpg,batik-sidoluhur,450,398,48564,2eb293af69e0a58fb568e66f895645e1,789
/kaggle/input/datasets/dionisiusdh/indonesian-batik-motifs/batik-sidoluhur/14.jpg,14.jpg,batik-sidoluhur,337,600,61398,008f98e19e4e2e242b4fd501f56002b0,790
/kaggle/input/datasets/dionisiusdh/indonesian-batik-motifs/batik-sidoluhur/15.jpg,15.jpg,batik-sidoluhur,506,291,74546,da51dc0c8d69a396721ec688a731cad3,791
/kaggle/input/datasets/dionisiusdh/indonesian-batik-motifs/batik-sidoluhur/16.jpg,16.jpg,batik-sidoluhur,600,326,49970,cb8e14b6ae7c9b17559545de2e10e954,792
/kaggle/input/datasets/dionisiusdh/indonesian-batik-motifs/batik-sidoluhur/17.jpg,17.jpg,batik-sidoluhur,540,405,70299,ce4d8b61261245945cfeea2e9b0f96bd,793
/kaggle/input/datasets/dionisiusdh/indonesian-batik-motifs/batik-sidoluhur/18.jpg,18.jpg,batik-sidoluhur,960,678,260347,ceff90106ba9f175a6ed6148707a48fb,794
/kaggle/input/datasets/dionisiusdh/indonesian-batik-motifs/batik-sidoluhur/19.jpg,19.jpg,batik-sidoluhur,499,333,76549,68fcbe92918e44f2e3b5a664654cd612,795
/kaggle/input/datasets/dionisiusdh/indonesian-batik-motifs/batik-sidoluhur/2.jpg,2.jpg,batik-sidoluhur,235,214,34966,287e08ccdac74238cb68ec4acbea7d0a,785
/kaggle/input/datasets/dionisiusdh/indonesian-batik-motifs/batik-sidoluhur/20.jpg,20.jpg,batik-sidoluhur,600,380,66129,a39fafb73572d36e0555d107701d360b,797
/kaggle/input/datasets/dionisiusdh/indonesian-batik-motifs/batik-sidoluhur/21.jpg,21.jpg,batik-sidoluhur,400,600,65105,84de4ab930ff644e0b2c509fef33a800,798
/kaggle/input/datasets/dionisiusdh/indonesian-batik-motifs/batik-sidoluhur/22.jpg,22.jpg,batik-sidoluhur,578,423,131243,2d11d65f5b730c37997cdcb3748a0050,799
/kaggle/input/datasets/dionisiusdh/indonesian-batik-motifs/batik-sidoluhur/23.jpg,23.jpg,batik-sidoluhur,557,421,230470,2b3959c1145a0d3b55540020a1202e69,800
/kaggle/input/datasets/dionisiusdh/indonesian-batik-motifs/batik-sidoluhur/24.jpg,24.jpg,batik-sidoluhur,1024,768,330996,052d6100681c96369bdd59eb381a2392,801
/kaggle/input/datasets/dionisiusdh/indonesian-batik-motifs/batik-sidoluhur/25.jpg,25.jpg,batik-sidoluhur,589,387,134010,333a109f470c0d72248b22472d345e7d,802
/kaggle/input/datasets/dionisiusdh/indonesian-batik-motifs/batik-sidoluhur/26.jpg,26.jpg,batik-sidoluhur,600,365,60328,e4113d9305a6d7e7b8b2fa70aec86165,803
/kaggle/input/datasets/dionisiusdh/indonesian-batik-motifs/batik-sidoluhur/27.jpg,27.jpg,batik-sidoluhur,750,419,43622,8dc1d02442aaca2a147705b429a5f6cd,804
/kaggle/input/datasets/dionisiusdh/indonesian-batik-motifs/batik-sidoluhur/28.jpg,28.jpg,batik-sidoluhur,600,466,135797,d83e9fb8d75cb22a3a8eb0ebcc61d963,805
/kaggle/input/datasets/dionisiusdh/indonesian-batik-motifs/batik-sidoluhur/29.jpg,29.jpg,batik-sidoluhur,561,375,239661,912f3398538d1151efd163897a69ae83,806
/kaggle/input/datasets/dionisiusdh/indonesian-batik-motifs/batik-sidoluhur/3.jpg,3.jpg,batik-sidoluhur,380,507,115295,7fd8e4661efb1bb908f5f440114f8f9e,807
/kaggle/input/datasets/dionisiusdh/indonesian-batik-motifs/batik-sidoluhur/30.jpg,30.jpg,batik-sidoluhur,537,359,141413,2a927e850b8da7efa4a492491f39b3f6,808
/kaggle/input/datasets/dionisiusdh/indonesian-batik-motifs/batik-sidoluhur/31.jpg,31.jpg,batik-sidoluhur,736,552,145425,8c48b346f33d775b4619524178886dd2,809
/kaggle/input/datasets/dionisiusdh/indonesian-batik-motifs/batik-sidoluhur/32.jpg,32.jpg,batik-sidoluhur,1050,1050,48924,2b437657daa0ae412c520d963957c654,810
/kaggle/input/datasets/dionisiusdh/indonesian-batik-motifs/batik-sidoluhur/33.jpg,33.jpg,batik-sidoluhur,600,400,91702,ac1bd4a225152108a0adfb37a4f27809,811
/kaggle/input/datasets/dionisiusdh/indonesian-batik-motifs/batik-sidoluhur/34.jpg,34.jpg,batik-sidoluhur,224,299,42702,c06d7f56132825d50f94127be71371e6,812
/kaggle/input/datasets/dionisiusdh/indonesian-batik-motifs/batik-sidoluhur/35.jpg,35.jpg,batik-sidoluhur,249,320,44159,0373d1b74949f8d16f5f7a50af0c0175,813
/kaggle/input/datasets/dionisiusdh/indonesian-batik-motifs/batik-sidoluhur/36.jpg,36.jpg,batik-sidoluhur,549,450,178946,9082fb6a0a17c220e96aaa73d311afce,814
/kaggle/input/datasets/dionisiusdh/indonesian-batik-motifs/batik-sidoluhur/37.jpg,37.jpg,batik-sidoluhur,400,600,59047,b9dd253ea7b5562b945904ff9ea7933f,815
/kaggle/input/datasets/dionisiusdh/indonesian-batik-motifs/batik-sidoluhur/38.jpg,38.jpg,batik-sidoluhur,300,300,209243,2ab1849ec21cc49b5255dfd04c9b626c,816
/kaggle/input/datasets/dionisiusdh/indonesian-batik-motifs/batik-sidoluhur/39.jpg,39.jpg,batik-sidoluhur,480,422,107322,9792e8430a70432504c7a03adbaba427,817
/kaggle/input/datasets/dionisiusdh/indonesian-batik-motifs/batik-sidoluhur/4.jpg,4.jpg,batik-sidoluhur,768,1024,257316,b77c15661ce04f752dd246f9f33b230d,818
/kaggle/input/datasets/dionisiusdh/indonesian-batik-motifs/batik-sidoluhur/40.jpg,40.jpg,batik-sidoluhur,300,214,17807,6ecb0a379918991dbc512300877ca9c0,819
/kaggle/input/datasets/dionisiusdh/indonesian-batik-motifs/batik-sidoluhur/41.jpg,41.jpg,batik-sidoluhur,750,430,64734,7cdcdfcc753a10855993051ad849c7be,820
/kaggle/input/datasets/dionisiusdh/indonesian-batik-motifs/batik-sidoluhur/42.jpg,42.jpg,batik-sidoluhur,300,225,30446,5aad6f4573b5919f8a3366e840104896,821
/kaggle/input/datasets/dionisiusdh/indonesian-batik-motifs/batik-sidoluhur/43.jpg,43.jpg,batik-sidoluhur,1600,921,798598,8716a9546981a9d4212ff37cad3dc92a,732
/kaggle/input/datasets/dionisiusdh/indonesian-batik-motifs/batik-sidoluhur/44.jpg,44.jpg,batik-sidoluhur,320,240,36227,9f9cc85534bc0c75f3c57f000539768e,823
/kaggle/input/datasets/dionisiusdh/indonesian-batik-motifs/batik-sidoluhur/45.jpg,45.jpg,batik-sidoluhur,600,393,83775,53bb78eb475c170a4a763c0f53b05693,824
/kaggle/input/datasets/dionisiusdh/indonesian-batik-motifs/batik-sidoluhur/46.jpg,46.jpg,batik-sidoluhur,320,181,53225,1875233f3d28d9ce545db42ce939e4c7,825
/kaggle/input/datasets/dionisiusdh/indonesian-batik-motifs/batik-sidoluhur/47.jpg,47.jpg,batik-sidoluhur,546,347,141123,a301e2ad502d194641710d8d89db137f,826
/kaggle/input/datasets/dionisiusdh/indonesian-batik-motifs/batik-sidoluhur/48.jpg,48.jpg,batik-sidoluhur,400,600,77165,c032cc7d78f52ec320c182f98288ef50,827
/kaggle/input/datasets/dionisiusdh/indonesian-batik-motifs/batik-sidoluhur/49.jpg,49.jpg,batik-sidoluhur,600,437,129521,da0a63bc7ac08e009c33c807fe87a973,828
/kaggle/input/datasets/dionisiusdh/indonesian-batik-motifs/batik-sidoluhur/5.jpg,5.jpg,batik-sidoluhur,600,418,115079,b233324d5addd014ecb76cbe29ec058a,829
/kaggle/input/datasets/dionisiusdh/indonesian-batik-motifs/batik-sidoluhur/50.jpg,50.jpg,batik-sidoluhur,490,281,401550,b53b59053b684115bb769494f92b7024,830
/kaggle/input/datasets/dionisiusdh/indonesian-batik-motifs/batik-sidoluhur/6.jpg,6.jpg,batik-sidoluhur,504,354,77567,91353cf505243c3411d47f015956aa09,831
/kaggle/input/datasets/dionisiusdh/indonesian-batik-motifs/batik-sidoluhur/7.jpg,7.jpg,batik-sidoluhur,720,720,572940,e58bbb3bb9dc0b1c76a0cfb45ae32a4c,832
/kaggle/input/datasets/dionisiusdh/indonesian-batik-motifs/batik-sidoluhur/8.jpg,8.jpg,batik-sidoluhur,800,469,259193,34f085e11180e45fb423794f81c0f5d1,833
/kaggle/input/datasets/dionisiusdh/indonesian-batik-motifs/batik-sidoluhur/9.jpg,9.jpg,batik-sidoluhur,1600,1200,388718,1eb246eca6a6dfa7defca6f45bd352fc,834
/kaggle/input/datasets/dionisiusdh/indonesian-batik-motifs/batik-sidomukti/1.jpg,1.jpg,batik-sidomukti,1024,1024,286434,92deae676f978d8c94d1049637ef049a,835
/kaggle/input/datasets/dionisiusdh/indonesian-batik-motifs/batik-sidomukti/10.jpg,10.jpg,batik-sidomukti,501,289,52438,aa185c7c9c70b3bb8f2e104ff4e044cc,836
/kaggle/input/datasets/dionisiusdh/indonesian-batik-motifs/batik-sidomukti/11.jpg,11.jpg,batik-sidomukti,1114,942,265546,97bdc8663542048c6e987b46e098a493,837
/kaggle/input/datasets/dionisiusdh/indonesian-batik-motifs/batik-sidomukti/12.jpg,12.jpg,batik-sidomukti,695,720,265086,967b39044aaf02a2a5b5923f9debf357,838
/kaggle/input/datasets/dionisiusdh/indonesian-batik-motifs/batik-sidomukti/13.jpg,13.jpg,batik-sidomukti,464,485,106868,d5a84e097014f27f8f13e45a83dd6875,839
/kaggle/input/datasets/dionisiusdh/indonesian-batik-motifs/batik-sidomukti/14.jpg,14.jpg,batik-sidomukti,3456,2304,5113023,41cb90002a237534e7f009642092ad71,840
/kaggle/input/datasets/dionisiusdh/indonesian-batik-motifs/batik-sidomukti/15.jpg,15.jpg,batik-sidomukti,950,1052,443078,0672ff0a48a46b26bc3c60553de354aa,841
/kaggle/input/datasets/dionisiusdh/indonesian-batik-motifs/batik-sidomukti/16.jpg,16.jpg,batik-sidomukti,2048,1080,538454,a99e236629faafdee6c9399693f03bc2,842
/kaggle/input/datasets/dionisiusdh/indonesian-batik-motifs/batik-sidomukti/17.jpg,17.jpg,batik-sidomukti,160,120,11057,f34da7262fd47f839dcf0715bcc8a1a6,843
/kaggle/input/datasets/dionisiusdh/indonesian-batik-motifs/batik-sidomukti/18.jpg,18.jpg,batik-sidomukti,528,297,29807,e6ec6c577c19ee07139e103b697d7f37,844
/kaggle/input/datasets/dionisiusdh/indonesian-batik-motifs/batik-sidomukti/19.jpg,19.jpg,batik-sidomukti,1000,1483,361070,665d9b1b4c5cbfef5dd4dac012073639,845
/kaggle/input/datasets/dionisiusdh/indonesian-batik-motifs/batik-sidomukti/2.jpg,2.jpg,batik-sidomukti,1024,1024,419959,f2c34a0bfbc272812dbc69bf3cc81cec,846
/kaggle/input/datasets/dionisiusdh/indonesian-batik-motifs/batik-sidomukti/20.jpg,20.jpg,batik-sidomukti,1000,1483,305372,e822af3d59333844267e29fe108b1d06,847
/kaggle/input/datasets/dionisiusdh/indonesian-batik-motifs/batik-sidomukti/21.jpg,21.jpg,batik-sidomukti,600,428,176499,ffce62394dd690ae814d5d2080413bbd,848
/kaggle/input/datasets/dionisiusdh/indonesian-batik-motifs/batik-sidomukti/22.jpg,22.jpg,batik-sidomukti,380,507,131824,a141eccd5fd319ac9b4293935a95b455,807
/kaggle/input/datasets/dionisiusdh/indonesian-batik-motifs/batik-sidomukti/23.jpg,23.jpg,batik-sidomukti,1600,1185,401526,c86965100f9bdb39be07bde3f4f8f637,850
/kaggle/input/datasets/dionisiusdh/indonesian-batik-motifs/batik-sidomukti/24.jpg,24.jpg,batik-sidomukti,1600,939,914063,19db32101af803538d81ee816cfa7353,482
/kaggle/input/datasets/dionisiusdh/indonesian-batik-motifs/batik-sidomukti/25.jpg,25.jpg,batik-sidomukti,887,887,110097,efd75402330f22f77818150379ae4426,852
/kaggle/input/datasets/dionisiusdh/indonesian-batik-motifs/batik-sidomukti/26.jpg,26.jpg,batik-sidomukti,467,700,48033,696c3718eebfefc905edee39ac7d9601,853
/kaggle/input/datasets/dionisiusdh/indonesian-batik-motifs/batik-sidomukti/27.jpg,27.jpg,batik-sidomukti,160,134,11260,1933b0a09592dd647934843454461fe5,854
/kaggle/input/datasets/dionisiusdh/indonesian-batik-motifs/batik-sidomukti/28.jpg,28.jpg,batik-sidomukti,640,469,127298,cb12b6db2937c2743deaf6ecdbdafee0,855
/kaggle/input/datasets/dionisiusdh/indonesian-batik-motifs/batik-sidomukti/29.jpg,29.jpg,batik-sidomukti,270,184,15170,bdd88eca50378ca36e6d5aed4034b72b,856
/kaggle/input/datasets/dionisiusdh/indonesian-batik-motifs/batik-sidomukti/3.jpg,3.jpg,batik-sidomukti,685,228,105498,fdd07bce07e09afe46b485ae15056ccd,857
/kaggle/input/datasets/dionisiusdh/indonesian-batik-motifs/batik-sidomukti/30.jpg,30.jpg,batik-sidomukti,336,448,40422,837e2a63e4ff2f25f8113247a04fd47e,858
/kaggle/input/datasets/dionisiusdh/indonesian-batik-motifs/batik-sidomukti/31.jpg,31.jpg,batik-sidomukti,604,390,94845,fad0291bf55b0fbf191f4e7a247d68cd,859
/kaggle/input/datasets/dionisiusdh/indonesian-batik-motifs/batik-sidomukti/32.jpg,32.jpg,batik-sidomukti,400,600,70809,0587d54f4e28d9ba25e38b11afb3822b,860
/kaggle/input/datasets/dionisiusdh/indonesian-batik-motifs/batik-sidomukti/33.jpg,33.jpg,batik-sidomukti,160,120,12457,ece11ec846ed57f40c32750600c7919f,861
/kaggle/input/datasets/dionisiusdh/indonesian-batik-motifs/batik-sidomukti/34.jpg,34.jpg,batik-sidomukti,1200,1249,521731,b4704500383e549d9267b32421399beb,862
/kaggle/input/datasets/dionisiusdh/indonesian-batik-motifs/batik-sidomukti/35.jpg,35.jpg,batik-sidomukti,640,530,138944,d3e3b800701e6e65c584ed48312d2181,863
/kaggle/input/datasets/dionisiusdh/indonesian-batik-motifs/batik-sidomukti/36.jpg,36.jpg,batik-sidomukti,768,1024,227333,4d4e2bcc48bc15088753f2a333be9f22,469
/kaggle/input/datasets/dionisiusdh/indonesian-batik-motifs/batik-sidomukti/37.jpg,37.jpg,batik-sidomukti,450,570,93346,2bdd87594e61bb901d0ca4c9868afec5,865
/kaggle/input/datasets/dionisiusdh/indonesian-batik-motifs/batik-sidomukti/38.jpg,38.jpg,batik-sidomukti,1024,1024,333191,c52ddc25727e966321c411bcbd489abd,866
/kaggle/input/datasets/dionisiusdh/indonesian-batik-motifs/batik-sidomukti/39.jpg,39.jpg,batik-sidomukti,300,204,18646,128363b1e142af46dae8a9b079e2d14c,867
/kaggle/input/datasets/dionisiusdh/indonesian-batik-motifs/batik-sidomukti/40.jpg,40.jpg,batik-sidomukti,700,700,588318,a05c19e9cc47a64c9d9547839e61ece4,868
/kaggle/input/datasets/dionisiusdh/indonesian-batik-motifs/batik-sidomukti/41.jpg,41.jpg,batik-sidomukti,1000,1497,249869,d7373497242d9e4b459a04268989f7ad,869
/kaggle/input/datasets/dionisiusdh/indonesian-batik-motifs/batik-sidomukti/42.jpg,42.jpg,batik-sidomukti,800,800,105242,827e481a904057bbfb86cc92387f9222,870
/kaggle/input/datasets/dionisiusdh/indonesian-batik-motifs/batik-sidomukti/43.jpg,43.jpg,batik-sidomukti,1600,994,452950,ddc5c78edd6726d1925475c4b63d154c,871
/kaggle/input/datasets/dionisiusdh/indonesian-batik-motifs/batik-sidomukti/45.jpg,45.jpg,batik-sidomukti,640,442,94331,a7feb9d711eaac2dc3f868ecc6e6b422,872
/kaggle/input/datasets/dionisiusdh/indonesian-batik-motifs/batik-sidomukti/47.jpg,47.jpg,batik-sidomukti,762,762,85635,4a7e4dcf28a78119c25372ccee4213e3,873
/kaggle/input/datasets/dionisiusdh/indonesian-batik-motifs/batik-sidomukti/48.jpg,48.jpg,batik-sidomukti,300,445,69118,e4b1f66b41a1e51ed23f254b9f3c45e6,874
/kaggle/input/datasets/dionisiusdh/indonesian-batik-motifs/batik-sidomukti/5.jpg,5.jpg,batik-sidomukti,600,389,92664,b3af1799d09dad0f5773ed767c863785,875
/kaggle/input/datasets/dionisiusdh/indonesian-batik-motifs/batik-sidomukti/50.jpg,50.jpg,batik-sidomukti,336,412,36436,7980146a7989491315e48d98c4d037f8,876
/kaggle/input/datasets/dionisiusdh/indonesian-batik-motifs/batik-sidomukti/6.jpg,6.jpg,batik-sidomukti,3264,2448,896840,3465f1104689251422753d01fbed3e5b,877
/kaggle/input/datasets/dionisiusdh/indonesian-batik-motifs/batik-sidomukti/7.jpg,7.jpg,batik-sidomukti,300,300,46633,69b3c7e9819fb16fc8d98d0d5a751e5d,878
/kaggle/input/datasets/dionisiusdh/indonesian-batik-motifs/batik-sidomukti/8.jpg,8.jpg,batik-sidomukti,336,448,58763,5bccf18a95fffe7ae2f059c6ccfb9886,879
/kaggle/input/datasets/dionisiusdh/indonesian-batik-motifs/batik-sidomukti/9.jpg,9.jpg,batik-sidomukti,450,398,48564,2eb293af69e0a58fb568e66f895645e1,789
/kaggle/input/datasets/dionisiusdh/indonesian-batik-motifs/batik-sogan/1.jpg,1.jpg,batik-sogan,1200,1200,359669,c6ea8cb28de7ee6a3e0920cd10c8faa3,881
/kaggle/input/datasets/dionisiusdh/indonesian-batik-motifs/batik-sogan/10.jpg,10.jpg,batik-sogan,1200,1200,219859,0ed780ac83a7c25f1f78ae4843345d0e,882
/kaggle/input/datasets/dionisiusdh/indonesian-batik-motifs/batik-sogan/11.jpg,11.jpg,batik-sogan,3072,2304,2183489,d8cb2d2549f12ae48e7946f0de0a3e63,883
/kaggle/input/datasets/dionisiusdh/indonesian-batik-motifs/batik-sogan/12.jpg,12.jpg,batik-sogan,1000,1333,241300,f7fcf274cedba2c5041f9060de91521b,884
/kaggle/input/datasets/dionisiusdh/indonesian-batik-motifs/batik-sogan/13.jpg,13.jpg,batik-sogan,500,315,126075,9f80956dea08907e4e2864c92289fd92,885
/kaggle/input/datasets/dionisiusdh/indonesian-batik-motifs/batik-sogan/14.jpg,14.jpg,batik-sogan,1280,960,403751,fcf37040bdf9af51ce356370e4c0faf8,886
/kaggle/input/datasets/dionisiusdh/indonesian-batik-motifs/batik-sogan/15.jpg,15.jpg,batik-sogan,1280,1280,235888,1c88dfab493a9baeae935df38239cb50,887
/kaggle/input/datasets/dionisiusdh/indonesian-batik-motifs/batik-sogan/16.jpg,16.jpg,batik-sogan,768,960,206367,750f9db5e59fb0d5b2908afb7b106d42,888
/kaggle/input/datasets/dionisiusdh/indonesian-batik-motifs/batik-sogan/17.jpg,17.jpg,batik-sogan,1000,1000,306590,fad34193e20d869f78380b399acedf82,889
/kaggle/input/datasets/dionisiusdh/indonesian-batik-motifs/batik-sogan/18.jpg,18.jpg,batik-sogan,1400,787,208259,46ad0474504e25ae7c2611c1c1a28c34,13
/kaggle/input/datasets/dionisiusdh/indonesian-batik-motifs/batik-sogan/19.jpg,19.jpg,batik-sogan,640,480,85002,7f469f5084eb511b03030e6a26b4ffc2,891
/kaggle/input/datasets/dionisiusdh/indonesian-batik-motifs/batik-sogan/2.jpg,2.jpg,batik-sogan,2668,1890,1840468,2b4c89338f89c86f382a14bb4c88ac7d,892
/kaggle/input/datasets/dionisiusdh/indonesian-batik-motifs/batik-sogan/20.jpg,20.jpg,batik-sogan,700,525,330241,c959dc8ebe70f53515ea676915b11be6,893
/kaggle/input/datasets/dionisiusdh/indonesian-batik-motifs/batik-sogan/21.jpg,21.jpg,batik-sogan,500,684,59587,f6bfa9619b486977f82b5bae60eeba97,894
/kaggle/input/datasets/dionisiusdh/indonesian-batik-motifs/batik-sogan/22.jpg,22.jpg,batik-sogan,600,600,109933,b7733eb099b9d289b594f10ca026a869,895
/kaggle/input/datasets/dionisiusdh/indonesian-batik-motifs/batik-sogan/23.jpg,23.jpg,batik-sogan,1000,1000,289880,fec0f76a626579ea9916f51cd4fee4e0,896
/kaggle/input/datasets/dionisiusdh/indonesian-batik-motifs/batik-sogan/24.jpg,24.jpg,batik-sogan,1000,1333,357144,81c4d212124a636b8b28d3884b2e1952,897
/kaggle/input/datasets/dionisiusdh/indonesian-batik-motifs/batik-sogan/25.jpg,25.jpg,batik-sogan,1280,720,205773,26874d24be585bb2ec4fa7f1865d7211,898
/kaggle/input/datasets/dionisiusdh/indonesian-batik-motifs/batik-sogan/26.jpg,26.jpg,batik-sogan,600,600,163539,c9fae25459effde106d23afe9e7ba328,899
/kaggle/input/datasets/dionisiusdh/indonesian-batik-motifs/batik-sogan/27.jpg,27.jpg,batik-sogan,1000,1000,174771,ca13a7cdb5829bb6b98d9106c02efbfa,900
/kaggle/input/datasets/dionisiusdh/indonesian-batik-motifs/batik-sogan/28.jpg,28.jpg,batik-sogan,720,720,278741,63103220b4b8d612da350a5f15cd1c0d,901
/kaggle/input/datasets/dionisiusdh/indonesian-batik-motifs/batik-sogan/29.jpg,29.jpg,batik-sogan,720,1080,187707,a162cec7451d6360407bfd36caa9e658,902
/kaggle/input/datasets/dionisiusdh/indonesian-batik-motifs/batik-sogan/3.jpg,3.jpg,batik-sogan,1000,1000,258433,62142b55392d7d502a39c835970eed45,903
/kaggle/input/datasets/dionisiusdh/indonesian-batik-motifs/batik-sogan/30.jpg,30.jpg,batik-sogan,500,757,74033,a24163329da07c51a14d4ad227d7e9d8,904
/kaggle/input/datasets/dionisiusdh/indonesian-batik-motifs/batik-sogan/31.jpg,31.jpg,batik-sogan,400,749,66452,ba2a7787f337dee275624440583f568c,905
/kaggle/input/datasets/dionisiusdh/indonesian-batik-motifs/batik-sogan/32.jpg,32.jpg,batik-sogan,640,640,300416,25a8feee70f8d8b53a99f7abb77369cf,906
/kaggle/input/datasets/dionisiusdh/indonesian-batik-motifs/batik-sogan/33.jpg,33.jpg,batik-sogan,500,722,76666,fb926c4af46738d570b1b04cf87c36fc,907
/kaggle/input/datasets/dionisiusdh/indonesian-batik-motifs/batik-sogan/34.jpg,34.jpg,batik-sogan,1080,1080,60559,01071f207ab0cccd7e69926c8af70983,908
/kaggle/input/datasets/dionisiusdh/indonesian-batik-motifs/batik-sogan/35.jpg,35.jpg,batik-sogan,1000,1000,311051,e88478a7685b0d0a05166a05aa6499ec,909
/kaggle/input/datasets/dionisiusdh/indonesian-batik-motifs/batik-sogan/36.jpg,36.jpg,batik-sogan,359,640,42737,0b6dfb6a3d7375c73803c0ac472205bf,910
/kaggle/input/datasets/dionisiusdh/indonesian-batik-motifs/batik-sogan/37.jpg,37.jpg,batik-sogan,1000,1333,185298,6afc3a0b97cee2863ded54fe6eab1c2f,911
/kaggle/input/datasets/dionisiusdh/indonesian-batik-motifs/batik-sogan/38.jpg,38.jpg,batik-sogan,320,427,38632,b5028fa2a27de9cd37f3cf3061cf92d1,912
/kaggle/input/datasets/dionisiusdh/indonesian-batik-motifs/batik-sogan/39.jpg,39.jpg,batik-sogan,1080,1080,48429,5e5dd1a72f56ca5098e77b271304c65b,913
/kaggle/input/datasets/dionisiusdh/indonesian-batik-motifs/batik-sogan/4.jpg,4.jpg,batik-sogan,400,482,113248,e2ea724b237d63d0010142e82ef6a32c,914
/kaggle/input/datasets/dionisiusdh/indonesian-batik-motifs/batik-sogan/40.jpg,40.jpg,batik-sogan,1000,1009,275790,6432c8dcd146fc240730cf43674ba57c,915
/kaggle/input/datasets/dionisiusdh/indonesian-batik-motifs/batik-sogan/41.jpg,41.jpg,batik-sogan,1000,1000,229409,c0e2160db9d1d6ae7f0425d007acb1b0,916
/kaggle/input/datasets/dionisiusdh/indonesian-batik-motifs/batik-sogan/42.jpg,42.jpg,batik-sogan,1280,720,77824,158e070befe896df0fe923d76583d238,917
/kaggle/input/datasets/dionisiusdh/indonesian-batik-motifs/batik-sogan/43.jpg,43.jpg,batik-sogan,1000,1000,146505,5bd8c26762846979fac1f396c792b0c5,918
/kaggle/input/datasets/dionisiusdh/indonesian-batik-motifs/batik-sogan/44.jpg,44.jpg,batik-sogan,640,960,47882,47871da4eae4c4de54d03deafc1a05ce,919
/kaggle/input/datasets/dionisiusdh/indonesian-batik-motifs/batik-sogan/45.jpg,45.jpg,batik-sogan,1000,2387,347750,9d5130f2d89b4630a3d7a2b8156f04f6,920
/kaggle/input/datasets/dionisiusdh/indonesian-batik-motifs/batik-sogan/46.jpg,46.jpg,batik-sogan,1024,1024,338869,703c9e8c4ea77ddd4bf3d84a55560392,921
/kaggle/input/datasets/dionisiusdh/indonesian-batik-motifs/batik-sogan/47.jpg,47.jpg,batik-sogan,1000,1000,144549,095c59df773609cad1b9ccfaa89228ca,922
/kaggle/input/datasets/dionisiusdh/indonesian-batik-motifs/batik-sogan/48.jpg,48.jpg,batik-sogan,1000,1333,198992,776c9e3e254d3d4d89c2c79946612de6,923
/kaggle/input/datasets/dionisiusdh/indonesian-batik-motifs/batik-sogan/49.jpg,49.jpg,batik-sogan,736,490,99320,76f08b52b5d2c150e9bb2274d6faf9f5,924
/kaggle/input/datasets/dionisiusdh/indonesian-batik-motifs/batik-sogan/5.jpg,5.jpg,batik-sogan,1080,1080,249815,30aeb5440aa7f6dafce0feb7fba7e9f1,925
/kaggle/input/datasets/dionisiusdh/indonesian-batik-motifs/batik-sogan/50.jpg,50.jpg,batik-sogan,236,268,19407,1e6ee5e921509c6945e30a0c12cb5c1f,926
/kaggle/input/datasets/dionisiusdh/indonesian-batik-motifs/batik-sogan/6.jpg,6.jpg,batik-sogan,1080,1080,229950,15372570b2ce91e0a55d50eeb1c30b1d,927
/kaggle/input/datasets/dionisiusdh/indonesian-batik-motifs/batik-sogan/7.jpg,7.jpg,batik-sogan,1024,768,221748,ae6005136c410bdd6644d7ff071064f5,928
/kaggle/input/datasets/dionisiusdh/indonesian-batik-motifs/batik-sogan/8.jpg,8.jpg,batik-sogan,900,900,203544,5c146d6b98334ac7c846ff2fc3dad95f,929
/kaggle/input/datasets/dionisiusdh/indonesian-batik-motifs/batik-sogan/9.jpg,9.jpg,batik-sogan,736,660,314339,9aefa0c5f7286d4bcc1eace22c2d97bf,930
/kaggle/input/datasets/dionisiusdh/indonesian-batik-motifs/batik-tambal/1.jpg,1.jpg,batik-tambal,393,280,40017,9c4c2cfed82d8f1efafb53becdd3c188,931
/kaggle/input/datasets/dionisiusdh/indonesian-batik-motifs/batik-tambal/10.jpg,10.jpg,batik-tambal,600,450,164272,940cb079330bbc3c275f9c88c22666fd,932
/kaggle/input/datasets/dionisiusdh/indonesian-batik-motifs/batik-tambal/11.jpg,11.jpg,batik-tambal,600,450,163186,de84bc83948c93b619c95a63cc8974b0,933
/kaggle/input/datasets/dionisiusdh/indonesian-batik-motifs/batik-tambal/12.jpg,12.jpg,batik-tambal,1600,1200,484417,f05aea6d91ae8ee7a176b8296ac6a1e1,934
/kaggle/input/datasets/dionisiusdh/indonesian-batik-motifs/batik-tambal/13.jpg,13.jpg,batik-tambal,1740,970,4071854,62a6b354848eaac9159c8341bf5c61ee,935
/kaggle/input/datasets/dionisiusdh/indonesian-batik-motifs/batik-tambal/14.jpg,14.jpg,batik-tambal,236,315,36566,4d5151bb6210396b0f80a3bbee106de5,936
/kaggle/input/datasets/dionisiusdh/indonesian-batik-motifs/batik-tambal/15.jpg,15.jpg,batik-tambal,350,467,85184,e556642dc52b89df3fa46b880e267fd5,937
/kaggle/input/datasets/dionisiusdh/indonesian-batik-motifs/batik-tambal/16.jpg,16.jpg,batik-tambal,567,353,88921,48d7b461a360ffdf1f4ad2402861de3e,938
/kaggle/input/datasets/dionisiusdh/indonesian-batik-motifs/batik-tambal/17.jpg,17.jpg,batik-tambal,349,465,57376,a8219f34c7ac5ddaa1b48e83a4af6dbf,939
/kaggle/input/datasets/dionisiusdh/indonesian-batik-motifs/batik-tambal/18.jpg,18.jpg,batik-tambal,800,800,72671,f092626ff6c5d126542c8c621766358c,940
/kaggle/input/datasets/dionisiusdh/indonesian-batik-motifs/batik-tambal/19.jpg,19.jpg,batik-tambal,399,518,127971,db2474fdd761d81a5f865b5c5a741065,941
/kaggle/input/datasets/dionisiusdh/indonesian-batik-motifs/batik-tambal/2.jpg,2.jpg,batik-tambal,224,299,43095,5109597803dda4e17d1eb7aab32bed20,942
/kaggle/input/datasets/dionisiusdh/indonesian-batik-motifs/batik-tambal/20.jpg,20.jpg,batik-tambal,350,467,70838,016493c8968d06efafe2fe65f880e1b2,943
/kaggle/input/datasets/dionisiusdh/indonesian-batik-motifs/batik-tambal/21.jpg,21.jpg,batik-tambal,1000,1000,131285,b32e3070751fcb0360227cddc42488c3,944
/kaggle/input/datasets/dionisiusdh/indonesian-batik-motifs/batik-tambal/22.jpg,22.jpg,batik-tambal,578,899,333550,87e678092b6c41f6f8297cef2ea0153a,945
/kaggle/input/datasets/dionisiusdh/indonesian-batik-motifs/batik-tambal/23.jpg,23.jpg,batik-tambal,224,299,23145,bff25ae69e8289131b501cc0d8dd4d2f,946
/kaggle/input/datasets/dionisiusdh/indonesian-batik-motifs/batik-tambal/24.jpg,24.jpg,batik-tambal,750,1000,313607,040eea8bea17399fdac910e028d1d889,947
/kaggle/input/datasets/dionisiusdh/indonesian-batik-motifs/batik-tambal/25.jpg,25.jpg,batik-tambal,350,467,52427,a38bdabd55de20adf192c4c8f8ac6b48,948
/kaggle/input/datasets/dionisiusdh/indonesian-batik-motifs/batik-tambal/26.jpg,26.jpg,batik-tambal,1024,1024,109336,22d302e1523428c1e3b9f81fc989271f,949
/kaggle/input/datasets/dionisiusdh/indonesian-batik-motifs/batik-tambal/27.jpg,27.jpg,batik-tambal,700,963,86320,22d79ca34bfd486311f8b37c684b4022,950
/kaggle/input/datasets/dionisiusdh/indonesian-batik-motifs/batik-tambal/28.jpg,28.jpg,batik-tambal,350,467,97754,e6b72d2f9025143e2689a9ad80b7e767,951
/kaggle/input/datasets/dionisiusdh/indonesian-batik-motifs/batik-tambal/29.jpg,29.jpg,batik-tambal,350,467,51144,0b7e6c4f9aca8519d9337c4ab044cef2,952
/kaggle/input/datasets/dionisiusdh/indonesian-batik-motifs/batik-tambal/3.jpg,3.jpg,batik-tambal,600,600,77239,dadf8a75ea2de2eb2ddfde32dabf14c1,953
/kaggle/input/datasets/dionisiusdh/indonesian-batik-motifs/batik-tambal/30.jpg,30.jpg,batik-tambal,1600,1200,487642,f4ed4370f15856899622f158687eeee4,954
/kaggle/input/datasets/dionisiusdh/indonesian-batik-motifs/batik-tambal/31.jpg,31.jpg,batik-tambal,350,467,88020,21c5353edaa60891de9d9f3bc86de229,955
/kaggle/input/datasets/dionisiusdh/indonesian-batik-motifs/batik-tambal/32.jpg,32.jpg,batik-tambal,350,467,97406,cdbd8a5ff805575c21623cda259dda05,956
/kaggle/input/datasets/dionisiusdh/indonesian-batik-motifs/batik-tambal/33.jpg,33.jpg,batik-tambal,350,467,68422,7971d13cad96d22aadb2945297743c5c,957
/kaggle/input/datasets/dionisiusdh/indonesian-batik-motifs/batik-tambal/34.jpg,34.jpg,batik-tambal,811,1000,161974,27a8e258e9f53542eed06856636e20e6,958
/kaggle/input/datasets/dionisiusdh/indonesian-batik-motifs/batik-tambal/35.jpg,35.jpg,batik-tambal,751,1000,378935,aa9e609d6a17eea3cd67dcde2bfca019,959
/kaggle/input/datasets/dionisiusdh/indonesian-batik-motifs/batik-tambal/36.jpg,36.jpg,batik-tambal,570,760,130750,7fbf77921e10a345e6f13d471b18bc91,960
/kaggle/input/datasets/dionisiusdh/indonesian-batik-motifs/batik-tambal/37.jpg,37.jpg,batik-tambal,450,570,93580,7d9501f7004b7ca265929d4cecaa523f,961
/kaggle/input/datasets/dionisiusdh/indonesian-batik-motifs/batik-tambal/38.jpg,38.jpg,batik-tambal,587,290,425482,c4eb5d26d6f2f00bf974f8e383ebc1d4,962
/kaggle/input/datasets/dionisiusdh/indonesian-batik-motifs/batik-tambal/39.jpg,39.jpg,batik-tambal,505,361,145337,bedd001634feff8111a903aab6d862e6,963
/kaggle/input/datasets/dionisiusdh/indonesian-batik-motifs/batik-tambal/4.jpg,4.jpg,batik-tambal,540,398,76679,87a34541d4e47c450c61abf025239379,964
/kaggle/input/datasets/dionisiusdh/indonesian-batik-motifs/batik-tambal/40.jpg,40.jpg,batik-tambal,709,399,169426,3997f38c5072dfdd29b1d323f618846a,965
/kaggle/input/datasets/dionisiusdh/indonesian-batik-motifs/batik-tambal/41.jpg,41.jpg,batik-tambal,700,403,38103,c78053d3b79c27a12bb494b686b2ba9b,966
/kaggle/input/datasets/dionisiusdh/indonesian-batik-motifs/batik-tambal/42.jpg,42.jpg,batik-tambal,350,467,119148,b597d832bea811af950448584c111842,967
/kaggle/input/datasets/dionisiusdh/indonesian-batik-motifs/batik-tambal/43.jpg,43.jpg,batik-tambal,300,221,186526,8694c2ddb4d1d4ac580283b8a164638a,968
/kaggle/input/datasets/dionisiusdh/indonesian-batik-motifs/batik-tambal/44.jpg,44.jpg,batik-tambal,1280,720,99937,0159f239ba0d932abcad27daca361764,969
/kaggle/input/datasets/dionisiusdh/indonesian-batik-motifs/batik-tambal/45.jpg,45.jpg,batik-tambal,1000,1000,114484,e66bf78fa244f8b799ba89717e14758e,970
/kaggle/input/datasets/dionisiusdh/indonesian-batik-motifs/batik-tambal/46.jpg,46.jpg,batik-tambal,569,427,107324,51f195ae9e243070091eae9cad1f6ec0,971
/kaggle/input/datasets/dionisiusdh/indonesian-batik-motifs/batik-tambal/47.jpg,47.jpg,batik-tambal,350,467,54117,83b5c768b80aa783186d95647f86a7dd,972
/kaggle/input/datasets/dionisiusdh/indonesian-batik-motifs/batik-tambal/48.jpg,48.jpg,batik-tambal,480,252,54011,11f41c3785c94fbeb80ea7e954af445d,973
/kaggle/input/datasets/dionisiusdh/indonesian-batik-motifs/batik-tambal/49.jpg,49.jpg,batik-tambal,800,800,37413,98a0330e8f88e665e51f9fef6db90c6b,974
/kaggle/input/datasets/dionisiusdh/indonesian-batik-motifs/batik-tambal/5.jpg,5.jpg,batik-tambal,350,467,100297,5b42863ec4ac51b8d67ad1fa7bb6bd8c,975
/kaggle/input/datasets/dionisiusdh/indonesian-batik-motifs/batik-tambal/50.jpg,50.jpg,batik-tambal,612,816,98030,293b1b8b2aab1bc692ad3e6b50350c01,976
/kaggle/input/datasets/dionisiusdh/indonesian-batik-motifs/batik-tambal/6.jpg,6.jpg,batik-tambal,400,550,66199,89e2c192d67913ea253a46ec7f0897c3,977
/kaggle/input/datasets/dionisiusdh/indonesian-batik-motifs/batik-tambal/7.jpg,7.jpg,batik-tambal,700,549,109995,0906d7a6fd3a137662ae2f25a9dae7c1,978
/kaggle/input/datasets/dionisiusdh/indonesian-batik-motifs/batik-tambal/8.jpg,8.jpg,batik-tambal,400,550,78525,a1c6335ea053d32062cab94c6eab1b65,979
/kaggle/input/datasets/dionisiusdh/indonesian-batik-motifs/batik-tambal/9.jpg,9.jpg,batik-tambal,350,467,95033,b6b4965840711bc726b9bdccbbcac7d9,980
