path,fname,label,width,height,bytes,md5,classnum,instnum,motif,rotation,instance_id
/kaggle/input/datasets/hertiyani/batik-nitik-960-official-mendeley/Batik Nitik 960/Batik Nitik 960 Images/1 Sekar Kemuning 1.jpg,1 Sekar Kemuning 1.jpg,1 Sekar Kemuning,512,512,61241,4f74249006e605b87e584f65f894c256,1,1,Sekar Kemuning,0,1|1
/kaggle/input/datasets/hertiyani/batik-nitik-960-official-mendeley/Batik Nitik 960/Batik Nitik 960 Images/1 Sekar Kemuning 1_rotate_180.jpg,1 Sekar Kemuning 1_rotate_180.jpg,1 Sekar Kemuning,512,512,61532,3b5da2c540ca31097614366e7098c142,1,1,Sekar Kemuning,180,1|1
/kaggle/input/datasets/hertiyani/batik-nitik-960-official-mendeley/Batik Nitik 960/Batik Nitik 960 Images/1 Sekar Kemuning 1_rotate_270.jpg,1 Sekar Kemuning 1_rotate_270.jpg,1 Sekar Kemuning,512,512,54969,9ec0d207f3dc14b74851b645f4b3113a,1,1,Sekar Kemuning,270,1|1
/kaggle/input/datasets/hertiyani/batik-nitik-960-official-mendeley/Batik Nitik 960/Batik Nitik 960 Images/1 Sekar Kemuning 1_rotate_90.jpg,1 Sekar Kemuning 1_rotate_90.jpg,1 Sekar Kemuning,512,512,54897,d0ea8ef9a290a6ae43cca80db8d91fb6,1,1,Sekar Kemuning,90,1|1
/kaggle/input/datasets/hertiyani/batik-nitik-960-official-mendeley/Batik Nitik 960/Batik Nitik 960 Images/1 Sekar Kemuning 2.jpg,1 Sekar Kemuning 2.jpg,1 Sekar Kemuning,512,512,59087,df8817e84db77d73f7ae3cb37201d9a9,1,2,Sekar Kemuning,0,1|2
/kaggle/input/datasets/hertiyani/batik-nitik-960-official-mendeley/Batik Nitik 960/Batik Nitik 960 Images/1 Sekar Kemuning 2_rotate_180.jpg,1 Sekar Kemuning 2_rotate_180.jpg,1 Sekar Kemuning,512,512,59793,425359bdfcb6f91966742424df192f4b,1,2,Sekar Kemuning,180,1|2
/kaggle/input/datasets/hertiyani/batik-nitik-960-official-mendeley/Batik Nitik 960/Batik Nitik 960 Images/1 Sekar Kemuning 2_rotate_270.jpg,1 Sekar Kemuning 2_rotate_270.jpg,1 Sekar Kemuning,512,512,53389,2cf5931fe7ef8603ef4aa9192c5ea606,1,2,Sekar Kemuning,270,1|2
/kaggle/input/datasets/hertiyani/batik-nitik-960-official-mendeley/Batik Nitik 960/Batik Nitik 960 Images/1 Sekar Kemuning 2_rotate_90.jpg,1 Sekar Kemuning 2_rotate_90.jpg,1 Sekar Kemuning,512,512,53361,db9106c94e351f783a757ed6a588ee33,1,2,Sekar Kemuning,90,1|2
/kaggle/input/datasets/hertiyani/batik-nitik-960-official-mendeley/Batik Nitik 960/Batik Nitik 960 Images/1 Sekar Kemuning 3.jpg,1 Sekar Kemuning 3.jpg,1 Sekar Kemuning,512,512,62120,964ce71ddf4f6c2d9f2e4ce0eeb0e46e,1,3,Sekar Kemuning,0,1|3
/kaggle/input/datasets/hertiyani/batik-nitik-960-official-mendeley/Batik Nitik 960/Batik Nitik 960 Images/1 Sekar Kemuning 3_rotate_180.jpg,1 Sekar Kemuning 3_rotate_180.jpg,1 Sekar Kemuning,512,512,61385,873274b02cb215838f3f1228fe0a6e4a,1,3,Sekar Kemuning,180,1|3
/kaggle/input/datasets/hertiyani/batik-nitik-960-official-mendeley/Batik Nitik 960/Batik Nitik 960 Images/1 Sekar Kemuning 3_rotate_270.jpg,1 Sekar Kemuning 3_rotate_270.jpg,1 Sekar Kemuning,512,512,55603,6daf80f805181a5a9bc2d0d9de544b75,1,3,Sekar Kemuning,270,1|3
/kaggle/input/datasets/hertiyani/batik-nitik-960-official-mendeley/Batik Nitik 960/Batik Nitik 960 Images/1 Sekar Kemuning 3_rotate_90.jpg,1 Sekar Kemuning 3_rotate_90.jpg,1 Sekar Kemuning,512,512,55745,2824065109248a795fb61d9a2fd838f1,1,3,Sekar Kemuning,90,1|3
/kaggle/input/datasets/hertiyani/batik-nitik-960-official-mendeley/Batik Nitik 960/Batik Nitik 960 Images/1 Sekar Kemuning 4.jpg,1 Sekar Kemuning 4.jpg,1 Sekar Kemuning,512,512,61576,45d5ba62893de05123c260078d5d50a1,1,4,Sekar Kemuning,0,1|4
/kaggle/input/datasets/hertiyani/batik-nitik-960-official-mendeley/Batik Nitik 960/Batik Nitik 960 Images/1 Sekar Kemuning 4_rotate_180.jpg,1 Sekar Kemuning 4_rotate_180.jpg,1 Sekar Kemuning,512,512,60981,f8c38b32fa9fa50aae9eb7697e5ef262,1,4,Sekar Kemuning,180,1|4
/kaggle/input/datasets/hertiyani/batik-nitik-960-official-mendeley/Batik Nitik 960/Batik Nitik 960 Images/1 Sekar Kemuning 4_rotate_270.jpg,1 Sekar Kemuning 4_rotate_270.jpg,1 Sekar Kemuning,512,512,55652,e5d9387307b146cf0c665a0d702dae3c,1,4,Sekar Kemuning,270,1|4
/kaggle/input/datasets/hertiyani/batik-nitik-960-official-mendeley/Batik Nitik 960/Batik Nitik 960 Images/1 Sekar Kemuning 4_rotate_90.jpg,1 Sekar Kemuning 4_rotate_90.jpg,1 Sekar Kemuning,512,512,55556,b9f4dcea77ea618f6a57fb7927709e05,1,4,Sekar Kemuning,90,1|4
/kaggle/input/datasets/hertiyani/batik-nitik-960-official-mendeley/Batik Nitik 960/Batik Nitik 960 Images/10 Sekar Ketongkeng 1.jpg,10 Sekar Ketongkeng 1.jpg,10 Sekar Ketongkeng,512,512,63434,d0d658c7cdb9e80782e685bbf8ca16cf,10,1,Sekar Ketongkeng,0,10|1
/kaggle/input/datasets/hertiyani/batik-nitik-960-official-mendeley/Batik Nitik 960/Batik Nitik 960 Images/10 Sekar Ketongkeng 1_rotate_180.jpg,10 Sekar Ketongkeng 1_rotate_180.jpg,10 Sekar Ketongkeng,512,512,63306,cca5452aadabe2b84d80e15b808f2d60,10,1,Sekar Ketongkeng,180,10|1
/kaggle/input/datasets/hertiyani/batik-nitik-960-official-mendeley/Batik Nitik 960/Batik Nitik 960 Images/10 Sekar Ketongkeng 1_rotate_270.jpg,10 Sekar Ketongkeng 1_rotate_270.jpg,10 Sekar Ketongkeng,512,512,56799,344d8efe23a0d83361855ae4a7946d67,10,1,Sekar Ketongkeng,270,10|1
/kaggle/input/datasets/hertiyani/batik-nitik-960-official-mendeley/Batik Nitik 960/Batik Nitik 960 Images/10 Sekar Ketongkeng 1_rotate_90.jpg,10 Sekar Ketongkeng 1_rotate_90.jpg,10 Sekar Ketongkeng,512,512,56535,9c04907e5e840c687069666e3548af74,10,1,Sekar Ketongkeng,90,10|1
/kaggle/input/datasets/hertiyani/batik-nitik-960-official-mendeley/Batik Nitik 960/Batik Nitik 960 Images/10 Sekar Ketongkeng 2.jpg,10 Sekar Ketongkeng 2.jpg,10 Sekar Ketongkeng,512,512,61155,67f816128ad6aec8530007d5b1c25b4a,10,2,Sekar Ketongkeng,0,10|2
/kaggle/input/datasets/hertiyani/batik-nitik-960-official-mendeley/Batik Nitik 960/Batik Nitik 960 Images/10 Sekar Ketongkeng 2_rotate_180.jpg,10 Sekar Ketongkeng 2_rotate_180.jpg,10 Sekar Ketongkeng,512,512,60852,89e5581893b5f331aafb8b3679e3ee24,10,2,Sekar Ketongkeng,180,10|2
/kaggle/input/datasets/hertiyani/batik-nitik-960-official-mendeley/Batik Nitik 960/Batik Nitik 960 Images/10 Sekar Ketongkeng 2_rotate_270.jpg,10 Sekar Ketongkeng 2_rotate_270.jpg,10 Sekar Ketongkeng,512,512,58290,68450b4d2463f007b5e725e82005874e,10,2,Sekar Ketongkeng,270,10|2
/kaggle/input/datasets/hertiyani/batik-nitik-960-official-mendeley/Batik Nitik 960/Batik Nitik 960 Images/10 Sekar Ketongkeng 2_rotate_90.jpg,10 Sekar Ketongkeng 2_rotate_90.jpg,10 Sekar Ketongkeng,512,512,59011,ea6fc726a75422b7fa72aa9f249ce71a,10,2,Sekar Ketongkeng,90,10|2
/kaggle/input/datasets/hertiyani/batik-nitik-960-official-mendeley/Batik Nitik 960/Batik Nitik 960 Images/10 Sekar Ketongkeng 3.jpg,10 Sekar Ketongkeng 3.jpg,10 Sekar Ketongkeng,512,512,65101,2643f62ac03058e0085c8c8486e7b830,10,3,Sekar Ketongkeng,0,10|3
/kaggle/input/datasets/hertiyani/batik-nitik-960-official-mendeley/Batik Nitik 960/Batik Nitik 960 Images/10 Sekar Ketongkeng 3_rotate_180.jpg,10 Sekar Ketongkeng 3_rotate_180.jpg,10 Sekar Ketongkeng,512,512,65203,6b9ff86fbd1008d3bbe3c3b79e513e0b,10,3,Sekar Ketongkeng,180,10|3
/kaggle/input/datasets/hertiyani/batik-nitik-960-official-mendeley/Batik Nitik 960/Batik Nitik 960 Images/10 Sekar Ketongkeng 3_rotate_270.jpg,10 Sekar Ketongkeng 3_rotate_270.jpg,10 Sekar Ketongkeng,512,512,58496,5911c1ba78558c08f7973d0ccd0baa0b,10,3,Sekar Ketongkeng,270,10|3
/kaggle/input/datasets/hertiyani/batik-nitik-960-official-mendeley/Batik Nitik 960/Batik Nitik 960 Images/10 Sekar Ketongkeng 3_rotate_90.jpg,10 Sekar Ketongkeng 3_rotate_90.jpg,10 Sekar Ketongkeng,512,512,59136,584dc070940efdb17ca0d42938b05498,10,3,Sekar Ketongkeng,90,10|3
/kaggle/input/datasets/hertiyani/batik-nitik-960-official-mendeley/Batik Nitik 960/Batik Nitik 960 Images/10 Sekar Ketongkeng 4.jpg,10 Sekar Ketongkeng 4.jpg,10 Sekar Ketongkeng,512,512,64345,9983b50e38cc05e1e76946b90741dd87,10,4,Sekar Ketongkeng,0,10|4
/kaggle/input/datasets/hertiyani/batik-nitik-960-official-mendeley/Batik Nitik 960/Batik Nitik 960 Images/10 Sekar Ketongkeng 4_rotate_180.jpg,10 Sekar Ketongkeng 4_rotate_180.jpg,10 Sekar Ketongkeng,512,512,64750,68d169675a86d417adcdc57749148605,10,4,Sekar Ketongkeng,180,10|4
/kaggle/input/datasets/hertiyani/batik-nitik-960-official-mendeley/Batik Nitik 960/Batik Nitik 960 Images/10 Sekar Ketongkeng 4_rotate_270.jpg,10 Sekar Ketongkeng 4_rotate_270.jpg,10 Sekar Ketongkeng,512,512,56660,ec941deb1ce9c92600488cefd0e813d7,10,4,Sekar Ketongkeng,270,10|4
/kaggle/input/datasets/hertiyani/batik-nitik-960-official-mendeley/Batik Nitik 960/Batik Nitik 960 Images/10 Sekar Ketongkeng 4_rotate_90.jpg,10 Sekar Ketongkeng 4_rotate_90.jpg,10 Sekar Ketongkeng,512,512,56725,10c11ab6b5d40a2a8c52a61c44c844e4,10,4,Sekar Ketongkeng,90,10|4
/kaggle/input/datasets/hertiyani/batik-nitik-960-official-mendeley/Batik Nitik 960/Batik Nitik 960 Images/11 Brendhi 1.jpg,11 Brendhi 1.jpg,11 Brendhi,512,512,64135,5c7c1945349c66a9badc2c9cede7499d,11,1,Brendhi,0,11|1
/kaggle/input/datasets/hertiyani/batik-nitik-960-official-mendeley/Batik Nitik 960/Batik Nitik 960 Images/11 Brendhi 1_rotate_180.jpg,11 Brendhi 1_rotate_180.jpg,11 Brendhi,512,512,63873,fe974156d614de8d40446c231ae9461a,11,1,Brendhi,180,11|1
/kaggle/input/datasets/hertiyani/batik-nitik-960-official-mendeley/Batik Nitik 960/Batik Nitik 960 Images/11 Brendhi 1_rotate_270.jpg,11 Brendhi 1_rotate_270.jpg,11 Brendhi,512,512,58595,ca206586d87873c5fb0078aec4438be5,11,1,Brendhi,270,11|1
/kaggle/input/datasets/hertiyani/batik-nitik-960-official-mendeley/Batik Nitik 960/Batik Nitik 960 Images/11 Brendhi 1_rotate_90.jpg,11 Brendhi 1_rotate_90.jpg,11 Brendhi,512,512,58542,4a3708fad3704381112effc3bf2b15ff,11,1,Brendhi,90,11|1
/kaggle/input/datasets/hertiyani/batik-nitik-960-official-mendeley/Batik Nitik 960/Batik Nitik 960 Images/11 Brendhi 2.jpg,11 Brendhi 2.jpg,11 Brendhi,512,512,62469,bc894049a7fe5f8f00048903121ca26b,11,2,Brendhi,0,11|2
/kaggle/input/datasets/hertiyani/batik-nitik-960-official-mendeley/Batik Nitik 960/Batik Nitik 960 Images/11 Brendhi 2_rotate_180.jpg,11 Brendhi 2_rotate_180.jpg,11 Brendhi,512,512,62503,c4a93cd22bf9178baaeb99c316bbe89d,11,2,Brendhi,180,11|2
/kaggle/input/datasets/hertiyani/batik-nitik-960-official-mendeley/Batik Nitik 960/Batik Nitik 960 Images/11 Brendhi 2_rotate_270.jpg,11 Brendhi 2_rotate_270.jpg,11 Brendhi,512,512,56880,deac310379c35402c8516382d680e121,11,2,Brendhi,270,11|2
/kaggle/input/datasets/hertiyani/batik-nitik-960-official-mendeley/Batik Nitik 960/Batik Nitik 960 Images/11 Brendhi 2_rotate_90.jpg,11 Brendhi 2_rotate_90.jpg,11 Brendhi,512,512,57048,9e613f120238686064d526841b382e69,11,2,Brendhi,90,11|2
/kaggle/input/datasets/hertiyani/batik-nitik-960-official-mendeley/Batik Nitik 960/Batik Nitik 960 Images/11 Brendhi 3.jpg,11 Brendhi 3.jpg,11 Brendhi,512,512,63720,fee6138db0d7c70c91c6c7d3becd6cd6,11,3,Brendhi,0,11|3
/kaggle/input/datasets/hertiyani/batik-nitik-960-official-mendeley/Batik Nitik 960/Batik Nitik 960 Images/11 Brendhi 3_rotate_180.jpg,11 Brendhi 3_rotate_180.jpg,11 Brendhi,512,512,63539,14a2e0bef4b5ea80b296dcd7aaf33c32,11,3,Brendhi,180,11|3
/kaggle/input/datasets/hertiyani/batik-nitik-960-official-mendeley/Batik Nitik 960/Batik Nitik 960 Images/11 Brendhi 3_rotate_270.jpg,11 Brendhi 3_rotate_270.jpg,11 Brendhi,512,512,62541,8eba4130c53ede65db7b62edeedef6e8,11,3,Brendhi,270,11|3
/kaggle/input/datasets/hertiyani/batik-nitik-960-official-mendeley/Batik Nitik 960/Batik Nitik 960 Images/11 Brendhi 3_rotate_90.jpg,11 Brendhi 3_rotate_90.jpg,11 Brendhi,512,512,62523,d8f8a335c3062174eac00d65717a331a,11,3,Brendhi,90,11|3
/kaggle/input/datasets/hertiyani/batik-nitik-960-official-mendeley/Batik Nitik 960/Batik Nitik 960 Images/11 Brendhi 4.jpg,11 Brendhi 4.jpg,11 Brendhi,512,512,63308,d711d19ba5bc74759437e6b34b658940,11,4,Brendhi,0,11|4
/kaggle/input/datasets/hertiyani/batik-nitik-960-official-mendeley/Batik Nitik 960/Batik Nitik 960 Images/11 Brendhi 4_rotate_180.jpg,11 Brendhi 4_rotate_180.jpg,11 Brendhi,512,512,63138,e4aa36f82313e747d461ece0ea7a80e0,11,4,Brendhi,180,11|4
/kaggle/input/datasets/hertiyani/batik-nitik-960-official-mendeley/Batik Nitik 960/Batik Nitik 960 Images/11 Brendhi 4_rotate_270.jpg,11 Brendhi 4_rotate_270.jpg,11 Brendhi,512,512,57136,23a58fbe97ced7780a28ba7984edb6e7,11,4,Brendhi,270,11|4
/kaggle/input/datasets/hertiyani/batik-nitik-960-official-mendeley/Batik Nitik 960/Batik Nitik 960 Images/11 Brendhi 4_rotate_90.jpg,11 Brendhi 4_rotate_90.jpg,11 Brendhi,512,512,56940,a11336959d10daaff2b5a51372117e7b,11,4,Brendhi,90,11|4
/kaggle/input/datasets/hertiyani/batik-nitik-960-official-mendeley/Batik Nitik 960/Batik Nitik 960 Images/12 Cakar Ayam 1.jpg,12 Cakar Ayam 1.jpg,12 Cakar Ayam,512,512,77798,7c9490e450110eb1bf04c2188bf9a114,12,1,Cakar Ayam,0,12|1
/kaggle/input/datasets/hertiyani/batik-nitik-960-official-mendeley/Batik Nitik 960/Batik Nitik 960 Images/12 Cakar Ayam 1_rotate_180.jpg,12 Cakar Ayam 1_rotate_180.jpg,12 Cakar Ayam,512,512,77853,e8a6592770c0ffdbdeb9a756e742298f,12,1,Cakar Ayam,180,12|1
/kaggle/input/datasets/hertiyani/batik-nitik-960-official-mendeley/Batik Nitik 960/Batik Nitik 960 Images/12 Cakar Ayam 1_rotate_270.jpg,12 Cakar Ayam 1_rotate_270.jpg,12 Cakar Ayam,512,512,71355,148315656c6e944720aa68aa7d656557,12,1,Cakar Ayam,270,12|1
/kaggle/input/datasets/hertiyani/batik-nitik-960-official-mendeley/Batik Nitik 960/Batik Nitik 960 Images/12 Cakar Ayam 1_rotate_90.jpg,12 Cakar Ayam 1_rotate_90.jpg,12 Cakar Ayam,512,512,71700,0f4d3073f3bbfc677ec2ffe1975c57cc,12,1,Cakar Ayam,90,12|1
/kaggle/input/datasets/hertiyani/batik-nitik-960-official-mendeley/Batik Nitik 960/Batik Nitik 960 Images/12 Cakar Ayam 2.jpg,12 Cakar Ayam 2.jpg,12 Cakar Ayam,512,512,75694,c5f5a096bab29ee0db53b23e850d1a6c,12,2,Cakar Ayam,0,12|2
/kaggle/input/datasets/hertiyani/batik-nitik-960-official-mendeley/Batik Nitik 960/Batik Nitik 960 Images/12 Cakar Ayam 2_rotate_180.jpg,12 Cakar Ayam 2_rotate_180.jpg,12 Cakar Ayam,512,512,75059,454ec6d071a0617d3fab7457a085d228,12,2,Cakar Ayam,180,12|2
/kaggle/input/datasets/hertiyani/batik-nitik-960-official-mendeley/Batik Nitik 960/Batik Nitik 960 Images/12 Cakar Ayam 2_rotate_270.jpg,12 Cakar Ayam 2_rotate_270.jpg,12 Cakar Ayam,512,512,72435,7b49c0f76257614f63bd7b92f75297a6,12,2,Cakar Ayam,270,12|2
/kaggle/input/datasets/hertiyani/batik-nitik-960-official-mendeley/Batik Nitik 960/Batik Nitik 960 Images/12 Cakar Ayam 2_rotate_90.jpg,12 Cakar Ayam 2_rotate_90.jpg,12 Cakar Ayam,512,512,72000,e4f65c3ac1a32f368303a235705f60ef,12,2,Cakar Ayam,90,12|2
/kaggle/input/datasets/hertiyani/batik-nitik-960-official-mendeley/Batik Nitik 960/Batik Nitik 960 Images/12 Cakar Ayam 3.jpg,12 Cakar Ayam 3.jpg,12 Cakar Ayam,512,512,77759,41155dbfb17331026a052fa3fd929267,12,3,Cakar Ayam,0,12|3
/kaggle/input/datasets/hertiyani/batik-nitik-960-official-mendeley/Batik Nitik 960/Batik Nitik 960 Images/12 Cakar Ayam 3_rotate_180.jpg,12 Cakar Ayam 3_rotate_180.jpg,12 Cakar Ayam,512,512,77443,0b0a903ba7640dc251f6508ebaeba1b1,12,3,Cakar Ayam,180,12|3
/kaggle/input/datasets/hertiyani/batik-nitik-960-official-mendeley/Batik Nitik 960/Batik Nitik 960 Images/12 Cakar Ayam 3_rotate_270.jpg,12 Cakar Ayam 3_rotate_270.jpg,12 Cakar Ayam,512,512,71336,9b79cbcb256fff216cb3c8f99136ab66,12,3,Cakar Ayam,270,12|3
/kaggle/input/datasets/hertiyani/batik-nitik-960-official-mendeley/Batik Nitik 960/Batik Nitik 960 Images/12 Cakar Ayam 3_rotate_90.jpg,12 Cakar Ayam 3_rotate_90.jpg,12 Cakar Ayam,512,512,71459,ca213e89f7b0e009a2c6fbb86300afab,12,3,Cakar Ayam,90,12|3
/kaggle/input/datasets/hertiyani/batik-nitik-960-official-mendeley/Batik Nitik 960/Batik Nitik 960 Images/12 Cakar Ayam 4.jpg,12 Cakar Ayam 4.jpg,12 Cakar Ayam,512,512,76564,be1eeb41c975841f71ff07e4625f7b9a,12,4,Cakar Ayam,0,12|4
/kaggle/input/datasets/hertiyani/batik-nitik-960-official-mendeley/Batik Nitik 960/Batik Nitik 960 Images/12 Cakar Ayam 4_rotate_180.jpg,12 Cakar Ayam 4_rotate_180.jpg,12 Cakar Ayam,512,512,76674,526d88d1aa36f13dfd1baad78941597b,12,4,Cakar Ayam,180,12|4
/kaggle/input/datasets/hertiyani/batik-nitik-960-official-mendeley/Batik Nitik 960/Batik Nitik 960 Images/12 Cakar Ayam 4_rotate_270.jpg,12 Cakar Ayam 4_rotate_270.jpg,12 Cakar Ayam,512,512,74753,6bd19f439a6aa11190c830d81d89bb3b,12,4,Cakar Ayam,270,12|4
/kaggle/input/datasets/hertiyani/batik-nitik-960-official-mendeley/Batik Nitik 960/Batik Nitik 960 Images/12 Cakar Ayam 4_rotate_90.jpg,12 Cakar Ayam 4_rotate_90.jpg,12 Cakar Ayam,512,512,74741,b358a4783f8923ef68e70e4628a82386,12,4,Cakar Ayam,90,12|4
/kaggle/input/datasets/hertiyani/batik-nitik-960-official-mendeley/Batik Nitik 960/Batik Nitik 960 Images/13 Sekar Menur 1.jpg,13 Sekar Menur 1.jpg,13 Sekar Menur,512,512,69768,279caabd22e743145ed0c1efd9384c74,13,1,Sekar Menur,0,13|1
/kaggle/input/datasets/hertiyani/batik-nitik-960-official-mendeley/Batik Nitik 960/Batik Nitik 960 Images/13 Sekar Menur 1_rotate_180.jpg,13 Sekar Menur 1_rotate_180.jpg,13 Sekar Menur,512,512,69246,2877ff0887ae3025852d622b560312cc,13,1,Sekar Menur,180,13|1
/kaggle/input/datasets/hertiyani/batik-nitik-960-official-mendeley/Batik Nitik 960/Batik Nitik 960 Images/13 Sekar Menur 1_rotate_270.jpg,13 Sekar Menur 1_rotate_270.jpg,13 Sekar Menur,512,512,68396,90414b82c0b4011e20d6ae6d1bd2a500,13,1,Sekar Menur,270,13|1
/kaggle/input/datasets/hertiyani/batik-nitik-960-official-mendeley/Batik Nitik 960/Batik Nitik 960 Images/13 Sekar Menur 1_rotate_90.jpg,13 Sekar Menur 1_rotate_90.jpg,13 Sekar Menur,512,512,68436,5ef461a749e45631ba118c8b8bbf2e95,13,1,Sekar Menur,90,13|1
/kaggle/input/datasets/hertiyani/batik-nitik-960-official-mendeley/Batik Nitik 960/Batik Nitik 960 Images/13 Sekar Menur 2.jpg,13 Sekar Menur 2.jpg,13 Sekar Menur,512,512,67584,69a6d0b56cacdd1cfd737b0b8accbd2b,13,2,Sekar Menur,0,13|2
/kaggle/input/datasets/hertiyani/batik-nitik-960-official-mendeley/Batik Nitik 960/Batik Nitik 960 Images/13 Sekar Menur 2_rotate_180.jpg,13 Sekar Menur 2_rotate_180.jpg,13 Sekar Menur,512,512,67752,f49be9856e84cbac05682000e93f928d,13,2,Sekar Menur,180,13|2
/kaggle/input/datasets/hertiyani/batik-nitik-960-official-mendeley/Batik Nitik 960/Batik Nitik 960 Images/13 Sekar Menur 2_rotate_270.jpg,13 Sekar Menur 2_rotate_270.jpg,13 Sekar Menur,512,512,60286,deb7be5f47e69f92ed3d415be5fc7f04,13,2,Sekar Menur,270,13|2
/kaggle/input/datasets/hertiyani/batik-nitik-960-official-mendeley/Batik Nitik 960/Batik Nitik 960 Images/13 Sekar Menur 2_rotate_90.jpg,13 Sekar Menur 2_rotate_90.jpg,13 Sekar Menur,512,512,60144,3fc284f7af56efe14c27a40da43b0a7f,13,2,Sekar Menur,90,13|2
/kaggle/input/datasets/hertiyani/batik-nitik-960-official-mendeley/Batik Nitik 960/Batik Nitik 960 Images/13 Sekar Menur 3.jpg,13 Sekar Menur 3.jpg,13 Sekar Menur,512,512,64807,efc68dace2e4399d161ff983407d2155,13,3,Sekar Menur,0,13|3
/kaggle/input/datasets/hertiyani/batik-nitik-960-official-mendeley/Batik Nitik 960/Batik Nitik 960 Images/13 Sekar Menur 3_rotate_180.jpg,13 Sekar Menur 3_rotate_180.jpg,13 Sekar Menur,512,512,64305,814bfeead4f8526142b43401a3d62176,13,3,Sekar Menur,180,13|3
/kaggle/input/datasets/hertiyani/batik-nitik-960-official-mendeley/Batik Nitik 960/Batik Nitik 960 Images/13 Sekar Menur 3_rotate_270.jpg,13 Sekar Menur 3_rotate_270.jpg,13 Sekar Menur,512,512,58173,048cc8aae597aca3860c16a74b1fabad,13,3,Sekar Menur,270,13|3
/kaggle/input/datasets/hertiyani/batik-nitik-960-official-mendeley/Batik Nitik 960/Batik Nitik 960 Images/13 Sekar Menur 3_rotate_90.jpg,13 Sekar Menur 3_rotate_90.jpg,13 Sekar Menur,512,512,58452,3b9eecf7fd2e82d20052d0fa590aff45,13,3,Sekar Menur,90,13|3
/kaggle/input/datasets/hertiyani/batik-nitik-960-official-mendeley/Batik Nitik 960/Batik Nitik 960 Images/13 Sekar Menur 4.jpg,13 Sekar Menur 4.jpg,13 Sekar Menur,512,512,62746,6edb912b5f6751eb3973483ebd39ecbf,13,4,Sekar Menur,0,13|4
/kaggle/input/datasets/hertiyani/batik-nitik-960-official-mendeley/Batik Nitik 960/Batik Nitik 960 Images/13 Sekar Menur 4_rotate_180.jpg,13 Sekar Menur 4_rotate_180.jpg,13 Sekar Menur,512,512,62575,d7176ea45c56d71e5bd93fffd04a9caa,13,4,Sekar Menur,180,13|4
/kaggle/input/datasets/hertiyani/batik-nitik-960-official-mendeley/Batik Nitik 960/Batik Nitik 960 Images/13 Sekar Menur 4_rotate_270.jpg,13 Sekar Menur 4_rotate_270.jpg,13 Sekar Menur,512,512,61859,b8c57504c5b586702a49a8cd83e114d1,13,4,Sekar Menur,270,13|4
/kaggle/input/datasets/hertiyani/batik-nitik-960-official-mendeley/Batik Nitik 960/Batik Nitik 960 Images/13 Sekar Menur 4_rotate_90.jpg,13 Sekar Menur 4_rotate_90.jpg,13 Sekar Menur,512,512,62015,f762dfe9fdf304e6f0e11f3336407e74,13,4,Sekar Menur,90,13|4
/kaggle/input/datasets/hertiyani/batik-nitik-960-official-mendeley/Batik Nitik 960/Batik Nitik 960 Images/14 Sekar Tebu 1.jpg,14 Sekar Tebu 1.jpg,14 Sekar Tebu,512,512,66711,6ffb0cd967e537a3f7756abdb37d82e7,14,1,Sekar Tebu,0,14|1
/kaggle/input/datasets/hertiyani/batik-nitik-960-official-mendeley/Batik Nitik 960/Batik Nitik 960 Images/14 Sekar Tebu 1_rotate_180.jpg,14 Sekar Tebu 1_rotate_180.jpg,14 Sekar Tebu,512,512,66501,90dcaf79bb0e04811ace7c1bc7de172e,14,1,Sekar Tebu,180,14|1
/kaggle/input/datasets/hertiyani/batik-nitik-960-official-mendeley/Batik Nitik 960/Batik Nitik 960 Images/14 Sekar Tebu 1_rotate_270.jpg,14 Sekar Tebu 1_rotate_270.jpg,14 Sekar Tebu,512,512,61513,ca4894ffdc17c1e0765f9394adf30f14,14,1,Sekar Tebu,270,14|1
/kaggle/input/datasets/hertiyani/batik-nitik-960-official-mendeley/Batik Nitik 960/Batik Nitik 960 Images/14 Sekar Tebu 1_rotate_90.jpg,14 Sekar Tebu 1_rotate_90.jpg,14 Sekar Tebu,512,512,61657,fc86f751ee6239b44d7439e2179b5275,14,1,Sekar Tebu,90,14|1
/kaggle/input/datasets/hertiyani/batik-nitik-960-official-mendeley/Batik Nitik 960/Batik Nitik 960 Images/14 Sekar Tebu 2.jpg,14 Sekar Tebu 2.jpg,14 Sekar Tebu,512,512,65293,a9023e7b5f8d76a9f4430da872fe553a,14,2,Sekar Tebu,0,14|2
/kaggle/input/datasets/hertiyani/batik-nitik-960-official-mendeley/Batik Nitik 960/Batik Nitik 960 Images/14 Sekar Tebu 2_rotate_180.jpg,14 Sekar Tebu 2_rotate_180.jpg,14 Sekar Tebu,512,512,65733,c0c394d7faa9008703f9a702f93d2f04,14,2,Sekar Tebu,180,14|2
/kaggle/input/datasets/hertiyani/batik-nitik-960-official-mendeley/Batik Nitik 960/Batik Nitik 960 Images/14 Sekar Tebu 2_rotate_270.jpg,14 Sekar Tebu 2_rotate_270.jpg,14 Sekar Tebu,512,512,60767,f285c41aa767e8b7c6767671696d03f5,14,2,Sekar Tebu,270,14|2
/kaggle/input/datasets/hertiyani/batik-nitik-960-official-mendeley/Batik Nitik 960/Batik Nitik 960 Images/14 Sekar Tebu 2_rotate_90.jpg,14 Sekar Tebu 2_rotate_90.jpg,14 Sekar Tebu,512,512,60833,b0b88576b52a5ed409f2a68b29ed6950,14,2,Sekar Tebu,90,14|2
/kaggle/input/datasets/hertiyani/batik-nitik-960-official-mendeley/Batik Nitik 960/Batik Nitik 960 Images/14 Sekar Tebu 3.jpg,14 Sekar Tebu 3.jpg,14 Sekar Tebu,512,512,66667,ae4a62d6d744b12b335847f0b4fdfafd,14,3,Sekar Tebu,0,14|3
/kaggle/input/datasets/hertiyani/batik-nitik-960-official-mendeley/Batik Nitik 960/Batik Nitik 960 Images/14 Sekar Tebu 3_rotate_180.jpg,14 Sekar Tebu 3_rotate_180.jpg,14 Sekar Tebu,512,512,66767,d3df83d062e0646f4b37d5201f104898,14,3,Sekar Tebu,180,14|3
/kaggle/input/datasets/hertiyani/batik-nitik-960-official-mendeley/Batik Nitik 960/Batik Nitik 960 Images/14 Sekar Tebu 3_rotate_270.jpg,14 Sekar Tebu 3_rotate_270.jpg,14 Sekar Tebu,512,512,61456,8610dabf66fc4fa787201363837ea1b2,14,3,Sekar Tebu,270,14|3
/kaggle/input/datasets/hertiyani/batik-nitik-960-official-mendeley/Batik Nitik 960/Batik Nitik 960 Images/14 Sekar Tebu 3_rotate_90.jpg,14 Sekar Tebu 3_rotate_90.jpg,14 Sekar Tebu,512,512,61410,3f2c664e30c10068b7fd67a7e8133383,14,3,Sekar Tebu,90,14|3
/kaggle/input/datasets/hertiyani/batik-nitik-960-official-mendeley/Batik Nitik 960/Batik Nitik 960 Images/14 Sekar Tebu 4.jpg,14 Sekar Tebu 4.jpg,14 Sekar Tebu,512,512,66575,9cff75da758432a0bf31e938fcbbc5ec,14,4,Sekar Tebu,0,14|4
/kaggle/input/datasets/hertiyani/batik-nitik-960-official-mendeley/Batik Nitik 960/Batik Nitik 960 Images/14 Sekar Tebu 4_rotate_180.jpg,14 Sekar Tebu 4_rotate_180.jpg,14 Sekar Tebu,512,512,66453,3193520c55f9ae8266e131006e0f9557,14,4,Sekar Tebu,180,14|4
/kaggle/input/datasets/hertiyani/batik-nitik-960-official-mendeley/Batik Nitik 960/Batik Nitik 960 Images/14 Sekar Tebu 4_rotate_270.jpg,14 Sekar Tebu 4_rotate_270.jpg,14 Sekar Tebu,512,512,59855,98fa6f442292e8632377738b30f3cda2,14,4,Sekar Tebu,270,14|4
/kaggle/input/datasets/hertiyani/batik-nitik-960-official-mendeley/Batik Nitik 960/Batik Nitik 960 Images/14 Sekar Tebu 4_rotate_90.jpg,14 Sekar Tebu 4_rotate_90.jpg,14 Sekar Tebu,512,512,59897,be6e29477cc729e20437ba165adb0033,14,4,Sekar Tebu,90,14|4
/kaggle/input/datasets/hertiyani/batik-nitik-960-official-mendeley/Batik Nitik 960/Batik Nitik 960 Images/15 Sekar Manggis 1.jpg,15 Sekar Manggis 1.jpg,15 Sekar Manggis,512,512,66314,db62a2f216ed7d359c3d52675661ff57,15,1,Sekar Manggis,0,15|1
/kaggle/input/datasets/hertiyani/batik-nitik-960-official-mendeley/Batik Nitik 960/Batik Nitik 960 Images/15 Sekar Manggis 1_rotate_180.jpg,15 Sekar Manggis 1_rotate_180.jpg,15 Sekar Manggis,512,512,66307,0a631f2a10154a0b6d78573554e398eb,15,1,Sekar Manggis,180,15|1
/kaggle/input/datasets/hertiyani/batik-nitik-960-official-mendeley/Batik Nitik 960/Batik Nitik 960 Images/15 Sekar Manggis 1_rotate_270.jpg,15 Sekar Manggis 1_rotate_270.jpg,15 Sekar Manggis,512,512,65593,0869b59f7036c3593555c6e6e8c62b7e,15,1,Sekar Manggis,270,15|1
/kaggle/input/datasets/hertiyani/batik-nitik-960-official-mendeley/Batik Nitik 960/Batik Nitik 960 Images/15 Sekar Manggis 1_rotate_90.jpg,15 Sekar Manggis 1_rotate_90.jpg,15 Sekar Manggis,512,512,65895,562229273402a7dd6c77702e1b74c46a,15,1,Sekar Manggis,90,15|1
/kaggle/input/datasets/hertiyani/batik-nitik-960-official-mendeley/Batik Nitik 960/Batik Nitik 960 Images/15 Sekar Manggis 2.jpg,15 Sekar Manggis 2.jpg,15 Sekar Manggis,512,512,65386,7da9cc05f72246d6cc5cd2bd93559e37,15,2,Sekar Manggis,0,15|2
/kaggle/input/datasets/hertiyani/batik-nitik-960-official-mendeley/Batik Nitik 960/Batik Nitik 960 Images/15 Sekar Manggis 2_rotate_180.jpg,15 Sekar Manggis 2_rotate_180.jpg,15 Sekar Manggis,512,512,65573,a573681bc1f5a37eb9006e7ed4fda787,15,2,Sekar Manggis,180,15|2
/kaggle/input/datasets/hertiyani/batik-nitik-960-official-mendeley/Batik Nitik 960/Batik Nitik 960 Images/15 Sekar Manggis 2_rotate_270.jpg,15 Sekar Manggis 2_rotate_270.jpg,15 Sekar Manggis,512,512,57749,0432ad2211e0ea70fa10a7abb103a2e7,15,2,Sekar Manggis,270,15|2
/kaggle/input/datasets/hertiyani/batik-nitik-960-official-mendeley/Batik Nitik 960/Batik Nitik 960 Images/15 Sekar Manggis 2_rotate_90.jpg,15 Sekar Manggis 2_rotate_90.jpg,15 Sekar Manggis,512,512,58135,90c8370e064a01d885af57c0fe1402c6,15,2,Sekar Manggis,90,15|2
/kaggle/input/datasets/hertiyani/batik-nitik-960-official-mendeley/Batik Nitik 960/Batik Nitik 960 Images/15 Sekar Manggis 3.jpg,15 Sekar Manggis 3.jpg,15 Sekar Manggis,512,512,60239,16b177c9c854e98b47cec63862171d81,15,3,Sekar Manggis,0,15|3
/kaggle/input/datasets/hertiyani/batik-nitik-960-official-mendeley/Batik Nitik 960/Batik Nitik 960 Images/15 Sekar Manggis 3_rotate_180.jpg,15 Sekar Manggis 3_rotate_180.jpg,15 Sekar Manggis,512,512,60666,874668de58c5b3cf301e6f11ef901467,15,3,Sekar Manggis,180,15|3
/kaggle/input/datasets/hertiyani/batik-nitik-960-official-mendeley/Batik Nitik 960/Batik Nitik 960 Images/15 Sekar Manggis 3_rotate_270.jpg,15 Sekar Manggis 3_rotate_270.jpg,15 Sekar Manggis,512,512,56819,2771127af2fee7df88ef5f1086513638,15,3,Sekar Manggis,270,15|3
/kaggle/input/datasets/hertiyani/batik-nitik-960-official-mendeley/Batik Nitik 960/Batik Nitik 960 Images/15 Sekar Manggis 3_rotate_90.jpg,15 Sekar Manggis 3_rotate_90.jpg,15 Sekar Manggis,512,512,56659,fdc60b459bd17190477d6fbd619367d6,15,3,Sekar Manggis,90,15|3
/kaggle/input/datasets/hertiyani/batik-nitik-960-official-mendeley/Batik Nitik 960/Batik Nitik 960 Images/15 Sekar Manggis 4.jpg,15 Sekar Manggis 4.jpg,15 Sekar Manggis,512,512,59568,de29a7ef925a33d3533ae32ef69f15f0,15,4,Sekar Manggis,0,15|4
/kaggle/input/datasets/hertiyani/batik-nitik-960-official-mendeley/Batik Nitik 960/Batik Nitik 960 Images/15 Sekar Manggis 4_rotate_180.jpg,15 Sekar Manggis 4_rotate_180.jpg,15 Sekar Manggis,512,512,59634,ded965ea81e3821f88f7683d7a2e992f,15,4,Sekar Manggis,180,15|4
/kaggle/input/datasets/hertiyani/batik-nitik-960-official-mendeley/Batik Nitik 960/Batik Nitik 960 Images/15 Sekar Manggis 4_rotate_270.jpg,15 Sekar Manggis 4_rotate_270.jpg,15 Sekar Manggis,512,512,55266,20071d49b2d6b4ad937094acad8ab13b,15,4,Sekar Manggis,270,15|4
/kaggle/input/datasets/hertiyani/batik-nitik-960-official-mendeley/Batik Nitik 960/Batik Nitik 960 Images/15 Sekar Manggis 4_rotate_90.jpg,15 Sekar Manggis 4_rotate_90.jpg,15 Sekar Manggis,512,512,55248,4b72fc2ae901db442ddc2d694e4b1398,15,4,Sekar Manggis,90,15|4
/kaggle/input/datasets/hertiyani/batik-nitik-960-official-mendeley/Batik Nitik 960/Batik Nitik 960 Images/16 Sekar Randhu 1.jpg,16 Sekar Randhu 1.jpg,16 Sekar Randhu,512,512,63476,0711ffef01d34a28466ac9f65f0eb866,16,1,Sekar Randhu,0,16|1
/kaggle/input/datasets/hertiyani/batik-nitik-960-official-mendeley/Batik Nitik 960/Batik Nitik 960 Images/16 Sekar Randhu 1_rotate_180.jpg,16 Sekar Randhu 1_rotate_180.jpg,16 Sekar Randhu,512,512,63759,7b6f7e613785413b4d8475fd37f11440,16,1,Sekar Randhu,180,16|1
/kaggle/input/datasets/hertiyani/batik-nitik-960-official-mendeley/Batik Nitik 960/Batik Nitik 960 Images/16 Sekar Randhu 1_rotate_270.jpg,16 Sekar Randhu 1_rotate_270.jpg,16 Sekar Randhu,512,512,63000,0e82725f0f4ffa32174f89cc48efd4c6,16,1,Sekar Randhu,270,16|1
/kaggle/input/datasets/hertiyani/batik-nitik-960-official-mendeley/Batik Nitik 960/Batik Nitik 960 Images/16 Sekar Randhu 1_rotate_90.jpg,16 Sekar Randhu 1_rotate_90.jpg,16 Sekar Randhu,512,512,62507,ad3d9ba3905e8f31a0f26b97fd863d6c,16,1,Sekar Randhu,90,16|1
/kaggle/input/datasets/hertiyani/batik-nitik-960-official-mendeley/Batik Nitik 960/Batik Nitik 960 Images/16 Sekar Randhu 2.jpg,16 Sekar Randhu 2.jpg,16 Sekar Randhu,512,512,60931,f0c059ad2c3b351606f729a57da2ff71,16,2,Sekar Randhu,0,16|2
/kaggle/input/datasets/hertiyani/batik-nitik-960-official-mendeley/Batik Nitik 960/Batik Nitik 960 Images/16 Sekar Randhu 2_rotate_180.jpg,16 Sekar Randhu 2_rotate_180.jpg,16 Sekar Randhu,512,512,60513,a1ff023012c34d589804d8fd083d750c,16,2,Sekar Randhu,180,16|2
/kaggle/input/datasets/hertiyani/batik-nitik-960-official-mendeley/Batik Nitik 960/Batik Nitik 960 Images/16 Sekar Randhu 2_rotate_270.jpg,16 Sekar Randhu 2_rotate_270.jpg,16 Sekar Randhu,512,512,54035,c61b47c5a728fa50b9afade77651c7cc,16,2,Sekar Randhu,270,16|2
/kaggle/input/datasets/hertiyani/batik-nitik-960-official-mendeley/Batik Nitik 960/Batik Nitik 960 Images/16 Sekar Randhu 2_rotate_90.jpg,16 Sekar Randhu 2_rotate_90.jpg,16 Sekar Randhu,512,512,53873,73eafb807bbcf94648cb2f0a14302d37,16,2,Sekar Randhu,90,16|2
/kaggle/input/datasets/hertiyani/batik-nitik-960-official-mendeley/Batik Nitik 960/Batik Nitik 960 Images/16 Sekar Randhu 3.jpg,16 Sekar Randhu 3.jpg,16 Sekar Randhu,512,512,57787,a73514a9aa2dbdcbc8e532a711d133ce,16,3,Sekar Randhu,0,16|3
/kaggle/input/datasets/hertiyani/batik-nitik-960-official-mendeley/Batik Nitik 960/Batik Nitik 960 Images/16 Sekar Randhu 3_rotate_180.jpg,16 Sekar Randhu 3_rotate_180.jpg,16 Sekar Randhu,512,512,57983,b922055a1b45a3d953fcd191c96a6823,16,3,Sekar Randhu,180,16|3
/kaggle/input/datasets/hertiyani/batik-nitik-960-official-mendeley/Batik Nitik 960/Batik Nitik 960 Images/16 Sekar Randhu 3_rotate_270.jpg,16 Sekar Randhu 3_rotate_270.jpg,16 Sekar Randhu,512,512,51954,77282c75592db09ceb962823482f67d0,16,3,Sekar Randhu,270,16|3
/kaggle/input/datasets/hertiyani/batik-nitik-960-official-mendeley/Batik Nitik 960/Batik Nitik 960 Images/16 Sekar Randhu 3_rotate_90.jpg,16 Sekar Randhu 3_rotate_90.jpg,16 Sekar Randhu,512,512,51977,3b2c9ba9ce4e9a960814e760ce7c24b6,16,3,Sekar Randhu,90,16|3
/kaggle/input/datasets/hertiyani/batik-nitik-960-official-mendeley/Batik Nitik 960/Batik Nitik 960 Images/16 Sekar Randhu 4.jpg,16 Sekar Randhu 4.jpg,16 Sekar Randhu,512,512,55331,30063dc1f702174b982e7576d7c2589d,16,4,Sekar Randhu,0,16|4
/kaggle/input/datasets/hertiyani/batik-nitik-960-official-mendeley/Batik Nitik 960/Batik Nitik 960 Images/16 Sekar Randhu 4_rotate_180.jpg,16 Sekar Randhu 4_rotate_180.jpg,16 Sekar Randhu,512,512,55268,781074dffcffcc83654aa59be261fe34,16,4,Sekar Randhu,180,16|4
/kaggle/input/datasets/hertiyani/batik-nitik-960-official-mendeley/Batik Nitik 960/Batik Nitik 960 Images/16 Sekar Randhu 4_rotate_270.jpg,16 Sekar Randhu 4_rotate_270.jpg,16 Sekar Randhu,512,512,53355,eef964087b8b2b2b247a325e91662918,16,4,Sekar Randhu,270,16|4
/kaggle/input/datasets/hertiyani/batik-nitik-960-official-mendeley/Batik Nitik 960/Batik Nitik 960 Images/16 Sekar Randhu 4_rotate_90.jpg,16 Sekar Randhu 4_rotate_90.jpg,16 Sekar Randhu,512,512,53453,864f2a1715a016cf3c8c395ab71b9f2a,16,4,Sekar Randhu,90,16|4
/kaggle/input/datasets/hertiyani/batik-nitik-960-official-mendeley/Batik Nitik 960/Batik Nitik 960 Images/17 Worawari Rumpuk 1.jpg,17 Worawari Rumpuk 1.jpg,17 Worawari Rumpuk,512,512,69233,c2da768fec2e8d1ec0e5f5210595f2a5,17,1,Worawari Rumpuk,0,17|1
/kaggle/input/datasets/hertiyani/batik-nitik-960-official-mendeley/Batik Nitik 960/Batik Nitik 960 Images/17 Worawari Rumpuk 1_rotate_180.jpg,17 Worawari Rumpuk 1_rotate_180.jpg,17 Worawari Rumpuk,512,512,69503,cfea995d8b3c14031ab3e6040eba50e7,17,1,Worawari Rumpuk,180,17|1
/kaggle/input/datasets/hertiyani/batik-nitik-960-official-mendeley/Batik Nitik 960/Batik Nitik 960 Images/17 Worawari Rumpuk 1_rotate_270.jpg,17 Worawari Rumpuk 1_rotate_270.jpg,17 Worawari Rumpuk,512,512,68237,7ba72fd3418d542aca44e39f7ebc07cf,17,1,Worawari Rumpuk,270,17|1
/kaggle/input/datasets/hertiyani/batik-nitik-960-official-mendeley/Batik Nitik 960/Batik Nitik 960 Images/17 Worawari Rumpuk 1_rotate_90.jpg,17 Worawari Rumpuk 1_rotate_90.jpg,17 Worawari Rumpuk,512,512,69226,019f2327c11113a4bd5addeb813cb69d,17,1,Worawari Rumpuk,90,17|1
/kaggle/input/datasets/hertiyani/batik-nitik-960-official-mendeley/Batik Nitik 960/Batik Nitik 960 Images/17 Worawari Rumpuk 2.jpg,17 Worawari Rumpuk 2.jpg,17 Worawari Rumpuk,512,512,66308,0d6c7af7987c57cb1877b16505785043,17,2,Worawari Rumpuk,0,17|2
/kaggle/input/datasets/hertiyani/batik-nitik-960-official-mendeley/Batik Nitik 960/Batik Nitik 960 Images/17 Worawari Rumpuk 2_rotate_180.jpg,17 Worawari Rumpuk 2_rotate_180.jpg,17 Worawari Rumpuk,512,512,66101,d8db7c4f2f888c70572b715b7fd75faf,17,2,Worawari Rumpuk,180,17|2
/kaggle/input/datasets/hertiyani/batik-nitik-960-official-mendeley/Batik Nitik 960/Batik Nitik 960 Images/17 Worawari Rumpuk 2_rotate_270.jpg,17 Worawari Rumpuk 2_rotate_270.jpg,17 Worawari Rumpuk,512,512,58928,364a5c511608dd251772c46ddd380d3d,17,2,Worawari Rumpuk,270,17|2
/kaggle/input/datasets/hertiyani/batik-nitik-960-official-mendeley/Batik Nitik 960/Batik Nitik 960 Images/17 Worawari Rumpuk 2_rotate_90.jpg,17 Worawari Rumpuk 2_rotate_90.jpg,17 Worawari Rumpuk,512,512,58907,35429224fc0ece4205ee4b6bd110526e,17,2,Worawari Rumpuk,90,17|2
/kaggle/input/datasets/hertiyani/batik-nitik-960-official-mendeley/Batik Nitik 960/Batik Nitik 960 Images/17 Worawari Rumpuk 3.jpg,17 Worawari Rumpuk 3.jpg,17 Worawari Rumpuk,512,512,67528,77327f7d34af5f160e47078d3dbd6b72,17,3,Worawari Rumpuk,0,17|3
/kaggle/input/datasets/hertiyani/batik-nitik-960-official-mendeley/Batik Nitik 960/Batik Nitik 960 Images/17 Worawari Rumpuk 3_rotate_180.jpg,17 Worawari Rumpuk 3_rotate_180.jpg,17 Worawari Rumpuk,512,512,67724,956daae85f0c42d2dab9353f46536e60,17,3,Worawari Rumpuk,180,17|3
/kaggle/input/datasets/hertiyani/batik-nitik-960-official-mendeley/Batik Nitik 960/Batik Nitik 960 Images/17 Worawari Rumpuk 3_rotate_270.jpg,17 Worawari Rumpuk 3_rotate_270.jpg,17 Worawari Rumpuk,512,512,60420,08283356458499ac062572fada156ac2,17,3,Worawari Rumpuk,270,17|3
/kaggle/input/datasets/hertiyani/batik-nitik-960-official-mendeley/Batik Nitik 960/Batik Nitik 960 Images/17 Worawari Rumpuk 3_rotate_90.jpg,17 Worawari Rumpuk 3_rotate_90.jpg,17 Worawari Rumpuk,512,512,60704,84de3046b46a6807264d8d11b38dc195,17,3,Worawari Rumpuk,90,17|3
/kaggle/input/datasets/hertiyani/batik-nitik-960-official-mendeley/Batik Nitik 960/Batik Nitik 960 Images/17 Worawari Rumpuk 4.jpg,17 Worawari Rumpuk 4.jpg,17 Worawari Rumpuk,512,512,66503,7bdd1198d647734b2ed528d9fc0ea36d,17,4,Worawari Rumpuk,0,17|4
/kaggle/input/datasets/hertiyani/batik-nitik-960-official-mendeley/Batik Nitik 960/Batik Nitik 960 Images/17 Worawari Rumpuk 4_rotate_180.jpg,17 Worawari Rumpuk 4_rotate_180.jpg,17 Worawari Rumpuk,512,512,66464,11aa7f100409361eb4a26e916c426e79,17,4,Worawari Rumpuk,180,17|4
/kaggle/input/datasets/hertiyani/batik-nitik-960-official-mendeley/Batik Nitik 960/Batik Nitik 960 Images/17 Worawari Rumpuk 4_rotate_270.jpg,17 Worawari Rumpuk 4_rotate_270.jpg,17 Worawari Rumpuk,512,512,65272,6871b60a3ca6a7cdee2fddefcd37baec,17,4,Worawari Rumpuk,270,17|4
/kaggle/input/datasets/hertiyani/batik-nitik-960-official-mendeley/Batik Nitik 960/Batik Nitik 960 Images/17 Worawari Rumpuk 4_rotate_90.jpg,17 Worawari Rumpuk 4_rotate_90.jpg,17 Worawari Rumpuk,512,512,65524,bd66a2e505354e1d6c2820ca9fab7c28,17,4,Worawari Rumpuk,90,17|4
/kaggle/input/datasets/hertiyani/batik-nitik-960-official-mendeley/Batik Nitik 960/Batik Nitik 960 Images/18 Sekar Dhuku 1.jpg,18 Sekar Dhuku 1.jpg,18 Sekar Dhuku,512,512,70205,4587e5904c9190db3b28a2d32ade8364,18,1,Sekar Dhuku,0,18|1
/kaggle/input/datasets/hertiyani/batik-nitik-960-official-mendeley/Batik Nitik 960/Batik Nitik 960 Images/18 Sekar Dhuku 1_rotate_180.jpg,18 Sekar Dhuku 1_rotate_180.jpg,18 Sekar Dhuku,512,512,70288,38704747af675c05539fe52668a11d11,18,1,Sekar Dhuku,180,18|1
/kaggle/input/datasets/hertiyani/batik-nitik-960-official-mendeley/Batik Nitik 960/Batik Nitik 960 Images/18 Sekar Dhuku 1_rotate_270.jpg,18 Sekar Dhuku 1_rotate_270.jpg,18 Sekar Dhuku,512,512,69684,e1097bb22defa5a4e347f8ea62713670,18,1,Sekar Dhuku,270,18|1
/kaggle/input/datasets/hertiyani/batik-nitik-960-official-mendeley/Batik Nitik 960/Batik Nitik 960 Images/18 Sekar Dhuku 1_rotate_90.jpg,18 Sekar Dhuku 1_rotate_90.jpg,18 Sekar Dhuku,512,512,69729,b965413421050077cc3882b873ba2edd,18,1,Sekar Dhuku,90,18|1
/kaggle/input/datasets/hertiyani/batik-nitik-960-official-mendeley/Batik Nitik 960/Batik Nitik 960 Images/18 Sekar Dhuku 2.jpg,18 Sekar Dhuku 2.jpg,18 Sekar Dhuku,512,512,67776,150d6289c8f1b58263b6314d1ebacde8,18,2,Sekar Dhuku,0,18|2
/kaggle/input/datasets/hertiyani/batik-nitik-960-official-mendeley/Batik Nitik 960/Batik Nitik 960 Images/18 Sekar Dhuku 2_rotate_180.jpg,18 Sekar Dhuku 2_rotate_180.jpg,18 Sekar Dhuku,512,512,67724,3f53abb558f297b90b0f18819ecbd821,18,2,Sekar Dhuku,180,18|2
/kaggle/input/datasets/hertiyani/batik-nitik-960-official-mendeley/Batik Nitik 960/Batik Nitik 960 Images/18 Sekar Dhuku 2_rotate_270.jpg,18 Sekar Dhuku 2_rotate_270.jpg,18 Sekar Dhuku,512,512,60531,e9e4af5c0e1bf50ba09736daa60c4929,18,2,Sekar Dhuku,270,18|2
/kaggle/input/datasets/hertiyani/batik-nitik-960-official-mendeley/Batik Nitik 960/Batik Nitik 960 Images/18 Sekar Dhuku 2_rotate_90.jpg,18 Sekar Dhuku 2_rotate_90.jpg,18 Sekar Dhuku,512,512,60463,dabfff08c29c4e546375d1b31e12ded0,18,2,Sekar Dhuku,90,18|2
/kaggle/input/datasets/hertiyani/batik-nitik-960-official-mendeley/Batik Nitik 960/Batik Nitik 960 Images/18 Sekar Dhuku 3.jpg,18 Sekar Dhuku 3.jpg,18 Sekar Dhuku,512,512,67204,947abd3ac114ba947fe40fbbccdccb8d,18,3,Sekar Dhuku,0,18|3
/kaggle/input/datasets/hertiyani/batik-nitik-960-official-mendeley/Batik Nitik 960/Batik Nitik 960 Images/18 Sekar Dhuku 3_rotate_180.jpg,18 Sekar Dhuku 3_rotate_180.jpg,18 Sekar Dhuku,512,512,66762,d4cfb2ab03b798eb9f72d69bcb8eeda6,18,3,Sekar Dhuku,180,18|3
/kaggle/input/datasets/hertiyani/batik-nitik-960-official-mendeley/Batik Nitik 960/Batik Nitik 960 Images/18 Sekar Dhuku 3_rotate_270.jpg,18 Sekar Dhuku 3_rotate_270.jpg,18 Sekar Dhuku,512,512,65757,4c40f330a1b9ad4491444040c598530e,18,3,Sekar Dhuku,270,18|3
/kaggle/input/datasets/hertiyani/batik-nitik-960-official-mendeley/Batik Nitik 960/Batik Nitik 960 Images/18 Sekar Dhuku 3_rotate_90.jpg,18 Sekar Dhuku 3_rotate_90.jpg,18 Sekar Dhuku,512,512,65752,447ebba1a3a04aa67af3189a2a039542,18,3,Sekar Dhuku,90,18|3
/kaggle/input/datasets/hertiyani/batik-nitik-960-official-mendeley/Batik Nitik 960/Batik Nitik 960 Images/18 Sekar Dhuku 4.jpg,18 Sekar Dhuku 4.jpg,18 Sekar Dhuku,512,512,64509,a74eb537c83d4af089580653284e75dc,18,4,Sekar Dhuku,0,18|4
/kaggle/input/datasets/hertiyani/batik-nitik-960-official-mendeley/Batik Nitik 960/Batik Nitik 960 Images/18 Sekar Dhuku 4_rotate_180.jpg,18 Sekar Dhuku 4_rotate_180.jpg,18 Sekar Dhuku,512,512,64922,0ed21ca2202640c83c5c98c84b056244,18,4,Sekar Dhuku,180,18|4
/kaggle/input/datasets/hertiyani/batik-nitik-960-official-mendeley/Batik Nitik 960/Batik Nitik 960 Images/18 Sekar Dhuku 4_rotate_270.jpg,18 Sekar Dhuku 4_rotate_270.jpg,18 Sekar Dhuku,512,512,59622,4c19c768807826cd66ffba6ff59536ff,18,4,Sekar Dhuku,270,18|4
/kaggle/input/datasets/hertiyani/batik-nitik-960-official-mendeley/Batik Nitik 960/Batik Nitik 960 Images/18 Sekar Dhuku 4_rotate_90.jpg,18 Sekar Dhuku 4_rotate_90.jpg,18 Sekar Dhuku,512,512,59520,bb08e89094909965b55d7a1af5ec1a87,18,4,Sekar Dhuku,90,18|4
/kaggle/input/datasets/hertiyani/batik-nitik-960-official-mendeley/Batik Nitik 960/Batik Nitik 960 Images/19 Sekar Jagung 1.jpg,19 Sekar Jagung 1.jpg,19 Sekar Jagung,512,512,70203,959b4ed2a8624060129892e584032195,19,1,Sekar Jagung,0,19|1
/kaggle/input/datasets/hertiyani/batik-nitik-960-official-mendeley/Batik Nitik 960/Batik Nitik 960 Images/19 Sekar Jagung 1_rotate_180.jpg,19 Sekar Jagung 1_rotate_180.jpg,19 Sekar Jagung,512,512,69884,8a2affdbbeab1c07cb707b76c16e173f,19,1,Sekar Jagung,180,19|1
/kaggle/input/datasets/hertiyani/batik-nitik-960-official-mendeley/Batik Nitik 960/Batik Nitik 960 Images/19 Sekar Jagung 1_rotate_270.jpg,19 Sekar Jagung 1_rotate_270.jpg,19 Sekar Jagung,512,512,61933,ebcedcd3898f6fd068804d2b59502338,19,1,Sekar Jagung,270,19|1
/kaggle/input/datasets/hertiyani/batik-nitik-960-official-mendeley/Batik Nitik 960/Batik Nitik 960 Images/19 Sekar Jagung 1_rotate_90.jpg,19 Sekar Jagung 1_rotate_90.jpg,19 Sekar Jagung,512,512,61571,1fe9302b0a7752f44d528a4e01bcc549,19,1,Sekar Jagung,90,19|1
/kaggle/input/datasets/hertiyani/batik-nitik-960-official-mendeley/Batik Nitik 960/Batik Nitik 960 Images/19 Sekar Jagung 2.jpg,19 Sekar Jagung 2.jpg,19 Sekar Jagung,512,512,70444,5beb7d70f963bc225811d510fe7bb61c,19,2,Sekar Jagung,0,19|2
/kaggle/input/datasets/hertiyani/batik-nitik-960-official-mendeley/Batik Nitik 960/Batik Nitik 960 Images/19 Sekar Jagung 2_rotate_180.jpg,19 Sekar Jagung 2_rotate_180.jpg,19 Sekar Jagung,512,512,70182,a92432cae261d00d0e9e8c532819fe92,19,2,Sekar Jagung,180,19|2
/kaggle/input/datasets/hertiyani/batik-nitik-960-official-mendeley/Batik Nitik 960/Batik Nitik 960 Images/19 Sekar Jagung 2_rotate_270.jpg,19 Sekar Jagung 2_rotate_270.jpg,19 Sekar Jagung,512,512,62295,7bc6e9068f228c9b1073466e2ffa7a63,19,2,Sekar Jagung,270,19|2
/kaggle/input/datasets/hertiyani/batik-nitik-960-official-mendeley/Batik Nitik 960/Batik Nitik 960 Images/19 Sekar Jagung 2_rotate_90.jpg,19 Sekar Jagung 2_rotate_90.jpg,19 Sekar Jagung,512,512,62108,cbbda2550b39ceec0c3d7ea0f43236dc,19,2,Sekar Jagung,90,19|2
/kaggle/input/datasets/hertiyani/batik-nitik-960-official-mendeley/Batik Nitik 960/Batik Nitik 960 Images/19 Sekar Jagung 3.jpg,19 Sekar Jagung 3.jpg,19 Sekar Jagung,512,512,69355,c0f8df20765cec9cec8e02bc7677cc76,19,3,Sekar Jagung,0,19|3
/kaggle/input/datasets/hertiyani/batik-nitik-960-official-mendeley/Batik Nitik 960/Batik Nitik 960 Images/19 Sekar Jagung 3_rotate_180.jpg,19 Sekar Jagung 3_rotate_180.jpg,19 Sekar Jagung,512,512,69264,3480120e7910428d0638dcaa32e7e1e6,19,3,Sekar Jagung,180,19|3
/kaggle/input/datasets/hertiyani/batik-nitik-960-official-mendeley/Batik Nitik 960/Batik Nitik 960 Images/19 Sekar Jagung 3_rotate_270.jpg,19 Sekar Jagung 3_rotate_270.jpg,19 Sekar Jagung,512,512,62264,3a258716e333ef6e95de9b83cb54f17f,19,3,Sekar Jagung,270,19|3
/kaggle/input/datasets/hertiyani/batik-nitik-960-official-mendeley/Batik Nitik 960/Batik Nitik 960 Images/19 Sekar Jagung 3_rotate_90.jpg,19 Sekar Jagung 3_rotate_90.jpg,19 Sekar Jagung,512,512,62424,4ff44fb3789c5430ffb4a2e138e6cda0,19,3,Sekar Jagung,90,19|3
/kaggle/input/datasets/hertiyani/batik-nitik-960-official-mendeley/Batik Nitik 960/Batik Nitik 960 Images/19 Sekar Jagung 4.jpg,19 Sekar Jagung 4.jpg,19 Sekar Jagung,512,512,69327,7c6b921c722fa6ce7705c727c10ede09,19,4,Sekar Jagung,0,19|4
/kaggle/input/datasets/hertiyani/batik-nitik-960-official-mendeley/Batik Nitik 960/Batik Nitik 960 Images/19 Sekar Jagung 4_rotate_180.jpg,19 Sekar Jagung 4_rotate_180.jpg,19 Sekar Jagung,512,512,68843,56d4160bdb406e2c384e56bc90cd8c73,19,4,Sekar Jagung,180,19|4
/kaggle/input/datasets/hertiyani/batik-nitik-960-official-mendeley/Batik Nitik 960/Batik Nitik 960 Images/19 Sekar Jagung 4_rotate_270.jpg,19 Sekar Jagung 4_rotate_270.jpg,19 Sekar Jagung,512,512,62229,b93ac3e103c624ce668da43d5de4aa49,19,4,Sekar Jagung,270,19|4
/kaggle/input/datasets/hertiyani/batik-nitik-960-official-mendeley/Batik Nitik 960/Batik Nitik 960 Images/19 Sekar Jagung 4_rotate_90.jpg,19 Sekar Jagung 4_rotate_90.jpg,19 Sekar Jagung,512,512,62445,bf7849a5d4a4f61371ebee72ef2ebcf7,19,4,Sekar Jagung,90,19|4
/kaggle/input/datasets/hertiyani/batik-nitik-960-official-mendeley/Batik Nitik 960/Batik Nitik 960 Images/2 Sekar Liring 1.jpg,2 Sekar Liring 1.jpg,2 Sekar Liring,512,512,59297,d739def2f6d28ea99af8329bac767092,2,1,Sekar Liring,0,2|1
/kaggle/input/datasets/hertiyani/batik-nitik-960-official-mendeley/Batik Nitik 960/Batik Nitik 960 Images/2 Sekar Liring 1_rotate_180.jpg,2 Sekar Liring 1_rotate_180.jpg,2 Sekar Liring,512,512,58793,1d00e892ab8e5fe10c91f3d9636766ba,2,1,Sekar Liring,180,2|1
/kaggle/input/datasets/hertiyani/batik-nitik-960-official-mendeley/Batik Nitik 960/Batik Nitik 960 Images/2 Sekar Liring 1_rotate_270.jpg,2 Sekar Liring 1_rotate_270.jpg,2 Sekar Liring,512,512,54164,efd1c1b7f19ca18a2dc614109b9b5166,2,1,Sekar Liring,270,2|1
/kaggle/input/datasets/hertiyani/batik-nitik-960-official-mendeley/Batik Nitik 960/Batik Nitik 960 Images/2 Sekar Liring 1_rotate_90.jpg,2 Sekar Liring 1_rotate_90.jpg,2 Sekar Liring,512,512,54110,4ae41215a35243bab7e7bd6c8dbe885e,2,1,Sekar Liring,90,2|1
/kaggle/input/datasets/hertiyani/batik-nitik-960-official-mendeley/Batik Nitik 960/Batik Nitik 960 Images/2 Sekar Liring 2.jpg,2 Sekar Liring 2.jpg,2 Sekar Liring,512,512,59210,3f224095bd206ebfb41c2b00cfe1e7e8,2,2,Sekar Liring,0,2|2
/kaggle/input/datasets/hertiyani/batik-nitik-960-official-mendeley/Batik Nitik 960/Batik Nitik 960 Images/2 Sekar Liring 2_rotate_180.jpg,2 Sekar Liring 2_rotate_180.jpg,2 Sekar Liring,512,512,59790,7bcdfe0345a6f1148fd2e3cef62cadbb,2,2,Sekar Liring,180,2|2
/kaggle/input/datasets/hertiyani/batik-nitik-960-official-mendeley/Batik Nitik 960/Batik Nitik 960 Images/2 Sekar Liring 2_rotate_270.jpg,2 Sekar Liring 2_rotate_270.jpg,2 Sekar Liring,512,512,58174,4e18480571fd1e7ef914c5b578ad2283,2,2,Sekar Liring,270,2|2
/kaggle/input/datasets/hertiyani/batik-nitik-960-official-mendeley/Batik Nitik 960/Batik Nitik 960 Images/2 Sekar Liring 2_rotate_90.jpg,2 Sekar Liring 2_rotate_90.jpg,2 Sekar Liring,512,512,58482,a00f66e9e707a97dcfddda48922d30ed,2,2,Sekar Liring,90,2|2
/kaggle/input/datasets/hertiyani/batik-nitik-960-official-mendeley/Batik Nitik 960/Batik Nitik 960 Images/2 Sekar Liring 3.jpg,2 Sekar Liring 3.jpg,2 Sekar Liring,512,512,57869,f979fcd76abbafac581abd984350d584,2,3,Sekar Liring,0,2|3
/kaggle/input/datasets/hertiyani/batik-nitik-960-official-mendeley/Batik Nitik 960/Batik Nitik 960 Images/2 Sekar Liring 3_rotate_180.jpg,2 Sekar Liring 3_rotate_180.jpg,2 Sekar Liring,512,512,58137,f4f92e98849a02df6a98300a1cb2acd3,2,3,Sekar Liring,180,2|3
/kaggle/input/datasets/hertiyani/batik-nitik-960-official-mendeley/Batik Nitik 960/Batik Nitik 960 Images/2 Sekar Liring 3_rotate_270.jpg,2 Sekar Liring 3_rotate_270.jpg,2 Sekar Liring,512,512,57265,b7b595d9496dbea49237d6b4f11b7d4e,2,3,Sekar Liring,270,2|3
/kaggle/input/datasets/hertiyani/batik-nitik-960-official-mendeley/Batik Nitik 960/Batik Nitik 960 Images/2 Sekar Liring 3_rotate_90.jpg,2 Sekar Liring 3_rotate_90.jpg,2 Sekar Liring,512,512,57438,00207dc3fe0f4212100a01c59e581c3a,2,3,Sekar Liring,90,2|3
/kaggle/input/datasets/hertiyani/batik-nitik-960-official-mendeley/Batik Nitik 960/Batik Nitik 960 Images/2 Sekar Liring 4.jpg,2 Sekar Liring 4.jpg,2 Sekar Liring,512,512,58257,f8e8b0990a9fd5746da26939cc130e58,2,4,Sekar Liring,0,2|4
/kaggle/input/datasets/hertiyani/batik-nitik-960-official-mendeley/Batik Nitik 960/Batik Nitik 960 Images/2 Sekar Liring 4_rotate_180.jpg,2 Sekar Liring 4_rotate_180.jpg,2 Sekar Liring,512,512,58617,17bec27f2c14cdc16fca2474d648c50e,2,4,Sekar Liring,180,2|4
/kaggle/input/datasets/hertiyani/batik-nitik-960-official-mendeley/Batik Nitik 960/Batik Nitik 960 Images/2 Sekar Liring 4_rotate_270.jpg,2 Sekar Liring 4_rotate_270.jpg,2 Sekar Liring,512,512,57348,aae1ee4eeb42f9484c80b82b1dfe731e,2,4,Sekar Liring,270,2|4
/kaggle/input/datasets/hertiyani/batik-nitik-960-official-mendeley/Batik Nitik 960/Batik Nitik 960 Images/2 Sekar Liring 4_rotate_90.jpg,2 Sekar Liring 4_rotate_90.jpg,2 Sekar Liring,512,512,57582,97a083db2a38234309cc78fe0d5aff0f,2,4,Sekar Liring,90,2|4
/kaggle/input/datasets/hertiyani/batik-nitik-960-official-mendeley/Batik Nitik 960/Batik Nitik 960 Images/20 Jayakirana 1.jpg,20 Jayakirana 1.jpg,20 Jayakirana,512,512,68192,43746ae2f451f11dd6efb22c29266ea2,20,1,Jayakirana,0,20|1
/kaggle/input/datasets/hertiyani/batik-nitik-960-official-mendeley/Batik Nitik 960/Batik Nitik 960 Images/20 Jayakirana 1_rotate_180.jpg,20 Jayakirana 1_rotate_180.jpg,20 Jayakirana,512,512,67846,0ff4710e5ccad15a61aaf4fb59d9b29d,20,1,Jayakirana,180,20|1
/kaggle/input/datasets/hertiyani/batik-nitik-960-official-mendeley/Batik Nitik 960/Batik Nitik 960 Images/20 Jayakirana 1_rotate_270.jpg,20 Jayakirana 1_rotate_270.jpg,20 Jayakirana,512,512,67115,9cb3e393188f3f500afe1e4fa41568d6,20,1,Jayakirana,270,20|1
/kaggle/input/datasets/hertiyani/batik-nitik-960-official-mendeley/Batik Nitik 960/Batik Nitik 960 Images/20 Jayakirana 1_rotate_90.jpg,20 Jayakirana 1_rotate_90.jpg,20 Jayakirana,512,512,67112,71fc2d687c592943625f4893a6ac3cf4,20,1,Jayakirana,90,20|1
/kaggle/input/datasets/hertiyani/batik-nitik-960-official-mendeley/Batik Nitik 960/Batik Nitik 960 Images/20 Jayakirana 2.jpg,20 Jayakirana 2.jpg,20 Jayakirana,512,512,65430,2c4ff959a57616184f23dcdf211fa7d7,20,2,Jayakirana,0,20|2
/kaggle/input/datasets/hertiyani/batik-nitik-960-official-mendeley/Batik Nitik 960/Batik Nitik 960 Images/20 Jayakirana 2_rotate_180.jpg,20 Jayakirana 2_rotate_180.jpg,20 Jayakirana,512,512,65871,ca109012daf52440bbc94bf0372acc0d,20,2,Jayakirana,180,20|2
/kaggle/input/datasets/hertiyani/batik-nitik-960-official-mendeley/Batik Nitik 960/Batik Nitik 960 Images/20 Jayakirana 2_rotate_270.jpg,20 Jayakirana 2_rotate_270.jpg,20 Jayakirana,512,512,64893,4c15234be6a4c55159c139b055ee7a71,20,2,Jayakirana,270,20|2
/kaggle/input/datasets/hertiyani/batik-nitik-960-official-mendeley/Batik Nitik 960/Batik Nitik 960 Images/20 Jayakirana 2_rotate_90.jpg,20 Jayakirana 2_rotate_90.jpg,20 Jayakirana,512,512,65366,5930a6e58e51cd5ae72da624f262c62f,20,2,Jayakirana,90,20|2
/kaggle/input/datasets/hertiyani/batik-nitik-960-official-mendeley/Batik Nitik 960/Batik Nitik 960 Images/20 Jayakirana 3.jpg,20 Jayakirana 3.jpg,20 Jayakirana,512,512,63599,916e90821c19d37cf18158451aae2142,20,3,Jayakirana,0,20|3
/kaggle/input/datasets/hertiyani/batik-nitik-960-official-mendeley/Batik Nitik 960/Batik Nitik 960 Images/20 Jayakirana 3_rotate_180.jpg,20 Jayakirana 3_rotate_180.jpg,20 Jayakirana,512,512,63539,861c959eda108bb059525940bdbdafd8,20,3,Jayakirana,180,20|3
/kaggle/input/datasets/hertiyani/batik-nitik-960-official-mendeley/Batik Nitik 960/Batik Nitik 960 Images/20 Jayakirana 3_rotate_270.jpg,20 Jayakirana 3_rotate_270.jpg,20 Jayakirana,512,512,58192,b73b9b735deadf7af46dc12c0b30a21b,20,3,Jayakirana,270,20|3
/kaggle/input/datasets/hertiyani/batik-nitik-960-official-mendeley/Batik Nitik 960/Batik Nitik 960 Images/20 Jayakirana 3_rotate_90.jpg,20 Jayakirana 3_rotate_90.jpg,20 Jayakirana,512,512,58109,d9b47f0d5fdc8e67e70669583ac131a3,20,3,Jayakirana,90,20|3
/kaggle/input/datasets/hertiyani/batik-nitik-960-official-mendeley/Batik Nitik 960/Batik Nitik 960 Images/20 Jayakirana 4.jpg,20 Jayakirana 4.jpg,20 Jayakirana,512,512,62723,ec9f079cafa630a116d1e0c18c0df043,20,4,Jayakirana,0,20|4
/kaggle/input/datasets/hertiyani/batik-nitik-960-official-mendeley/Batik Nitik 960/Batik Nitik 960 Images/20 Jayakirana 4_rotate_180.jpg,20 Jayakirana 4_rotate_180.jpg,20 Jayakirana,512,512,62390,f4a1184f05c12e0e0208ba15ee27e78d,20,4,Jayakirana,180,20|4
/kaggle/input/datasets/hertiyani/batik-nitik-960-official-mendeley/Batik Nitik 960/Batik Nitik 960 Images/20 Jayakirana 4_rotate_270.jpg,20 Jayakirana 4_rotate_270.jpg,20 Jayakirana,512,512,57001,ebe117ac27138f0f152b531a000f36d3,20,4,Jayakirana,270,20|4
/kaggle/input/datasets/hertiyani/batik-nitik-960-official-mendeley/Batik Nitik 960/Batik Nitik 960 Images/20 Jayakirana 4_rotate_90.jpg,20 Jayakirana 4_rotate_90.jpg,20 Jayakirana,512,512,56993,41e851176ced99570d0c313d738177de,20,4,Jayakirana,90,20|4
/kaggle/input/datasets/hertiyani/batik-nitik-960-official-mendeley/Batik Nitik 960/Batik Nitik 960 Images/21 Mawur 1.jpg,21 Mawur 1.jpg,21 Mawur,512,512,66309,b7e26ecee6363158321df21a42c7e406,21,1,Mawur,0,21|1
/kaggle/input/datasets/hertiyani/batik-nitik-960-official-mendeley/Batik Nitik 960/Batik Nitik 960 Images/21 Mawur 1_rotate_180.jpg,21 Mawur 1_rotate_180.jpg,21 Mawur,512,512,65995,e3dae1cc78f289354e8830ebba5fe4ec,21,1,Mawur,180,21|1
/kaggle/input/datasets/hertiyani/batik-nitik-960-official-mendeley/Batik Nitik 960/Batik Nitik 960 Images/21 Mawur 1_rotate_270.jpg,21 Mawur 1_rotate_270.jpg,21 Mawur,512,512,58906,eeca7abe63218f1d19650731666df8c0,21,1,Mawur,270,21|1
/kaggle/input/datasets/hertiyani/batik-nitik-960-official-mendeley/Batik Nitik 960/Batik Nitik 960 Images/21 Mawur 1_rotate_90.jpg,21 Mawur 1_rotate_90.jpg,21 Mawur,512,512,59183,120d7294357222830ad5f953c72ab3a9,21,1,Mawur,90,21|1
/kaggle/input/datasets/hertiyani/batik-nitik-960-official-mendeley/Batik Nitik 960/Batik Nitik 960 Images/21 Mawur 2.jpg,21 Mawur 2.jpg,21 Mawur,512,512,62736,8e75eea1d9d5d1c9bf22e40a91054d3e,21,2,Mawur,0,21|2
/kaggle/input/datasets/hertiyani/batik-nitik-960-official-mendeley/Batik Nitik 960/Batik Nitik 960 Images/21 Mawur 2_rotate_180.jpg,21 Mawur 2_rotate_180.jpg,21 Mawur,512,512,63959,f89743232ad6949745ee62c7ec260ae3,21,2,Mawur,180,21|2
/kaggle/input/datasets/hertiyani/batik-nitik-960-official-mendeley/Batik Nitik 960/Batik Nitik 960 Images/21 Mawur 2_rotate_270.jpg,21 Mawur 2_rotate_270.jpg,21 Mawur,512,512,58350,242130ff500c55f7e379dc4c8992bea1,21,2,Mawur,270,21|2
/kaggle/input/datasets/hertiyani/batik-nitik-960-official-mendeley/Batik Nitik 960/Batik Nitik 960 Images/21 Mawur 2_rotate_90.jpg,21 Mawur 2_rotate_90.jpg,21 Mawur,512,512,58177,dbdf182cc62d48dbbb9d698d286626ae,21,2,Mawur,90,21|2
/kaggle/input/datasets/hertiyani/batik-nitik-960-official-mendeley/Batik Nitik 960/Batik Nitik 960 Images/21 Mawur 3.jpg,21 Mawur 3.jpg,21 Mawur,512,512,66033,931ad9901f224f0c7ed548ece87337d0,21,3,Mawur,0,21|3
/kaggle/input/datasets/hertiyani/batik-nitik-960-official-mendeley/Batik Nitik 960/Batik Nitik 960 Images/21 Mawur 3_rotate_180.jpg,21 Mawur 3_rotate_180.jpg,21 Mawur,512,512,66167,6a4b78313b249eddcae6420f9a680137,21,3,Mawur,180,21|3
/kaggle/input/datasets/hertiyani/batik-nitik-960-official-mendeley/Batik Nitik 960/Batik Nitik 960 Images/21 Mawur 3_rotate_270.jpg,21 Mawur 3_rotate_270.jpg,21 Mawur,512,512,64865,360ffaecbdaa6380a13d1bdb92d20468,21,3,Mawur,270,21|3
/kaggle/input/datasets/hertiyani/batik-nitik-960-official-mendeley/Batik Nitik 960/Batik Nitik 960 Images/21 Mawur 3_rotate_90.jpg,21 Mawur 3_rotate_90.jpg,21 Mawur,512,512,65760,394b749c07d1f9ffb62231f310239ea7,21,3,Mawur,90,21|3
/kaggle/input/datasets/hertiyani/batik-nitik-960-official-mendeley/Batik Nitik 960/Batik Nitik 960 Images/21 Mawur 4.jpg,21 Mawur 4.jpg,21 Mawur,512,512,64298,7f27744084b1e986873507402daac8ce,21,4,Mawur,0,21|4
/kaggle/input/datasets/hertiyani/batik-nitik-960-official-mendeley/Batik Nitik 960/Batik Nitik 960 Images/21 Mawur 4_rotate_180.jpg,21 Mawur 4_rotate_180.jpg,21 Mawur,512,512,64133,128b0eea186cd01364f578a79cb80fa2,21,4,Mawur,180,21|4
/kaggle/input/datasets/hertiyani/batik-nitik-960-official-mendeley/Batik Nitik 960/Batik Nitik 960 Images/21 Mawur 4_rotate_270.jpg,21 Mawur 4_rotate_270.jpg,21 Mawur,512,512,57500,ba87f9b13c2127be2bd7d66139aca0fb,21,4,Mawur,270,21|4
/kaggle/input/datasets/hertiyani/batik-nitik-960-official-mendeley/Batik Nitik 960/Batik Nitik 960 Images/21 Mawur 4_rotate_90.jpg,21 Mawur 4_rotate_90.jpg,21 Mawur,512,512,57663,90d614f20338e8bf85917d1257abc715,21,4,Mawur,90,21|4
/kaggle/input/datasets/hertiyani/batik-nitik-960-official-mendeley/Batik Nitik 960/Batik Nitik 960 Images/22 Sekar Tanjung 1.jpg,22 Sekar Tanjung 1.jpg,22 Sekar Tanjung,512,512,66445,ab41a7ca16271629eb155e99a62c2504,22,1,Sekar Tanjung,0,22|1
/kaggle/input/datasets/hertiyani/batik-nitik-960-official-mendeley/Batik Nitik 960/Batik Nitik 960 Images/22 Sekar Tanjung 1_rotate_180.jpg,22 Sekar Tanjung 1_rotate_180.jpg,22 Sekar Tanjung,512,512,66462,605ee9029ee2c165055c5a2b44092494,22,1,Sekar Tanjung,180,22|1
/kaggle/input/datasets/hertiyani/batik-nitik-960-official-mendeley/Batik Nitik 960/Batik Nitik 960 Images/22 Sekar Tanjung 1_rotate_270.jpg,22 Sekar Tanjung 1_rotate_270.jpg,22 Sekar Tanjung,512,512,60309,95f029a1aecf9b7b0f797018ef8ddd52,22,1,Sekar Tanjung,270,22|1
/kaggle/input/datasets/hertiyani/batik-nitik-960-official-mendeley/Batik Nitik 960/Batik Nitik 960 Images/22 Sekar Tanjung 1_rotate_90.jpg,22 Sekar Tanjung 1_rotate_90.jpg,22 Sekar Tanjung,512,512,60467,93d6ac8d92f1463b3dca2eb288bea1c6,22,1,Sekar Tanjung,90,22|1
/kaggle/input/datasets/hertiyani/batik-nitik-960-official-mendeley/Batik Nitik 960/Batik Nitik 960 Images/22 Sekar Tanjung 2.jpg,22 Sekar Tanjung 2.jpg,22 Sekar Tanjung,512,512,65633,577cb15de478ab27464180bb007e100a,22,2,Sekar Tanjung,0,22|2
/kaggle/input/datasets/hertiyani/batik-nitik-960-official-mendeley/Batik Nitik 960/Batik Nitik 960 Images/22 Sekar Tanjung 2_rotate_180.jpg,22 Sekar Tanjung 2_rotate_180.jpg,22 Sekar Tanjung,512,512,65700,fa5dc98c282e0b6870e3a088bd60a71b,22,2,Sekar Tanjung,180,22|2
/kaggle/input/datasets/hertiyani/batik-nitik-960-official-mendeley/Batik Nitik 960/Batik Nitik 960 Images/22 Sekar Tanjung 2_rotate_270.jpg,22 Sekar Tanjung 2_rotate_270.jpg,22 Sekar Tanjung,512,512,59073,c5e243a5fe48cfd62163c313dd790ecc,22,2,Sekar Tanjung,270,22|2
/kaggle/input/datasets/hertiyani/batik-nitik-960-official-mendeley/Batik Nitik 960/Batik Nitik 960 Images/22 Sekar Tanjung 2_rotate_90.jpg,22 Sekar Tanjung 2_rotate_90.jpg,22 Sekar Tanjung,512,512,59428,727d27cc680ef0d4daccaa04b5311790,22,2,Sekar Tanjung,90,22|2
/kaggle/input/datasets/hertiyani/batik-nitik-960-official-mendeley/Batik Nitik 960/Batik Nitik 960 Images/22 Sekar Tanjung 3.jpg,22 Sekar Tanjung 3.jpg,22 Sekar Tanjung,512,512,61777,1dc5965f9a65f36849ff6e0ca1ca1dc5,22,3,Sekar Tanjung,0,22|3
/kaggle/input/datasets/hertiyani/batik-nitik-960-official-mendeley/Batik Nitik 960/Batik Nitik 960 Images/22 Sekar Tanjung 3_rotate_180.jpg,22 Sekar Tanjung 3_rotate_180.jpg,22 Sekar Tanjung,512,512,61709,201e74d0861b3bbca806453bcb8fb9da,22,3,Sekar Tanjung,180,22|3
/kaggle/input/datasets/hertiyani/batik-nitik-960-official-mendeley/Batik Nitik 960/Batik Nitik 960 Images/22 Sekar Tanjung 3_rotate_270.jpg,22 Sekar Tanjung 3_rotate_270.jpg,22 Sekar Tanjung,512,512,61418,1cf7cecad0a5cec55cc6494d886714b2,22,3,Sekar Tanjung,270,22|3
/kaggle/input/datasets/hertiyani/batik-nitik-960-official-mendeley/Batik Nitik 960/Batik Nitik 960 Images/22 Sekar Tanjung 3_rotate_90.jpg,22 Sekar Tanjung 3_rotate_90.jpg,22 Sekar Tanjung,512,512,61305,3d8b8bedff19ac9b23c3999d82497d21,22,3,Sekar Tanjung,90,22|3
/kaggle/input/datasets/hertiyani/batik-nitik-960-official-mendeley/Batik Nitik 960/Batik Nitik 960 Images/22 Sekar Tanjung 4.jpg,22 Sekar Tanjung 4.jpg,22 Sekar Tanjung,512,512,61330,dc70aeabdf8c01af745a7e5363b9abd3,22,4,Sekar Tanjung,0,22|4
/kaggle/input/datasets/hertiyani/batik-nitik-960-official-mendeley/Batik Nitik 960/Batik Nitik 960 Images/22 Sekar Tanjung 4_rotate_180.jpg,22 Sekar Tanjung 4_rotate_180.jpg,22 Sekar Tanjung,512,512,61297,4f16de153140aed1d19ef674133c65fb,22,4,Sekar Tanjung,180,22|4
/kaggle/input/datasets/hertiyani/batik-nitik-960-official-mendeley/Batik Nitik 960/Batik Nitik 960 Images/22 Sekar Tanjung 4_rotate_270.jpg,22 Sekar Tanjung 4_rotate_270.jpg,22 Sekar Tanjung,512,512,59028,ebb0e5c3fbedcac9406daa62db905e77,22,4,Sekar Tanjung,270,22|4
/kaggle/input/datasets/hertiyani/batik-nitik-960-official-mendeley/Batik Nitik 960/Batik Nitik 960 Images/22 Sekar Tanjung 4_rotate_90.jpg,22 Sekar Tanjung 4_rotate_90.jpg,22 Sekar Tanjung,512,512,59750,528a1456642a4c072fb41ca5c6d9c41f,22,4,Sekar Tanjung,90,22|4
/kaggle/input/datasets/hertiyani/batik-nitik-960-official-mendeley/Batik Nitik 960/Batik Nitik 960 Images/23 Sekar Keben 1.jpg,23 Sekar Keben 1.jpg,23 Sekar Keben,512,512,61881,06a4491d0c5c253fc29bc0d96d009292,23,1,Sekar Keben,0,23|1
/kaggle/input/datasets/hertiyani/batik-nitik-960-official-mendeley/Batik Nitik 960/Batik Nitik 960 Images/23 Sekar Keben 1_rotate_180.jpg,23 Sekar Keben 1_rotate_180.jpg,23 Sekar Keben,512,512,61653,83d5cabab03d3ade1fe803484e20dab6,23,1,Sekar Keben,180,23|1
/kaggle/input/datasets/hertiyani/batik-nitik-960-official-mendeley/Batik Nitik 960/Batik Nitik 960 Images/23 Sekar Keben 1_rotate_270.jpg,23 Sekar Keben 1_rotate_270.jpg,23 Sekar Keben,512,512,60290,e21c4ce104f2eec6b75c775265dc9fe6,23,1,Sekar Keben,270,23|1
/kaggle/input/datasets/hertiyani/batik-nitik-960-official-mendeley/Batik Nitik 960/Batik Nitik 960 Images/23 Sekar Keben 1_rotate_90.jpg,23 Sekar Keben 1_rotate_90.jpg,23 Sekar Keben,512,512,60504,62903bd966906140dd126d4593795781,23,1,Sekar Keben,90,23|1
/kaggle/input/datasets/hertiyani/batik-nitik-960-official-mendeley/Batik Nitik 960/Batik Nitik 960 Images/23 Sekar Keben 2.jpg,23 Sekar Keben 2.jpg,23 Sekar Keben,512,512,62700,3f3f5fdbb83e7f400dbdd20567715207,23,2,Sekar Keben,0,23|2
/kaggle/input/datasets/hertiyani/batik-nitik-960-official-mendeley/Batik Nitik 960/Batik Nitik 960 Images/23 Sekar Keben 2_rotate_180.jpg,23 Sekar Keben 2_rotate_180.jpg,23 Sekar Keben,512,512,62168,5a18cab7a4c7f430f96a7335d0eaa062,23,2,Sekar Keben,180,23|2
/kaggle/input/datasets/hertiyani/batik-nitik-960-official-mendeley/Batik Nitik 960/Batik Nitik 960 Images/23 Sekar Keben 2_rotate_270.jpg,23 Sekar Keben 2_rotate_270.jpg,23 Sekar Keben,512,512,57557,5312ae4f86023b96f95d359def587a8a,23,2,Sekar Keben,270,23|2
/kaggle/input/datasets/hertiyani/batik-nitik-960-official-mendeley/Batik Nitik 960/Batik Nitik 960 Images/23 Sekar Keben 2_rotate_90.jpg,23 Sekar Keben 2_rotate_90.jpg,23 Sekar Keben,512,512,57591,abed370d4a9dfd6f0fe953b930a4e78c,23,2,Sekar Keben,90,23|2
/kaggle/input/datasets/hertiyani/batik-nitik-960-official-mendeley/Batik Nitik 960/Batik Nitik 960 Images/23 Sekar Keben 3.jpg,23 Sekar Keben 3.jpg,23 Sekar Keben,512,512,56744,36db2ece8ebb7b1d6b7e09f1ec7f137c,23,3,Sekar Keben,0,23|3
/kaggle/input/datasets/hertiyani/batik-nitik-960-official-mendeley/Batik Nitik 960/Batik Nitik 960 Images/23 Sekar Keben 3_rotate_180.jpg,23 Sekar Keben 3_rotate_180.jpg,23 Sekar Keben,512,512,56707,bc8719a776e7256afe5fe14d25d13bb0,23,3,Sekar Keben,180,23|3
/kaggle/input/datasets/hertiyani/batik-nitik-960-official-mendeley/Batik Nitik 960/Batik Nitik 960 Images/23 Sekar Keben 3_rotate_270.jpg,23 Sekar Keben 3_rotate_270.jpg,23 Sekar Keben,512,512,54701,943e24c1b1a8a7f9127051678842092b,23,3,Sekar Keben,270,23|3
/kaggle/input/datasets/hertiyani/batik-nitik-960-official-mendeley/Batik Nitik 960/Batik Nitik 960 Images/23 Sekar Keben 3_rotate_90.jpg,23 Sekar Keben 3_rotate_90.jpg,23 Sekar Keben,512,512,54517,c1ab4ade39135296bfe49de453431737,23,3,Sekar Keben,90,23|3
/kaggle/input/datasets/hertiyani/batik-nitik-960-official-mendeley/Batik Nitik 960/Batik Nitik 960 Images/23 Sekar Keben 4.jpg,23 Sekar Keben 4.jpg,23 Sekar Keben,512,512,56035,875cd3f01f8af3cbcd7677ba20bfb8bf,23,4,Sekar Keben,0,23|4
/kaggle/input/datasets/hertiyani/batik-nitik-960-official-mendeley/Batik Nitik 960/Batik Nitik 960 Images/23 Sekar Keben 4_rotate_180.jpg,23 Sekar Keben 4_rotate_180.jpg,23 Sekar Keben,512,512,56074,0228067c5b86b4202437092b7e4a7f46,23,4,Sekar Keben,180,23|4
/kaggle/input/datasets/hertiyani/batik-nitik-960-official-mendeley/Batik Nitik 960/Batik Nitik 960 Images/23 Sekar Keben 4_rotate_270.jpg,23 Sekar Keben 4_rotate_270.jpg,23 Sekar Keben,512,512,54170,5f93fd3de5204527d9d74526b7e138ab,23,4,Sekar Keben,270,23|4
/kaggle/input/datasets/hertiyani/batik-nitik-960-official-mendeley/Batik Nitik 960/Batik Nitik 960 Images/23 Sekar Keben 4_rotate_90.jpg,23 Sekar Keben 4_rotate_90.jpg,23 Sekar Keben,512,512,53829,755649c18d438f761274e7d76356b3b8,23,4,Sekar Keben,90,23|4
/kaggle/input/datasets/hertiyani/batik-nitik-960-official-mendeley/Batik Nitik 960/Batik Nitik 960 Images/24 Sekar Srengenge 1.jpg,24 Sekar Srengenge 1.jpg,24 Sekar Srengenge,512,512,68314,5dfd7c4c9d012586eddf1b312e7e0db5,24,1,Sekar Srengenge,0,24|1
/kaggle/input/datasets/hertiyani/batik-nitik-960-official-mendeley/Batik Nitik 960/Batik Nitik 960 Images/24 Sekar Srengenge 1_rotate_180.jpg,24 Sekar Srengenge 1_rotate_180.jpg,24 Sekar Srengenge,512,512,67979,545e1081beb88ce59cb7152097b624df,24,1,Sekar Srengenge,180,24|1
/kaggle/input/datasets/hertiyani/batik-nitik-960-official-mendeley/Batik Nitik 960/Batik Nitik 960 Images/24 Sekar Srengenge 1_rotate_270.jpg,24 Sekar Srengenge 1_rotate_270.jpg,24 Sekar Srengenge,512,512,61791,04e584152bc6ee6318a5512544ef7e79,24,1,Sekar Srengenge,270,24|1
/kaggle/input/datasets/hertiyani/batik-nitik-960-official-mendeley/Batik Nitik 960/Batik Nitik 960 Images/24 Sekar Srengenge 1_rotate_90.jpg,24 Sekar Srengenge 1_rotate_90.jpg,24 Sekar Srengenge,512,512,61848,524f9fccee233835a2c16924f296a03e,24,1,Sekar Srengenge,90,24|1
/kaggle/input/datasets/hertiyani/batik-nitik-960-official-mendeley/Batik Nitik 960/Batik Nitik 960 Images/24 Sekar Srengenge 2.jpg,24 Sekar Srengenge 2.jpg,24 Sekar Srengenge,512,512,65924,8225f73585e1d01de42e0960099b971c,24,2,Sekar Srengenge,0,24|2
/kaggle/input/datasets/hertiyani/batik-nitik-960-official-mendeley/Batik Nitik 960/Batik Nitik 960 Images/24 Sekar Srengenge 2_rotate_180.jpg,24 Sekar Srengenge 2_rotate_180.jpg,24 Sekar Srengenge,512,512,65544,962fa1883e275b04f03d13d01e3f55cf,24,2,Sekar Srengenge,180,24|2
/kaggle/input/datasets/hertiyani/batik-nitik-960-official-mendeley/Batik Nitik 960/Batik Nitik 960 Images/24 Sekar Srengenge 2_rotate_270.jpg,24 Sekar Srengenge 2_rotate_270.jpg,24 Sekar Srengenge,512,512,65089,bdf703fad6523bb38a776d90f5ea7540,24,2,Sekar Srengenge,270,24|2
/kaggle/input/datasets/hertiyani/batik-nitik-960-official-mendeley/Batik Nitik 960/Batik Nitik 960 Images/24 Sekar Srengenge 2_rotate_90.jpg,24 Sekar Srengenge 2_rotate_90.jpg,24 Sekar Srengenge,512,512,65793,6f5ef7d97b4d9c15e4ca625fdeb394b1,24,2,Sekar Srengenge,90,24|2
/kaggle/input/datasets/hertiyani/batik-nitik-960-official-mendeley/Batik Nitik 960/Batik Nitik 960 Images/24 Sekar Srengenge 3.jpg,24 Sekar Srengenge 3.jpg,24 Sekar Srengenge,512,512,66350,a006ae59060c9c3d01e5b64b1b822abf,24,3,Sekar Srengenge,0,24|3
/kaggle/input/datasets/hertiyani/batik-nitik-960-official-mendeley/Batik Nitik 960/Batik Nitik 960 Images/24 Sekar Srengenge 3_rotate_180.jpg,24 Sekar Srengenge 3_rotate_180.jpg,24 Sekar Srengenge,512,512,66417,474ab61608366012c396db73298d6283,24,3,Sekar Srengenge,180,24|3
/kaggle/input/datasets/hertiyani/batik-nitik-960-official-mendeley/Batik Nitik 960/Batik Nitik 960 Images/24 Sekar Srengenge 3_rotate_270.jpg,24 Sekar Srengenge 3_rotate_270.jpg,24 Sekar Srengenge,512,512,65967,e4fad7cb634b66402e8fd44afc76c8f4,24,3,Sekar Srengenge,270,24|3
/kaggle/input/datasets/hertiyani/batik-nitik-960-official-mendeley/Batik Nitik 960/Batik Nitik 960 Images/24 Sekar Srengenge 3_rotate_90.jpg,24 Sekar Srengenge 3_rotate_90.jpg,24 Sekar Srengenge,512,512,65889,55fa333137d1a7122bc69071bdff5af0,24,3,Sekar Srengenge,90,24|3
/kaggle/input/datasets/hertiyani/batik-nitik-960-official-mendeley/Batik Nitik 960/Batik Nitik 960 Images/24 Sekar Srengenge 4.jpg,24 Sekar Srengenge 4.jpg,24 Sekar Srengenge,512,512,64675,29ad444d65127cd3d7079adf1dbc62c9,24,4,Sekar Srengenge,0,24|4
/kaggle/input/datasets/hertiyani/batik-nitik-960-official-mendeley/Batik Nitik 960/Batik Nitik 960 Images/24 Sekar Srengenge 4_rotate_180.jpg,24 Sekar Srengenge 4_rotate_180.jpg,24 Sekar Srengenge,512,512,64641,17a8f1df5fede064904384c4fd6d2492,24,4,Sekar Srengenge,180,24|4
/kaggle/input/datasets/hertiyani/batik-nitik-960-official-mendeley/Batik Nitik 960/Batik Nitik 960 Images/24 Sekar Srengenge 4_rotate_270.jpg,24 Sekar Srengenge 4_rotate_270.jpg,24 Sekar Srengenge,512,512,65123,bd45c8c218ccf97306a2bacfeb208b3d,24,4,Sekar Srengenge,270,24|4
/kaggle/input/datasets/hertiyani/batik-nitik-960-official-mendeley/Batik Nitik 960/Batik Nitik 960 Images/24 Sekar Srengenge 4_rotate_90.jpg,24 Sekar Srengenge 4_rotate_90.jpg,24 Sekar Srengenge,512,512,64915,90426a4952b2a39879b829bb4846ec88,24,4,Sekar Srengenge,90,24|4
/kaggle/input/datasets/hertiyani/batik-nitik-960-official-mendeley/Batik Nitik 960/Batik Nitik 960 Images/25 Sekar Soka 1.jpg,25 Sekar Soka 1.jpg,25 Sekar Soka,512,512,68452,62fa8651dd88a40268c0c22423ffcd91,25,1,Sekar Soka,0,25|1
/kaggle/input/datasets/hertiyani/batik-nitik-960-official-mendeley/Batik Nitik 960/Batik Nitik 960 Images/25 Sekar Soka 1_rotate_180.jpg,25 Sekar Soka 1_rotate_180.jpg,25 Sekar Soka,512,512,68979,03e38a09dee7374724adef54f2b7a449,25,1,Sekar Soka,180,25|1
/kaggle/input/datasets/hertiyani/batik-nitik-960-official-mendeley/Batik Nitik 960/Batik Nitik 960 Images/25 Sekar Soka 1_rotate_270.jpg,25 Sekar Soka 1_rotate_270.jpg,25 Sekar Soka,512,512,61897,3731220ba9988869e67fdba06050a23a,25,1,Sekar Soka,270,25|1
/kaggle/input/datasets/hertiyani/batik-nitik-960-official-mendeley/Batik Nitik 960/Batik Nitik 960 Images/25 Sekar Soka 1_rotate_90.jpg,25 Sekar Soka 1_rotate_90.jpg,25 Sekar Soka,512,512,62223,585f2fd1615f04c7625367eee5014354,25,1,Sekar Soka,90,25|1
/kaggle/input/datasets/hertiyani/batik-nitik-960-official-mendeley/Batik Nitik 960/Batik Nitik 960 Images/25 Sekar Soka 2.jpg,25 Sekar Soka 2.jpg,25 Sekar Soka,512,512,69315,9aea3cd662529ddb7a9bdde36090a708,25,2,Sekar Soka,0,25|2
/kaggle/input/datasets/hertiyani/batik-nitik-960-official-mendeley/Batik Nitik 960/Batik Nitik 960 Images/25 Sekar Soka 2_rotate_180.jpg,25 Sekar Soka 2_rotate_180.jpg,25 Sekar Soka,512,512,69122,4c25b6665fdb00ad13a2c5747cf42c83,25,2,Sekar Soka,180,25|2
/kaggle/input/datasets/hertiyani/batik-nitik-960-official-mendeley/Batik Nitik 960/Batik Nitik 960 Images/25 Sekar Soka 2_rotate_270.jpg,25 Sekar Soka 2_rotate_270.jpg,25 Sekar Soka,512,512,67438,7d7a4b6ed83b78b2f9fc3c10a6869712,25,2,Sekar Soka,270,25|2
/kaggle/input/datasets/hertiyani/batik-nitik-960-official-mendeley/Batik Nitik 960/Batik Nitik 960 Images/25 Sekar Soka 2_rotate_90.jpg,25 Sekar Soka 2_rotate_90.jpg,25 Sekar Soka,512,512,67485,a4912d38f519bbd2eab4bf4eff7229f4,25,2,Sekar Soka,90,25|2
/kaggle/input/datasets/hertiyani/batik-nitik-960-official-mendeley/Batik Nitik 960/Batik Nitik 960 Images/25 Sekar Soka 3.jpg,25 Sekar Soka 3.jpg,25 Sekar Soka,512,512,68311,cf603e0c404f1112dcf33fb1eee71137,25,3,Sekar Soka,0,25|3
/kaggle/input/datasets/hertiyani/batik-nitik-960-official-mendeley/Batik Nitik 960/Batik Nitik 960 Images/25 Sekar Soka 3_rotate_180.jpg,25 Sekar Soka 3_rotate_180.jpg,25 Sekar Soka,512,512,68386,190ca156ab08f98f567f4e5b6cb51c49,25,3,Sekar Soka,180,25|3
/kaggle/input/datasets/hertiyani/batik-nitik-960-official-mendeley/Batik Nitik 960/Batik Nitik 960 Images/25 Sekar Soka 3_rotate_270.jpg,25 Sekar Soka 3_rotate_270.jpg,25 Sekar Soka,512,512,62266,d505d13bb9c9132d6714936729b67817,25,3,Sekar Soka,270,25|3
/kaggle/input/datasets/hertiyani/batik-nitik-960-official-mendeley/Batik Nitik 960/Batik Nitik 960 Images/25 Sekar Soka 3_rotate_90.jpg,25 Sekar Soka 3_rotate_90.jpg,25 Sekar Soka,512,512,62412,ac59ea6f32d1587c4b76661f1f1bf008,25,3,Sekar Soka,90,25|3
/kaggle/input/datasets/hertiyani/batik-nitik-960-official-mendeley/Batik Nitik 960/Batik Nitik 960 Images/25 Sekar Soka 4.jpg,25 Sekar Soka 4.jpg,25 Sekar Soka,512,512,68837,9515f6b709d195526131a97bfb265e6b,25,4,Sekar Soka,0,25|4
/kaggle/input/datasets/hertiyani/batik-nitik-960-official-mendeley/Batik Nitik 960/Batik Nitik 960 Images/25 Sekar Soka 4_rotate_180.jpg,25 Sekar Soka 4_rotate_180.jpg,25 Sekar Soka,512,512,68653,c862037428205626d5ad2bc8d34a5fd8,25,4,Sekar Soka,180,25|4
/kaggle/input/datasets/hertiyani/batik-nitik-960-official-mendeley/Batik Nitik 960/Batik Nitik 960 Images/25 Sekar Soka 4_rotate_270.jpg,25 Sekar Soka 4_rotate_270.jpg,25 Sekar Soka,512,512,65568,0cf2a6614101632d3d58f46f4a502d9b,25,4,Sekar Soka,270,25|4
/kaggle/input/datasets/hertiyani/batik-nitik-960-official-mendeley/Batik Nitik 960/Batik Nitik 960 Images/25 Sekar Soka 4_rotate_90.jpg,25 Sekar Soka 4_rotate_90.jpg,25 Sekar Soka,512,512,65975,6ffae25c78fb1c6bd4d13e6c52be913e,25,4,Sekar Soka,90,25|4
/kaggle/input/datasets/hertiyani/batik-nitik-960-official-mendeley/Batik Nitik 960/Batik Nitik 960 Images/26 Sekar Nangka 1.jpg,26 Sekar Nangka 1.jpg,26 Sekar Nangka,512,512,68417,a3ef0715edbef85ec8047153848e6281,26,1,Sekar Nangka,0,26|1
/kaggle/input/datasets/hertiyani/batik-nitik-960-official-mendeley/Batik Nitik 960/Batik Nitik 960 Images/26 Sekar Nangka 1_rotate_180.jpg,26 Sekar Nangka 1_rotate_180.jpg,26 Sekar Nangka,512,512,68904,3b7bc8f69840ae15d12c4037786a915e,26,1,Sekar Nangka,180,26|1
/kaggle/input/datasets/hertiyani/batik-nitik-960-official-mendeley/Batik Nitik 960/Batik Nitik 960 Images/26 Sekar Nangka 1_rotate_270.jpg,26 Sekar Nangka 1_rotate_270.jpg,26 Sekar Nangka,512,512,62494,f9da53ec0547e22b2e9b450946991e95,26,1,Sekar Nangka,270,26|1
/kaggle/input/datasets/hertiyani/batik-nitik-960-official-mendeley/Batik Nitik 960/Batik Nitik 960 Images/26 Sekar Nangka 1_rotate_90.jpg,26 Sekar Nangka 1_rotate_90.jpg,26 Sekar Nangka,512,512,62243,f54203342eaf3a249bef011004863150,26,1,Sekar Nangka,90,26|1
/kaggle/input/datasets/hertiyani/batik-nitik-960-official-mendeley/Batik Nitik 960/Batik Nitik 960 Images/26 Sekar Nangka 2.jpg,26 Sekar Nangka 2.jpg,26 Sekar Nangka,512,512,65884,e18e0769dcebf6d2cc8ca89708cc9f8a,26,2,Sekar Nangka,0,26|2
/kaggle/input/datasets/hertiyani/batik-nitik-960-official-mendeley/Batik Nitik 960/Batik Nitik 960 Images/26 Sekar Nangka 2_rotate_180.jpg,26 Sekar Nangka 2_rotate_180.jpg,26 Sekar Nangka,512,512,66064,5f0812ad02fdee5708c2f1f2a388f974,26,2,Sekar Nangka,180,26|2
/kaggle/input/datasets/hertiyani/batik-nitik-960-official-mendeley/Batik Nitik 960/Batik Nitik 960 Images/26 Sekar Nangka 2_rotate_270.jpg,26 Sekar Nangka 2_rotate_270.jpg,26 Sekar Nangka,512,512,63775,ea1e7819de8558087f846e7496b36e80,26,2,Sekar Nangka,270,26|2
/kaggle/input/datasets/hertiyani/batik-nitik-960-official-mendeley/Batik Nitik 960/Batik Nitik 960 Images/26 Sekar Nangka 2_rotate_90.jpg,26 Sekar Nangka 2_rotate_90.jpg,26 Sekar Nangka,512,512,64242,ed1050896e16e3a37164ae45f25a875c,26,2,Sekar Nangka,90,26|2
/kaggle/input/datasets/hertiyani/batik-nitik-960-official-mendeley/Batik Nitik 960/Batik Nitik 960 Images/26 Sekar Nangka 3.jpg,26 Sekar Nangka 3.jpg,26 Sekar Nangka,512,512,68865,6b17d7485788371a02544fd814936e79,26,3,Sekar Nangka,0,26|3
/kaggle/input/datasets/hertiyani/batik-nitik-960-official-mendeley/Batik Nitik 960/Batik Nitik 960 Images/26 Sekar Nangka 3_rotate_180.jpg,26 Sekar Nangka 3_rotate_180.jpg,26 Sekar Nangka,512,512,68572,418fb87363f65126004d672180e3e0c3,26,3,Sekar Nangka,180,26|3
/kaggle/input/datasets/hertiyani/batik-nitik-960-official-mendeley/Batik Nitik 960/Batik Nitik 960 Images/26 Sekar Nangka 3_rotate_270.jpg,26 Sekar Nangka 3_rotate_270.jpg,26 Sekar Nangka,512,512,68203,fb30ae9f4e9cc3bd64df4db78e264446,26,3,Sekar Nangka,270,26|3
/kaggle/input/datasets/hertiyani/batik-nitik-960-official-mendeley/Batik Nitik 960/Batik Nitik 960 Images/26 Sekar Nangka 3_rotate_90.jpg,26 Sekar Nangka 3_rotate_90.jpg,26 Sekar Nangka,512,512,68354,2c1987d2d326014e7a576a91ac150cdf,26,3,Sekar Nangka,90,26|3
/kaggle/input/datasets/hertiyani/batik-nitik-960-official-mendeley/Batik Nitik 960/Batik Nitik 960 Images/26 Sekar Nangka 4.jpg,26 Sekar Nangka 4.jpg,26 Sekar Nangka,512,512,68061,abdd07dfbcc8a66279677dfb239c5933,26,4,Sekar Nangka,0,26|4
/kaggle/input/datasets/hertiyani/batik-nitik-960-official-mendeley/Batik Nitik 960/Batik Nitik 960 Images/26 Sekar Nangka 4_rotate_180.jpg,26 Sekar Nangka 4_rotate_180.jpg,26 Sekar Nangka,512,512,67780,2ebfffecd1b9e060e3270a68d94d1aba,26,4,Sekar Nangka,180,26|4
/kaggle/input/datasets/hertiyani/batik-nitik-960-official-mendeley/Batik Nitik 960/Batik Nitik 960 Images/26 Sekar Nangka 4_rotate_270.jpg,26 Sekar Nangka 4_rotate_270.jpg,26 Sekar Nangka,512,512,61002,53b7660ecaa26abd813d645381abe491,26,4,Sekar Nangka,270,26|4
/kaggle/input/datasets/hertiyani/batik-nitik-960-official-mendeley/Batik Nitik 960/Batik Nitik 960 Images/26 Sekar Nangka 4_rotate_90.jpg,26 Sekar Nangka 4_rotate_90.jpg,26 Sekar Nangka,512,512,61162,4dd5a70d35ab8a63ea826d2667871df1,26,4,Sekar Nangka,90,26|4
/kaggle/input/datasets/hertiyani/batik-nitik-960-official-mendeley/Batik Nitik 960/Batik Nitik 960 Images/27 Kawung Nitik 1.jpg,27 Kawung Nitik 1.jpg,27 Kawung Nitik,512,512,67203,7c0f72d2f8aa0eba305950761232b3af,27,1,Kawung Nitik,0,27|1
/kaggle/input/datasets/hertiyani/batik-nitik-960-official-mendeley/Batik Nitik 960/Batik Nitik 960 Images/27 Kawung Nitik 1_rotate_180.jpg,27 Kawung Nitik 1_rotate_180.jpg,27 Kawung Nitik,512,512,67714,6ef8861e7443e853b3c6b51a362b39a4,27,1,Kawung Nitik,180,27|1
/kaggle/input/datasets/hertiyani/batik-nitik-960-official-mendeley/Batik Nitik 960/Batik Nitik 960 Images/27 Kawung Nitik 1_rotate_270.jpg,27 Kawung Nitik 1_rotate_270.jpg,27 Kawung Nitik,512,512,61085,cdd78197eedd835e4687f4c1f72d65ef,27,1,Kawung Nitik,270,27|1
/kaggle/input/datasets/hertiyani/batik-nitik-960-official-mendeley/Batik Nitik 960/Batik Nitik 960 Images/27 Kawung Nitik 1_rotate_90.jpg,27 Kawung Nitik 1_rotate_90.jpg,27 Kawung Nitik,512,512,61148,a56df29d9df88869d9e67af7cceb1d77,27,1,Kawung Nitik,90,27|1
/kaggle/input/datasets/hertiyani/batik-nitik-960-official-mendeley/Batik Nitik 960/Batik Nitik 960 Images/27 Kawung Nitik 2.jpg,27 Kawung Nitik 2.jpg,27 Kawung Nitik,512,512,63509,bc7b3d49b8678f35a6794c706051cb6c,27,2,Kawung Nitik,0,27|2
/kaggle/input/datasets/hertiyani/batik-nitik-960-official-mendeley/Batik Nitik 960/Batik Nitik 960 Images/27 Kawung Nitik 2_rotate_180.jpg,27 Kawung Nitik 2_rotate_180.jpg,27 Kawung Nitik,512,512,63052,b9615a5f725cd64d3fa17f90d1dae199,27,2,Kawung Nitik,180,27|2
/kaggle/input/datasets/hertiyani/batik-nitik-960-official-mendeley/Batik Nitik 960/Batik Nitik 960 Images/27 Kawung Nitik 2_rotate_270.jpg,27 Kawung Nitik 2_rotate_270.jpg,27 Kawung Nitik,512,512,62763,0d7b369c777c952db329b8c958e4e797,27,2,Kawung Nitik,270,27|2
/kaggle/input/datasets/hertiyani/batik-nitik-960-official-mendeley/Batik Nitik 960/Batik Nitik 960 Images/27 Kawung Nitik 2_rotate_90.jpg,27 Kawung Nitik 2_rotate_90.jpg,27 Kawung Nitik,512,512,63175,f4588da41f8a68b128a2b89296726b07,27,2,Kawung Nitik,90,27|2
/kaggle/input/datasets/hertiyani/batik-nitik-960-official-mendeley/Batik Nitik 960/Batik Nitik 960 Images/27 Kawung Nitik 3.jpg,27 Kawung Nitik 3.jpg,27 Kawung Nitik,512,512,65761,be98c31a5fb2b47a4f005a63154ac7bf,27,3,Kawung Nitik,0,27|3
/kaggle/input/datasets/hertiyani/batik-nitik-960-official-mendeley/Batik Nitik 960/Batik Nitik 960 Images/27 Kawung Nitik 3_rotate_180.jpg,27 Kawung Nitik 3_rotate_180.jpg,27 Kawung Nitik,512,512,65339,aebca0108241a75cd6c68a90a73a00fd,27,3,Kawung Nitik,180,27|3
/kaggle/input/datasets/hertiyani/batik-nitik-960-official-mendeley/Batik Nitik 960/Batik Nitik 960 Images/27 Kawung Nitik 3_rotate_270.jpg,27 Kawung Nitik 3_rotate_270.jpg,27 Kawung Nitik,512,512,60058,ea3e9f85639c76c3d908f85134682ce6,27,3,Kawung Nitik,270,27|3
/kaggle/input/datasets/hertiyani/batik-nitik-960-official-mendeley/Batik Nitik 960/Batik Nitik 960 Images/27 Kawung Nitik 3_rotate_90.jpg,27 Kawung Nitik 3_rotate_90.jpg,27 Kawung Nitik,512,512,59926,4d8488fcddd17b7bee0082c703388cf6,27,3,Kawung Nitik,90,27|3
/kaggle/input/datasets/hertiyani/batik-nitik-960-official-mendeley/Batik Nitik 960/Batik Nitik 960 Images/27 Kawung Nitik 4.jpg,27 Kawung Nitik 4.jpg,27 Kawung Nitik,512,512,63954,727022deb5ba726a5ddeaeb6215e018a,27,4,Kawung Nitik,0,27|4
/kaggle/input/datasets/hertiyani/batik-nitik-960-official-mendeley/Batik Nitik 960/Batik Nitik 960 Images/27 Kawung Nitik 4_rotate_180.jpg,27 Kawung Nitik 4_rotate_180.jpg,27 Kawung Nitik,512,512,63626,1d6fa9fefacf0903f07b98ed9e42e797,27,4,Kawung Nitik,180,27|4
/kaggle/input/datasets/hertiyani/batik-nitik-960-official-mendeley/Batik Nitik 960/Batik Nitik 960 Images/27 Kawung Nitik 4_rotate_270.jpg,27 Kawung Nitik 4_rotate_270.jpg,27 Kawung Nitik,512,512,63476,eafa4c36d47bb7badca148af086fe91d,27,4,Kawung Nitik,270,27|4
/kaggle/input/datasets/hertiyani/batik-nitik-960-official-mendeley/Batik Nitik 960/Batik Nitik 960 Images/27 Kawung Nitik 4_rotate_90.jpg,27 Kawung Nitik 4_rotate_90.jpg,27 Kawung Nitik,512,512,63373,d0cd01176c7a0e9b5af2443f83c5de8c,27,4,Kawung Nitik,90,27|4
/kaggle/input/datasets/hertiyani/batik-nitik-960-official-mendeley/Batik Nitik 960/Batik Nitik 960 Images/28 Sekar Kenthang 1.jpg,28 Sekar Kenthang 1.jpg,28 Sekar Kenthang,512,512,68417,89fc8c6fed62fb218e3011138351c36b,28,1,Sekar Kenthang,0,28|1
/kaggle/input/datasets/hertiyani/batik-nitik-960-official-mendeley/Batik Nitik 960/Batik Nitik 960 Images/28 Sekar Kenthang 1_rotate_180.jpg,28 Sekar Kenthang 1_rotate_180.jpg,28 Sekar Kenthang,512,512,68423,e67af25baef72ce2254aac5006c3e443,28,1,Sekar Kenthang,180,28|1
/kaggle/input/datasets/hertiyani/batik-nitik-960-official-mendeley/Batik Nitik 960/Batik Nitik 960 Images/28 Sekar Kenthang 1_rotate_270.jpg,28 Sekar Kenthang 1_rotate_270.jpg,28 Sekar Kenthang,512,512,68715,35c4968e3c0a3870a234d60cbc656247,28,1,Sekar Kenthang,270,28|1
/kaggle/input/datasets/hertiyani/batik-nitik-960-official-mendeley/Batik Nitik 960/Batik Nitik 960 Images/28 Sekar Kenthang 1_rotate_90.jpg,28 Sekar Kenthang 1_rotate_90.jpg,28 Sekar Kenthang,512,512,68621,4d4a210e1d973e20179067a69603e714,28,1,Sekar Kenthang,90,28|1
/kaggle/input/datasets/hertiyani/batik-nitik-960-official-mendeley/Batik Nitik 960/Batik Nitik 960 Images/28 Sekar Kenthang 2.jpg,28 Sekar Kenthang 2.jpg,28 Sekar Kenthang,512,512,69007,a2d7ef16dad503a089aa59e939a1783f,28,2,Sekar Kenthang,0,28|2
/kaggle/input/datasets/hertiyani/batik-nitik-960-official-mendeley/Batik Nitik 960/Batik Nitik 960 Images/28 Sekar Kenthang 2_rotate_180.jpg,28 Sekar Kenthang 2_rotate_180.jpg,28 Sekar Kenthang,512,512,69013,8a0181396686d94aab4eb15c97c67bda,28,2,Sekar Kenthang,180,28|2
/kaggle/input/datasets/hertiyani/batik-nitik-960-official-mendeley/Batik Nitik 960/Batik Nitik 960 Images/28 Sekar Kenthang 2_rotate_270.jpg,28 Sekar Kenthang 2_rotate_270.jpg,28 Sekar Kenthang,512,512,67840,d4a514f7d8b6265b6697cd192eddc318,28,2,Sekar Kenthang,270,28|2
/kaggle/input/datasets/hertiyani/batik-nitik-960-official-mendeley/Batik Nitik 960/Batik Nitik 960 Images/28 Sekar Kenthang 2_rotate_90.jpg,28 Sekar Kenthang 2_rotate_90.jpg,28 Sekar Kenthang,512,512,67749,9bd06856709eb5b059f1a80516f20b1e,28,2,Sekar Kenthang,90,28|2
/kaggle/input/datasets/hertiyani/batik-nitik-960-official-mendeley/Batik Nitik 960/Batik Nitik 960 Images/28 Sekar Kenthang 3.jpg,28 Sekar Kenthang 3.jpg,28 Sekar Kenthang,512,512,68867,71b48466ead2941e4fc94bce46b77a21,28,3,Sekar Kenthang,0,28|3
/kaggle/input/datasets/hertiyani/batik-nitik-960-official-mendeley/Batik Nitik 960/Batik Nitik 960 Images/28 Sekar Kenthang 3_rotate_180.jpg,28 Sekar Kenthang 3_rotate_180.jpg,28 Sekar Kenthang,512,512,68207,81681cf46fdc5df8f8f64c9a5b7ac2cf,28,3,Sekar Kenthang,180,28|3
/kaggle/input/datasets/hertiyani/batik-nitik-960-official-mendeley/Batik Nitik 960/Batik Nitik 960 Images/28 Sekar Kenthang 3_rotate_270.jpg,28 Sekar Kenthang 3_rotate_270.jpg,28 Sekar Kenthang,512,512,67707,54f9df4d9d9543c65650851242eb4b81,28,3,Sekar Kenthang,270,28|3
/kaggle/input/datasets/hertiyani/batik-nitik-960-official-mendeley/Batik Nitik 960/Batik Nitik 960 Images/28 Sekar Kenthang 3_rotate_90.jpg,28 Sekar Kenthang 3_rotate_90.jpg,28 Sekar Kenthang,512,512,67041,d7b1b859a1d959a012776ac8dd0fbbd8,28,3,Sekar Kenthang,90,28|3
/kaggle/input/datasets/hertiyani/batik-nitik-960-official-mendeley/Batik Nitik 960/Batik Nitik 960 Images/28 Sekar Kenthang 4.jpg,28 Sekar Kenthang 4.jpg,28 Sekar Kenthang,512,512,69310,319010585300385b7a7bbf2749724ab7,28,4,Sekar Kenthang,0,28|4
/kaggle/input/datasets/hertiyani/batik-nitik-960-official-mendeley/Batik Nitik 960/Batik Nitik 960 Images/28 Sekar Kenthang 4_rotate_180.jpg,28 Sekar Kenthang 4_rotate_180.jpg,28 Sekar Kenthang,512,512,69041,43e5c7781f06b521d335558945b88d41,28,4,Sekar Kenthang,180,28|4
/kaggle/input/datasets/hertiyani/batik-nitik-960-official-mendeley/Batik Nitik 960/Batik Nitik 960 Images/28 Sekar Kenthang 4_rotate_270.jpg,28 Sekar Kenthang 4_rotate_270.jpg,28 Sekar Kenthang,512,512,67614,28d2bd77564199b83ba9910b96ccb845,28,4,Sekar Kenthang,270,28|4
/kaggle/input/datasets/hertiyani/batik-nitik-960-official-mendeley/Batik Nitik 960/Batik Nitik 960 Images/28 Sekar Kenthang 4_rotate_90.jpg,28 Sekar Kenthang 4_rotate_90.jpg,28 Sekar Kenthang,512,512,68076,b81506dfaf96dc2ea9c0821bf6090f0d,28,4,Sekar Kenthang,90,28|4
/kaggle/input/datasets/hertiyani/batik-nitik-960-official-mendeley/Batik Nitik 960/Batik Nitik 960 Images/29 Sekar Pudhak 1.jpg,29 Sekar Pudhak 1.jpg,29 Sekar Pudhak,512,512,67746,52dc6c8c95e74de9a938025a29e86c78,29,1,Sekar Pudhak,0,29|1
/kaggle/input/datasets/hertiyani/batik-nitik-960-official-mendeley/Batik Nitik 960/Batik Nitik 960 Images/29 Sekar Pudhak 1_rotate_180.jpg,29 Sekar Pudhak 1_rotate_180.jpg,29 Sekar Pudhak,512,512,68799,07d02971a51f93016828bc7535a61004,29,1,Sekar Pudhak,180,29|1
/kaggle/input/datasets/hertiyani/batik-nitik-960-official-mendeley/Batik Nitik 960/Batik Nitik 960 Images/29 Sekar Pudhak 1_rotate_270.jpg,29 Sekar Pudhak 1_rotate_270.jpg,29 Sekar Pudhak,512,512,60985,331bb6abb03561e8df7146c4c0c9f382,29,1,Sekar Pudhak,270,29|1
/kaggle/input/datasets/hertiyani/batik-nitik-960-official-mendeley/Batik Nitik 960/Batik Nitik 960 Images/29 Sekar Pudhak 1_rotate_90.jpg,29 Sekar Pudhak 1_rotate_90.jpg,29 Sekar Pudhak,512,512,61006,936406824b23be5ce31f502eebbd2dc7,29,1,Sekar Pudhak,90,29|1
/kaggle/input/datasets/hertiyani/batik-nitik-960-official-mendeley/Batik Nitik 960/Batik Nitik 960 Images/29 Sekar Pudhak 2.jpg,29 Sekar Pudhak 2.jpg,29 Sekar Pudhak,512,512,68045,565cf63fea683e543de20814e6177928,29,2,Sekar Pudhak,0,29|2
/kaggle/input/datasets/hertiyani/batik-nitik-960-official-mendeley/Batik Nitik 960/Batik Nitik 960 Images/29 Sekar Pudhak 2_rotate_180.jpg,29 Sekar Pudhak 2_rotate_180.jpg,29 Sekar Pudhak,512,512,67916,696e6ec9066508ea43d647928291455a,29,2,Sekar Pudhak,180,29|2
/kaggle/input/datasets/hertiyani/batik-nitik-960-official-mendeley/Batik Nitik 960/Batik Nitik 960 Images/29 Sekar Pudhak 2_rotate_270.jpg,29 Sekar Pudhak 2_rotate_270.jpg,29 Sekar Pudhak,512,512,67383,599a05d9e0d7317cb0aaaf85ebc49017,29,2,Sekar Pudhak,270,29|2
/kaggle/input/datasets/hertiyani/batik-nitik-960-official-mendeley/Batik Nitik 960/Batik Nitik 960 Images/29 Sekar Pudhak 2_rotate_90.jpg,29 Sekar Pudhak 2_rotate_90.jpg,29 Sekar Pudhak,512,512,67056,b929fdca71791e88c6e9666401436960,29,2,Sekar Pudhak,90,29|2
/kaggle/input/datasets/hertiyani/batik-nitik-960-official-mendeley/Batik Nitik 960/Batik Nitik 960 Images/29 Sekar Pudhak 3.jpg,29 Sekar Pudhak 3.jpg,29 Sekar Pudhak,512,512,67391,012fdbf045ecf3ce7492b6fca6c0e95e,29,3,Sekar Pudhak,0,29|3
/kaggle/input/datasets/hertiyani/batik-nitik-960-official-mendeley/Batik Nitik 960/Batik Nitik 960 Images/29 Sekar Pudhak 3_rotate_180.jpg,29 Sekar Pudhak 3_rotate_180.jpg,29 Sekar Pudhak,512,512,67244,8332952842464afd9473141ecb96b82f,29,3,Sekar Pudhak,180,29|3
/kaggle/input/datasets/hertiyani/batik-nitik-960-official-mendeley/Batik Nitik 960/Batik Nitik 960 Images/29 Sekar Pudhak 3_rotate_270.jpg,29 Sekar Pudhak 3_rotate_270.jpg,29 Sekar Pudhak,512,512,66740,73b75308f5c05c340a0cc6a5b08b9be3,29,3,Sekar Pudhak,270,29|3
/kaggle/input/datasets/hertiyani/batik-nitik-960-official-mendeley/Batik Nitik 960/Batik Nitik 960 Images/29 Sekar Pudhak 3_rotate_90.jpg,29 Sekar Pudhak 3_rotate_90.jpg,29 Sekar Pudhak,512,512,66666,969b00fd328a679c5803dc014c3e2b32,29,3,Sekar Pudhak,90,29|3
/kaggle/input/datasets/hertiyani/batik-nitik-960-official-mendeley/Batik Nitik 960/Batik Nitik 960 Images/29 Sekar Pudhak 4.jpg,29 Sekar Pudhak 4.jpg,29 Sekar Pudhak,512,512,67757,0ae9e8a07862e4531ef0ab24bf3ac6de,29,4,Sekar Pudhak,0,29|4
/kaggle/input/datasets/hertiyani/batik-nitik-960-official-mendeley/Batik Nitik 960/Batik Nitik 960 Images/29 Sekar Pudhak 4_rotate_180.jpg,29 Sekar Pudhak 4_rotate_180.jpg,29 Sekar Pudhak,512,512,67500,682f4d1d31baf6ba08d78112276f64d8,29,4,Sekar Pudhak,180,29|4
/kaggle/input/datasets/hertiyani/batik-nitik-960-official-mendeley/Batik Nitik 960/Batik Nitik 960 Images/29 Sekar Pudhak 4_rotate_270.jpg,29 Sekar Pudhak 4_rotate_270.jpg,29 Sekar Pudhak,512,512,66714,f12c68f8cb089d485d5c4759cfd0c75a,29,4,Sekar Pudhak,270,29|4
/kaggle/input/datasets/hertiyani/batik-nitik-960-official-mendeley/Batik Nitik 960/Batik Nitik 960 Images/29 Sekar Pudhak 4_rotate_90.jpg,29 Sekar Pudhak 4_rotate_90.jpg,29 Sekar Pudhak,512,512,66858,6b7e8eb20e52e476a6515d67f3915a91,29,4,Sekar Pudhak,90,29|4
/kaggle/input/datasets/hertiyani/batik-nitik-960-official-mendeley/Batik Nitik 960/Batik Nitik 960 Images/3 Sekar Duren 1.jpg,3 Sekar Duren 1.jpg,3 Sekar Duren,512,512,62197,ad4b00da3556bb4195ebb17eaaee671d,3,1,Sekar Duren,0,3|1
/kaggle/input/datasets/hertiyani/batik-nitik-960-official-mendeley/Batik Nitik 960/Batik Nitik 960 Images/3 Sekar Duren 1_rotate_180.jpg,3 Sekar Duren 1_rotate_180.jpg,3 Sekar Duren,512,512,62439,f1627095bd346f2f80d1fd2f27675b7f,3,1,Sekar Duren,180,3|1
/kaggle/input/datasets/hertiyani/batik-nitik-960-official-mendeley/Batik Nitik 960/Batik Nitik 960 Images/3 Sekar Duren 1_rotate_270.jpg,3 Sekar Duren 1_rotate_270.jpg,3 Sekar Duren,512,512,56131,ed84273d1efc9ede65d33700accec1ea,3,1,Sekar Duren,270,3|1
/kaggle/input/datasets/hertiyani/batik-nitik-960-official-mendeley/Batik Nitik 960/Batik Nitik 960 Images/3 Sekar Duren 1_rotate_90.jpg,3 Sekar Duren 1_rotate_90.jpg,3 Sekar Duren,512,512,56210,7dbb03e1529d8e116991158d7410d539,3,1,Sekar Duren,90,3|1
/kaggle/input/datasets/hertiyani/batik-nitik-960-official-mendeley/Batik Nitik 960/Batik Nitik 960 Images/3 Sekar Duren 2.jpg,3 Sekar Duren 2.jpg,3 Sekar Duren,512,512,60947,f5b8c5a651a0009beef36470b57992a5,3,2,Sekar Duren,0,3|2
/kaggle/input/datasets/hertiyani/batik-nitik-960-official-mendeley/Batik Nitik 960/Batik Nitik 960 Images/3 Sekar Duren 2_rotate_180.jpg,3 Sekar Duren 2_rotate_180.jpg,3 Sekar Duren,512,512,61003,9c13022d742a3b153c7343c23642a065,3,2,Sekar Duren,180,3|2
/kaggle/input/datasets/hertiyani/batik-nitik-960-official-mendeley/Batik Nitik 960/Batik Nitik 960 Images/3 Sekar Duren 2_rotate_270.jpg,3 Sekar Duren 2_rotate_270.jpg,3 Sekar Duren,512,512,54910,9230736ceada1fd392f781babb01b049,3,2,Sekar Duren,270,3|2
/kaggle/input/datasets/hertiyani/batik-nitik-960-official-mendeley/Batik Nitik 960/Batik Nitik 960 Images/3 Sekar Duren 2_rotate_90.jpg,3 Sekar Duren 2_rotate_90.jpg,3 Sekar Duren,512,512,55001,7bc2ff5bb17f68ed9b080ba08c239b7f,3,2,Sekar Duren,90,3|2
/kaggle/input/datasets/hertiyani/batik-nitik-960-official-mendeley/Batik Nitik 960/Batik Nitik 960 Images/3 Sekar Duren 3.jpg,3 Sekar Duren 3.jpg,3 Sekar Duren,512,512,62436,323fa23194edf5a4eebdcf3c9636b44d,3,3,Sekar Duren,0,3|3
/kaggle/input/datasets/hertiyani/batik-nitik-960-official-mendeley/Batik Nitik 960/Batik Nitik 960 Images/3 Sekar Duren 3_rotate_180.jpg,3 Sekar Duren 3_rotate_180.jpg,3 Sekar Duren,512,512,62466,95db9ad2b01fe52193c5a07f20148ca5,3,3,Sekar Duren,180,3|3
/kaggle/input/datasets/hertiyani/batik-nitik-960-official-mendeley/Batik Nitik 960/Batik Nitik 960 Images/3 Sekar Duren 3_rotate_270.jpg,3 Sekar Duren 3_rotate_270.jpg,3 Sekar Duren,512,512,60920,38e2908f2de5c133f96c298c0c8a5b2b,3,3,Sekar Duren,270,3|3
/kaggle/input/datasets/hertiyani/batik-nitik-960-official-mendeley/Batik Nitik 960/Batik Nitik 960 Images/3 Sekar Duren 3_rotate_90.jpg,3 Sekar Duren 3_rotate_90.jpg,3 Sekar Duren,512,512,61097,abe5aee1beeb47c0b56a62f317e739df,3,3,Sekar Duren,90,3|3
/kaggle/input/datasets/hertiyani/batik-nitik-960-official-mendeley/Batik Nitik 960/Batik Nitik 960 Images/3 Sekar Duren 4.jpg,3 Sekar Duren 4.jpg,3 Sekar Duren,512,512,61768,1d9c3ec02b1ff9344f489fd0fb199f41,3,4,Sekar Duren,0,3|4
/kaggle/input/datasets/hertiyani/batik-nitik-960-official-mendeley/Batik Nitik 960/Batik Nitik 960 Images/3 Sekar Duren 4_rotate_180.jpg,3 Sekar Duren 4_rotate_180.jpg,3 Sekar Duren,512,512,61722,f6a53c77fe62018a720da6348bba2859,3,4,Sekar Duren,180,3|4
/kaggle/input/datasets/hertiyani/batik-nitik-960-official-mendeley/Batik Nitik 960/Batik Nitik 960 Images/3 Sekar Duren 4_rotate_270.jpg,3 Sekar Duren 4_rotate_270.jpg,3 Sekar Duren,512,512,56439,db28825cf1c796b9c7981eac97186cc3,3,4,Sekar Duren,270,3|4
/kaggle/input/datasets/hertiyani/batik-nitik-960-official-mendeley/Batik Nitik 960/Batik Nitik 960 Images/3 Sekar Duren 4_rotate_90.jpg,3 Sekar Duren 4_rotate_90.jpg,3 Sekar Duren,512,512,56023,dd9e4a720ed363a03ad7ab4e0bec010f,3,4,Sekar Duren,90,3|4
/kaggle/input/datasets/hertiyani/batik-nitik-960-official-mendeley/Batik Nitik 960/Batik Nitik 960 Images/30 Sekar Dlima 1.jpg,30 Sekar Dlima 1.jpg,30 Sekar Dlima,512,512,63809,48df3c8d1e8d594ecf1277d1629d78ff,30,1,Sekar Dlima,0,30|1
/kaggle/input/datasets/hertiyani/batik-nitik-960-official-mendeley/Batik Nitik 960/Batik Nitik 960 Images/30 Sekar Dlima 1_rotate_180.jpg,30 Sekar Dlima 1_rotate_180.jpg,30 Sekar Dlima,512,512,63972,e302179af34d2b84b0a0fae6af708004,30,1,Sekar Dlima,180,30|1
/kaggle/input/datasets/hertiyani/batik-nitik-960-official-mendeley/Batik Nitik 960/Batik Nitik 960 Images/30 Sekar Dlima 1_rotate_270.jpg,30 Sekar Dlima 1_rotate_270.jpg,30 Sekar Dlima,512,512,58094,fc3ebd1655809ed5a5061c84c8e0306d,30,1,Sekar Dlima,270,30|1
/kaggle/input/datasets/hertiyani/batik-nitik-960-official-mendeley/Batik Nitik 960/Batik Nitik 960 Images/30 Sekar Dlima 1_rotate_90.jpg,30 Sekar Dlima 1_rotate_90.jpg,30 Sekar Dlima,512,512,58064,d7ea1a5f4669c9ccee3b029784633f70,30,1,Sekar Dlima,90,30|1
/kaggle/input/datasets/hertiyani/batik-nitik-960-official-mendeley/Batik Nitik 960/Batik Nitik 960 Images/30 Sekar Dlima 2.jpg,30 Sekar Dlima 2.jpg,30 Sekar Dlima,512,512,61227,8fe89257adb54fcb29050e05564374e3,30,2,Sekar Dlima,0,30|2
/kaggle/input/datasets/hertiyani/batik-nitik-960-official-mendeley/Batik Nitik 960/Batik Nitik 960 Images/30 Sekar Dlima 2_rotate_180.jpg,30 Sekar Dlima 2_rotate_180.jpg,30 Sekar Dlima,512,512,61013,9e2386e423aa7f90d3214ee2f2c0f712,30,2,Sekar Dlima,180,30|2
/kaggle/input/datasets/hertiyani/batik-nitik-960-official-mendeley/Batik Nitik 960/Batik Nitik 960 Images/30 Sekar Dlima 2_rotate_270.jpg,30 Sekar Dlima 2_rotate_270.jpg,30 Sekar Dlima,512,512,59746,be78b8b61020df3b3de6e720ff5b3a87,30,2,Sekar Dlima,270,30|2
/kaggle/input/datasets/hertiyani/batik-nitik-960-official-mendeley/Batik Nitik 960/Batik Nitik 960 Images/30 Sekar Dlima 2_rotate_90.jpg,30 Sekar Dlima 2_rotate_90.jpg,30 Sekar Dlima,512,512,59529,87f4793d20f2edb91889e0663a7fc252,30,2,Sekar Dlima,90,30|2
/kaggle/input/datasets/hertiyani/batik-nitik-960-official-mendeley/Batik Nitik 960/Batik Nitik 960 Images/30 Sekar Dlima 3.jpg,30 Sekar Dlima 3.jpg,30 Sekar Dlima,512,512,63987,72dc74dcf9334870011ccff8e2941ed2,30,3,Sekar Dlima,0,30|3
/kaggle/input/datasets/hertiyani/batik-nitik-960-official-mendeley/Batik Nitik 960/Batik Nitik 960 Images/30 Sekar Dlima 3_rotate_180.jpg,30 Sekar Dlima 3_rotate_180.jpg,30 Sekar Dlima,512,512,63417,3d66cc35d27d05bfb2437f7d66846698,30,3,Sekar Dlima,180,30|3
/kaggle/input/datasets/hertiyani/batik-nitik-960-official-mendeley/Batik Nitik 960/Batik Nitik 960 Images/30 Sekar Dlima 3_rotate_270.jpg,30 Sekar Dlima 3_rotate_270.jpg,30 Sekar Dlima,512,512,62968,f8358543f72eea5b94ea4f0c25a59486,30,3,Sekar Dlima,270,30|3
/kaggle/input/datasets/hertiyani/batik-nitik-960-official-mendeley/Batik Nitik 960/Batik Nitik 960 Images/30 Sekar Dlima 3_rotate_90.jpg,30 Sekar Dlima 3_rotate_90.jpg,30 Sekar Dlima,512,512,62777,8c9b9e96cbdd021d753ded5bdd3cf214,30,3,Sekar Dlima,90,30|3
/kaggle/input/datasets/hertiyani/batik-nitik-960-official-mendeley/Batik Nitik 960/Batik Nitik 960 Images/30 Sekar Dlima 4.jpg,30 Sekar Dlima 4.jpg,30 Sekar Dlima,512,512,60867,b0016a3d81e9b791f338980a9ecb33a7,30,4,Sekar Dlima,0,30|4
/kaggle/input/datasets/hertiyani/batik-nitik-960-official-mendeley/Batik Nitik 960/Batik Nitik 960 Images/30 Sekar Dlima 4_rotate_180.jpg,30 Sekar Dlima 4_rotate_180.jpg,30 Sekar Dlima,512,512,60938,77dd3b1781fad78d0d7a1f5e1d20709b,30,4,Sekar Dlima,180,30|4
/kaggle/input/datasets/hertiyani/batik-nitik-960-official-mendeley/Batik Nitik 960/Batik Nitik 960 Images/30 Sekar Dlima 4_rotate_270.jpg,30 Sekar Dlima 4_rotate_270.jpg,30 Sekar Dlima,512,512,60136,355be79950666ac7cfb3437f4e66683f,30,4,Sekar Dlima,270,30|4
/kaggle/input/datasets/hertiyani/batik-nitik-960-official-mendeley/Batik Nitik 960/Batik Nitik 960 Images/30 Sekar Dlima 4_rotate_90.jpg,30 Sekar Dlima 4_rotate_90.jpg,30 Sekar Dlima,512,512,60038,320cb9cf3be835d1668faff7e507d39a,30,4,Sekar Dlima,90,30|4
/kaggle/input/datasets/hertiyani/batik-nitik-960-official-mendeley/Batik Nitik 960/Batik Nitik 960 Images/31 Krawitan  2.jpg,31 Krawitan  2.jpg,31 Krawitan,512,512,53267,c4e9383d92ded4439add0b3221500d6b,31,2,Krawitan,0,31|2
/kaggle/input/datasets/hertiyani/batik-nitik-960-official-mendeley/Batik Nitik 960/Batik Nitik 960 Images/31 Krawitan  2_rotate_180.jpg,31 Krawitan  2_rotate_180.jpg,31 Krawitan,512,512,53279,287bb4e9362cf3ef3a22f957525f7f6a,31,2,Krawitan,180,31|2
/kaggle/input/datasets/hertiyani/batik-nitik-960-official-mendeley/Batik Nitik 960/Batik Nitik 960 Images/31 Krawitan  2_rotate_270.jpg,31 Krawitan  2_rotate_270.jpg,31 Krawitan,512,512,48224,26a0862c6bacc19de3442e01de739df9,31,2,Krawitan,270,31|2
/kaggle/input/datasets/hertiyani/batik-nitik-960-official-mendeley/Batik Nitik 960/Batik Nitik 960 Images/31 Krawitan  2_rotate_90.jpg,31 Krawitan  2_rotate_90.jpg,31 Krawitan,512,512,48286,b83bb6769a4cd4315111d3b7c8e9d7f9,31,2,Krawitan,90,31|2
/kaggle/input/datasets/hertiyani/batik-nitik-960-official-mendeley/Batik Nitik 960/Batik Nitik 960 Images/31 Krawitan 1.jpg,31 Krawitan 1.jpg,31 Krawitan,512,512,57143,09dd9d7a4fe1b54f103c274db47fb530,31,1,Krawitan,0,31|1
/kaggle/input/datasets/hertiyani/batik-nitik-960-official-mendeley/Batik Nitik 960/Batik Nitik 960 Images/31 Krawitan 1_rotate_180.jpg,31 Krawitan 1_rotate_180.jpg,31 Krawitan,512,512,57307,c6ffcb36d59461e30f6922b977d90311,31,1,Krawitan,180,31|1
/kaggle/input/datasets/hertiyani/batik-nitik-960-official-mendeley/Batik Nitik 960/Batik Nitik 960 Images/31 Krawitan 1_rotate_270.jpg,31 Krawitan 1_rotate_270.jpg,31 Krawitan,512,512,51282,5939b6f2ee1549aa29df9edabc3a27b1,31,1,Krawitan,270,31|1
/kaggle/input/datasets/hertiyani/batik-nitik-960-official-mendeley/Batik Nitik 960/Batik Nitik 960 Images/31 Krawitan 1_rotate_90.jpg,31 Krawitan 1_rotate_90.jpg,31 Krawitan,512,512,51432,52735f4f046f981a9a00dd3414674750,31,1,Krawitan,90,31|1
/kaggle/input/datasets/hertiyani/batik-nitik-960-official-mendeley/Batik Nitik 960/Batik Nitik 960 Images/31 Krawitan 3.jpg,31 Krawitan 3.jpg,31 Krawitan,512,512,54153,2027a16537d1b01e72f3917972f3be92,31,3,Krawitan,0,31|3
/kaggle/input/datasets/hertiyani/batik-nitik-960-official-mendeley/Batik Nitik 960/Batik Nitik 960 Images/31 Krawitan 3_rotate_180.jpg,31 Krawitan 3_rotate_180.jpg,31 Krawitan,512,512,54216,050a412e6cd746d4c5e8b48e35816fed,31,3,Krawitan,180,31|3
/kaggle/input/datasets/hertiyani/batik-nitik-960-official-mendeley/Batik Nitik 960/Batik Nitik 960 Images/31 Krawitan 3_rotate_270.jpg,31 Krawitan 3_rotate_270.jpg,31 Krawitan,512,512,52053,d46a2b197eeeb8560ceb464c9796e49b,31,3,Krawitan,270,31|3
/kaggle/input/datasets/hertiyani/batik-nitik-960-official-mendeley/Batik Nitik 960/Batik Nitik 960 Images/31 Krawitan 3_rotate_90.jpg,31 Krawitan 3_rotate_90.jpg,31 Krawitan,512,512,52364,fe66e65311d4510ac693ceeb9664d843,31,3,Krawitan,90,31|3
/kaggle/input/datasets/hertiyani/batik-nitik-960-official-mendeley/Batik Nitik 960/Batik Nitik 960 Images/31 Krawitan 4.jpg,31 Krawitan 4.jpg,31 Krawitan,512,512,51307,9b8021c6c578cb88476073a879314763,31,4,Krawitan,0,31|4
/kaggle/input/datasets/hertiyani/batik-nitik-960-official-mendeley/Batik Nitik 960/Batik Nitik 960 Images/31 Krawitan 4_rotate_180.jpg,31 Krawitan 4_rotate_180.jpg,31 Krawitan,512,512,51603,f8a7d65a4b9331739725a21e686df206,31,4,Krawitan,180,31|4
/kaggle/input/datasets/hertiyani/batik-nitik-960-official-mendeley/Batik Nitik 960/Batik Nitik 960 Images/31 Krawitan 4_rotate_270.jpg,31 Krawitan 4_rotate_270.jpg,31 Krawitan,512,512,47368,93be1be4d6cb39cb952964538c6ef6bf,31,4,Krawitan,270,31|4
/kaggle/input/datasets/hertiyani/batik-nitik-960-official-mendeley/Batik Nitik 960/Batik Nitik 960 Images/31 Krawitan 4_rotate_90.jpg,31 Krawitan 4_rotate_90.jpg,31 Krawitan,512,512,47425,8c3f6cb48d81b50cb2a9c3a946915f3e,31,4,Krawitan,90,31|4
/kaggle/input/datasets/hertiyani/batik-nitik-960-official-mendeley/Batik Nitik 960/Batik Nitik 960 Images/32 Cinde Wilis 1.jpg,32 Cinde Wilis 1.jpg,32 Cinde Wilis,512,512,68868,38e96cf8e5cea643676e9e2ddf5618a5,32,1,Cinde Wilis,0,32|1
/kaggle/input/datasets/hertiyani/batik-nitik-960-official-mendeley/Batik Nitik 960/Batik Nitik 960 Images/32 Cinde Wilis 1_rotate_180.jpg,32 Cinde Wilis 1_rotate_180.jpg,32 Cinde Wilis,512,512,68990,948391382cd608f3416d7b10a0cc62a7,32,1,Cinde Wilis,180,32|1
/kaggle/input/datasets/hertiyani/batik-nitik-960-official-mendeley/Batik Nitik 960/Batik Nitik 960 Images/32 Cinde Wilis 1_rotate_270.jpg,32 Cinde Wilis 1_rotate_270.jpg,32 Cinde Wilis,512,512,67680,9a93d605a0ec372473e874c1f9fa15e3,32,1,Cinde Wilis,270,32|1
/kaggle/input/datasets/hertiyani/batik-nitik-960-official-mendeley/Batik Nitik 960/Batik Nitik 960 Images/32 Cinde Wilis 1_rotate_90.jpg,32 Cinde Wilis 1_rotate_90.jpg,32 Cinde Wilis,512,512,67826,9d82f4b70d11044299ab4f471bbc73b8,32,1,Cinde Wilis,90,32|1
/kaggle/input/datasets/hertiyani/batik-nitik-960-official-mendeley/Batik Nitik 960/Batik Nitik 960 Images/32 Cinde Wilis 2.jpg,32 Cinde Wilis 2.jpg,32 Cinde Wilis,512,512,64781,0464bca0a988240408d2d34bc5e371d4,32,2,Cinde Wilis,0,32|2
/kaggle/input/datasets/hertiyani/batik-nitik-960-official-mendeley/Batik Nitik 960/Batik Nitik 960 Images/32 Cinde Wilis 2_rotate_180.jpg,32 Cinde Wilis 2_rotate_180.jpg,32 Cinde Wilis,512,512,64366,95b5c87d72e7e7185dda30ce9615b2e5,32,2,Cinde Wilis,180,32|2
/kaggle/input/datasets/hertiyani/batik-nitik-960-official-mendeley/Batik Nitik 960/Batik Nitik 960 Images/32 Cinde Wilis 2_rotate_270.jpg,32 Cinde Wilis 2_rotate_270.jpg,32 Cinde Wilis,512,512,58791,e310445066e7de6ad047cd1c1bef3f67,32,2,Cinde Wilis,270,32|2
/kaggle/input/datasets/hertiyani/batik-nitik-960-official-mendeley/Batik Nitik 960/Batik Nitik 960 Images/32 Cinde Wilis 2_rotate_90.jpg,32 Cinde Wilis 2_rotate_90.jpg,32 Cinde Wilis,512,512,58962,9e286e1f1797ae707685350965aad371,32,2,Cinde Wilis,90,32|2
/kaggle/input/datasets/hertiyani/batik-nitik-960-official-mendeley/Batik Nitik 960/Batik Nitik 960 Images/32 Cinde Wilis 3.jpg,32 Cinde Wilis 3.jpg,32 Cinde Wilis,512,512,69042,e93cbffe5c65bf2bff554e73635a1f05,32,3,Cinde Wilis,0,32|3
/kaggle/input/datasets/hertiyani/batik-nitik-960-official-mendeley/Batik Nitik 960/Batik Nitik 960 Images/32 Cinde Wilis 3_rotate_180.jpg,32 Cinde Wilis 3_rotate_180.jpg,32 Cinde Wilis,512,512,69168,9d00ee69b5d4875304ac8591e778b3bc,32,3,Cinde Wilis,180,32|3
/kaggle/input/datasets/hertiyani/batik-nitik-960-official-mendeley/Batik Nitik 960/Batik Nitik 960 Images/32 Cinde Wilis 3_rotate_270.jpg,32 Cinde Wilis 3_rotate_270.jpg,32 Cinde Wilis,512,512,62712,2e9f8576b2e18d92a3582a0be9b61355,32,3,Cinde Wilis,270,32|3
/kaggle/input/datasets/hertiyani/batik-nitik-960-official-mendeley/Batik Nitik 960/Batik Nitik 960 Images/32 Cinde Wilis 3_rotate_90.jpg,32 Cinde Wilis 3_rotate_90.jpg,32 Cinde Wilis,512,512,62614,105c1bb67d016d6ddf1514d7f4412a17,32,3,Cinde Wilis,90,32|3
/kaggle/input/datasets/hertiyani/batik-nitik-960-official-mendeley/Batik Nitik 960/Batik Nitik 960 Images/32 Cinde Wilis 4.jpg,32 Cinde Wilis 4.jpg,32 Cinde Wilis,512,512,66050,b9bcbb5969d8f93a40f54e8836832497,32,4,Cinde Wilis,0,32|4
/kaggle/input/datasets/hertiyani/batik-nitik-960-official-mendeley/Batik Nitik 960/Batik Nitik 960 Images/32 Cinde Wilis 4_rotate_180.jpg,32 Cinde Wilis 4_rotate_180.jpg,32 Cinde Wilis,512,512,66120,39e734a0ba132687ad1a5ce7d6c1162a,32,4,Cinde Wilis,180,32|4
/kaggle/input/datasets/hertiyani/batik-nitik-960-official-mendeley/Batik Nitik 960/Batik Nitik 960 Images/32 Cinde Wilis 4_rotate_270.jpg,32 Cinde Wilis 4_rotate_270.jpg,32 Cinde Wilis,512,512,63932,f95f4601f968da82838953bed0987874,32,4,Cinde Wilis,270,32|4
/kaggle/input/datasets/hertiyani/batik-nitik-960-official-mendeley/Batik Nitik 960/Batik Nitik 960 Images/32 Cinde Wilis 4_rotate_90.jpg,32 Cinde Wilis 4_rotate_90.jpg,32 Cinde Wilis,512,512,63753,516ae39cb4c033b2d33cf7cd15712622,32,4,Cinde Wilis,90,32|4
/kaggle/input/datasets/hertiyani/batik-nitik-960-official-mendeley/Batik Nitik 960/Batik Nitik 960 Images/33 Sekar Mlathi 1.jpg,33 Sekar Mlathi 1.jpg,33 Sekar Mlathi,512,512,67631,2bb221742cd56bfc4d23ffdf55e98222,33,1,Sekar Mlathi,0,33|1
/kaggle/input/datasets/hertiyani/batik-nitik-960-official-mendeley/Batik Nitik 960/Batik Nitik 960 Images/33 Sekar Mlathi 1_rotate_180.jpg,33 Sekar Mlathi 1_rotate_180.jpg,33 Sekar Mlathi,512,512,67690,53dd4e5e8f9f103b0dfa26af5be6948c,33,1,Sekar Mlathi,180,33|1
/kaggle/input/datasets/hertiyani/batik-nitik-960-official-mendeley/Batik Nitik 960/Batik Nitik 960 Images/33 Sekar Mlathi 1_rotate_270.jpg,33 Sekar Mlathi 1_rotate_270.jpg,33 Sekar Mlathi,512,512,66458,0a81dde4deb30d5a8b3188cf9899a4f3,33,1,Sekar Mlathi,270,33|1
/kaggle/input/datasets/hertiyani/batik-nitik-960-official-mendeley/Batik Nitik 960/Batik Nitik 960 Images/33 Sekar Mlathi 1_rotate_90.jpg,33 Sekar Mlathi 1_rotate_90.jpg,33 Sekar Mlathi,512,512,66950,89b1960dfa8dcd0bcc1cb1a821065625,33,1,Sekar Mlathi,90,33|1
/kaggle/input/datasets/hertiyani/batik-nitik-960-official-mendeley/Batik Nitik 960/Batik Nitik 960 Images/33 Sekar Mlathi 2.jpg,33 Sekar Mlathi 2.jpg,33 Sekar Mlathi,512,512,65839,539ccc83d31948c398a5e561a4dee8c5,33,2,Sekar Mlathi,0,33|2
/kaggle/input/datasets/hertiyani/batik-nitik-960-official-mendeley/Batik Nitik 960/Batik Nitik 960 Images/33 Sekar Mlathi 2_rotate_180.jpg,33 Sekar Mlathi 2_rotate_180.jpg,33 Sekar Mlathi,512,512,66158,234f8ba6e445321c5ae49785666e04a8,33,2,Sekar Mlathi,180,33|2
/kaggle/input/datasets/hertiyani/batik-nitik-960-official-mendeley/Batik Nitik 960/Batik Nitik 960 Images/33 Sekar Mlathi 2_rotate_270.jpg,33 Sekar Mlathi 2_rotate_270.jpg,33 Sekar Mlathi,512,512,63603,3ef84ba5dd2cf8e997aaa9cd43e22e8b,33,2,Sekar Mlathi,270,33|2
/kaggle/input/datasets/hertiyani/batik-nitik-960-official-mendeley/Batik Nitik 960/Batik Nitik 960 Images/33 Sekar Mlathi 2_rotate_90.jpg,33 Sekar Mlathi 2_rotate_90.jpg,33 Sekar Mlathi,512,512,64301,42a58b33d037cc1d186601d9da441565,33,2,Sekar Mlathi,90,33|2
/kaggle/input/datasets/hertiyani/batik-nitik-960-official-mendeley/Batik Nitik 960/Batik Nitik 960 Images/33 Sekar Mlathi 3.jpg,33 Sekar Mlathi 3.jpg,33 Sekar Mlathi,512,512,68340,ec896bb0ef89f55c1d591a400a215650,33,3,Sekar Mlathi,0,33|3
/kaggle/input/datasets/hertiyani/batik-nitik-960-official-mendeley/Batik Nitik 960/Batik Nitik 960 Images/33 Sekar Mlathi 3_rotate_180.jpg,33 Sekar Mlathi 3_rotate_180.jpg,33 Sekar Mlathi,512,512,68389,779db49a25baef8b699e4d955b6f8f1c,33,3,Sekar Mlathi,180,33|3
/kaggle/input/datasets/hertiyani/batik-nitik-960-official-mendeley/Batik Nitik 960/Batik Nitik 960 Images/33 Sekar Mlathi 3_rotate_270.jpg,33 Sekar Mlathi 3_rotate_270.jpg,33 Sekar Mlathi,512,512,67981,2f76d7176cbdedf4169678c4d6db0f4b,33,3,Sekar Mlathi,270,33|3
/kaggle/input/datasets/hertiyani/batik-nitik-960-official-mendeley/Batik Nitik 960/Batik Nitik 960 Images/33 Sekar Mlathi 3_rotate_90.jpg,33 Sekar Mlathi 3_rotate_90.jpg,33 Sekar Mlathi,512,512,68261,25c8c7b9cec42b3f26f7227b05237991,33,3,Sekar Mlathi,90,33|3
/kaggle/input/datasets/hertiyani/batik-nitik-960-official-mendeley/Batik Nitik 960/Batik Nitik 960 Images/33 Sekar Mlathi 4.jpg,33 Sekar Mlathi 4.jpg,33 Sekar Mlathi,512,512,68754,05e623a5a48450711c6fb3300f857c94,33,4,Sekar Mlathi,0,33|4
/kaggle/input/datasets/hertiyani/batik-nitik-960-official-mendeley/Batik Nitik 960/Batik Nitik 960 Images/33 Sekar Mlathi 4_rotate_180.jpg,33 Sekar Mlathi 4_rotate_180.jpg,33 Sekar Mlathi,512,512,69400,0757a5ed0f288e601151f6b730a73d7e,33,4,Sekar Mlathi,180,33|4
/kaggle/input/datasets/hertiyani/batik-nitik-960-official-mendeley/Batik Nitik 960/Batik Nitik 960 Images/33 Sekar Mlathi 4_rotate_270.jpg,33 Sekar Mlathi 4_rotate_270.jpg,33 Sekar Mlathi,512,512,62575,2ca22f8e3dc47eb424616d19da27759b,33,4,Sekar Mlathi,270,33|4
/kaggle/input/datasets/hertiyani/batik-nitik-960-official-mendeley/Batik Nitik 960/Batik Nitik 960 Images/33 Sekar Mlathi 4_rotate_90.jpg,33 Sekar Mlathi 4_rotate_90.jpg,33 Sekar Mlathi,512,512,62406,f92e8e40cf5ac8bcdb3a7a22dc0f3814,33,4,Sekar Mlathi,90,33|4
/kaggle/input/datasets/hertiyani/batik-nitik-960-official-mendeley/Batik Nitik 960/Batik Nitik 960 Images/34 Kuncup Kanthil 1.jpg,34 Kuncup Kanthil 1.jpg,34 Kuncup Kanthil,512,512,61230,e1685fa8f718c2611584fffe77344411,34,1,Kuncup Kanthil,0,34|1
/kaggle/input/datasets/hertiyani/batik-nitik-960-official-mendeley/Batik Nitik 960/Batik Nitik 960 Images/34 Kuncup Kanthil 1_rotate_180.jpg,34 Kuncup Kanthil 1_rotate_180.jpg,34 Kuncup Kanthil,512,512,60678,72bef6ba015f26aeb929dbed7216987d,34,1,Kuncup Kanthil,180,34|1
/kaggle/input/datasets/hertiyani/batik-nitik-960-official-mendeley/Batik Nitik 960/Batik Nitik 960 Images/34 Kuncup Kanthil 1_rotate_270.jpg,34 Kuncup Kanthil 1_rotate_270.jpg,34 Kuncup Kanthil,512,512,60626,4e50e973c08bbf6d053e48b6fdbd8b11,34,1,Kuncup Kanthil,270,34|1
/kaggle/input/datasets/hertiyani/batik-nitik-960-official-mendeley/Batik Nitik 960/Batik Nitik 960 Images/34 Kuncup Kanthil 1_rotate_90.jpg,34 Kuncup Kanthil 1_rotate_90.jpg,34 Kuncup Kanthil,512,512,60934,4568171204bc20e0340366d3b68e3375,34,1,Kuncup Kanthil,90,34|1
/kaggle/input/datasets/hertiyani/batik-nitik-960-official-mendeley/Batik Nitik 960/Batik Nitik 960 Images/34 Kuncup Kanthil 2.jpg,34 Kuncup Kanthil 2.jpg,34 Kuncup Kanthil,512,512,58416,e2fbcdf2968cd89e0f10709dd6df68c9,34,2,Kuncup Kanthil,0,34|2
/kaggle/input/datasets/hertiyani/batik-nitik-960-official-mendeley/Batik Nitik 960/Batik Nitik 960 Images/34 Kuncup Kanthil 2_rotate_180.jpg,34 Kuncup Kanthil 2_rotate_180.jpg,34 Kuncup Kanthil,512,512,57719,aed01bca8aa1c1a4919b917b232e744a,34,2,Kuncup Kanthil,180,34|2
/kaggle/input/datasets/hertiyani/batik-nitik-960-official-mendeley/Batik Nitik 960/Batik Nitik 960 Images/34 Kuncup Kanthil 2_rotate_270.jpg,34 Kuncup Kanthil 2_rotate_270.jpg,34 Kuncup Kanthil,512,512,53545,31899e48b70731bf0afa43765fdc12ac,34,2,Kuncup Kanthil,270,34|2
/kaggle/input/datasets/hertiyani/batik-nitik-960-official-mendeley/Batik Nitik 960/Batik Nitik 960 Images/34 Kuncup Kanthil 2_rotate_90.jpg,34 Kuncup Kanthil 2_rotate_90.jpg,34 Kuncup Kanthil,512,512,53497,a7af43a707972dcf0d5c6648bf46064f,34,2,Kuncup Kanthil,90,34|2
/kaggle/input/datasets/hertiyani/batik-nitik-960-official-mendeley/Batik Nitik 960/Batik Nitik 960 Images/34 Kuncup Kanthil 3.jpg,34 Kuncup Kanthil 3.jpg,34 Kuncup Kanthil,512,512,59893,b956c213f3f6b11385dafe5d275e2935,34,3,Kuncup Kanthil,0,34|3
/kaggle/input/datasets/hertiyani/batik-nitik-960-official-mendeley/Batik Nitik 960/Batik Nitik 960 Images/34 Kuncup Kanthil 3_rotate_180.jpg,34 Kuncup Kanthil 3_rotate_180.jpg,34 Kuncup Kanthil,512,512,59237,a28404c574c833a38e88f733da33e388,34,3,Kuncup Kanthil,180,34|3
/kaggle/input/datasets/hertiyani/batik-nitik-960-official-mendeley/Batik Nitik 960/Batik Nitik 960 Images/34 Kuncup Kanthil 3_rotate_270.jpg,34 Kuncup Kanthil 3_rotate_270.jpg,34 Kuncup Kanthil,512,512,54020,0d045fa2a97034473923c09ef6c0d597,34,3,Kuncup Kanthil,270,34|3
/kaggle/input/datasets/hertiyani/batik-nitik-960-official-mendeley/Batik Nitik 960/Batik Nitik 960 Images/34 Kuncup Kanthil 3_rotate_90.jpg,34 Kuncup Kanthil 3_rotate_90.jpg,34 Kuncup Kanthil,512,512,54434,9053d0570cabcd39dc76fdf2f2dcecab,34,3,Kuncup Kanthil,90,34|3
/kaggle/input/datasets/hertiyani/batik-nitik-960-official-mendeley/Batik Nitik 960/Batik Nitik 960 Images/34 Kuncup Kanthil 4.jpg,34 Kuncup Kanthil 4.jpg,34 Kuncup Kanthil,512,512,58492,8d7dbbd4c5e2793d3a549d25892f1909,34,4,Kuncup Kanthil,0,34|4
/kaggle/input/datasets/hertiyani/batik-nitik-960-official-mendeley/Batik Nitik 960/Batik Nitik 960 Images/34 Kuncup Kanthil 4_rotate_180.jpg,34 Kuncup Kanthil 4_rotate_180.jpg,34 Kuncup Kanthil,512,512,58842,02d375576407ed68326fe57ee01295ec,34,4,Kuncup Kanthil,180,34|4
/kaggle/input/datasets/hertiyani/batik-nitik-960-official-mendeley/Batik Nitik 960/Batik Nitik 960 Images/34 Kuncup Kanthil 4_rotate_270.jpg,34 Kuncup Kanthil 4_rotate_270.jpg,34 Kuncup Kanthil,512,512,53746,7b6daf2eb3bc288624a35e7a8222404b,34,4,Kuncup Kanthil,270,34|4
/kaggle/input/datasets/hertiyani/batik-nitik-960-official-mendeley/Batik Nitik 960/Batik Nitik 960 Images/34 Kuncup Kanthil 4_rotate_90.jpg,34 Kuncup Kanthil 4_rotate_90.jpg,34 Kuncup Kanthil,512,512,53872,fab933aad8e32d134afd0d65e11d3384,34,4,Kuncup Kanthil,90,34|4
/kaggle/input/datasets/hertiyani/batik-nitik-960-official-mendeley/Batik Nitik 960/Batik Nitik 960 Images/35 Sekar Dangan 1.jpg,35 Sekar Dangan 1.jpg,35 Sekar Dangan,512,512,63801,aacffd46e3635fa4c6fd41f36f9f2ea3,35,1,Sekar Dangan,0,35|1
/kaggle/input/datasets/hertiyani/batik-nitik-960-official-mendeley/Batik Nitik 960/Batik Nitik 960 Images/35 Sekar Dangan 1_rotate_180.jpg,35 Sekar Dangan 1_rotate_180.jpg,35 Sekar Dangan,512,512,62832,873ee2eb6321b12f971cc1defa0e37ad,35,1,Sekar Dangan,180,35|1
/kaggle/input/datasets/hertiyani/batik-nitik-960-official-mendeley/Batik Nitik 960/Batik Nitik 960 Images/35 Sekar Dangan 1_rotate_270.jpg,35 Sekar Dangan 1_rotate_270.jpg,35 Sekar Dangan,512,512,58572,13b01adc32696572a4a812b458ad5307,35,1,Sekar Dangan,270,35|1
/kaggle/input/datasets/hertiyani/batik-nitik-960-official-mendeley/Batik Nitik 960/Batik Nitik 960 Images/35 Sekar Dangan 1_rotate_90.jpg,35 Sekar Dangan 1_rotate_90.jpg,35 Sekar Dangan,512,512,58357,f0d5e7cb6d3a187ed23b98912e0a7ace,35,1,Sekar Dangan,90,35|1
/kaggle/input/datasets/hertiyani/batik-nitik-960-official-mendeley/Batik Nitik 960/Batik Nitik 960 Images/35 Sekar Dangan 2.jpg,35 Sekar Dangan 2.jpg,35 Sekar Dangan,512,512,61493,21410fbe57d34417712e85600217f05a,35,2,Sekar Dangan,0,35|2
/kaggle/input/datasets/hertiyani/batik-nitik-960-official-mendeley/Batik Nitik 960/Batik Nitik 960 Images/35 Sekar Dangan 2_rotate_180.jpg,35 Sekar Dangan 2_rotate_180.jpg,35 Sekar Dangan,512,512,61006,1a1b2b88723310404350f5b326db5626,35,2,Sekar Dangan,180,35|2
/kaggle/input/datasets/hertiyani/batik-nitik-960-official-mendeley/Batik Nitik 960/Batik Nitik 960 Images/35 Sekar Dangan 2_rotate_270.jpg,35 Sekar Dangan 2_rotate_270.jpg,35 Sekar Dangan,512,512,59565,8df0abfb379b69cf4cef3f42de1df327,35,2,Sekar Dangan,270,35|2
/kaggle/input/datasets/hertiyani/batik-nitik-960-official-mendeley/Batik Nitik 960/Batik Nitik 960 Images/35 Sekar Dangan 2_rotate_90.jpg,35 Sekar Dangan 2_rotate_90.jpg,35 Sekar Dangan,512,512,59907,5b424b7975dba85af323f80776def0f9,35,2,Sekar Dangan,90,35|2
/kaggle/input/datasets/hertiyani/batik-nitik-960-official-mendeley/Batik Nitik 960/Batik Nitik 960 Images/35 Sekar Dangan 3.jpg,35 Sekar Dangan 3.jpg,35 Sekar Dangan,512,512,63630,59f386d4e056dd0d3e3a5b3d27f72c9b,35,3,Sekar Dangan,0,35|3
/kaggle/input/datasets/hertiyani/batik-nitik-960-official-mendeley/Batik Nitik 960/Batik Nitik 960 Images/35 Sekar Dangan 3_rotate_180.jpg,35 Sekar Dangan 3_rotate_180.jpg,35 Sekar Dangan,512,512,62874,422eb5544a2db39dcf18c4ba48b72dc5,35,3,Sekar Dangan,180,35|3
/kaggle/input/datasets/hertiyani/batik-nitik-960-official-mendeley/Batik Nitik 960/Batik Nitik 960 Images/35 Sekar Dangan 3_rotate_270.jpg,35 Sekar Dangan 3_rotate_270.jpg,35 Sekar Dangan,512,512,58793,06e0350ef6908cffc2f355a3a9c87a16,35,3,Sekar Dangan,270,35|3
/kaggle/input/datasets/hertiyani/batik-nitik-960-official-mendeley/Batik Nitik 960/Batik Nitik 960 Images/35 Sekar Dangan 3_rotate_90.jpg,35 Sekar Dangan 3_rotate_90.jpg,35 Sekar Dangan,512,512,59103,d6e497e4efce301433fe9aa4af9a5751,35,3,Sekar Dangan,90,35|3
/kaggle/input/datasets/hertiyani/batik-nitik-960-official-mendeley/Batik Nitik 960/Batik Nitik 960 Images/35 Sekar Dangan 4.jpg,35 Sekar Dangan 4.jpg,35 Sekar Dangan,512,512,61614,9c418d219c732902a1ab81eae63c2bf2,35,4,Sekar Dangan,0,35|4
/kaggle/input/datasets/hertiyani/batik-nitik-960-official-mendeley/Batik Nitik 960/Batik Nitik 960 Images/35 Sekar Dangan 4_rotate_180.jpg,35 Sekar Dangan 4_rotate_180.jpg,35 Sekar Dangan,512,512,61290,7d35ff68b58dc6ad65c4f8a4c5b86a9a,35,4,Sekar Dangan,180,35|4
/kaggle/input/datasets/hertiyani/batik-nitik-960-official-mendeley/Batik Nitik 960/Batik Nitik 960 Images/35 Sekar Dangan 4_rotate_270.jpg,35 Sekar Dangan 4_rotate_270.jpg,35 Sekar Dangan,512,512,56719,2ef8b0f20d87e02fc5e5eb8aab4588a0,35,4,Sekar Dangan,270,35|4
/kaggle/input/datasets/hertiyani/batik-nitik-960-official-mendeley/Batik Nitik 960/Batik Nitik 960 Images/35 Sekar Dangan 4_rotate_90.jpg,35 Sekar Dangan 4_rotate_90.jpg,35 Sekar Dangan,512,512,56911,6d89f9668968d68a533f28661da69174,35,4,Sekar Dangan,90,35|4
/kaggle/input/datasets/hertiyani/batik-nitik-960-official-mendeley/Batik Nitik 960/Batik Nitik 960 Images/36 Sekar Sawo 1.jpg,36 Sekar Sawo 1.jpg,36 Sekar Sawo,512,512,59216,d325d33643d406df52ab27ac7601f034,36,1,Sekar Sawo,0,36|1
/kaggle/input/datasets/hertiyani/batik-nitik-960-official-mendeley/Batik Nitik 960/Batik Nitik 960 Images/36 Sekar Sawo 1_rotate_180.jpg,36 Sekar Sawo 1_rotate_180.jpg,36 Sekar Sawo,512,512,59111,8b9ae594ed61558d73110daaf49c894f,36,1,Sekar Sawo,180,36|1
/kaggle/input/datasets/hertiyani/batik-nitik-960-official-mendeley/Batik Nitik 960/Batik Nitik 960 Images/36 Sekar Sawo 1_rotate_270.jpg,36 Sekar Sawo 1_rotate_270.jpg,36 Sekar Sawo,512,512,53764,fe3497afc612ee13bc0aa9976ecd3331,36,1,Sekar Sawo,270,36|1
/kaggle/input/datasets/hertiyani/batik-nitik-960-official-mendeley/Batik Nitik 960/Batik Nitik 960 Images/36 Sekar Sawo 1_rotate_90.jpg,36 Sekar Sawo 1_rotate_90.jpg,36 Sekar Sawo,512,512,53735,6c3af2c48276acbccfb20b8f4d5b7986,36,1,Sekar Sawo,90,36|1
/kaggle/input/datasets/hertiyani/batik-nitik-960-official-mendeley/Batik Nitik 960/Batik Nitik 960 Images/36 Sekar Sawo 2.jpg,36 Sekar Sawo 2.jpg,36 Sekar Sawo,512,512,57204,cdb140f8d07b07cf76f3df354b75b555,36,2,Sekar Sawo,0,36|2
/kaggle/input/datasets/hertiyani/batik-nitik-960-official-mendeley/Batik Nitik 960/Batik Nitik 960 Images/36 Sekar Sawo 2_rotate_180.jpg,36 Sekar Sawo 2_rotate_180.jpg,36 Sekar Sawo,512,512,57211,8ad4cfa29bd0c341ce1a693bd1084b0c,36,2,Sekar Sawo,180,36|2
/kaggle/input/datasets/hertiyani/batik-nitik-960-official-mendeley/Batik Nitik 960/Batik Nitik 960 Images/36 Sekar Sawo 2_rotate_270.jpg,36 Sekar Sawo 2_rotate_270.jpg,36 Sekar Sawo,512,512,57146,b0e7047867800c90fa490d0ab22f60ac,36,2,Sekar Sawo,270,36|2
/kaggle/input/datasets/hertiyani/batik-nitik-960-official-mendeley/Batik Nitik 960/Batik Nitik 960 Images/36 Sekar Sawo 2_rotate_90.jpg,36 Sekar Sawo 2_rotate_90.jpg,36 Sekar Sawo,512,512,57285,65a9e51443a814838f4a7a50c138f79f,36,2,Sekar Sawo,90,36|2
/kaggle/input/datasets/hertiyani/batik-nitik-960-official-mendeley/Batik Nitik 960/Batik Nitik 960 Images/36 Sekar Sawo 3.jpg,36 Sekar Sawo 3.jpg,36 Sekar Sawo,512,512,56534,37fd5c5a08ed8e5d5fdc4d57b023176e,36,3,Sekar Sawo,0,36|3
/kaggle/input/datasets/hertiyani/batik-nitik-960-official-mendeley/Batik Nitik 960/Batik Nitik 960 Images/36 Sekar Sawo 3_rotate_180.jpg,36 Sekar Sawo 3_rotate_180.jpg,36 Sekar Sawo,512,512,56371,c293117cab897ddc6b87149b9bb23c52,36,3,Sekar Sawo,180,36|3
/kaggle/input/datasets/hertiyani/batik-nitik-960-official-mendeley/Batik Nitik 960/Batik Nitik 960 Images/36 Sekar Sawo 3_rotate_270.jpg,36 Sekar Sawo 3_rotate_270.jpg,36 Sekar Sawo,512,512,55749,1e10396bf34cf59e3da14e2f9d0d0a01,36,3,Sekar Sawo,270,36|3
/kaggle/input/datasets/hertiyani/batik-nitik-960-official-mendeley/Batik Nitik 960/Batik Nitik 960 Images/36 Sekar Sawo 3_rotate_90.jpg,36 Sekar Sawo 3_rotate_90.jpg,36 Sekar Sawo,512,512,55666,0b6c9e7567de2ecce4ddb22487bda5fe,36,3,Sekar Sawo,90,36|3
/kaggle/input/datasets/hertiyani/batik-nitik-960-official-mendeley/Batik Nitik 960/Batik Nitik 960 Images/36 Sekar Sawo 4.jpg,36 Sekar Sawo 4.jpg,36 Sekar Sawo,512,512,56096,bf3cb11ff048a47fef943d64208d2f73,36,4,Sekar Sawo,0,36|4
/kaggle/input/datasets/hertiyani/batik-nitik-960-official-mendeley/Batik Nitik 960/Batik Nitik 960 Images/36 Sekar Sawo 4_rotate_180.jpg,36 Sekar Sawo 4_rotate_180.jpg,36 Sekar Sawo,512,512,56286,97b3c1b82b20805ebfc9c44c1e33cb74,36,4,Sekar Sawo,180,36|4
/kaggle/input/datasets/hertiyani/batik-nitik-960-official-mendeley/Batik Nitik 960/Batik Nitik 960 Images/36 Sekar Sawo 4_rotate_270.jpg,36 Sekar Sawo 4_rotate_270.jpg,36 Sekar Sawo,512,512,51760,dcd61fd54cf6e20b4b8caca42ab16d64,36,4,Sekar Sawo,270,36|4
/kaggle/input/datasets/hertiyani/batik-nitik-960-official-mendeley/Batik Nitik 960/Batik Nitik 960 Images/36 Sekar Sawo 4_rotate_90.jpg,36 Sekar Sawo 4_rotate_90.jpg,36 Sekar Sawo,512,512,51920,b0026500295200e1e3496a621f01b3c9,36,4,Sekar Sawo,90,36|4
/kaggle/input/datasets/hertiyani/batik-nitik-960-official-mendeley/Batik Nitik 960/Batik Nitik 960 Images/37 Manggar 1.jpg,37 Manggar 1.jpg,37 Manggar,512,512,66359,ce977caa1282c35b7be8ea2808ba93fc,37,1,Manggar,0,37|1
/kaggle/input/datasets/hertiyani/batik-nitik-960-official-mendeley/Batik Nitik 960/Batik Nitik 960 Images/37 Manggar 1_rotate_180.jpg,37 Manggar 1_rotate_180.jpg,37 Manggar,512,512,66771,abc7828f1f482a3381bcf10ea181248c,37,1,Manggar,180,37|1
/kaggle/input/datasets/hertiyani/batik-nitik-960-official-mendeley/Batik Nitik 960/Batik Nitik 960 Images/37 Manggar 1_rotate_270.jpg,37 Manggar 1_rotate_270.jpg,37 Manggar,512,512,66194,84e0492f650aee6f77bdffd9c1a89efa,37,1,Manggar,270,37|1
/kaggle/input/datasets/hertiyani/batik-nitik-960-official-mendeley/Batik Nitik 960/Batik Nitik 960 Images/37 Manggar 1_rotate_90.jpg,37 Manggar 1_rotate_90.jpg,37 Manggar,512,512,66182,214d478699a5a20a05867699a124e019,37,1,Manggar,90,37|1
/kaggle/input/datasets/hertiyani/batik-nitik-960-official-mendeley/Batik Nitik 960/Batik Nitik 960 Images/37 Manggar 2.jpg,37 Manggar 2.jpg,37 Manggar,512,512,66002,b5cedae072726a65c19970d3c33fa37f,37,2,Manggar,0,37|2
/kaggle/input/datasets/hertiyani/batik-nitik-960-official-mendeley/Batik Nitik 960/Batik Nitik 960 Images/37 Manggar 2_rotate_180.jpg,37 Manggar 2_rotate_180.jpg,37 Manggar,512,512,66024,c7610cb77a8b43e2e02e22b785e05161,37,2,Manggar,180,37|2
/kaggle/input/datasets/hertiyani/batik-nitik-960-official-mendeley/Batik Nitik 960/Batik Nitik 960 Images/37 Manggar 2_rotate_270.jpg,37 Manggar 2_rotate_270.jpg,37 Manggar,512,512,64001,cab8dc94d368a40fc445385b87c26256,37,2,Manggar,270,37|2
/kaggle/input/datasets/hertiyani/batik-nitik-960-official-mendeley/Batik Nitik 960/Batik Nitik 960 Images/37 Manggar 2_rotate_90.jpg,37 Manggar 2_rotate_90.jpg,37 Manggar,512,512,64264,34441b0c38c729896ff3fe45029eb080,37,2,Manggar,90,37|2
/kaggle/input/datasets/hertiyani/batik-nitik-960-official-mendeley/Batik Nitik 960/Batik Nitik 960 Images/37 Manggar 3.jpg,37 Manggar 3.jpg,37 Manggar,512,512,68070,b72868dca152aef6a79a91833cb6bca1,37,3,Manggar,0,37|3
/kaggle/input/datasets/hertiyani/batik-nitik-960-official-mendeley/Batik Nitik 960/Batik Nitik 960 Images/37 Manggar 3_rotate_180.jpg,37 Manggar 3_rotate_180.jpg,37 Manggar,512,512,68087,30a3aba224ae0453302a12fecee6105d,37,3,Manggar,180,37|3
/kaggle/input/datasets/hertiyani/batik-nitik-960-official-mendeley/Batik Nitik 960/Batik Nitik 960 Images/37 Manggar 3_rotate_270.jpg,37 Manggar 3_rotate_270.jpg,37 Manggar,512,512,67136,2567a658239a7c5f77f68c4c52a797ef,37,3,Manggar,270,37|3
/kaggle/input/datasets/hertiyani/batik-nitik-960-official-mendeley/Batik Nitik 960/Batik Nitik 960 Images/37 Manggar 3_rotate_90.jpg,37 Manggar 3_rotate_90.jpg,37 Manggar,512,512,67636,ef262272d7ebd148bb77539dc68923bc,37,3,Manggar,90,37|3
/kaggle/input/datasets/hertiyani/batik-nitik-960-official-mendeley/Batik Nitik 960/Batik Nitik 960 Images/37 Manggar 4.jpg,37 Manggar 4.jpg,37 Manggar,512,512,68517,5eab6771b480004631e79d0b9dc9e6f9,37,4,Manggar,0,37|4
/kaggle/input/datasets/hertiyani/batik-nitik-960-official-mendeley/Batik Nitik 960/Batik Nitik 960 Images/37 Manggar 4_rotate_180.jpg,37 Manggar 4_rotate_180.jpg,37 Manggar,512,512,68389,fcde0e1dbc588e78321230758b95ce54,37,4,Manggar,180,37|4
/kaggle/input/datasets/hertiyani/batik-nitik-960-official-mendeley/Batik Nitik 960/Batik Nitik 960 Images/37 Manggar 4_rotate_270.jpg,37 Manggar 4_rotate_270.jpg,37 Manggar,512,512,59239,a61413662040c8611e32ebe7787422d9,37,4,Manggar,270,37|4
/kaggle/input/datasets/hertiyani/batik-nitik-960-official-mendeley/Batik Nitik 960/Batik Nitik 960 Images/37 Manggar 4_rotate_90.jpg,37 Manggar 4_rotate_90.jpg,37 Manggar,512,512,58935,3aecf0a671dfc6fe0a515d9ed984e89c,37,4,Manggar,90,37|4
/kaggle/input/datasets/hertiyani/batik-nitik-960-official-mendeley/Batik Nitik 960/Batik Nitik 960 Images/38 Sekar Cengkeh 1.jpg,38 Sekar Cengkeh 1.jpg,38 Sekar Cengkeh,512,512,73575,bbf13b8f17017f14ce4ff572494f7d91,38,1,Sekar Cengkeh,0,38|1
/kaggle/input/datasets/hertiyani/batik-nitik-960-official-mendeley/Batik Nitik 960/Batik Nitik 960 Images/38 Sekar Cengkeh 1_rotate_180.jpg,38 Sekar Cengkeh 1_rotate_180.jpg,38 Sekar Cengkeh,512,512,73499,c267f3b99852a0784885638e2957a16e,38,1,Sekar Cengkeh,180,38|1
/kaggle/input/datasets/hertiyani/batik-nitik-960-official-mendeley/Batik Nitik 960/Batik Nitik 960 Images/38 Sekar Cengkeh 1_rotate_270.jpg,38 Sekar Cengkeh 1_rotate_270.jpg,38 Sekar Cengkeh,512,512,72744,e60173c2a95c53bb255bb473fb1c5936,38,1,Sekar Cengkeh,270,38|1
/kaggle/input/datasets/hertiyani/batik-nitik-960-official-mendeley/Batik Nitik 960/Batik Nitik 960 Images/38 Sekar Cengkeh 1_rotate_90.jpg,38 Sekar Cengkeh 1_rotate_90.jpg,38 Sekar Cengkeh,512,512,73015,6ff8d117b3b623c632bf0389eb07b63a,38,1,Sekar Cengkeh,90,38|1
/kaggle/input/datasets/hertiyani/batik-nitik-960-official-mendeley/Batik Nitik 960/Batik Nitik 960 Images/38 Sekar Cengkeh 2.jpg,38 Sekar Cengkeh 2.jpg,38 Sekar Cengkeh,512,512,71606,c901f7a1f9217ec01213363174ebe9d7,38,2,Sekar Cengkeh,0,38|2
/kaggle/input/datasets/hertiyani/batik-nitik-960-official-mendeley/Batik Nitik 960/Batik Nitik 960 Images/38 Sekar Cengkeh 2_rotate_180.jpg,38 Sekar Cengkeh 2_rotate_180.jpg,38 Sekar Cengkeh,512,512,71615,55bce2cde9e05ddc54f6ff49c0e5fed9,38,2,Sekar Cengkeh,180,38|2
/kaggle/input/datasets/hertiyani/batik-nitik-960-official-mendeley/Batik Nitik 960/Batik Nitik 960 Images/38 Sekar Cengkeh 2_rotate_270.jpg,38 Sekar Cengkeh 2_rotate_270.jpg,38 Sekar Cengkeh,512,512,65355,a97765c9f4cb14eef1c4906101455926,38,2,Sekar Cengkeh,270,38|2
/kaggle/input/datasets/hertiyani/batik-nitik-960-official-mendeley/Batik Nitik 960/Batik Nitik 960 Images/38 Sekar Cengkeh 2_rotate_90.jpg,38 Sekar Cengkeh 2_rotate_90.jpg,38 Sekar Cengkeh,512,512,65338,ab2a06af07fac07f9aedba020376a21e,38,2,Sekar Cengkeh,90,38|2
/kaggle/input/datasets/hertiyani/batik-nitik-960-official-mendeley/Batik Nitik 960/Batik Nitik 960 Images/38 Sekar Cengkeh 3.jpg,38 Sekar Cengkeh 3.jpg,38 Sekar Cengkeh,512,512,74518,62f22536d05fb58d8507db4d3f768eb3,38,3,Sekar Cengkeh,0,38|3
/kaggle/input/datasets/hertiyani/batik-nitik-960-official-mendeley/Batik Nitik 960/Batik Nitik 960 Images/38 Sekar Cengkeh 3_rotate_180.jpg,38 Sekar Cengkeh 3_rotate_180.jpg,38 Sekar Cengkeh,512,512,74227,a28fa3fc1673146d010394779584d394,38,3,Sekar Cengkeh,180,38|3
/kaggle/input/datasets/hertiyani/batik-nitik-960-official-mendeley/Batik Nitik 960/Batik Nitik 960 Images/38 Sekar Cengkeh 3_rotate_270.jpg,38 Sekar Cengkeh 3_rotate_270.jpg,38 Sekar Cengkeh,512,512,66937,379ffec12e39c805e6e5506d7d85bd74,38,3,Sekar Cengkeh,270,38|3
/kaggle/input/datasets/hertiyani/batik-nitik-960-official-mendeley/Batik Nitik 960/Batik Nitik 960 Images/38 Sekar Cengkeh 3_rotate_90.jpg,38 Sekar Cengkeh 3_rotate_90.jpg,38 Sekar Cengkeh,512,512,66642,3504984f27be10026039e8a7132d68ac,38,3,Sekar Cengkeh,90,38|3
/kaggle/input/datasets/hertiyani/batik-nitik-960-official-mendeley/Batik Nitik 960/Batik Nitik 960 Images/38 Sekar Cengkeh 4.jpg,38 Sekar Cengkeh 4.jpg,38 Sekar Cengkeh,512,512,74042,8649c78d1946d1ee5fab9a1a2fc0409e,38,4,Sekar Cengkeh,0,38|4
/kaggle/input/datasets/hertiyani/batik-nitik-960-official-mendeley/Batik Nitik 960/Batik Nitik 960 Images/38 Sekar Cengkeh 4_rotate_180.jpg,38 Sekar Cengkeh 4_rotate_180.jpg,38 Sekar Cengkeh,512,512,74234,05983154277b1e6749c996b602af1df0,38,4,Sekar Cengkeh,180,38|4
/kaggle/input/datasets/hertiyani/batik-nitik-960-official-mendeley/Batik Nitik 960/Batik Nitik 960 Images/38 Sekar Cengkeh 4_rotate_270.jpg,38 Sekar Cengkeh 4_rotate_270.jpg,38 Sekar Cengkeh,512,512,72343,5591ae28d4cc20431b4280480c27ef2f,38,4,Sekar Cengkeh,270,38|4
/kaggle/input/datasets/hertiyani/batik-nitik-960-official-mendeley/Batik Nitik 960/Batik Nitik 960 Images/38 Sekar Cengkeh 4_rotate_90.jpg,38 Sekar Cengkeh 4_rotate_90.jpg,38 Sekar Cengkeh,512,512,72509,719b197a49964609cadc0ab870886f62,38,4,Sekar Cengkeh,90,38|4
/kaggle/input/datasets/hertiyani/batik-nitik-960-official-mendeley/Batik Nitik 960/Batik Nitik 960 Images/39 Sritaman 1.jpg,39 Sritaman 1.jpg,39 Sritaman,512,512,57818,d4fa0f9838b66000391436bd559a760e,39,1,Sritaman,0,39|1
/kaggle/input/datasets/hertiyani/batik-nitik-960-official-mendeley/Batik Nitik 960/Batik Nitik 960 Images/39 Sritaman 1_rotate_180.jpg,39 Sritaman 1_rotate_180.jpg,39 Sritaman,512,512,57475,e3393bac85977d00e6c7a0dcb2670fa3,39,1,Sritaman,180,39|1
/kaggle/input/datasets/hertiyani/batik-nitik-960-official-mendeley/Batik Nitik 960/Batik Nitik 960 Images/39 Sritaman 1_rotate_270.jpg,39 Sritaman 1_rotate_270.jpg,39 Sritaman,512,512,55540,3664e6a7ec1efb3c654d603829cd6132,39,1,Sritaman,270,39|1
/kaggle/input/datasets/hertiyani/batik-nitik-960-official-mendeley/Batik Nitik 960/Batik Nitik 960 Images/39 Sritaman 1_rotate_90.jpg,39 Sritaman 1_rotate_90.jpg,39 Sritaman,512,512,55522,cbf4bb1c9385963167e967f36aef7ae6,39,1,Sritaman,90,39|1
/kaggle/input/datasets/hertiyani/batik-nitik-960-official-mendeley/Batik Nitik 960/Batik Nitik 960 Images/39 Sritaman 2.jpg,39 Sritaman 2.jpg,39 Sritaman,512,512,56453,d2f31c68a5294d5fd0fd4b522323ed6f,39,2,Sritaman,0,39|2
/kaggle/input/datasets/hertiyani/batik-nitik-960-official-mendeley/Batik Nitik 960/Batik Nitik 960 Images/39 Sritaman 2_rotate_180.jpg,39 Sritaman 2_rotate_180.jpg,39 Sritaman,512,512,56580,0dc615facc99a74775114d26fd216acb,39,2,Sritaman,180,39|2
/kaggle/input/datasets/hertiyani/batik-nitik-960-official-mendeley/Batik Nitik 960/Batik Nitik 960 Images/39 Sritaman 2_rotate_270.jpg,39 Sritaman 2_rotate_270.jpg,39 Sritaman,512,512,51707,421e745aeff91b6ce5c0c1c9a2a148c4,39,2,Sritaman,270,39|2
/kaggle/input/datasets/hertiyani/batik-nitik-960-official-mendeley/Batik Nitik 960/Batik Nitik 960 Images/39 Sritaman 2_rotate_90.jpg,39 Sritaman 2_rotate_90.jpg,39 Sritaman,512,512,51601,58bd77e86137594ebffbafcd680e743e,39,2,Sritaman,90,39|2
/kaggle/input/datasets/hertiyani/batik-nitik-960-official-mendeley/Batik Nitik 960/Batik Nitik 960 Images/39 Sritaman 3.jpg,39 Sritaman 3.jpg,39 Sritaman,512,512,58404,338e21afe97ba197ae829ca0df2d7cb4,39,3,Sritaman,0,39|3
/kaggle/input/datasets/hertiyani/batik-nitik-960-official-mendeley/Batik Nitik 960/Batik Nitik 960 Images/39 Sritaman 3_rotate_180.jpg,39 Sritaman 3_rotate_180.jpg,39 Sritaman,512,512,58683,6d78db1fc3188d0a30f2c976355ebdf0,39,3,Sritaman,180,39|3
/kaggle/input/datasets/hertiyani/batik-nitik-960-official-mendeley/Batik Nitik 960/Batik Nitik 960 Images/39 Sritaman 3_rotate_270.jpg,39 Sritaman 3_rotate_270.jpg,39 Sritaman,512,512,50144,2b0f1765a27fd21b2cc1a4facd4c25a5,39,3,Sritaman,270,39|3
/kaggle/input/datasets/hertiyani/batik-nitik-960-official-mendeley/Batik Nitik 960/Batik Nitik 960 Images/39 Sritaman 3_rotate_90.jpg,39 Sritaman 3_rotate_90.jpg,39 Sritaman,512,512,50297,caa83ad4f46299bc444fa9a9228ab19f,39,3,Sritaman,90,39|3
/kaggle/input/datasets/hertiyani/batik-nitik-960-official-mendeley/Batik Nitik 960/Batik Nitik 960 Images/39 Sritaman 4.jpg,39 Sritaman 4.jpg,39 Sritaman,512,512,57928,4da5aa252d66f191692c760df32af2f2,39,4,Sritaman,0,39|4
/kaggle/input/datasets/hertiyani/batik-nitik-960-official-mendeley/Batik Nitik 960/Batik Nitik 960 Images/39 Sritaman 4_rotate_180.jpg,39 Sritaman 4_rotate_180.jpg,39 Sritaman,512,512,56804,15c5069ea9e6efbb1f5159c15b105b34,39,4,Sritaman,180,39|4
/kaggle/input/datasets/hertiyani/batik-nitik-960-official-mendeley/Batik Nitik 960/Batik Nitik 960 Images/39 Sritaman 4_rotate_270.jpg,39 Sritaman 4_rotate_270.jpg,39 Sritaman,512,512,49976,d5d5f6c1d28cd25876afa21a826160e9,39,4,Sritaman,270,39|4
/kaggle/input/datasets/hertiyani/batik-nitik-960-official-mendeley/Batik Nitik 960/Batik Nitik 960 Images/39 Sritaman 4_rotate_90.jpg,39 Sritaman 4_rotate_90.jpg,39 Sritaman,512,512,49571,e80a1b0453e7c18b659c1a3ef87a1005,39,4,Sritaman,90,39|4
/kaggle/input/datasets/hertiyani/batik-nitik-960-official-mendeley/Batik Nitik 960/Batik Nitik 960 Images/4 Sekar Gayam 1.jpg,4 Sekar Gayam 1.jpg,4 Sekar Gayam,512,512,68243,95702fd25887acc132ea0d71b92e4a71,4,1,Sekar Gayam,0,4|1
/kaggle/input/datasets/hertiyani/batik-nitik-960-official-mendeley/Batik Nitik 960/Batik Nitik 960 Images/4 Sekar Gayam 1_rotate_180.jpg,4 Sekar Gayam 1_rotate_180.jpg,4 Sekar Gayam,512,512,68177,db7c75bdada528f055ea34e71b008c9b,4,1,Sekar Gayam,180,4|1
/kaggle/input/datasets/hertiyani/batik-nitik-960-official-mendeley/Batik Nitik 960/Batik Nitik 960 Images/4 Sekar Gayam 1_rotate_270.jpg,4 Sekar Gayam 1_rotate_270.jpg,4 Sekar Gayam,512,512,68020,5166c5a911803de608469a7d690ecd7d,4,1,Sekar Gayam,270,4|1
/kaggle/input/datasets/hertiyani/batik-nitik-960-official-mendeley/Batik Nitik 960/Batik Nitik 960 Images/4 Sekar Gayam 1_rotate_90.jpg,4 Sekar Gayam 1_rotate_90.jpg,4 Sekar Gayam,512,512,67198,ed7ccff8188e816e5642389fa9d38793,4,1,Sekar Gayam,90,4|1
/kaggle/input/datasets/hertiyani/batik-nitik-960-official-mendeley/Batik Nitik 960/Batik Nitik 960 Images/4 Sekar Gayam 2.jpg,4 Sekar Gayam 2.jpg,4 Sekar Gayam,512,512,65401,7751d57ca9eb871f03f43b0d24bb9257,4,2,Sekar Gayam,0,4|2
/kaggle/input/datasets/hertiyani/batik-nitik-960-official-mendeley/Batik Nitik 960/Batik Nitik 960 Images/4 Sekar Gayam 2_rotate_180.jpg,4 Sekar Gayam 2_rotate_180.jpg,4 Sekar Gayam,512,512,65283,affcb901233f039d38a2017001738889,4,2,Sekar Gayam,180,4|2
/kaggle/input/datasets/hertiyani/batik-nitik-960-official-mendeley/Batik Nitik 960/Batik Nitik 960 Images/4 Sekar Gayam 2_rotate_270.jpg,4 Sekar Gayam 2_rotate_270.jpg,4 Sekar Gayam,512,512,64604,a6328e4f99a9cd590841478f436a4bb3,4,2,Sekar Gayam,270,4|2
/kaggle/input/datasets/hertiyani/batik-nitik-960-official-mendeley/Batik Nitik 960/Batik Nitik 960 Images/4 Sekar Gayam 2_rotate_90.jpg,4 Sekar Gayam 2_rotate_90.jpg,4 Sekar Gayam,512,512,64715,22863eb9f8730db7688ed7fb526dfd96,4,2,Sekar Gayam,90,4|2
/kaggle/input/datasets/hertiyani/batik-nitik-960-official-mendeley/Batik Nitik 960/Batik Nitik 960 Images/4 Sekar Gayam 3.jpg,4 Sekar Gayam 3.jpg,4 Sekar Gayam,512,512,68889,cdb4ef6fe54b330ac2e92fe817bb595b,4,3,Sekar Gayam,0,4|3
/kaggle/input/datasets/hertiyani/batik-nitik-960-official-mendeley/Batik Nitik 960/Batik Nitik 960 Images/4 Sekar Gayam 3_rotate_180.jpg,4 Sekar Gayam 3_rotate_180.jpg,4 Sekar Gayam,512,512,68365,5531c1294f8e87265fd580b5003197be,4,3,Sekar Gayam,180,4|3
/kaggle/input/datasets/hertiyani/batik-nitik-960-official-mendeley/Batik Nitik 960/Batik Nitik 960 Images/4 Sekar Gayam 3_rotate_270.jpg,4 Sekar Gayam 3_rotate_270.jpg,4 Sekar Gayam,512,512,62250,ce0b6f6e7e7b5d10ce4451ff6071296c,4,3,Sekar Gayam,270,4|3
/kaggle/input/datasets/hertiyani/batik-nitik-960-official-mendeley/Batik Nitik 960/Batik Nitik 960 Images/4 Sekar Gayam 3_rotate_90.jpg,4 Sekar Gayam 3_rotate_90.jpg,4 Sekar Gayam,512,512,62208,c5891eeb6a92b933a7740c92e2503b02,4,3,Sekar Gayam,90,4|3
/kaggle/input/datasets/hertiyani/batik-nitik-960-official-mendeley/Batik Nitik 960/Batik Nitik 960 Images/4 Sekar Gayam 4.jpg,4 Sekar Gayam 4.jpg,4 Sekar Gayam,512,512,66031,13264770e0e3bb11263f71d08052a332,4,4,Sekar Gayam,0,4|4
/kaggle/input/datasets/hertiyani/batik-nitik-960-official-mendeley/Batik Nitik 960/Batik Nitik 960 Images/4 Sekar Gayam 4_rotate_180.jpg,4 Sekar Gayam 4_rotate_180.jpg,4 Sekar Gayam,512,512,65365,7dd81a0b8cb6eed86a235b3e93bcbd32,4,4,Sekar Gayam,180,4|4
/kaggle/input/datasets/hertiyani/batik-nitik-960-official-mendeley/Batik Nitik 960/Batik Nitik 960 Images/4 Sekar Gayam 4_rotate_270.jpg,4 Sekar Gayam 4_rotate_270.jpg,4 Sekar Gayam,512,512,65091,fc4fd140f950cd7b1b1980bb9e37b2f2,4,4,Sekar Gayam,270,4|4
/kaggle/input/datasets/hertiyani/batik-nitik-960-official-mendeley/Batik Nitik 960/Batik Nitik 960 Images/4 Sekar Gayam 4_rotate_90.jpg,4 Sekar Gayam 4_rotate_90.jpg,4 Sekar Gayam,512,512,64996,75539a0d91a224aa639e1855b6b9c14c,4,4,Sekar Gayam,90,4|4
/kaggle/input/datasets/hertiyani/batik-nitik-960-official-mendeley/Batik Nitik 960/Batik Nitik 960 Images/40 Sekar Mundhu 1.jpg,40 Sekar Mundhu 1.jpg,40 Sekar Mundhu,512,512,72508,19773f1cc187cdd7f5c8ef7c2f3e8694,40,1,Sekar Mundhu,0,40|1
/kaggle/input/datasets/hertiyani/batik-nitik-960-official-mendeley/Batik Nitik 960/Batik Nitik 960 Images/40 Sekar Mundhu 1_rotate_180.jpg,40 Sekar Mundhu 1_rotate_180.jpg,40 Sekar Mundhu,512,512,72751,d3c4d94c69a858d551d7f5ec8cc48778,40,1,Sekar Mundhu,180,40|1
/kaggle/input/datasets/hertiyani/batik-nitik-960-official-mendeley/Batik Nitik 960/Batik Nitik 960 Images/40 Sekar Mundhu 1_rotate_270.jpg,40 Sekar Mundhu 1_rotate_270.jpg,40 Sekar Mundhu,512,512,66232,3b7b5ff9e115b26fad6aa536e140b7e8,40,1,Sekar Mundhu,270,40|1
/kaggle/input/datasets/hertiyani/batik-nitik-960-official-mendeley/Batik Nitik 960/Batik Nitik 960 Images/40 Sekar Mundhu 1_rotate_90.jpg,40 Sekar Mundhu 1_rotate_90.jpg,40 Sekar Mundhu,512,512,66037,8fa361b9e6cd505f35386a3dc5283d27,40,1,Sekar Mundhu,90,40|1
/kaggle/input/datasets/hertiyani/batik-nitik-960-official-mendeley/Batik Nitik 960/Batik Nitik 960 Images/40 Sekar Mundhu 2.jpg,40 Sekar Mundhu 2.jpg,40 Sekar Mundhu,512,512,68535,2b3e6030fba918b3f472c191d5759ecd,40,2,Sekar Mundhu,0,40|2
/kaggle/input/datasets/hertiyani/batik-nitik-960-official-mendeley/Batik Nitik 960/Batik Nitik 960 Images/40 Sekar Mundhu 2_rotate_180.jpg,40 Sekar Mundhu 2_rotate_180.jpg,40 Sekar Mundhu,512,512,69889,751f9ceac4c24f8601d614cd879ef15d,40,2,Sekar Mundhu,180,40|2
/kaggle/input/datasets/hertiyani/batik-nitik-960-official-mendeley/Batik Nitik 960/Batik Nitik 960 Images/40 Sekar Mundhu 2_rotate_270.jpg,40 Sekar Mundhu 2_rotate_270.jpg,40 Sekar Mundhu,512,512,67077,bf513b860cdf8ffa84578efda9788f8d,40,2,Sekar Mundhu,270,40|2
/kaggle/input/datasets/hertiyani/batik-nitik-960-official-mendeley/Batik Nitik 960/Batik Nitik 960 Images/40 Sekar Mundhu 2_rotate_90.jpg,40 Sekar Mundhu 2_rotate_90.jpg,40 Sekar Mundhu,512,512,67025,5b8d1448bd4d3079e25d0289cda883ff,40,2,Sekar Mundhu,90,40|2
/kaggle/input/datasets/hertiyani/batik-nitik-960-official-mendeley/Batik Nitik 960/Batik Nitik 960 Images/40 Sekar Mundhu 3.jpg,40 Sekar Mundhu 3.jpg,40 Sekar Mundhu,512,512,72139,6b758f3a3a3cffe895d007aee482482f,40,3,Sekar Mundhu,0,40|3
/kaggle/input/datasets/hertiyani/batik-nitik-960-official-mendeley/Batik Nitik 960/Batik Nitik 960 Images/40 Sekar Mundhu 3_rotate_180.jpg,40 Sekar Mundhu 3_rotate_180.jpg,40 Sekar Mundhu,512,512,72028,978e77789126aca7539225d7d265525e,40,3,Sekar Mundhu,180,40|3
/kaggle/input/datasets/hertiyani/batik-nitik-960-official-mendeley/Batik Nitik 960/Batik Nitik 960 Images/40 Sekar Mundhu 3_rotate_270.jpg,40 Sekar Mundhu 3_rotate_270.jpg,40 Sekar Mundhu,512,512,65886,ba8d8951e01a4f4bcfcee5db7de06946,40,3,Sekar Mundhu,270,40|3
/kaggle/input/datasets/hertiyani/batik-nitik-960-official-mendeley/Batik Nitik 960/Batik Nitik 960 Images/40 Sekar Mundhu 3_rotate_90.jpg,40 Sekar Mundhu 3_rotate_90.jpg,40 Sekar Mundhu,512,512,65615,51295144d07d2c96b44e618b4be12ed4,40,3,Sekar Mundhu,90,40|3
/kaggle/input/datasets/hertiyani/batik-nitik-960-official-mendeley/Batik Nitik 960/Batik Nitik 960 Images/40 Sekar Mundhu 4.jpg,40 Sekar Mundhu 4.jpg,40 Sekar Mundhu,512,512,71212,5942415cdcbb800c6a9ed672d9efb1d0,40,4,Sekar Mundhu,0,40|4
/kaggle/input/datasets/hertiyani/batik-nitik-960-official-mendeley/Batik Nitik 960/Batik Nitik 960 Images/40 Sekar Mundhu 4_rotate_180.jpg,40 Sekar Mundhu 4_rotate_180.jpg,40 Sekar Mundhu,512,512,70504,0788b003bd3622f1dc996c1a3d5ced9b,40,4,Sekar Mundhu,180,40|4
/kaggle/input/datasets/hertiyani/batik-nitik-960-official-mendeley/Batik Nitik 960/Batik Nitik 960 Images/40 Sekar Mundhu 4_rotate_270.jpg,40 Sekar Mundhu 4_rotate_270.jpg,40 Sekar Mundhu,512,512,63700,9d14c8e7e7dc9d8dcc47c9a4591a56b2,40,4,Sekar Mundhu,270,40|4
/kaggle/input/datasets/hertiyani/batik-nitik-960-official-mendeley/Batik Nitik 960/Batik Nitik 960 Images/40 Sekar Mundhu 4_rotate_90.jpg,40 Sekar Mundhu 4_rotate_90.jpg,40 Sekar Mundhu,512,512,63910,37e96c33bbc3a22618ff96d91b47118d,40,4,Sekar Mundhu,90,40|4
/kaggle/input/datasets/hertiyani/batik-nitik-960-official-mendeley/Batik Nitik 960/Batik Nitik 960 Images/41 Sekar Andhong 1.jpg,41 Sekar Andhong 1.jpg,41 Sekar Andhong,512,512,67594,43600fe3821302c0dfc2506459008d3f,41,1,Sekar Andhong,0,41|1
/kaggle/input/datasets/hertiyani/batik-nitik-960-official-mendeley/Batik Nitik 960/Batik Nitik 960 Images/41 Sekar Andhong 1_rotate_180.jpg,41 Sekar Andhong 1_rotate_180.jpg,41 Sekar Andhong,512,512,67494,bab7b0b5510acafa30ec4916405aec23,41,1,Sekar Andhong,180,41|1
/kaggle/input/datasets/hertiyani/batik-nitik-960-official-mendeley/Batik Nitik 960/Batik Nitik 960 Images/41 Sekar Andhong 1_rotate_270.jpg,41 Sekar Andhong 1_rotate_270.jpg,41 Sekar Andhong,512,512,66156,3175d5b469e7d279de98c14642837fb1,41,1,Sekar Andhong,270,41|1
/kaggle/input/datasets/hertiyani/batik-nitik-960-official-mendeley/Batik Nitik 960/Batik Nitik 960 Images/41 Sekar Andhong 1_rotate_90.jpg,41 Sekar Andhong 1_rotate_90.jpg,41 Sekar Andhong,512,512,65719,6fb6e82e6726dee06759cc41c05b4ec7,41,1,Sekar Andhong,90,41|1
/kaggle/input/datasets/hertiyani/batik-nitik-960-official-mendeley/Batik Nitik 960/Batik Nitik 960 Images/41 Sekar Andhong 2.jpg,41 Sekar Andhong 2.jpg,41 Sekar Andhong,512,512,65283,46b2053c0b0a1d5f52a97d60d7b9d917,41,2,Sekar Andhong,0,41|2
/kaggle/input/datasets/hertiyani/batik-nitik-960-official-mendeley/Batik Nitik 960/Batik Nitik 960 Images/41 Sekar Andhong 2_rotate_180.jpg,41 Sekar Andhong 2_rotate_180.jpg,41 Sekar Andhong,512,512,64775,39b3ddbaaefcee288f6b47c9c5d77ada,41,2,Sekar Andhong,180,41|2
/kaggle/input/datasets/hertiyani/batik-nitik-960-official-mendeley/Batik Nitik 960/Batik Nitik 960 Images/41 Sekar Andhong 2_rotate_270.jpg,41 Sekar Andhong 2_rotate_270.jpg,41 Sekar Andhong,512,512,64518,0dc7730d3f7844a39020e4b283497501,41,2,Sekar Andhong,270,41|2
/kaggle/input/datasets/hertiyani/batik-nitik-960-official-mendeley/Batik Nitik 960/Batik Nitik 960 Images/41 Sekar Andhong 2_rotate_90.jpg,41 Sekar Andhong 2_rotate_90.jpg,41 Sekar Andhong,512,512,64170,3dfde26ed3cda52216bd37a7e1fdbf1b,41,2,Sekar Andhong,90,41|2
/kaggle/input/datasets/hertiyani/batik-nitik-960-official-mendeley/Batik Nitik 960/Batik Nitik 960 Images/41 Sekar Andhong 3.jpg,41 Sekar Andhong 3.jpg,41 Sekar Andhong,512,512,68278,bdc22f747966ff302a25591dd23aadce,41,3,Sekar Andhong,0,41|3
/kaggle/input/datasets/hertiyani/batik-nitik-960-official-mendeley/Batik Nitik 960/Batik Nitik 960 Images/41 Sekar Andhong 3_rotate_180.jpg,41 Sekar Andhong 3_rotate_180.jpg,41 Sekar Andhong,512,512,68182,7ee49e4c0b12f5610af4eda874d73b96,41,3,Sekar Andhong,180,41|3
/kaggle/input/datasets/hertiyani/batik-nitik-960-official-mendeley/Batik Nitik 960/Batik Nitik 960 Images/41 Sekar Andhong 3_rotate_270.jpg,41 Sekar Andhong 3_rotate_270.jpg,41 Sekar Andhong,512,512,67307,f42315db900432f37a517f098800fc6c,41,3,Sekar Andhong,270,41|3
/kaggle/input/datasets/hertiyani/batik-nitik-960-official-mendeley/Batik Nitik 960/Batik Nitik 960 Images/41 Sekar Andhong 3_rotate_90.jpg,41 Sekar Andhong 3_rotate_90.jpg,41 Sekar Andhong,512,512,67098,5963001d3d6eb75ce4cec8c5ead941d6,41,3,Sekar Andhong,90,41|3
/kaggle/input/datasets/hertiyani/batik-nitik-960-official-mendeley/Batik Nitik 960/Batik Nitik 960 Images/41 Sekar Andhong 4.jpg,41 Sekar Andhong 4.jpg,41 Sekar Andhong,512,512,67862,a159e3d5fe764dee25f9a4147a45eaff,41,4,Sekar Andhong,0,41|4
/kaggle/input/datasets/hertiyani/batik-nitik-960-official-mendeley/Batik Nitik 960/Batik Nitik 960 Images/41 Sekar Andhong 4_rotate_180.jpg,41 Sekar Andhong 4_rotate_180.jpg,41 Sekar Andhong,512,512,67847,d49967b577244fed6661146f3e780462,41,4,Sekar Andhong,180,41|4
/kaggle/input/datasets/hertiyani/batik-nitik-960-official-mendeley/Batik Nitik 960/Batik Nitik 960 Images/41 Sekar Andhong 4_rotate_270.jpg,41 Sekar Andhong 4_rotate_270.jpg,41 Sekar Andhong,512,512,64937,acab912b8b3fce851a875a6f2c95ce78,41,4,Sekar Andhong,270,41|4
/kaggle/input/datasets/hertiyani/batik-nitik-960-official-mendeley/Batik Nitik 960/Batik Nitik 960 Images/41 Sekar Andhong 4_rotate_90.jpg,41 Sekar Andhong 4_rotate_90.jpg,41 Sekar Andhong,512,512,66051,5e1636cf8ffa2e5f892c723faedb79e1,41,4,Sekar Andhong,90,41|4
/kaggle/input/datasets/hertiyani/batik-nitik-960-official-mendeley/Batik Nitik 960/Batik Nitik 960 Images/42 Gedhangan 1.jpg,42 Gedhangan 1.jpg,42 Gedhangan,512,512,67723,4570f8a09567c0e9e77e2b6a0d0dd80e,42,1,Gedhangan,0,42|1
/kaggle/input/datasets/hertiyani/batik-nitik-960-official-mendeley/Batik Nitik 960/Batik Nitik 960 Images/42 Gedhangan 1_rotate_180.jpg,42 Gedhangan 1_rotate_180.jpg,42 Gedhangan,512,512,68234,1276005664ce16fa3edfe8a61231c0a1,42,1,Gedhangan,180,42|1
/kaggle/input/datasets/hertiyani/batik-nitik-960-official-mendeley/Batik Nitik 960/Batik Nitik 960 Images/42 Gedhangan 1_rotate_270.jpg,42 Gedhangan 1_rotate_270.jpg,42 Gedhangan,512,512,61928,b9f563b7454e00983877864d0bc3ab17,42,1,Gedhangan,270,42|1
/kaggle/input/datasets/hertiyani/batik-nitik-960-official-mendeley/Batik Nitik 960/Batik Nitik 960 Images/42 Gedhangan 1_rotate_90.jpg,42 Gedhangan 1_rotate_90.jpg,42 Gedhangan,512,512,62030,b07de71073a248b01ef386e7cf1d0d46,42,1,Gedhangan,90,42|1
/kaggle/input/datasets/hertiyani/batik-nitik-960-official-mendeley/Batik Nitik 960/Batik Nitik 960 Images/42 Gedhangan 2.jpg,42 Gedhangan 2.jpg,42 Gedhangan,512,512,65940,4296d66f6e5e356f6dd4b55ffa876a46,42,2,Gedhangan,0,42|2
/kaggle/input/datasets/hertiyani/batik-nitik-960-official-mendeley/Batik Nitik 960/Batik Nitik 960 Images/42 Gedhangan 2_rotate_180.jpg,42 Gedhangan 2_rotate_180.jpg,42 Gedhangan,512,512,66138,a97ef6baf1326deaa15330742b76d657,42,2,Gedhangan,180,42|2
/kaggle/input/datasets/hertiyani/batik-nitik-960-official-mendeley/Batik Nitik 960/Batik Nitik 960 Images/42 Gedhangan 2_rotate_270.jpg,42 Gedhangan 2_rotate_270.jpg,42 Gedhangan,512,512,58187,3e9bcac2cb17823d42c36e66aaa74a95,42,2,Gedhangan,270,42|2
/kaggle/input/datasets/hertiyani/batik-nitik-960-official-mendeley/Batik Nitik 960/Batik Nitik 960 Images/42 Gedhangan 2_rotate_90.jpg,42 Gedhangan 2_rotate_90.jpg,42 Gedhangan,512,512,58527,80aecbab36e627ae7caf851d95933f60,42,2,Gedhangan,90,42|2
/kaggle/input/datasets/hertiyani/batik-nitik-960-official-mendeley/Batik Nitik 960/Batik Nitik 960 Images/42 Gedhangan 3.jpg,42 Gedhangan 3.jpg,42 Gedhangan,512,512,68682,a9422d156534dafce17904bd8ae07478,42,3,Gedhangan,0,42|3
/kaggle/input/datasets/hertiyani/batik-nitik-960-official-mendeley/Batik Nitik 960/Batik Nitik 960 Images/42 Gedhangan 3_rotate_180.jpg,42 Gedhangan 3_rotate_180.jpg,42 Gedhangan,512,512,68509,747010ba88585dfe91d5a5f9245661ca,42,3,Gedhangan,180,42|3
/kaggle/input/datasets/hertiyani/batik-nitik-960-official-mendeley/Batik Nitik 960/Batik Nitik 960 Images/42 Gedhangan 3_rotate_270.jpg,42 Gedhangan 3_rotate_270.jpg,42 Gedhangan,512,512,67023,46b4360f4350d74a75a6ad2d9c9fec6f,42,3,Gedhangan,270,42|3
/kaggle/input/datasets/hertiyani/batik-nitik-960-official-mendeley/Batik Nitik 960/Batik Nitik 960 Images/42 Gedhangan 3_rotate_90.jpg,42 Gedhangan 3_rotate_90.jpg,42 Gedhangan,512,512,67912,ffdb29ffbe0f14cd340b619dbd9b3e0e,42,3,Gedhangan,90,42|3
/kaggle/input/datasets/hertiyani/batik-nitik-960-official-mendeley/Batik Nitik 960/Batik Nitik 960 Images/42 Gedhangan 4.jpg,42 Gedhangan 4.jpg,42 Gedhangan,512,512,67440,52d955fc1d967f26888c36ffdc19fefe,42,4,Gedhangan,0,42|4
/kaggle/input/datasets/hertiyani/batik-nitik-960-official-mendeley/Batik Nitik 960/Batik Nitik 960 Images/42 Gedhangan 4_rotate_180.jpg,42 Gedhangan 4_rotate_180.jpg,42 Gedhangan,512,512,67429,cfdb45896bb874ef5babfd2774093ef2,42,4,Gedhangan,180,42|4
/kaggle/input/datasets/hertiyani/batik-nitik-960-official-mendeley/Batik Nitik 960/Batik Nitik 960 Images/42 Gedhangan 4_rotate_270.jpg,42 Gedhangan 4_rotate_270.jpg,42 Gedhangan,512,512,59626,fbb2f70d9d7177745465131c191e51e2,42,4,Gedhangan,270,42|4
/kaggle/input/datasets/hertiyani/batik-nitik-960-official-mendeley/Batik Nitik 960/Batik Nitik 960 Images/42 Gedhangan 4_rotate_90.jpg,42 Gedhangan 4_rotate_90.jpg,42 Gedhangan,512,512,59925,6f0d9da5aba7d043bb60be7b540de59f,42,4,Gedhangan,90,42|4
/kaggle/input/datasets/hertiyani/batik-nitik-960-official-mendeley/Batik Nitik 960/Batik Nitik 960 Images/43 Sekar Pala 1.jpg,43 Sekar Pala 1.jpg,43 Sekar Pala,512,512,72037,54c2d74ed9b18263ad8df327598d088b,43,1,Sekar Pala,0,43|1
/kaggle/input/datasets/hertiyani/batik-nitik-960-official-mendeley/Batik Nitik 960/Batik Nitik 960 Images/43 Sekar Pala 1_rotate_180.jpg,43 Sekar Pala 1_rotate_180.jpg,43 Sekar Pala,512,512,72243,7e755f31841e58576cb4168c4087a74a,43,1,Sekar Pala,180,43|1
/kaggle/input/datasets/hertiyani/batik-nitik-960-official-mendeley/Batik Nitik 960/Batik Nitik 960 Images/43 Sekar Pala 1_rotate_270.jpg,43 Sekar Pala 1_rotate_270.jpg,43 Sekar Pala,512,512,63863,c702af26ba8257ba417af957f760edf0,43,1,Sekar Pala,270,43|1
/kaggle/input/datasets/hertiyani/batik-nitik-960-official-mendeley/Batik Nitik 960/Batik Nitik 960 Images/43 Sekar Pala 1_rotate_90.jpg,43 Sekar Pala 1_rotate_90.jpg,43 Sekar Pala,512,512,64297,683fe00f637e6541b68474bc64e6d90c,43,1,Sekar Pala,90,43|1
/kaggle/input/datasets/hertiyani/batik-nitik-960-official-mendeley/Batik Nitik 960/Batik Nitik 960 Images/43 Sekar Pala 2.jpg,43 Sekar Pala 2.jpg,43 Sekar Pala,512,512,71943,d9590f0cce649e96a54fd3ba3242c127,43,2,Sekar Pala,0,43|2
/kaggle/input/datasets/hertiyani/batik-nitik-960-official-mendeley/Batik Nitik 960/Batik Nitik 960 Images/43 Sekar Pala 2_rotate_180.jpg,43 Sekar Pala 2_rotate_180.jpg,43 Sekar Pala,512,512,71749,c310c95e7fbafd9bafe8d774fb3decee,43,2,Sekar Pala,180,43|2
/kaggle/input/datasets/hertiyani/batik-nitik-960-official-mendeley/Batik Nitik 960/Batik Nitik 960 Images/43 Sekar Pala 2_rotate_270.jpg,43 Sekar Pala 2_rotate_270.jpg,43 Sekar Pala,512,512,64647,66ab8d571d20b85024f6333025d6a9a2,43,2,Sekar Pala,270,43|2
/kaggle/input/datasets/hertiyani/batik-nitik-960-official-mendeley/Batik Nitik 960/Batik Nitik 960 Images/43 Sekar Pala 2_rotate_90.jpg,43 Sekar Pala 2_rotate_90.jpg,43 Sekar Pala,512,512,64479,ae5fe800ba1c08276bde364de5787528,43,2,Sekar Pala,90,43|2
/kaggle/input/datasets/hertiyani/batik-nitik-960-official-mendeley/Batik Nitik 960/Batik Nitik 960 Images/43 Sekar Pala 3.jpg,43 Sekar Pala 3.jpg,43 Sekar Pala,512,512,70991,68949c796fff3817e10e893b416b9412,43,3,Sekar Pala,0,43|3
/kaggle/input/datasets/hertiyani/batik-nitik-960-official-mendeley/Batik Nitik 960/Batik Nitik 960 Images/43 Sekar Pala 3_rotate_180.jpg,43 Sekar Pala 3_rotate_180.jpg,43 Sekar Pala,512,512,71056,13282c8736b8fe0e02966e2f6ad387ec,43,3,Sekar Pala,180,43|3
/kaggle/input/datasets/hertiyani/batik-nitik-960-official-mendeley/Batik Nitik 960/Batik Nitik 960 Images/43 Sekar Pala 3_rotate_270.jpg,43 Sekar Pala 3_rotate_270.jpg,43 Sekar Pala,512,512,65014,c281a39e9263402dc6b1b9d049c297dd,43,3,Sekar Pala,270,43|3
/kaggle/input/datasets/hertiyani/batik-nitik-960-official-mendeley/Batik Nitik 960/Batik Nitik 960 Images/43 Sekar Pala 3_rotate_90.jpg,43 Sekar Pala 3_rotate_90.jpg,43 Sekar Pala,512,512,64577,d51f7cd0cf00d42717909b21e90c14b0,43,3,Sekar Pala,90,43|3
/kaggle/input/datasets/hertiyani/batik-nitik-960-official-mendeley/Batik Nitik 960/Batik Nitik 960 Images/43 Sekar Pala 4.jpg,43 Sekar Pala 4.jpg,43 Sekar Pala,512,512,71732,ea087ecbad8a64aeaf4b3a2a7e308363,43,4,Sekar Pala,0,43|4
/kaggle/input/datasets/hertiyani/batik-nitik-960-official-mendeley/Batik Nitik 960/Batik Nitik 960 Images/43 Sekar Pala 4_rotate_180.jpg,43 Sekar Pala 4_rotate_180.jpg,43 Sekar Pala,512,512,71214,382744c0c214f17279e8479093609571,43,4,Sekar Pala,180,43|4
/kaggle/input/datasets/hertiyani/batik-nitik-960-official-mendeley/Batik Nitik 960/Batik Nitik 960 Images/43 Sekar Pala 4_rotate_270.jpg,43 Sekar Pala 4_rotate_270.jpg,43 Sekar Pala,512,512,64871,5039fa508a6594e28207a17995ff7ea3,43,4,Sekar Pala,270,43|4
/kaggle/input/datasets/hertiyani/batik-nitik-960-official-mendeley/Batik Nitik 960/Batik Nitik 960 Images/43 Sekar Pala 4_rotate_90.jpg,43 Sekar Pala 4_rotate_90.jpg,43 Sekar Pala,512,512,64579,300e1e9a9b1c06ad7ab3469480f3f48c,43,4,Sekar Pala,90,43|4
/kaggle/input/datasets/hertiyani/batik-nitik-960-official-mendeley/Batik Nitik 960/Batik Nitik 960 Images/44 Klampok Arum 1.jpg,44 Klampok Arum 1.jpg,44 Klampok Arum,512,512,64951,4476e938de6232b91eb5971802bc711a,44,1,Klampok Arum,0,44|1
/kaggle/input/datasets/hertiyani/batik-nitik-960-official-mendeley/Batik Nitik 960/Batik Nitik 960 Images/44 Klampok Arum 1_rotate_180.jpg,44 Klampok Arum 1_rotate_180.jpg,44 Klampok Arum,512,512,64584,66c858a918d9896eacb401e9ebb07a78,44,1,Klampok Arum,180,44|1
/kaggle/input/datasets/hertiyani/batik-nitik-960-official-mendeley/Batik Nitik 960/Batik Nitik 960 Images/44 Klampok Arum 1_rotate_270.jpg,44 Klampok Arum 1_rotate_270.jpg,44 Klampok Arum,512,512,60261,818c587c4579ae4700f83251914d84e7,44,1,Klampok Arum,270,44|1
/kaggle/input/datasets/hertiyani/batik-nitik-960-official-mendeley/Batik Nitik 960/Batik Nitik 960 Images/44 Klampok Arum 1_rotate_90.jpg,44 Klampok Arum 1_rotate_90.jpg,44 Klampok Arum,512,512,60274,6ba02bb9a69e79d82e26be57a811cb31,44,1,Klampok Arum,90,44|1
/kaggle/input/datasets/hertiyani/batik-nitik-960-official-mendeley/Batik Nitik 960/Batik Nitik 960 Images/44 Klampok Arum 2.jpg,44 Klampok Arum 2.jpg,44 Klampok Arum,512,512,64370,e78d51abf728c5964718df9f0eb3a51d,44,2,Klampok Arum,0,44|2
/kaggle/input/datasets/hertiyani/batik-nitik-960-official-mendeley/Batik Nitik 960/Batik Nitik 960 Images/44 Klampok Arum 2_rotate_180.jpg,44 Klampok Arum 2_rotate_180.jpg,44 Klampok Arum,512,512,64135,c59100e75656a9ced364bb0feabb0159,44,2,Klampok Arum,180,44|2
/kaggle/input/datasets/hertiyani/batik-nitik-960-official-mendeley/Batik Nitik 960/Batik Nitik 960 Images/44 Klampok Arum 2_rotate_270.jpg,44 Klampok Arum 2_rotate_270.jpg,44 Klampok Arum,512,512,59480,b93f2ca4a0af502bd38b6090efe4df21,44,2,Klampok Arum,270,44|2
/kaggle/input/datasets/hertiyani/batik-nitik-960-official-mendeley/Batik Nitik 960/Batik Nitik 960 Images/44 Klampok Arum 2_rotate_90.jpg,44 Klampok Arum 2_rotate_90.jpg,44 Klampok Arum,512,512,59506,13d73910ed4bfdbfd0c551312fdc0315,44,2,Klampok Arum,90,44|2
/kaggle/input/datasets/hertiyani/batik-nitik-960-official-mendeley/Batik Nitik 960/Batik Nitik 960 Images/44 Klampok Arum 3.jpg,44 Klampok Arum 3.jpg,44 Klampok Arum,512,512,66350,19e754a1938fcc6e78ed89fe4defb5f9,44,3,Klampok Arum,0,44|3
/kaggle/input/datasets/hertiyani/batik-nitik-960-official-mendeley/Batik Nitik 960/Batik Nitik 960 Images/44 Klampok Arum 3_rotate_180.jpg,44 Klampok Arum 3_rotate_180.jpg,44 Klampok Arum,512,512,66334,d63b8bd92ebc45c5b9fa98a84200a0b0,44,3,Klampok Arum,180,44|3
/kaggle/input/datasets/hertiyani/batik-nitik-960-official-mendeley/Batik Nitik 960/Batik Nitik 960 Images/44 Klampok Arum 3_rotate_270.jpg,44 Klampok Arum 3_rotate_270.jpg,44 Klampok Arum,512,512,61118,4d00236422c8d641a8f1b06141c2e1c3,44,3,Klampok Arum,270,44|3
/kaggle/input/datasets/hertiyani/batik-nitik-960-official-mendeley/Batik Nitik 960/Batik Nitik 960 Images/44 Klampok Arum 3_rotate_90.jpg,44 Klampok Arum 3_rotate_90.jpg,44 Klampok Arum,512,512,60754,2d3cdb2b95aa1e7ec8be8049131bd314,44,3,Klampok Arum,90,44|3
/kaggle/input/datasets/hertiyani/batik-nitik-960-official-mendeley/Batik Nitik 960/Batik Nitik 960 Images/44 Klampok Arum 4.jpg,44 Klampok Arum 4.jpg,44 Klampok Arum,512,512,65217,a8590afa531d1163601e2902946f3bd8,44,4,Klampok Arum,0,44|4
/kaggle/input/datasets/hertiyani/batik-nitik-960-official-mendeley/Batik Nitik 960/Batik Nitik 960 Images/44 Klampok Arum 4_rotate_180.jpg,44 Klampok Arum 4_rotate_180.jpg,44 Klampok Arum,512,512,65748,7af1492b9dba49482519309d8991289a,44,4,Klampok Arum,180,44|4
/kaggle/input/datasets/hertiyani/batik-nitik-960-official-mendeley/Batik Nitik 960/Batik Nitik 960 Images/44 Klampok Arum 4_rotate_270.jpg,44 Klampok Arum 4_rotate_270.jpg,44 Klampok Arum,512,512,59641,7a71b41417a1d8667bff103d6be9d12a,44,4,Klampok Arum,270,44|4
/kaggle/input/datasets/hertiyani/batik-nitik-960-official-mendeley/Batik Nitik 960/Batik Nitik 960 Images/44 Klampok Arum 4_rotate_90.jpg,44 Klampok Arum 4_rotate_90.jpg,44 Klampok Arum,512,512,59855,67eaacd753563427aece27d13c2ff630,44,4,Klampok Arum,90,44|4
/kaggle/input/datasets/hertiyani/batik-nitik-960-official-mendeley/Batik Nitik 960/Batik Nitik 960 Images/45 Sekar Jali 1.jpg,45 Sekar Jali 1.jpg,45 Sekar Jali,512,512,55346,afc1983ded74d432aa174637c7548c12,45,1,Sekar Jali,0,45|1
/kaggle/input/datasets/hertiyani/batik-nitik-960-official-mendeley/Batik Nitik 960/Batik Nitik 960 Images/45 Sekar Jali 1_rotate_180.jpg,45 Sekar Jali 1_rotate_180.jpg,45 Sekar Jali,512,512,55468,f4d83fd589b5f3de174911a920a5a75c,45,1,Sekar Jali,180,45|1
/kaggle/input/datasets/hertiyani/batik-nitik-960-official-mendeley/Batik Nitik 960/Batik Nitik 960 Images/45 Sekar Jali 1_rotate_270.jpg,45 Sekar Jali 1_rotate_270.jpg,45 Sekar Jali,512,512,52786,56aa23845a922fc7bc55613019be7c84,45,1,Sekar Jali,270,45|1
/kaggle/input/datasets/hertiyani/batik-nitik-960-official-mendeley/Batik Nitik 960/Batik Nitik 960 Images/45 Sekar Jali 1_rotate_90.jpg,45 Sekar Jali 1_rotate_90.jpg,45 Sekar Jali,512,512,52825,4ddd7240f0b71654117598c93fe26908,45,1,Sekar Jali,90,45|1
/kaggle/input/datasets/hertiyani/batik-nitik-960-official-mendeley/Batik Nitik 960/Batik Nitik 960 Images/45 Sekar Jali 2.jpg,45 Sekar Jali 2.jpg,45 Sekar Jali,512,512,54319,4821cbb01aa03203df5bda9af16c70e3,45,2,Sekar Jali,0,45|2
/kaggle/input/datasets/hertiyani/batik-nitik-960-official-mendeley/Batik Nitik 960/Batik Nitik 960 Images/45 Sekar Jali 2_rotate_180.jpg,45 Sekar Jali 2_rotate_180.jpg,45 Sekar Jali,512,512,54134,7f9d62d31f8bcd72d387bece9f1214a0,45,2,Sekar Jali,180,45|2
/kaggle/input/datasets/hertiyani/batik-nitik-960-official-mendeley/Batik Nitik 960/Batik Nitik 960 Images/45 Sekar Jali 2_rotate_270.jpg,45 Sekar Jali 2_rotate_270.jpg,45 Sekar Jali,512,512,52732,255598341a5a2c63eba4467a322197af,45,2,Sekar Jali,270,45|2
/kaggle/input/datasets/hertiyani/batik-nitik-960-official-mendeley/Batik Nitik 960/Batik Nitik 960 Images/45 Sekar Jali 2_rotate_90.jpg,45 Sekar Jali 2_rotate_90.jpg,45 Sekar Jali,512,512,52871,d63e2fcb64dacc24ccda4e102b59ead3,45,2,Sekar Jali,90,45|2
/kaggle/input/datasets/hertiyani/batik-nitik-960-official-mendeley/Batik Nitik 960/Batik Nitik 960 Images/45 Sekar Jali 3.jpg,45 Sekar Jali 3.jpg,45 Sekar Jali,512,512,56318,5464bcd89328c951f7d49abff019fae6,45,3,Sekar Jali,0,45|3
/kaggle/input/datasets/hertiyani/batik-nitik-960-official-mendeley/Batik Nitik 960/Batik Nitik 960 Images/45 Sekar Jali 3_rotate_180.jpg,45 Sekar Jali 3_rotate_180.jpg,45 Sekar Jali,512,512,56241,8e17a7fa497488a7cbc011f288f35ae2,45,3,Sekar Jali,180,45|3
/kaggle/input/datasets/hertiyani/batik-nitik-960-official-mendeley/Batik Nitik 960/Batik Nitik 960 Images/45 Sekar Jali 3_rotate_270.jpg,45 Sekar Jali 3_rotate_270.jpg,45 Sekar Jali,512,512,56101,be499062ce88777b0596014ac8e3c924,45,3,Sekar Jali,270,45|3
/kaggle/input/datasets/hertiyani/batik-nitik-960-official-mendeley/Batik Nitik 960/Batik Nitik 960 Images/45 Sekar Jali 3_rotate_90.jpg,45 Sekar Jali 3_rotate_90.jpg,45 Sekar Jali,512,512,56230,d9664909f1fe084b712713a7e7730822,45,3,Sekar Jali,90,45|3
/kaggle/input/datasets/hertiyani/batik-nitik-960-official-mendeley/Batik Nitik 960/Batik Nitik 960 Images/45 Sekar Jali 4.jpg,45 Sekar Jali 4.jpg,45 Sekar Jali,512,512,55863,92bb47629901e73c2b381989d9cc0c76,45,4,Sekar Jali,0,45|4
/kaggle/input/datasets/hertiyani/batik-nitik-960-official-mendeley/Batik Nitik 960/Batik Nitik 960 Images/45 Sekar Jali 4_rotate_180.jpg,45 Sekar Jali 4_rotate_180.jpg,45 Sekar Jali,512,512,56053,ddc8588dfcc413cbd621c6cef612f652,45,4,Sekar Jali,180,45|4
/kaggle/input/datasets/hertiyani/batik-nitik-960-official-mendeley/Batik Nitik 960/Batik Nitik 960 Images/45 Sekar Jali 4_rotate_270.jpg,45 Sekar Jali 4_rotate_270.jpg,45 Sekar Jali,512,512,54407,a8a2bbaffe6802f6e949de0e7587a66b,45,4,Sekar Jali,270,45|4
/kaggle/input/datasets/hertiyani/batik-nitik-960-official-mendeley/Batik Nitik 960/Batik Nitik 960 Images/45 Sekar Jali 4_rotate_90.jpg,45 Sekar Jali 4_rotate_90.jpg,45 Sekar Jali,512,512,54269,ff2453c1a021e921b6c2b281bd9cee76,45,4,Sekar Jali,90,45|4
/kaggle/input/datasets/hertiyani/batik-nitik-960-official-mendeley/Batik Nitik 960/Batik Nitik 960 Images/46 Sekar Lintang 1.jpg,46 Sekar Lintang 1.jpg,46 Sekar Lintang,512,512,59471,02cbc9c21960e434d12b5d3c9f5a4aec,46,1,Sekar Lintang,0,46|1
/kaggle/input/datasets/hertiyani/batik-nitik-960-official-mendeley/Batik Nitik 960/Batik Nitik 960 Images/46 Sekar Lintang 1_rotate_180.jpg,46 Sekar Lintang 1_rotate_180.jpg,46 Sekar Lintang,512,512,59515,664e0330ce99beb86fcfce0d78a558ad,46,1,Sekar Lintang,180,46|1
/kaggle/input/datasets/hertiyani/batik-nitik-960-official-mendeley/Batik Nitik 960/Batik Nitik 960 Images/46 Sekar Lintang 1_rotate_270.jpg,46 Sekar Lintang 1_rotate_270.jpg,46 Sekar Lintang,512,512,57630,11e772845f3ad97c9ec485eeee05d5ac,46,1,Sekar Lintang,270,46|1
/kaggle/input/datasets/hertiyani/batik-nitik-960-official-mendeley/Batik Nitik 960/Batik Nitik 960 Images/46 Sekar Lintang 1_rotate_90.jpg,46 Sekar Lintang 1_rotate_90.jpg,46 Sekar Lintang,512,512,57673,8b1f326df0a8c17bbb15283333d2032b,46,1,Sekar Lintang,90,46|1
/kaggle/input/datasets/hertiyani/batik-nitik-960-official-mendeley/Batik Nitik 960/Batik Nitik 960 Images/46 Sekar Lintang 2.jpg,46 Sekar Lintang 2.jpg,46 Sekar Lintang,512,512,56795,786141a03a59220b19771f7a555f551a,46,2,Sekar Lintang,0,46|2
/kaggle/input/datasets/hertiyani/batik-nitik-960-official-mendeley/Batik Nitik 960/Batik Nitik 960 Images/46 Sekar Lintang 2_rotate_180.jpg,46 Sekar Lintang 2_rotate_180.jpg,46 Sekar Lintang,512,512,57126,c8c053a691767b34ee02625a24b902a1,46,2,Sekar Lintang,180,46|2
/kaggle/input/datasets/hertiyani/batik-nitik-960-official-mendeley/Batik Nitik 960/Batik Nitik 960 Images/46 Sekar Lintang 2_rotate_270.jpg,46 Sekar Lintang 2_rotate_270.jpg,46 Sekar Lintang,512,512,55414,67461183416670b1cff02367cab94f57,46,2,Sekar Lintang,270,46|2
/kaggle/input/datasets/hertiyani/batik-nitik-960-official-mendeley/Batik Nitik 960/Batik Nitik 960 Images/46 Sekar Lintang 2_rotate_90.jpg,46 Sekar Lintang 2_rotate_90.jpg,46 Sekar Lintang,512,512,55596,8289f9b97e57ac5a8a718fc18cc2a90c,46,2,Sekar Lintang,90,46|2
/kaggle/input/datasets/hertiyani/batik-nitik-960-official-mendeley/Batik Nitik 960/Batik Nitik 960 Images/46 Sekar Lintang 3.jpg,46 Sekar Lintang 3.jpg,46 Sekar Lintang,512,512,57676,c447691cc907c139fc17c92e709a2747,46,3,Sekar Lintang,0,46|3
/kaggle/input/datasets/hertiyani/batik-nitik-960-official-mendeley/Batik Nitik 960/Batik Nitik 960 Images/46 Sekar Lintang 3_rotate_180.jpg,46 Sekar Lintang 3_rotate_180.jpg,46 Sekar Lintang,512,512,57465,1c80283a81bb48d0d8c09ee9fbe8cd36,46,3,Sekar Lintang,180,46|3
/kaggle/input/datasets/hertiyani/batik-nitik-960-official-mendeley/Batik Nitik 960/Batik Nitik 960 Images/46 Sekar Lintang 3_rotate_270.jpg,46 Sekar Lintang 3_rotate_270.jpg,46 Sekar Lintang,512,512,56155,cd361c7772b9363e81b229f0a4450c48,46,3,Sekar Lintang,270,46|3
/kaggle/input/datasets/hertiyani/batik-nitik-960-official-mendeley/Batik Nitik 960/Batik Nitik 960 Images/46 Sekar Lintang 3_rotate_90.jpg,46 Sekar Lintang 3_rotate_90.jpg,46 Sekar Lintang,512,512,55860,a76e7866952d9b731c1f79549ff69e4c,46,3,Sekar Lintang,90,46|3
/kaggle/input/datasets/hertiyani/batik-nitik-960-official-mendeley/Batik Nitik 960/Batik Nitik 960 Images/46 Sekar Lintang 4.jpg,46 Sekar Lintang 4.jpg,46 Sekar Lintang,512,512,55876,dfd795c6055bd5ae27b88136f1d3e260,46,4,Sekar Lintang,0,46|4
/kaggle/input/datasets/hertiyani/batik-nitik-960-official-mendeley/Batik Nitik 960/Batik Nitik 960 Images/46 Sekar Lintang 4_rotate_180.jpg,46 Sekar Lintang 4_rotate_180.jpg,46 Sekar Lintang,512,512,55754,65d7c871e62ebbfbd0b71649f5a3ad08,46,4,Sekar Lintang,180,46|4
/kaggle/input/datasets/hertiyani/batik-nitik-960-official-mendeley/Batik Nitik 960/Batik Nitik 960 Images/46 Sekar Lintang 4_rotate_270.jpg,46 Sekar Lintang 4_rotate_270.jpg,46 Sekar Lintang,512,512,49680,4b708177e9c23a89fd3570fb428850e7,46,4,Sekar Lintang,270,46|4
/kaggle/input/datasets/hertiyani/batik-nitik-960-official-mendeley/Batik Nitik 960/Batik Nitik 960 Images/46 Sekar Lintang 4_rotate_90.jpg,46 Sekar Lintang 4_rotate_90.jpg,46 Sekar Lintang,512,512,49594,fe90f3592c6affd277dbe6e9af5a9eb5,46,4,Sekar Lintang,90,46|4
/kaggle/input/datasets/hertiyani/batik-nitik-960-official-mendeley/Batik Nitik 960/Batik Nitik 960 Images/47 Sekar Kenanga 1.jpg,47 Sekar Kenanga 1.jpg,47 Sekar Kenanga,512,512,65708,4aa9405710ae0e3a94663ca66ba6e2a0,47,1,Sekar Kenanga,0,47|1
/kaggle/input/datasets/hertiyani/batik-nitik-960-official-mendeley/Batik Nitik 960/Batik Nitik 960 Images/47 Sekar Kenanga 1_rotate_180.jpg,47 Sekar Kenanga 1_rotate_180.jpg,47 Sekar Kenanga,512,512,66233,7b393d273f8f920a4989d9c61bf0e178,47,1,Sekar Kenanga,180,47|1
/kaggle/input/datasets/hertiyani/batik-nitik-960-official-mendeley/Batik Nitik 960/Batik Nitik 960 Images/47 Sekar Kenanga 1_rotate_270.jpg,47 Sekar Kenanga 1_rotate_270.jpg,47 Sekar Kenanga,512,512,58851,6642ab5a285a5a01ef7e6d70daf9808e,47,1,Sekar Kenanga,270,47|1
/kaggle/input/datasets/hertiyani/batik-nitik-960-official-mendeley/Batik Nitik 960/Batik Nitik 960 Images/47 Sekar Kenanga 1_rotate_90.jpg,47 Sekar Kenanga 1_rotate_90.jpg,47 Sekar Kenanga,512,512,58629,59a16f50a1a35e5e9844bfaec6e4462a,47,1,Sekar Kenanga,90,47|1
/kaggle/input/datasets/hertiyani/batik-nitik-960-official-mendeley/Batik Nitik 960/Batik Nitik 960 Images/47 Sekar Kenanga 2.jpg,47 Sekar Kenanga 2.jpg,47 Sekar Kenanga,512,512,63779,f675b35fab38f1e9232dc77d4004bf8f,47,2,Sekar Kenanga,0,47|2
/kaggle/input/datasets/hertiyani/batik-nitik-960-official-mendeley/Batik Nitik 960/Batik Nitik 960 Images/47 Sekar Kenanga 2_rotate_180.jpg,47 Sekar Kenanga 2_rotate_180.jpg,47 Sekar Kenanga,512,512,63835,9a180ec7dd7a8ddd30cc3dfb16f3cad5,47,2,Sekar Kenanga,180,47|2
/kaggle/input/datasets/hertiyani/batik-nitik-960-official-mendeley/Batik Nitik 960/Batik Nitik 960 Images/47 Sekar Kenanga 2_rotate_270.jpg,47 Sekar Kenanga 2_rotate_270.jpg,47 Sekar Kenanga,512,512,61884,77418a25218d5e76bf097330c6b2aa0a,47,2,Sekar Kenanga,270,47|2
/kaggle/input/datasets/hertiyani/batik-nitik-960-official-mendeley/Batik Nitik 960/Batik Nitik 960 Images/47 Sekar Kenanga 2_rotate_90.jpg,47 Sekar Kenanga 2_rotate_90.jpg,47 Sekar Kenanga,512,512,61575,f4422871b2e08a7ceda5f0643a4e0a6e,47,2,Sekar Kenanga,90,47|2
/kaggle/input/datasets/hertiyani/batik-nitik-960-official-mendeley/Batik Nitik 960/Batik Nitik 960 Images/47 Sekar Kenanga 3.jpg,47 Sekar Kenanga 3.jpg,47 Sekar Kenanga,512,512,66175,917d5c6e3e71a2b6b0e68cda00a3bb39,47,3,Sekar Kenanga,0,47|3
/kaggle/input/datasets/hertiyani/batik-nitik-960-official-mendeley/Batik Nitik 960/Batik Nitik 960 Images/47 Sekar Kenanga 3_rotate_180.jpg,47 Sekar Kenanga 3_rotate_180.jpg,47 Sekar Kenanga,512,512,65758,6bccdc1e500c01f315dce53e46108f0e,47,3,Sekar Kenanga,180,47|3
/kaggle/input/datasets/hertiyani/batik-nitik-960-official-mendeley/Batik Nitik 960/Batik Nitik 960 Images/47 Sekar Kenanga 3_rotate_270.jpg,47 Sekar Kenanga 3_rotate_270.jpg,47 Sekar Kenanga,512,512,64606,a51b0e6670694a834cfd6c21a456df0f,47,3,Sekar Kenanga,270,47|3
/kaggle/input/datasets/hertiyani/batik-nitik-960-official-mendeley/Batik Nitik 960/Batik Nitik 960 Images/47 Sekar Kenanga 3_rotate_90.jpg,47 Sekar Kenanga 3_rotate_90.jpg,47 Sekar Kenanga,512,512,64167,a32102d042e12ba906063dfcf33cce9d,47,3,Sekar Kenanga,90,47|3
/kaggle/input/datasets/hertiyani/batik-nitik-960-official-mendeley/Batik Nitik 960/Batik Nitik 960 Images/47 Sekar Kenanga 4.jpg,47 Sekar Kenanga 4.jpg,47 Sekar Kenanga,512,512,63712,a2891cbff9a25a6730bf2fef97dd2104,47,4,Sekar Kenanga,0,47|4
/kaggle/input/datasets/hertiyani/batik-nitik-960-official-mendeley/Batik Nitik 960/Batik Nitik 960 Images/47 Sekar Kenanga 4_rotate_180.jpg,47 Sekar Kenanga 4_rotate_180.jpg,47 Sekar Kenanga,512,512,63868,e9a69bf9161a060b1723bcddf4fd5f66,47,4,Sekar Kenanga,180,47|4
/kaggle/input/datasets/hertiyani/batik-nitik-960-official-mendeley/Batik Nitik 960/Batik Nitik 960 Images/47 Sekar Kenanga 4_rotate_270.jpg,47 Sekar Kenanga 4_rotate_270.jpg,47 Sekar Kenanga,512,512,61896,7d055ff3eb5e0920bcdf2fde302b40ab,47,4,Sekar Kenanga,270,47|4
/kaggle/input/datasets/hertiyani/batik-nitik-960-official-mendeley/Batik Nitik 960/Batik Nitik 960 Images/47 Sekar Kenanga 4_rotate_90.jpg,47 Sekar Kenanga 4_rotate_90.jpg,47 Sekar Kenanga,512,512,62113,1cd1e5dfe177bfc08f4432851dd16399,47,4,Sekar Kenanga,90,47|4
/kaggle/input/datasets/hertiyani/batik-nitik-960-official-mendeley/Batik Nitik 960/Batik Nitik 960 Images/48 Sekar Jeruk 1.jpg,48 Sekar Jeruk 1.jpg,48 Sekar Jeruk,512,512,49271,10a02e892860276c798e8e4aaa8f69c6,48,1,Sekar Jeruk,0,48|1
/kaggle/input/datasets/hertiyani/batik-nitik-960-official-mendeley/Batik Nitik 960/Batik Nitik 960 Images/48 Sekar Jeruk 1_rotate_180.jpg,48 Sekar Jeruk 1_rotate_180.jpg,48 Sekar Jeruk,512,512,49291,66909f73558f848ff1616164c0fa41ed,48,1,Sekar Jeruk,180,48|1
/kaggle/input/datasets/hertiyani/batik-nitik-960-official-mendeley/Batik Nitik 960/Batik Nitik 960 Images/48 Sekar Jeruk 1_rotate_270.jpg,48 Sekar Jeruk 1_rotate_270.jpg,48 Sekar Jeruk,512,512,48858,92c9a611854b81196b0b7ba35e880035,48,1,Sekar Jeruk,270,48|1
/kaggle/input/datasets/hertiyani/batik-nitik-960-official-mendeley/Batik Nitik 960/Batik Nitik 960 Images/48 Sekar Jeruk 1_rotate_90.jpg,48 Sekar Jeruk 1_rotate_90.jpg,48 Sekar Jeruk,512,512,48943,ba089931cb8276fef402c4c3a6bebf7f,48,1,Sekar Jeruk,90,48|1
/kaggle/input/datasets/hertiyani/batik-nitik-960-official-mendeley/Batik Nitik 960/Batik Nitik 960 Images/48 Sekar Jeruk 2.jpg,48 Sekar Jeruk 2.jpg,48 Sekar Jeruk,512,512,49271,10a02e892860276c798e8e4aaa8f69c6,48,2,Sekar Jeruk,0,48|2
/kaggle/input/datasets/hertiyani/batik-nitik-960-official-mendeley/Batik Nitik 960/Batik Nitik 960 Images/48 Sekar Jeruk 2_rotate_180.jpg,48 Sekar Jeruk 2_rotate_180.jpg,48 Sekar Jeruk,512,512,49291,66909f73558f848ff1616164c0fa41ed,48,2,Sekar Jeruk,180,48|2
/kaggle/input/datasets/hertiyani/batik-nitik-960-official-mendeley/Batik Nitik 960/Batik Nitik 960 Images/48 Sekar Jeruk 2_rotate_270.jpg,48 Sekar Jeruk 2_rotate_270.jpg,48 Sekar Jeruk,512,512,48858,92c9a611854b81196b0b7ba35e880035,48,2,Sekar Jeruk,270,48|2
/kaggle/input/datasets/hertiyani/batik-nitik-960-official-mendeley/Batik Nitik 960/Batik Nitik 960 Images/48 Sekar Jeruk 2_rotate_90.jpg,48 Sekar Jeruk 2_rotate_90.jpg,48 Sekar Jeruk,512,512,48943,ba089931cb8276fef402c4c3a6bebf7f,48,2,Sekar Jeruk,90,48|2
/kaggle/input/datasets/hertiyani/batik-nitik-960-official-mendeley/Batik Nitik 960/Batik Nitik 960 Images/48 Sekar Jeruk 3.jpg,48 Sekar Jeruk 3.jpg,48 Sekar Jeruk,512,512,49271,10a02e892860276c798e8e4aaa8f69c6,48,3,Sekar Jeruk,0,48|3
/kaggle/input/datasets/hertiyani/batik-nitik-960-official-mendeley/Batik Nitik 960/Batik Nitik 960 Images/48 Sekar Jeruk 3_rotate_180.jpg,48 Sekar Jeruk 3_rotate_180.jpg,48 Sekar Jeruk,512,512,49291,66909f73558f848ff1616164c0fa41ed,48,3,Sekar Jeruk,180,48|3
/kaggle/input/datasets/hertiyani/batik-nitik-960-official-mendeley/Batik Nitik 960/Batik Nitik 960 Images/48 Sekar Jeruk 3_rotate_270.jpg,48 Sekar Jeruk 3_rotate_270.jpg,48 Sekar Jeruk,512,512,48858,92c9a611854b81196b0b7ba35e880035,48,3,Sekar Jeruk,270,48|3
/kaggle/input/datasets/hertiyani/batik-nitik-960-official-mendeley/Batik Nitik 960/Batik Nitik 960 Images/48 Sekar Jeruk 3_rotate_90.jpg,48 Sekar Jeruk 3_rotate_90.jpg,48 Sekar Jeruk,512,512,48943,ba089931cb8276fef402c4c3a6bebf7f,48,3,Sekar Jeruk,90,48|3
/kaggle/input/datasets/hertiyani/batik-nitik-960-official-mendeley/Batik Nitik 960/Batik Nitik 960 Images/48 Sekar Jeruk 4.jpg,48 Sekar Jeruk 4.jpg,48 Sekar Jeruk,512,512,49271,10a02e892860276c798e8e4aaa8f69c6,48,4,Sekar Jeruk,0,48|4
/kaggle/input/datasets/hertiyani/batik-nitik-960-official-mendeley/Batik Nitik 960/Batik Nitik 960 Images/48 Sekar Jeruk 4_rotate_180.jpg,48 Sekar Jeruk 4_rotate_180.jpg,48 Sekar Jeruk,512,512,49291,66909f73558f848ff1616164c0fa41ed,48,4,Sekar Jeruk,180,48|4
/kaggle/input/datasets/hertiyani/batik-nitik-960-official-mendeley/Batik Nitik 960/Batik Nitik 960 Images/48 Sekar Jeruk 4_rotate_270.jpg,48 Sekar Jeruk 4_rotate_270.jpg,48 Sekar Jeruk,512,512,48858,92c9a611854b81196b0b7ba35e880035,48,4,Sekar Jeruk,270,48|4
/kaggle/input/datasets/hertiyani/batik-nitik-960-official-mendeley/Batik Nitik 960/Batik Nitik 960 Images/48 Sekar Jeruk 4_rotate_90.jpg,48 Sekar Jeruk 4_rotate_90.jpg,48 Sekar Jeruk,512,512,48943,ba089931cb8276fef402c4c3a6bebf7f,48,4,Sekar Jeruk,90,48|4
/kaggle/input/datasets/hertiyani/batik-nitik-960-official-mendeley/Batik Nitik 960/Batik Nitik 960 Images/49 Sekar Mindi 1.jpg,49 Sekar Mindi 1.jpg,49 Sekar Mindi,512,512,61108,41539a1dd5494110d7b178ba5d1d31fd,49,1,Sekar Mindi,0,49|1
/kaggle/input/datasets/hertiyani/batik-nitik-960-official-mendeley/Batik Nitik 960/Batik Nitik 960 Images/49 Sekar Mindi 1_rotate_180.jpg,49 Sekar Mindi 1_rotate_180.jpg,49 Sekar Mindi,512,512,60785,34c5d0c19a432b362295597b88b2e410,49,1,Sekar Mindi,180,49|1
/kaggle/input/datasets/hertiyani/batik-nitik-960-official-mendeley/Batik Nitik 960/Batik Nitik 960 Images/49 Sekar Mindi 1_rotate_270.jpg,49 Sekar Mindi 1_rotate_270.jpg,49 Sekar Mindi,512,512,52277,8c9554ac3ea6b3f3f379c801b988b637,49,1,Sekar Mindi,270,49|1
/kaggle/input/datasets/hertiyani/batik-nitik-960-official-mendeley/Batik Nitik 960/Batik Nitik 960 Images/49 Sekar Mindi 1_rotate_90.jpg,49 Sekar Mindi 1_rotate_90.jpg,49 Sekar Mindi,512,512,52341,48c7451847990c5aaaf8a8f9f1fff52b,49,1,Sekar Mindi,90,49|1
/kaggle/input/datasets/hertiyani/batik-nitik-960-official-mendeley/Batik Nitik 960/Batik Nitik 960 Images/49 Sekar Mindi 2.jpg,49 Sekar Mindi 2.jpg,49 Sekar Mindi,512,512,59136,cea30a84801bc2001bc926cab17c4a31,49,2,Sekar Mindi,0,49|2
/kaggle/input/datasets/hertiyani/batik-nitik-960-official-mendeley/Batik Nitik 960/Batik Nitik 960 Images/49 Sekar Mindi 2_rotate_180.jpg,49 Sekar Mindi 2_rotate_180.jpg,49 Sekar Mindi,512,512,59312,e6cf118c71b3ecd1b252c0b967c964de,49,2,Sekar Mindi,180,49|2
/kaggle/input/datasets/hertiyani/batik-nitik-960-official-mendeley/Batik Nitik 960/Batik Nitik 960 Images/49 Sekar Mindi 2_rotate_270.jpg,49 Sekar Mindi 2_rotate_270.jpg,49 Sekar Mindi,512,512,57851,960794b793a1123e1fcc1703887f4268,49,2,Sekar Mindi,270,49|2
/kaggle/input/datasets/hertiyani/batik-nitik-960-official-mendeley/Batik Nitik 960/Batik Nitik 960 Images/49 Sekar Mindi 2_rotate_90.jpg,49 Sekar Mindi 2_rotate_90.jpg,49 Sekar Mindi,512,512,57731,29ec16bb403ee9c272a5450a91fc6222,49,2,Sekar Mindi,90,49|2
/kaggle/input/datasets/hertiyani/batik-nitik-960-official-mendeley/Batik Nitik 960/Batik Nitik 960 Images/49 Sekar Mindi 3.jpg,49 Sekar Mindi 3.jpg,49 Sekar Mindi,512,512,53231,db38c5ddde014678bd354e980011d0d9,49,3,Sekar Mindi,0,49|3
/kaggle/input/datasets/hertiyani/batik-nitik-960-official-mendeley/Batik Nitik 960/Batik Nitik 960 Images/49 Sekar Mindi 3_rotate_180.jpg,49 Sekar Mindi 3_rotate_180.jpg,49 Sekar Mindi,512,512,53228,f37fd0befc96395626c4e39e8b66a2d5,49,3,Sekar Mindi,180,49|3
/kaggle/input/datasets/hertiyani/batik-nitik-960-official-mendeley/Batik Nitik 960/Batik Nitik 960 Images/49 Sekar Mindi 3_rotate_270.jpg,49 Sekar Mindi 3_rotate_270.jpg,49 Sekar Mindi,512,512,53871,e70476d1a016ea08ec379b75e6e7fec7,49,3,Sekar Mindi,270,49|3
/kaggle/input/datasets/hertiyani/batik-nitik-960-official-mendeley/Batik Nitik 960/Batik Nitik 960 Images/49 Sekar Mindi 3_rotate_90.jpg,49 Sekar Mindi 3_rotate_90.jpg,49 Sekar Mindi,512,512,52942,02b0d59d3b8758f5de793fff04c84363,49,3,Sekar Mindi,90,49|3
/kaggle/input/datasets/hertiyani/batik-nitik-960-official-mendeley/Batik Nitik 960/Batik Nitik 960 Images/49 Sekar Mindi 4.jpg,49 Sekar Mindi 4.jpg,49 Sekar Mindi,512,512,51601,d25f52cc54442e4e464dccd025f60fcb,49,4,Sekar Mindi,0,49|4
/kaggle/input/datasets/hertiyani/batik-nitik-960-official-mendeley/Batik Nitik 960/Batik Nitik 960 Images/49 Sekar Mindi 4_rotate_180.jpg,49 Sekar Mindi 4_rotate_180.jpg,49 Sekar Mindi,512,512,51893,8a8c7fcdd4682655910879b5589a166b,49,4,Sekar Mindi,180,49|4
/kaggle/input/datasets/hertiyani/batik-nitik-960-official-mendeley/Batik Nitik 960/Batik Nitik 960 Images/49 Sekar Mindi 4_rotate_270.jpg,49 Sekar Mindi 4_rotate_270.jpg,49 Sekar Mindi,512,512,51061,05eb05a7825432e236d578c00f688165,49,4,Sekar Mindi,270,49|4
/kaggle/input/datasets/hertiyani/batik-nitik-960-official-mendeley/Batik Nitik 960/Batik Nitik 960 Images/49 Sekar Mindi 4_rotate_90.jpg,49 Sekar Mindi 4_rotate_90.jpg,49 Sekar Mindi,512,512,50744,d9b60c6e2c8ecd5edfb0493c46f8cd84,49,4,Sekar Mindi,90,49|4
/kaggle/input/datasets/hertiyani/batik-nitik-960-official-mendeley/Batik Nitik 960/Batik Nitik 960 Images/5 Sekar Pacar 1.jpg,5 Sekar Pacar 1.jpg,5 Sekar Pacar,512,512,65473,f49d65044a3040086499771172e4e5a0,5,1,Sekar Pacar,0,5|1
/kaggle/input/datasets/hertiyani/batik-nitik-960-official-mendeley/Batik Nitik 960/Batik Nitik 960 Images/5 Sekar Pacar 1_rotate_180.jpg,5 Sekar Pacar 1_rotate_180.jpg,5 Sekar Pacar,512,512,64949,888f8b0b354a3239153ab13ca84a0535,5,1,Sekar Pacar,180,5|1
/kaggle/input/datasets/hertiyani/batik-nitik-960-official-mendeley/Batik Nitik 960/Batik Nitik 960 Images/5 Sekar Pacar 1_rotate_270.jpg,5 Sekar Pacar 1_rotate_270.jpg,5 Sekar Pacar,512,512,60038,68c60c416bfd22f79df0ac84077b0110,5,1,Sekar Pacar,270,5|1
/kaggle/input/datasets/hertiyani/batik-nitik-960-official-mendeley/Batik Nitik 960/Batik Nitik 960 Images/5 Sekar Pacar 1_rotate_90.jpg,5 Sekar Pacar 1_rotate_90.jpg,5 Sekar Pacar,512,512,59912,11dd21e489b7177829f6f4b2d08d192c,5,1,Sekar Pacar,90,5|1
/kaggle/input/datasets/hertiyani/batik-nitik-960-official-mendeley/Batik Nitik 960/Batik Nitik 960 Images/5 Sekar Pacar 2.jpg,5 Sekar Pacar 2.jpg,5 Sekar Pacar,512,512,62172,c1e1fcd40111aebc18d45d6d27925d1e,5,2,Sekar Pacar,0,5|2
/kaggle/input/datasets/hertiyani/batik-nitik-960-official-mendeley/Batik Nitik 960/Batik Nitik 960 Images/5 Sekar Pacar 2_rotate_180.jpg,5 Sekar Pacar 2_rotate_180.jpg,5 Sekar Pacar,512,512,62426,00591758b500f423eeefde3b3c964de1,5,2,Sekar Pacar,180,5|2
/kaggle/input/datasets/hertiyani/batik-nitik-960-official-mendeley/Batik Nitik 960/Batik Nitik 960 Images/5 Sekar Pacar 2_rotate_270.jpg,5 Sekar Pacar 2_rotate_270.jpg,5 Sekar Pacar,512,512,60840,57413db8c36b7158bbd5c7d9e78c92b7,5,2,Sekar Pacar,270,5|2
/kaggle/input/datasets/hertiyani/batik-nitik-960-official-mendeley/Batik Nitik 960/Batik Nitik 960 Images/5 Sekar Pacar 2_rotate_90.jpg,5 Sekar Pacar 2_rotate_90.jpg,5 Sekar Pacar,512,512,61388,374df1b201d3cfc4f6cd05a8fa5e1087,5,2,Sekar Pacar,90,5|2
/kaggle/input/datasets/hertiyani/batik-nitik-960-official-mendeley/Batik Nitik 960/Batik Nitik 960 Images/5 Sekar Pacar 3.jpg,5 Sekar Pacar 3.jpg,5 Sekar Pacar,512,512,68243,8892aa2cb07a790139fcde41c0ba8571,5,3,Sekar Pacar,0,5|3
/kaggle/input/datasets/hertiyani/batik-nitik-960-official-mendeley/Batik Nitik 960/Batik Nitik 960 Images/5 Sekar Pacar 3_rotate_180.jpg,5 Sekar Pacar 3_rotate_180.jpg,5 Sekar Pacar,512,512,66581,196e062d2f6b8ef37baf2f811242cb1e,5,3,Sekar Pacar,180,5|3
/kaggle/input/datasets/hertiyani/batik-nitik-960-official-mendeley/Batik Nitik 960/Batik Nitik 960 Images/5 Sekar Pacar 3_rotate_270.jpg,5 Sekar Pacar 3_rotate_270.jpg,5 Sekar Pacar,512,512,62112,aab3f645850125960c7515a45e68e283,5,3,Sekar Pacar,270,5|3
/kaggle/input/datasets/hertiyani/batik-nitik-960-official-mendeley/Batik Nitik 960/Batik Nitik 960 Images/5 Sekar Pacar 3_rotate_90.jpg,5 Sekar Pacar 3_rotate_90.jpg,5 Sekar Pacar,512,512,62127,1ded3aa1786e5e041e4d1242f9dd5e09,5,3,Sekar Pacar,90,5|3
/kaggle/input/datasets/hertiyani/batik-nitik-960-official-mendeley/Batik Nitik 960/Batik Nitik 960 Images/5 Sekar Pacar 4.jpg,5 Sekar Pacar 4.jpg,5 Sekar Pacar,512,512,65871,464e71b9aea6fd404b6a9a81d3f3c901,5,4,Sekar Pacar,0,5|4
/kaggle/input/datasets/hertiyani/batik-nitik-960-official-mendeley/Batik Nitik 960/Batik Nitik 960 Images/5 Sekar Pacar 4_rotate_180.jpg,5 Sekar Pacar 4_rotate_180.jpg,5 Sekar Pacar,512,512,65684,d8d909942e9d6b2daac4e3a95339cc93,5,4,Sekar Pacar,180,5|4
/kaggle/input/datasets/hertiyani/batik-nitik-960-official-mendeley/Batik Nitik 960/Batik Nitik 960 Images/5 Sekar Pacar 4_rotate_270.jpg,5 Sekar Pacar 4_rotate_270.jpg,5 Sekar Pacar,512,512,59332,1e0613342ef0e078ca9faa145d026e74,5,4,Sekar Pacar,270,5|4
/kaggle/input/datasets/hertiyani/batik-nitik-960-official-mendeley/Batik Nitik 960/Batik Nitik 960 Images/5 Sekar Pacar 4_rotate_90.jpg,5 Sekar Pacar 4_rotate_90.jpg,5 Sekar Pacar,512,512,59311,b6b782f5861fad936e55efed1286ae68,5,4,Sekar Pacar,90,5|4
/kaggle/input/datasets/hertiyani/batik-nitik-960-official-mendeley/Batik Nitik 960/Batik Nitik 960 Images/50 Tanjung Gunung 1.jpg,50 Tanjung Gunung 1.jpg,50 Tanjung Gunung,512,512,56113,8e572ce4dc19e926de3c157d989754ed,50,1,Tanjung Gunung,0,50|1
/kaggle/input/datasets/hertiyani/batik-nitik-960-official-mendeley/Batik Nitik 960/Batik Nitik 960 Images/50 Tanjung Gunung 1_rotate_180.jpg,50 Tanjung Gunung 1_rotate_180.jpg,50 Tanjung Gunung,512,512,55824,5dd4a38cefb40491625dbae1b366c7e0,50,1,Tanjung Gunung,180,50|1
/kaggle/input/datasets/hertiyani/batik-nitik-960-official-mendeley/Batik Nitik 960/Batik Nitik 960 Images/50 Tanjung Gunung 1_rotate_270.jpg,50 Tanjung Gunung 1_rotate_270.jpg,50 Tanjung Gunung,512,512,54881,8e75d7ded98208bbcf8be997050f5e41,50,1,Tanjung Gunung,270,50|1
/kaggle/input/datasets/hertiyani/batik-nitik-960-official-mendeley/Batik Nitik 960/Batik Nitik 960 Images/50 Tanjung Gunung 1_rotate_90.jpg,50 Tanjung Gunung 1_rotate_90.jpg,50 Tanjung Gunung,512,512,55605,ffa854f09c0924f4ad3cab18c38f8d31,50,1,Tanjung Gunung,90,50|1
/kaggle/input/datasets/hertiyani/batik-nitik-960-official-mendeley/Batik Nitik 960/Batik Nitik 960 Images/50 Tanjung Gunung 2.jpg,50 Tanjung Gunung 2.jpg,50 Tanjung Gunung,512,512,55732,fb4b39e6eb18f575862ee5bf6a78ff5a,50,2,Tanjung Gunung,0,50|2
/kaggle/input/datasets/hertiyani/batik-nitik-960-official-mendeley/Batik Nitik 960/Batik Nitik 960 Images/50 Tanjung Gunung 2_rotate_180.jpg,50 Tanjung Gunung 2_rotate_180.jpg,50 Tanjung Gunung,512,512,56226,580676379891e0085867cc9b0940a65e,50,2,Tanjung Gunung,180,50|2
/kaggle/input/datasets/hertiyani/batik-nitik-960-official-mendeley/Batik Nitik 960/Batik Nitik 960 Images/50 Tanjung Gunung 2_rotate_270.jpg,50 Tanjung Gunung 2_rotate_270.jpg,50 Tanjung Gunung,512,512,51763,459c9be18b7a71a653898b09691a4571,50,2,Tanjung Gunung,270,50|2
/kaggle/input/datasets/hertiyani/batik-nitik-960-official-mendeley/Batik Nitik 960/Batik Nitik 960 Images/50 Tanjung Gunung 2_rotate_90.jpg,50 Tanjung Gunung 2_rotate_90.jpg,50 Tanjung Gunung,512,512,51367,5192b833f4f93c4a764f1761f293d0f9,50,2,Tanjung Gunung,90,50|2
/kaggle/input/datasets/hertiyani/batik-nitik-960-official-mendeley/Batik Nitik 960/Batik Nitik 960 Images/50 Tanjung Gunung 3.jpg,50 Tanjung Gunung 3.jpg,50 Tanjung Gunung,512,512,51075,781c72633928256ee95a2ff90075387f,50,3,Tanjung Gunung,0,50|3
/kaggle/input/datasets/hertiyani/batik-nitik-960-official-mendeley/Batik Nitik 960/Batik Nitik 960 Images/50 Tanjung Gunung 3_rotate_180.jpg,50 Tanjung Gunung 3_rotate_180.jpg,50 Tanjung Gunung,512,512,50879,f3f2110b6f577895713467745f576aaf,50,3,Tanjung Gunung,180,50|3
/kaggle/input/datasets/hertiyani/batik-nitik-960-official-mendeley/Batik Nitik 960/Batik Nitik 960 Images/50 Tanjung Gunung 3_rotate_270.jpg,50 Tanjung Gunung 3_rotate_270.jpg,50 Tanjung Gunung,512,512,49986,54d9f3761379b258473d695eaf494560,50,3,Tanjung Gunung,270,50|3
/kaggle/input/datasets/hertiyani/batik-nitik-960-official-mendeley/Batik Nitik 960/Batik Nitik 960 Images/50 Tanjung Gunung 3_rotate_90.jpg,50 Tanjung Gunung 3_rotate_90.jpg,50 Tanjung Gunung,512,512,49796,41028b625775650602a9a99013b8bebe,50,3,Tanjung Gunung,90,50|3
/kaggle/input/datasets/hertiyani/batik-nitik-960-official-mendeley/Batik Nitik 960/Batik Nitik 960 Images/50 Tanjung Gunung 4.jpg,50 Tanjung Gunung 4.jpg,50 Tanjung Gunung,512,512,51019,0c28c9e9a1d636afc4d10f3f10eee555,50,4,Tanjung Gunung,0,50|4
/kaggle/input/datasets/hertiyani/batik-nitik-960-official-mendeley/Batik Nitik 960/Batik Nitik 960 Images/50 Tanjung Gunung 4_rotate_180.jpg,50 Tanjung Gunung 4_rotate_180.jpg,50 Tanjung Gunung,512,512,51289,22430f8d80631390b8aa9208af89c2bc,50,4,Tanjung Gunung,180,50|4
/kaggle/input/datasets/hertiyani/batik-nitik-960-official-mendeley/Batik Nitik 960/Batik Nitik 960 Images/50 Tanjung Gunung 4_rotate_270.jpg,50 Tanjung Gunung 4_rotate_270.jpg,50 Tanjung Gunung,512,512,47820,e7d95543185ad4ccf9a4ca6b212f3ada,50,4,Tanjung Gunung,270,50|4
/kaggle/input/datasets/hertiyani/batik-nitik-960-official-mendeley/Batik Nitik 960/Batik Nitik 960 Images/50 Tanjung Gunung 4_rotate_90.jpg,50 Tanjung Gunung 4_rotate_90.jpg,50 Tanjung Gunung,512,512,48085,b5fec64f3dd209ee587cc717e1b527dd,50,4,Tanjung Gunung,90,50|4
/kaggle/input/datasets/hertiyani/batik-nitik-960-official-mendeley/Batik Nitik 960/Batik Nitik 960 Images/51 Sekar Kenikir 1.jpg,51 Sekar Kenikir 1.jpg,51 Sekar Kenikir,512,512,60941,806c7317ff6ae8d3a98825f3f52436ae,51,1,Sekar Kenikir,0,51|1
/kaggle/input/datasets/hertiyani/batik-nitik-960-official-mendeley/Batik Nitik 960/Batik Nitik 960 Images/51 Sekar Kenikir 1_rotate_180.jpg,51 Sekar Kenikir 1_rotate_180.jpg,51 Sekar Kenikir,512,512,61036,9d9ca7dfeefd9f424013370bd130c919,51,1,Sekar Kenikir,180,51|1
/kaggle/input/datasets/hertiyani/batik-nitik-960-official-mendeley/Batik Nitik 960/Batik Nitik 960 Images/51 Sekar Kenikir 1_rotate_270.jpg,51 Sekar Kenikir 1_rotate_270.jpg,51 Sekar Kenikir,512,512,55361,436758ac5e6f7fbe75352d3d2697b2ef,51,1,Sekar Kenikir,270,51|1
/kaggle/input/datasets/hertiyani/batik-nitik-960-official-mendeley/Batik Nitik 960/Batik Nitik 960 Images/51 Sekar Kenikir 1_rotate_90.jpg,51 Sekar Kenikir 1_rotate_90.jpg,51 Sekar Kenikir,512,512,55216,c162b159667dcf7f96dea9a9872d5ab5,51,1,Sekar Kenikir,90,51|1
/kaggle/input/datasets/hertiyani/batik-nitik-960-official-mendeley/Batik Nitik 960/Batik Nitik 960 Images/51 Sekar Kenikir 2.jpg,51 Sekar Kenikir 2.jpg,51 Sekar Kenikir,512,512,60298,bfcafe6a2bc9c3b9b29f7a480f6feae8,51,2,Sekar Kenikir,0,51|2
/kaggle/input/datasets/hertiyani/batik-nitik-960-official-mendeley/Batik Nitik 960/Batik Nitik 960 Images/51 Sekar Kenikir 2_rotate_180.jpg,51 Sekar Kenikir 2_rotate_180.jpg,51 Sekar Kenikir,512,512,59593,8865bee47938077fb480608e0a84720f,51,2,Sekar Kenikir,180,51|2
/kaggle/input/datasets/hertiyani/batik-nitik-960-official-mendeley/Batik Nitik 960/Batik Nitik 960 Images/51 Sekar Kenikir 2_rotate_270.jpg,51 Sekar Kenikir 2_rotate_270.jpg,51 Sekar Kenikir,512,512,56033,aebc23b3cab7e6abcc87a37a0e57f10c,51,2,Sekar Kenikir,270,51|2
/kaggle/input/datasets/hertiyani/batik-nitik-960-official-mendeley/Batik Nitik 960/Batik Nitik 960 Images/51 Sekar Kenikir 2_rotate_90.jpg,51 Sekar Kenikir 2_rotate_90.jpg,51 Sekar Kenikir,512,512,56005,1e2bd204c217634b79202b26d6345023,51,2,Sekar Kenikir,90,51|2
/kaggle/input/datasets/hertiyani/batik-nitik-960-official-mendeley/Batik Nitik 960/Batik Nitik 960 Images/51 Sekar Kenikir 3.jpg,51 Sekar Kenikir 3.jpg,51 Sekar Kenikir,512,512,56579,b4ff647c3e0eb87b8d80627f8028e80a,51,3,Sekar Kenikir,0,51|3
/kaggle/input/datasets/hertiyani/batik-nitik-960-official-mendeley/Batik Nitik 960/Batik Nitik 960 Images/51 Sekar Kenikir 3_rotate_180.jpg,51 Sekar Kenikir 3_rotate_180.jpg,51 Sekar Kenikir,512,512,57199,1c95782d41367390a018c37f82ae68be,51,3,Sekar Kenikir,180,51|3
/kaggle/input/datasets/hertiyani/batik-nitik-960-official-mendeley/Batik Nitik 960/Batik Nitik 960 Images/51 Sekar Kenikir 3_rotate_270.jpg,51 Sekar Kenikir 3_rotate_270.jpg,51 Sekar Kenikir,512,512,53135,a8fb4c7f3c64b1168a6055ee72a3b94b,51,3,Sekar Kenikir,270,51|3
/kaggle/input/datasets/hertiyani/batik-nitik-960-official-mendeley/Batik Nitik 960/Batik Nitik 960 Images/51 Sekar Kenikir 3_rotate_90.jpg,51 Sekar Kenikir 3_rotate_90.jpg,51 Sekar Kenikir,512,512,53878,88ec329f57dc24f0f8c41c765dda2beb,51,3,Sekar Kenikir,90,51|3
/kaggle/input/datasets/hertiyani/batik-nitik-960-official-mendeley/Batik Nitik 960/Batik Nitik 960 Images/51 Sekar Kenikir 4.jpg,51 Sekar Kenikir 4.jpg,51 Sekar Kenikir,512,512,56796,e97bc168e666ec140bb71741102d98b9,51,4,Sekar Kenikir,0,51|4
/kaggle/input/datasets/hertiyani/batik-nitik-960-official-mendeley/Batik Nitik 960/Batik Nitik 960 Images/51 Sekar Kenikir 4_rotate_180.jpg,51 Sekar Kenikir 4_rotate_180.jpg,51 Sekar Kenikir,512,512,57201,c98ce04b9ab03dcca2cff12af468c0ea,51,4,Sekar Kenikir,180,51|4
/kaggle/input/datasets/hertiyani/batik-nitik-960-official-mendeley/Batik Nitik 960/Batik Nitik 960 Images/51 Sekar Kenikir 4_rotate_270.jpg,51 Sekar Kenikir 4_rotate_270.jpg,51 Sekar Kenikir,512,512,53419,c702266f334e1d157676db44cb979582,51,4,Sekar Kenikir,270,51|4
/kaggle/input/datasets/hertiyani/batik-nitik-960-official-mendeley/Batik Nitik 960/Batik Nitik 960 Images/51 Sekar Kenikir 4_rotate_90.jpg,51 Sekar Kenikir 4_rotate_90.jpg,51 Sekar Kenikir,512,512,53452,e24cc53f4f022a1f6af466fef244c79d,51,4,Sekar Kenikir,90,51|4
/kaggle/input/datasets/hertiyani/batik-nitik-960-official-mendeley/Batik Nitik 960/Batik Nitik 960 Images/52 Sekar Blimbing 1.jpg,52 Sekar Blimbing 1.jpg,52 Sekar Blimbing,512,512,59176,683cb6790b1c490e5e990a91069c0dd0,52,1,Sekar Blimbing,0,52|1
/kaggle/input/datasets/hertiyani/batik-nitik-960-official-mendeley/Batik Nitik 960/Batik Nitik 960 Images/52 Sekar Blimbing 1_rotate_180.jpg,52 Sekar Blimbing 1_rotate_180.jpg,52 Sekar Blimbing,512,512,60141,7e44ff233d7a3dc480e8ce605b7ab696,52,1,Sekar Blimbing,180,52|1
/kaggle/input/datasets/hertiyani/batik-nitik-960-official-mendeley/Batik Nitik 960/Batik Nitik 960 Images/52 Sekar Blimbing 1_rotate_270.jpg,52 Sekar Blimbing 1_rotate_270.jpg,52 Sekar Blimbing,512,512,53866,a5e79178e7cea1ec482fad918c16d706,52,1,Sekar Blimbing,270,52|1
/kaggle/input/datasets/hertiyani/batik-nitik-960-official-mendeley/Batik Nitik 960/Batik Nitik 960 Images/52 Sekar Blimbing 1_rotate_90.jpg,52 Sekar Blimbing 1_rotate_90.jpg,52 Sekar Blimbing,512,512,53833,14b01247ec6cd4337a313e6137dcec8d,52,1,Sekar Blimbing,90,52|1
/kaggle/input/datasets/hertiyani/batik-nitik-960-official-mendeley/Batik Nitik 960/Batik Nitik 960 Images/52 Sekar Blimbing 2.jpg,52 Sekar Blimbing 2.jpg,52 Sekar Blimbing,512,512,58468,8ccaec6b483e184f5a33f91b2295e387,52,2,Sekar Blimbing,0,52|2
/kaggle/input/datasets/hertiyani/batik-nitik-960-official-mendeley/Batik Nitik 960/Batik Nitik 960 Images/52 Sekar Blimbing 2_rotate_180.jpg,52 Sekar Blimbing 2_rotate_180.jpg,52 Sekar Blimbing,512,512,58136,070de42042243149d59937187e2afa23,52,2,Sekar Blimbing,180,52|2
/kaggle/input/datasets/hertiyani/batik-nitik-960-official-mendeley/Batik Nitik 960/Batik Nitik 960 Images/52 Sekar Blimbing 2_rotate_270.jpg,52 Sekar Blimbing 2_rotate_270.jpg,52 Sekar Blimbing,512,512,53383,c2618f36697d430b566732230b3859e0,52,2,Sekar Blimbing,270,52|2
/kaggle/input/datasets/hertiyani/batik-nitik-960-official-mendeley/Batik Nitik 960/Batik Nitik 960 Images/52 Sekar Blimbing 2_rotate_90.jpg,52 Sekar Blimbing 2_rotate_90.jpg,52 Sekar Blimbing,512,512,52995,2a276b4d176270dbc0de5cf2cdac21d3,52,2,Sekar Blimbing,90,52|2
/kaggle/input/datasets/hertiyani/batik-nitik-960-official-mendeley/Batik Nitik 960/Batik Nitik 960 Images/52 Sekar Blimbing 3.jpg,52 Sekar Blimbing 3.jpg,52 Sekar Blimbing,512,512,55125,e52c2c5a6ecf49175f7a293746d4d9d3,52,3,Sekar Blimbing,0,52|3
/kaggle/input/datasets/hertiyani/batik-nitik-960-official-mendeley/Batik Nitik 960/Batik Nitik 960 Images/52 Sekar Blimbing 3_rotate_180.jpg,52 Sekar Blimbing 3_rotate_180.jpg,52 Sekar Blimbing,512,512,54924,d5662b13079530ab574cf951e233fb09,52,3,Sekar Blimbing,180,52|3
/kaggle/input/datasets/hertiyani/batik-nitik-960-official-mendeley/Batik Nitik 960/Batik Nitik 960 Images/52 Sekar Blimbing 3_rotate_270.jpg,52 Sekar Blimbing 3_rotate_270.jpg,52 Sekar Blimbing,512,512,55127,639c944cb1c2caf2db9efbb1af246443,52,3,Sekar Blimbing,270,52|3
/kaggle/input/datasets/hertiyani/batik-nitik-960-official-mendeley/Batik Nitik 960/Batik Nitik 960 Images/52 Sekar Blimbing 3_rotate_90.jpg,52 Sekar Blimbing 3_rotate_90.jpg,52 Sekar Blimbing,512,512,54861,97f339e03c3eb1e0b7ccb6078d469124,52,3,Sekar Blimbing,90,52|3
/kaggle/input/datasets/hertiyani/batik-nitik-960-official-mendeley/Batik Nitik 960/Batik Nitik 960 Images/52 Sekar Blimbing 4.jpg,52 Sekar Blimbing 4.jpg,52 Sekar Blimbing,512,512,53055,8c14ab842ca22a1ccaeced872f11b9c9,52,4,Sekar Blimbing,0,52|4
/kaggle/input/datasets/hertiyani/batik-nitik-960-official-mendeley/Batik Nitik 960/Batik Nitik 960 Images/52 Sekar Blimbing 4_rotate_180.jpg,52 Sekar Blimbing 4_rotate_180.jpg,52 Sekar Blimbing,512,512,53383,cc112dff63e6e9a0c13f021d59dc48c1,52,4,Sekar Blimbing,180,52|4
/kaggle/input/datasets/hertiyani/batik-nitik-960-official-mendeley/Batik Nitik 960/Batik Nitik 960 Images/52 Sekar Blimbing 4_rotate_270.jpg,52 Sekar Blimbing 4_rotate_270.jpg,52 Sekar Blimbing,512,512,49996,e1ae365df0fb6dff973d74db496e6b12,52,4,Sekar Blimbing,270,52|4
/kaggle/input/datasets/hertiyani/batik-nitik-960-official-mendeley/Batik Nitik 960/Batik Nitik 960 Images/52 Sekar Blimbing 4_rotate_90.jpg,52 Sekar Blimbing 4_rotate_90.jpg,52 Sekar Blimbing,512,512,49908,6e50ec09aa2c0d8ee722c49b02fe5b92,52,4,Sekar Blimbing,90,52|4
/kaggle/input/datasets/hertiyani/batik-nitik-960-official-mendeley/Batik Nitik 960/Batik Nitik 960 Images/53 Sekar Pijetan 1.jpg,53 Sekar Pijetan 1.jpg,53 Sekar Pijetan,512,512,60954,1494c78a1eb89dd1e2b5e33d64c73841,53,1,Sekar Pijetan,0,53|1
/kaggle/input/datasets/hertiyani/batik-nitik-960-official-mendeley/Batik Nitik 960/Batik Nitik 960 Images/53 Sekar Pijetan 1_rotate_180.jpg,53 Sekar Pijetan 1_rotate_180.jpg,53 Sekar Pijetan,512,512,61394,02371805ea3d3a7881cb5eb0d3a105ba,53,1,Sekar Pijetan,180,53|1
/kaggle/input/datasets/hertiyani/batik-nitik-960-official-mendeley/Batik Nitik 960/Batik Nitik 960 Images/53 Sekar Pijetan 1_rotate_270.jpg,53 Sekar Pijetan 1_rotate_270.jpg,53 Sekar Pijetan,512,512,59117,be8a09be6aa7ed6b08d56f0160389719,53,1,Sekar Pijetan,270,53|1
/kaggle/input/datasets/hertiyani/batik-nitik-960-official-mendeley/Batik Nitik 960/Batik Nitik 960 Images/53 Sekar Pijetan 1_rotate_90.jpg,53 Sekar Pijetan 1_rotate_90.jpg,53 Sekar Pijetan,512,512,60266,f733600b63e805e1d2c823940292916e,53,1,Sekar Pijetan,90,53|1
/kaggle/input/datasets/hertiyani/batik-nitik-960-official-mendeley/Batik Nitik 960/Batik Nitik 960 Images/53 Sekar Pijetan 2.jpg,53 Sekar Pijetan 2.jpg,53 Sekar Pijetan,512,512,60024,585904bc71fb1f63b9ed3ed7717f1e87,53,2,Sekar Pijetan,0,53|2
/kaggle/input/datasets/hertiyani/batik-nitik-960-official-mendeley/Batik Nitik 960/Batik Nitik 960 Images/53 Sekar Pijetan 2_rotate_180.jpg,53 Sekar Pijetan 2_rotate_180.jpg,53 Sekar Pijetan,512,512,59112,92f8d034a6c8a5ca1cf9eea4b2e3bbca,53,2,Sekar Pijetan,180,53|2
/kaggle/input/datasets/hertiyani/batik-nitik-960-official-mendeley/Batik Nitik 960/Batik Nitik 960 Images/53 Sekar Pijetan 2_rotate_270.jpg,53 Sekar Pijetan 2_rotate_270.jpg,53 Sekar Pijetan,512,512,58892,9c3db772b000d9a774d9bb0a1e46b8a0,53,2,Sekar Pijetan,270,53|2
/kaggle/input/datasets/hertiyani/batik-nitik-960-official-mendeley/Batik Nitik 960/Batik Nitik 960 Images/53 Sekar Pijetan 2_rotate_90.jpg,53 Sekar Pijetan 2_rotate_90.jpg,53 Sekar Pijetan,512,512,58666,0481e96e52397a972f93e62341c761c0,53,2,Sekar Pijetan,90,53|2
/kaggle/input/datasets/hertiyani/batik-nitik-960-official-mendeley/Batik Nitik 960/Batik Nitik 960 Images/53 Sekar Pijetan 3.jpg,53 Sekar Pijetan 3.jpg,53 Sekar Pijetan,512,512,55729,42bf1a57058aa73292fa54ad2b665299,53,3,Sekar Pijetan,0,53|3
/kaggle/input/datasets/hertiyani/batik-nitik-960-official-mendeley/Batik Nitik 960/Batik Nitik 960 Images/53 Sekar Pijetan 3_rotate_180.jpg,53 Sekar Pijetan 3_rotate_180.jpg,53 Sekar Pijetan,512,512,55727,63f86cab24266f2844d6f8179a28e697,53,3,Sekar Pijetan,180,53|3
/kaggle/input/datasets/hertiyani/batik-nitik-960-official-mendeley/Batik Nitik 960/Batik Nitik 960 Images/53 Sekar Pijetan 3_rotate_270.jpg,53 Sekar Pijetan 3_rotate_270.jpg,53 Sekar Pijetan,512,512,52269,2d03fb966297bcb3e00ba60457dd0c81,53,3,Sekar Pijetan,270,53|3
/kaggle/input/datasets/hertiyani/batik-nitik-960-official-mendeley/Batik Nitik 960/Batik Nitik 960 Images/53 Sekar Pijetan 3_rotate_90.jpg,53 Sekar Pijetan 3_rotate_90.jpg,53 Sekar Pijetan,512,512,52217,8d8ce17bf390f11b47bf57c9bc45393f,53,3,Sekar Pijetan,90,53|3
/kaggle/input/datasets/hertiyani/batik-nitik-960-official-mendeley/Batik Nitik 960/Batik Nitik 960 Images/53 Sekar Pijetan 4.jpg,53 Sekar Pijetan 4.jpg,53 Sekar Pijetan,512,512,55199,7ace3687e14a5a9a536892d137256a93,53,4,Sekar Pijetan,0,53|4
/kaggle/input/datasets/hertiyani/batik-nitik-960-official-mendeley/Batik Nitik 960/Batik Nitik 960 Images/53 Sekar Pijetan 4_rotate_180.jpg,53 Sekar Pijetan 4_rotate_180.jpg,53 Sekar Pijetan,512,512,55041,14e33231f561e63f05f1c8225e9b2dbf,53,4,Sekar Pijetan,180,53|4
/kaggle/input/datasets/hertiyani/batik-nitik-960-official-mendeley/Batik Nitik 960/Batik Nitik 960 Images/53 Sekar Pijetan 4_rotate_270.jpg,53 Sekar Pijetan 4_rotate_270.jpg,53 Sekar Pijetan,512,512,51692,c779f971ad3de9fab8cce1e9c831cea1,53,4,Sekar Pijetan,270,53|4
/kaggle/input/datasets/hertiyani/batik-nitik-960-official-mendeley/Batik Nitik 960/Batik Nitik 960 Images/53 Sekar Pijetan 4_rotate_90.jpg,53 Sekar Pijetan 4_rotate_90.jpg,53 Sekar Pijetan,512,512,51881,729380bea85652bbb846c3d6081b9934,53,4,Sekar Pijetan,90,53|4
/kaggle/input/datasets/hertiyani/batik-nitik-960-official-mendeley/Batik Nitik 960/Batik Nitik 960 Images/54 Sari Mulat 1.jpg,54 Sari Mulat 1.jpg,54 Sari Mulat,512,512,62974,efab2b48228e7b730fd97bdef54f6592,54,1,Sari Mulat,0,54|1
/kaggle/input/datasets/hertiyani/batik-nitik-960-official-mendeley/Batik Nitik 960/Batik Nitik 960 Images/54 Sari Mulat 1_rotate_180.jpg,54 Sari Mulat 1_rotate_180.jpg,54 Sari Mulat,512,512,62433,b9f20af7658fc248ff532d9174037d10,54,1,Sari Mulat,180,54|1
/kaggle/input/datasets/hertiyani/batik-nitik-960-official-mendeley/Batik Nitik 960/Batik Nitik 960 Images/54 Sari Mulat 1_rotate_270.jpg,54 Sari Mulat 1_rotate_270.jpg,54 Sari Mulat,512,512,60985,1f476500c5c3973311c6c2a143d43ae6,54,1,Sari Mulat,270,54|1
/kaggle/input/datasets/hertiyani/batik-nitik-960-official-mendeley/Batik Nitik 960/Batik Nitik 960 Images/54 Sari Mulat 1_rotate_90.jpg,54 Sari Mulat 1_rotate_90.jpg,54 Sari Mulat,512,512,62480,135a6ae9de13c9cef218327ad39efba0,54,1,Sari Mulat,90,54|1
/kaggle/input/datasets/hertiyani/batik-nitik-960-official-mendeley/Batik Nitik 960/Batik Nitik 960 Images/54 Sari Mulat 2.jpg,54 Sari Mulat 2.jpg,54 Sari Mulat,512,512,60947,25804f28da33c2669111d7420c67dfc6,54,2,Sari Mulat,0,54|2
/kaggle/input/datasets/hertiyani/batik-nitik-960-official-mendeley/Batik Nitik 960/Batik Nitik 960 Images/54 Sari Mulat 2_rotate_180.jpg,54 Sari Mulat 2_rotate_180.jpg,54 Sari Mulat,512,512,61362,a2654f507ae5d8d40c0f7b15a771ce98,54,2,Sari Mulat,180,54|2
/kaggle/input/datasets/hertiyani/batik-nitik-960-official-mendeley/Batik Nitik 960/Batik Nitik 960 Images/54 Sari Mulat 2_rotate_270.jpg,54 Sari Mulat 2_rotate_270.jpg,54 Sari Mulat,512,512,56412,ae2e9efbbd18aaf15077177d1a3bb8c0,54,2,Sari Mulat,270,54|2
/kaggle/input/datasets/hertiyani/batik-nitik-960-official-mendeley/Batik Nitik 960/Batik Nitik 960 Images/54 Sari Mulat 2_rotate_90.jpg,54 Sari Mulat 2_rotate_90.jpg,54 Sari Mulat,512,512,56001,6eca5db47cba3ce05c3ce0f5fde4bd7f,54,2,Sari Mulat,90,54|2
/kaggle/input/datasets/hertiyani/batik-nitik-960-official-mendeley/Batik Nitik 960/Batik Nitik 960 Images/54 Sari Mulat 3.jpg,54 Sari Mulat 3.jpg,54 Sari Mulat,512,512,57128,c75474d913396bf0767bdf04593eaea5,54,3,Sari Mulat,0,54|3
/kaggle/input/datasets/hertiyani/batik-nitik-960-official-mendeley/Batik Nitik 960/Batik Nitik 960 Images/54 Sari Mulat 3_rotate_180.jpg,54 Sari Mulat 3_rotate_180.jpg,54 Sari Mulat,512,512,57994,8de7ef62c40cbdb98bb7e89bc5ff1e80,54,3,Sari Mulat,180,54|3
/kaggle/input/datasets/hertiyani/batik-nitik-960-official-mendeley/Batik Nitik 960/Batik Nitik 960 Images/54 Sari Mulat 3_rotate_270.jpg,54 Sari Mulat 3_rotate_270.jpg,54 Sari Mulat,512,512,54759,de13e07befd963cd2447dd416cc87aab,54,3,Sari Mulat,270,54|3
/kaggle/input/datasets/hertiyani/batik-nitik-960-official-mendeley/Batik Nitik 960/Batik Nitik 960 Images/54 Sari Mulat 3_rotate_90.jpg,54 Sari Mulat 3_rotate_90.jpg,54 Sari Mulat,512,512,54651,bf4b45c27d8121bcd4e0d6b7d5a957f6,54,3,Sari Mulat,90,54|3
/kaggle/input/datasets/hertiyani/batik-nitik-960-official-mendeley/Batik Nitik 960/Batik Nitik 960 Images/54 Sari Mulat 4.jpg,54 Sari Mulat 4.jpg,54 Sari Mulat,512,512,58133,cc33ff2f1ef6bcfa2a0c29a5916088ce,54,4,Sari Mulat,0,54|4
/kaggle/input/datasets/hertiyani/batik-nitik-960-official-mendeley/Batik Nitik 960/Batik Nitik 960 Images/54 Sari Mulat 4_rotate_180.jpg,54 Sari Mulat 4_rotate_180.jpg,54 Sari Mulat,512,512,57239,e72352bf5214b8ef8f98b978cb65a499,54,4,Sari Mulat,180,54|4
/kaggle/input/datasets/hertiyani/batik-nitik-960-official-mendeley/Batik Nitik 960/Batik Nitik 960 Images/54 Sari Mulat 4_rotate_270.jpg,54 Sari Mulat 4_rotate_270.jpg,54 Sari Mulat,512,512,53210,0afe8c31428bf915061105da9c10572e,54,4,Sari Mulat,270,54|4
/kaggle/input/datasets/hertiyani/batik-nitik-960-official-mendeley/Batik Nitik 960/Batik Nitik 960 Images/54 Sari Mulat 4_rotate_90.jpg,54 Sari Mulat 4_rotate_90.jpg,54 Sari Mulat,512,512,53405,349e3dd298442cef28e0d28bea9718ec,54,4,Sari Mulat,90,54|4
/kaggle/input/datasets/hertiyani/batik-nitik-960-official-mendeley/Batik Nitik 960/Batik Nitik 960 Images/55 Sekar Mrica 1.jpg,55 Sekar Mrica 1.jpg,55 Sekar Mrica,512,512,62217,da3736447032ceb0a331aef585cd8691,55,1,Sekar Mrica,0,55|1
/kaggle/input/datasets/hertiyani/batik-nitik-960-official-mendeley/Batik Nitik 960/Batik Nitik 960 Images/55 Sekar Mrica 1_rotate_180.jpg,55 Sekar Mrica 1_rotate_180.jpg,55 Sekar Mrica,512,512,62613,80c69dac46872451816cbd84e82e9acb,55,1,Sekar Mrica,180,55|1
/kaggle/input/datasets/hertiyani/batik-nitik-960-official-mendeley/Batik Nitik 960/Batik Nitik 960 Images/55 Sekar Mrica 1_rotate_270.jpg,55 Sekar Mrica 1_rotate_270.jpg,55 Sekar Mrica,512,512,60975,560c3246a2b9d2a51d1e497855386e0d,55,1,Sekar Mrica,270,55|1
/kaggle/input/datasets/hertiyani/batik-nitik-960-official-mendeley/Batik Nitik 960/Batik Nitik 960 Images/55 Sekar Mrica 1_rotate_90.jpg,55 Sekar Mrica 1_rotate_90.jpg,55 Sekar Mrica,512,512,61827,160d0f62125a8928e695cca50dbdf387,55,1,Sekar Mrica,90,55|1
/kaggle/input/datasets/hertiyani/batik-nitik-960-official-mendeley/Batik Nitik 960/Batik Nitik 960 Images/55 Sekar Mrica 2.jpg,55 Sekar Mrica 2.jpg,55 Sekar Mrica,512,512,63854,ac13d2c066ba3ab787a2440bb3466fca,55,2,Sekar Mrica,0,55|2
/kaggle/input/datasets/hertiyani/batik-nitik-960-official-mendeley/Batik Nitik 960/Batik Nitik 960 Images/55 Sekar Mrica 2_rotate_180.jpg,55 Sekar Mrica 2_rotate_180.jpg,55 Sekar Mrica,512,512,63184,4108aa095d3482687c3e27d41e4cf73c,55,2,Sekar Mrica,180,55|2
/kaggle/input/datasets/hertiyani/batik-nitik-960-official-mendeley/Batik Nitik 960/Batik Nitik 960 Images/55 Sekar Mrica 2_rotate_270.jpg,55 Sekar Mrica 2_rotate_270.jpg,55 Sekar Mrica,512,512,61061,874389adfc1a982471acf27b69a559b0,55,2,Sekar Mrica,270,55|2
/kaggle/input/datasets/hertiyani/batik-nitik-960-official-mendeley/Batik Nitik 960/Batik Nitik 960 Images/55 Sekar Mrica 2_rotate_90.jpg,55 Sekar Mrica 2_rotate_90.jpg,55 Sekar Mrica,512,512,61811,fe56fb7f1e3c73efdcbc2cd643872fc0,55,2,Sekar Mrica,90,55|2
/kaggle/input/datasets/hertiyani/batik-nitik-960-official-mendeley/Batik Nitik 960/Batik Nitik 960 Images/55 Sekar Mrica 3.jpg,55 Sekar Mrica 3.jpg,55 Sekar Mrica,512,512,59499,224227631789c9a256eeb3ec537d1eef,55,3,Sekar Mrica,0,55|3
/kaggle/input/datasets/hertiyani/batik-nitik-960-official-mendeley/Batik Nitik 960/Batik Nitik 960 Images/55 Sekar Mrica 3_rotate_180.jpg,55 Sekar Mrica 3_rotate_180.jpg,55 Sekar Mrica,512,512,59361,8d187d4fbae30432387c8561f00a2b79,55,3,Sekar Mrica,180,55|3
/kaggle/input/datasets/hertiyani/batik-nitik-960-official-mendeley/Batik Nitik 960/Batik Nitik 960 Images/55 Sekar Mrica 3_rotate_270.jpg,55 Sekar Mrica 3_rotate_270.jpg,55 Sekar Mrica,512,512,57957,24505a388a201a91f81b22cb48ea5574,55,3,Sekar Mrica,270,55|3
/kaggle/input/datasets/hertiyani/batik-nitik-960-official-mendeley/Batik Nitik 960/Batik Nitik 960 Images/55 Sekar Mrica 3_rotate_90.jpg,55 Sekar Mrica 3_rotate_90.jpg,55 Sekar Mrica,512,512,58446,400fa1eaf1a71769d140462d72294b26,55,3,Sekar Mrica,90,55|3
/kaggle/input/datasets/hertiyani/batik-nitik-960-official-mendeley/Batik Nitik 960/Batik Nitik 960 Images/55 Sekar Mrica 4.jpg,55 Sekar Mrica 4.jpg,55 Sekar Mrica,512,512,60173,c4f2a89776f4a438d3de2003942ace14,55,4,Sekar Mrica,0,55|4
/kaggle/input/datasets/hertiyani/batik-nitik-960-official-mendeley/Batik Nitik 960/Batik Nitik 960 Images/55 Sekar Mrica 4_rotate_180.jpg,55 Sekar Mrica 4_rotate_180.jpg,55 Sekar Mrica,512,512,60894,159f7c721becad02a67df05181ac1bfc,55,4,Sekar Mrica,180,55|4
/kaggle/input/datasets/hertiyani/batik-nitik-960-official-mendeley/Batik Nitik 960/Batik Nitik 960 Images/55 Sekar Mrica 4_rotate_270.jpg,55 Sekar Mrica 4_rotate_270.jpg,55 Sekar Mrica,512,512,56256,992a75af6147bac04486003470dc2853,55,4,Sekar Mrica,270,55|4
/kaggle/input/datasets/hertiyani/batik-nitik-960-official-mendeley/Batik Nitik 960/Batik Nitik 960 Images/55 Sekar Mrica 4_rotate_90.jpg,55 Sekar Mrica 4_rotate_90.jpg,55 Sekar Mrica,512,512,56018,f08dd4c811b181f7d31b0917dbfeeeb9,55,4,Sekar Mrica,90,55|4
/kaggle/input/datasets/hertiyani/batik-nitik-960-official-mendeley/Batik Nitik 960/Batik Nitik 960 Images/56 Sekar Kepel 1.jpg,56 Sekar Kepel 1.jpg,56 Sekar Kepel,512,512,60022,da3604ce3026e65d6ec483c4df8f2304,56,1,Sekar Kepel,0,56|1
/kaggle/input/datasets/hertiyani/batik-nitik-960-official-mendeley/Batik Nitik 960/Batik Nitik 960 Images/56 Sekar Kepel 1_rotate_180.jpg,56 Sekar Kepel 1_rotate_180.jpg,56 Sekar Kepel,512,512,59851,b75e62299dec9bc9682e4d3b89558074,56,1,Sekar Kepel,180,56|1
/kaggle/input/datasets/hertiyani/batik-nitik-960-official-mendeley/Batik Nitik 960/Batik Nitik 960 Images/56 Sekar Kepel 1_rotate_270.jpg,56 Sekar Kepel 1_rotate_270.jpg,56 Sekar Kepel,512,512,54585,7c7d46d49a2d8dcb0890693d5bb106f9,56,1,Sekar Kepel,270,56|1
/kaggle/input/datasets/hertiyani/batik-nitik-960-official-mendeley/Batik Nitik 960/Batik Nitik 960 Images/56 Sekar Kepel 1_rotate_90.jpg,56 Sekar Kepel 1_rotate_90.jpg,56 Sekar Kepel,512,512,54534,33c51efa19eee388d47ef04d624c1a36,56,1,Sekar Kepel,90,56|1
/kaggle/input/datasets/hertiyani/batik-nitik-960-official-mendeley/Batik Nitik 960/Batik Nitik 960 Images/56 Sekar Kepel 2.jpg,56 Sekar Kepel 2.jpg,56 Sekar Kepel,512,512,57905,c8c36c08c8a39e0137b7231102455811,56,2,Sekar Kepel,0,56|2
/kaggle/input/datasets/hertiyani/batik-nitik-960-official-mendeley/Batik Nitik 960/Batik Nitik 960 Images/56 Sekar Kepel 2_rotate_180.jpg,56 Sekar Kepel 2_rotate_180.jpg,56 Sekar Kepel,512,512,57299,a7e31031575760db8d68c3d533f02722,56,2,Sekar Kepel,180,56|2
/kaggle/input/datasets/hertiyani/batik-nitik-960-official-mendeley/Batik Nitik 960/Batik Nitik 960 Images/56 Sekar Kepel 2_rotate_270.jpg,56 Sekar Kepel 2_rotate_270.jpg,56 Sekar Kepel,512,512,56798,18b13a2424233f00b14487e0b57fbb74,56,2,Sekar Kepel,270,56|2
/kaggle/input/datasets/hertiyani/batik-nitik-960-official-mendeley/Batik Nitik 960/Batik Nitik 960 Images/56 Sekar Kepel 2_rotate_90.jpg,56 Sekar Kepel 2_rotate_90.jpg,56 Sekar Kepel,512,512,57220,c546383c7533c68637058bb79ab47cf2,56,2,Sekar Kepel,90,56|2
/kaggle/input/datasets/hertiyani/batik-nitik-960-official-mendeley/Batik Nitik 960/Batik Nitik 960 Images/56 Sekar Kepel 3.jpg,56 Sekar Kepel 3.jpg,56 Sekar Kepel,512,512,54675,d6090b65ad2fbcb8cdcd15c66e93bc36,56,3,Sekar Kepel,0,56|3
/kaggle/input/datasets/hertiyani/batik-nitik-960-official-mendeley/Batik Nitik 960/Batik Nitik 960 Images/56 Sekar Kepel 3_rotate_180.jpg,56 Sekar Kepel 3_rotate_180.jpg,56 Sekar Kepel,512,512,54369,3563aedb7324b502c791e49f278f1643,56,3,Sekar Kepel,180,56|3
/kaggle/input/datasets/hertiyani/batik-nitik-960-official-mendeley/Batik Nitik 960/Batik Nitik 960 Images/56 Sekar Kepel 3_rotate_270.jpg,56 Sekar Kepel 3_rotate_270.jpg,56 Sekar Kepel,512,512,53442,30b18d7579f459b7bf404326c5eed790,56,3,Sekar Kepel,270,56|3
/kaggle/input/datasets/hertiyani/batik-nitik-960-official-mendeley/Batik Nitik 960/Batik Nitik 960 Images/56 Sekar Kepel 3_rotate_90.jpg,56 Sekar Kepel 3_rotate_90.jpg,56 Sekar Kepel,512,512,53614,128702afef66d532a703683d0e39a26e,56,3,Sekar Kepel,90,56|3
/kaggle/input/datasets/hertiyani/batik-nitik-960-official-mendeley/Batik Nitik 960/Batik Nitik 960 Images/56 Sekar Kepel 4.jpg,56 Sekar Kepel 4.jpg,56 Sekar Kepel,512,512,53000,6cb0497547253848e876726ccd1e59b5,56,4,Sekar Kepel,0,56|4
/kaggle/input/datasets/hertiyani/batik-nitik-960-official-mendeley/Batik Nitik 960/Batik Nitik 960 Images/56 Sekar Kepel 4_rotate_180.jpg,56 Sekar Kepel 4_rotate_180.jpg,56 Sekar Kepel,512,512,52888,9c87f75a2d52c7aae7fc6c3ee28cecef,56,4,Sekar Kepel,180,56|4
/kaggle/input/datasets/hertiyani/batik-nitik-960-official-mendeley/Batik Nitik 960/Batik Nitik 960 Images/56 Sekar Kepel 4_rotate_270.jpg,56 Sekar Kepel 4_rotate_270.jpg,56 Sekar Kepel,512,512,48840,0e70eebb495b3b4882f8c40ab2a6fa00,56,4,Sekar Kepel,270,56|4
/kaggle/input/datasets/hertiyani/batik-nitik-960-official-mendeley/Batik Nitik 960/Batik Nitik 960 Images/56 Sekar Kepel 4_rotate_90.jpg,56 Sekar Kepel 4_rotate_90.jpg,56 Sekar Kepel,512,512,48947,d654c32e4c7540719c15e329e4906615,56,4,Sekar Kepel,90,56|4
/kaggle/input/datasets/hertiyani/batik-nitik-960-official-mendeley/Batik Nitik 960/Batik Nitik 960 Images/57 Truntum Kurung 1.jpg,57 Truntum Kurung 1.jpg,57 Truntum Kurung,512,512,54078,7d5a9e08f34e5b4df667d920bb936362,57,1,Truntum Kurung,0,57|1
/kaggle/input/datasets/hertiyani/batik-nitik-960-official-mendeley/Batik Nitik 960/Batik Nitik 960 Images/57 Truntum Kurung 1_rotate_180.jpg,57 Truntum Kurung 1_rotate_180.jpg,57 Truntum Kurung,512,512,53765,1b227ce569902281c67b26f50faf353a,57,1,Truntum Kurung,180,57|1
/kaggle/input/datasets/hertiyani/batik-nitik-960-official-mendeley/Batik Nitik 960/Batik Nitik 960 Images/57 Truntum Kurung 1_rotate_270.jpg,57 Truntum Kurung 1_rotate_270.jpg,57 Truntum Kurung,512,512,52636,c9a6255a8ae3c450ed736412dde0144e,57,1,Truntum Kurung,270,57|1
/kaggle/input/datasets/hertiyani/batik-nitik-960-official-mendeley/Batik Nitik 960/Batik Nitik 960 Images/57 Truntum Kurung 1_rotate_90.jpg,57 Truntum Kurung 1_rotate_90.jpg,57 Truntum Kurung,512,512,53375,08601d8bfcd6202031b368b5da83d0dc,57,1,Truntum Kurung,90,57|1
/kaggle/input/datasets/hertiyani/batik-nitik-960-official-mendeley/Batik Nitik 960/Batik Nitik 960 Images/57 Truntum Kurung 2.jpg,57 Truntum Kurung 2.jpg,57 Truntum Kurung,512,512,52674,0994d1b8488c5a4bd61beb7a0066b0f9,57,2,Truntum Kurung,0,57|2
/kaggle/input/datasets/hertiyani/batik-nitik-960-official-mendeley/Batik Nitik 960/Batik Nitik 960 Images/57 Truntum Kurung 2_rotate_180.jpg,57 Truntum Kurung 2_rotate_180.jpg,57 Truntum Kurung,512,512,53253,cfc7ff95dad278ede092826ecfe7557a,57,2,Truntum Kurung,180,57|2
/kaggle/input/datasets/hertiyani/batik-nitik-960-official-mendeley/Batik Nitik 960/Batik Nitik 960 Images/57 Truntum Kurung 2_rotate_270.jpg,57 Truntum Kurung 2_rotate_270.jpg,57 Truntum Kurung,512,512,48302,ce81b5b6545a13b6993238265e08c41f,57,2,Truntum Kurung,270,57|2
/kaggle/input/datasets/hertiyani/batik-nitik-960-official-mendeley/Batik Nitik 960/Batik Nitik 960 Images/57 Truntum Kurung 2_rotate_90.jpg,57 Truntum Kurung 2_rotate_90.jpg,57 Truntum Kurung,512,512,47691,b1ff70bd3a9d83a33fd6eaf387b8a33d,57,2,Truntum Kurung,90,57|2
/kaggle/input/datasets/hertiyani/batik-nitik-960-official-mendeley/Batik Nitik 960/Batik Nitik 960 Images/57 Truntum Kurung 3.jpg,57 Truntum Kurung 3.jpg,57 Truntum Kurung,512,512,51162,ed2d7b870bcd260635cc969e9e68382b,57,3,Truntum Kurung,0,57|3
/kaggle/input/datasets/hertiyani/batik-nitik-960-official-mendeley/Batik Nitik 960/Batik Nitik 960 Images/57 Truntum Kurung 3_rotate_180.jpg,57 Truntum Kurung 3_rotate_180.jpg,57 Truntum Kurung,512,512,51001,d253f3424191d6466f30f54b4d481cb1,57,3,Truntum Kurung,180,57|3
/kaggle/input/datasets/hertiyani/batik-nitik-960-official-mendeley/Batik Nitik 960/Batik Nitik 960 Images/57 Truntum Kurung 3_rotate_270.jpg,57 Truntum Kurung 3_rotate_270.jpg,57 Truntum Kurung,512,512,50423,81eacf00984f2ba7ccc3cec032275bf4,57,3,Truntum Kurung,270,57|3
/kaggle/input/datasets/hertiyani/batik-nitik-960-official-mendeley/Batik Nitik 960/Batik Nitik 960 Images/57 Truntum Kurung 3_rotate_90.jpg,57 Truntum Kurung 3_rotate_90.jpg,57 Truntum Kurung,512,512,50245,1d4a578b2e19ac4a4ac6a59984ef51ee,57,3,Truntum Kurung,90,57|3
/kaggle/input/datasets/hertiyani/batik-nitik-960-official-mendeley/Batik Nitik 960/Batik Nitik 960 Images/57 Truntum Kurung 4.jpg,57 Truntum Kurung 4.jpg,57 Truntum Kurung,512,512,50189,04cb4464a161573cf74d20a53bdee809,57,4,Truntum Kurung,0,57|4
/kaggle/input/datasets/hertiyani/batik-nitik-960-official-mendeley/Batik Nitik 960/Batik Nitik 960 Images/57 Truntum Kurung 4_rotate_180.jpg,57 Truntum Kurung 4_rotate_180.jpg,57 Truntum Kurung,512,512,49555,d3ff6e136cea5ae6f89b12e794329fab,57,4,Truntum Kurung,180,57|4
/kaggle/input/datasets/hertiyani/batik-nitik-960-official-mendeley/Batik Nitik 960/Batik Nitik 960 Images/57 Truntum Kurung 4_rotate_270.jpg,57 Truntum Kurung 4_rotate_270.jpg,57 Truntum Kurung,512,512,46827,8f15b9878ed810a632d7e97abd660fd4,57,4,Truntum Kurung,270,57|4
/kaggle/input/datasets/hertiyani/batik-nitik-960-official-mendeley/Batik Nitik 960/Batik Nitik 960 Images/57 Truntum Kurung 4_rotate_90.jpg,57 Truntum Kurung 4_rotate_90.jpg,57 Truntum Kurung,512,512,46609,b2af3238efbbc0fa4df2bdcec1ebc0d3,57,4,Truntum Kurung,90,57|4
/kaggle/input/datasets/hertiyani/batik-nitik-960-official-mendeley/Batik Nitik 960/Batik Nitik 960 Images/58 Jayakusuma 1.jpg,58 Jayakusuma 1.jpg,58 Jayakusuma,512,512,47020,26ad6bbc63d0075b10a3bff576bf339b,58,1,Jayakusuma,0,58|1
/kaggle/input/datasets/hertiyani/batik-nitik-960-official-mendeley/Batik Nitik 960/Batik Nitik 960 Images/58 Jayakusuma 1_rotate_180.jpg,58 Jayakusuma 1_rotate_180.jpg,58 Jayakusuma,512,512,47023,ef3790b5bc4a73dddb2a4cfb4476b7d4,58,1,Jayakusuma,180,58|1
/kaggle/input/datasets/hertiyani/batik-nitik-960-official-mendeley/Batik Nitik 960/Batik Nitik 960 Images/58 Jayakusuma 1_rotate_270.jpg,58 Jayakusuma 1_rotate_270.jpg,58 Jayakusuma,512,512,46766,44f7e55da5ff0b56464ef94516c93ce5,58,1,Jayakusuma,270,58|1
/kaggle/input/datasets/hertiyani/batik-nitik-960-official-mendeley/Batik Nitik 960/Batik Nitik 960 Images/58 Jayakusuma 1_rotate_90.jpg,58 Jayakusuma 1_rotate_90.jpg,58 Jayakusuma,512,512,46812,2e446b2707bd71ef39b1980169b59de4,58,1,Jayakusuma,90,58|1
/kaggle/input/datasets/hertiyani/batik-nitik-960-official-mendeley/Batik Nitik 960/Batik Nitik 960 Images/58 Jayakusuma 2.jpg,58 Jayakusuma 2.jpg,58 Jayakusuma,512,512,49758,bda1489a24c734ea9ef7917afcd5da31,58,2,Jayakusuma,0,58|2
/kaggle/input/datasets/hertiyani/batik-nitik-960-official-mendeley/Batik Nitik 960/Batik Nitik 960 Images/58 Jayakusuma 2_rotate_180.jpg,58 Jayakusuma 2_rotate_180.jpg,58 Jayakusuma,512,512,50291,f96bd41ceba41f1bd9be11d3ffb15166,58,2,Jayakusuma,180,58|2
/kaggle/input/datasets/hertiyani/batik-nitik-960-official-mendeley/Batik Nitik 960/Batik Nitik 960 Images/58 Jayakusuma 2_rotate_270.jpg,58 Jayakusuma 2_rotate_270.jpg,58 Jayakusuma,512,512,45950,c7d488bdd26e1fe02bba137b9c32a449,58,2,Jayakusuma,270,58|2
/kaggle/input/datasets/hertiyani/batik-nitik-960-official-mendeley/Batik Nitik 960/Batik Nitik 960 Images/58 Jayakusuma 2_rotate_90.jpg,58 Jayakusuma 2_rotate_90.jpg,58 Jayakusuma,512,512,46166,6f14f632a7b5e00909e72a456ef3485b,58,2,Jayakusuma,90,58|2
/kaggle/input/datasets/hertiyani/batik-nitik-960-official-mendeley/Batik Nitik 960/Batik Nitik 960 Images/58 Jayakusuma 3.jpg,58 Jayakusuma 3.jpg,58 Jayakusuma,512,512,49467,7f915751cfda01b099253bc92db2c6b0,58,3,Jayakusuma,0,58|3
/kaggle/input/datasets/hertiyani/batik-nitik-960-official-mendeley/Batik Nitik 960/Batik Nitik 960 Images/58 Jayakusuma 3_rotate_180.jpg,58 Jayakusuma 3_rotate_180.jpg,58 Jayakusuma,512,512,49099,c398526911f2cb7fa47d10125ebd9307,58,3,Jayakusuma,180,58|3
/kaggle/input/datasets/hertiyani/batik-nitik-960-official-mendeley/Batik Nitik 960/Batik Nitik 960 Images/58 Jayakusuma 3_rotate_270.jpg,58 Jayakusuma 3_rotate_270.jpg,58 Jayakusuma,512,512,45406,a4260bf51b9ec4a887d8ed9206b926ce,58,3,Jayakusuma,270,58|3
/kaggle/input/datasets/hertiyani/batik-nitik-960-official-mendeley/Batik Nitik 960/Batik Nitik 960 Images/58 Jayakusuma 3_rotate_90.jpg,58 Jayakusuma 3_rotate_90.jpg,58 Jayakusuma,512,512,45208,acf61643e2756f9b6e8f994080302f55,58,3,Jayakusuma,90,58|3
/kaggle/input/datasets/hertiyani/batik-nitik-960-official-mendeley/Batik Nitik 960/Batik Nitik 960 Images/58 Jayakusuma 4.jpg,58 Jayakusuma 4.jpg,58 Jayakusuma,512,512,48922,32d498c46caeb3030a5e415070fc81af,58,4,Jayakusuma,0,58|4
/kaggle/input/datasets/hertiyani/batik-nitik-960-official-mendeley/Batik Nitik 960/Batik Nitik 960 Images/58 Jayakusuma 4_rotate_180.jpg,58 Jayakusuma 4_rotate_180.jpg,58 Jayakusuma,512,512,48733,820935f682ba9036be4aef99d1e0be44,58,4,Jayakusuma,180,58|4
/kaggle/input/datasets/hertiyani/batik-nitik-960-official-mendeley/Batik Nitik 960/Batik Nitik 960 Images/58 Jayakusuma 4_rotate_270.jpg,58 Jayakusuma 4_rotate_270.jpg,58 Jayakusuma,512,512,48614,059fc9022648f4bb67903cd2a43c97ba,58,4,Jayakusuma,270,58|4
/kaggle/input/datasets/hertiyani/batik-nitik-960-official-mendeley/Batik Nitik 960/Batik Nitik 960 Images/58 Jayakusuma 4_rotate_90.jpg,58 Jayakusuma 4_rotate_90.jpg,58 Jayakusuma,512,512,48366,bfa57d966393b74539319a8dfb00b4c0,58,4,Jayakusuma,90,58|4
/kaggle/input/datasets/hertiyani/batik-nitik-960-official-mendeley/Batik Nitik 960/Batik Nitik 960 Images/59 Rengganis 1.jpg,59 Rengganis 1.jpg,59 Rengganis,512,512,66033,5ffb65122e67255da454a1f5eb6a8286,59,1,Rengganis,0,59|1
/kaggle/input/datasets/hertiyani/batik-nitik-960-official-mendeley/Batik Nitik 960/Batik Nitik 960 Images/59 Rengganis 1_rotate_180.jpg,59 Rengganis 1_rotate_180.jpg,59 Rengganis,512,512,65600,d923094fa95f69489674edab60b945a2,59,1,Rengganis,180,59|1
/kaggle/input/datasets/hertiyani/batik-nitik-960-official-mendeley/Batik Nitik 960/Batik Nitik 960 Images/59 Rengganis 1_rotate_270.jpg,59 Rengganis 1_rotate_270.jpg,59 Rengganis,512,512,61461,092d20998f8f5283ddf8fe5adaa9090a,59,1,Rengganis,270,59|1
/kaggle/input/datasets/hertiyani/batik-nitik-960-official-mendeley/Batik Nitik 960/Batik Nitik 960 Images/59 Rengganis 1_rotate_90.jpg,59 Rengganis 1_rotate_90.jpg,59 Rengganis,512,512,61699,2fb2bbebf6596b7be2190133e2606968,59,1,Rengganis,90,59|1
/kaggle/input/datasets/hertiyani/batik-nitik-960-official-mendeley/Batik Nitik 960/Batik Nitik 960 Images/59 Rengganis 2.jpg,59 Rengganis 2.jpg,59 Rengganis,512,512,64587,bae7365c8bdeb05a62b4e8b24614c686,59,2,Rengganis,0,59|2
/kaggle/input/datasets/hertiyani/batik-nitik-960-official-mendeley/Batik Nitik 960/Batik Nitik 960 Images/59 Rengganis 2_rotate_180.jpg,59 Rengganis 2_rotate_180.jpg,59 Rengganis,512,512,63853,21e8db5f419ce848190bf4fa8a5af9fa,59,2,Rengganis,180,59|2
/kaggle/input/datasets/hertiyani/batik-nitik-960-official-mendeley/Batik Nitik 960/Batik Nitik 960 Images/59 Rengganis 2_rotate_270.jpg,59 Rengganis 2_rotate_270.jpg,59 Rengganis,512,512,63587,a53c1fef21ce049587b71a57c109dc27,59,2,Rengganis,270,59|2
/kaggle/input/datasets/hertiyani/batik-nitik-960-official-mendeley/Batik Nitik 960/Batik Nitik 960 Images/59 Rengganis 2_rotate_90.jpg,59 Rengganis 2_rotate_90.jpg,59 Rengganis,512,512,63871,9d71ea7fd3d8feec258e62ba1c730502,59,2,Rengganis,90,59|2
/kaggle/input/datasets/hertiyani/batik-nitik-960-official-mendeley/Batik Nitik 960/Batik Nitik 960 Images/59 Rengganis 3.jpg,59 Rengganis 3.jpg,59 Rengganis,512,512,62088,113dd6bf1aa9a7d7892a2d3d5641fb7e,59,3,Rengganis,0,59|3
/kaggle/input/datasets/hertiyani/batik-nitik-960-official-mendeley/Batik Nitik 960/Batik Nitik 960 Images/59 Rengganis 3_rotate_180.jpg,59 Rengganis 3_rotate_180.jpg,59 Rengganis,512,512,61886,7f83d32067a8416d141c6e06a9823e66,59,3,Rengganis,180,59|3
/kaggle/input/datasets/hertiyani/batik-nitik-960-official-mendeley/Batik Nitik 960/Batik Nitik 960 Images/59 Rengganis 3_rotate_270.jpg,59 Rengganis 3_rotate_270.jpg,59 Rengganis,512,512,62200,7c86c9f6259230c30c91b360879687e6,59,3,Rengganis,270,59|3
/kaggle/input/datasets/hertiyani/batik-nitik-960-official-mendeley/Batik Nitik 960/Batik Nitik 960 Images/59 Rengganis 3_rotate_90.jpg,59 Rengganis 3_rotate_90.jpg,59 Rengganis,512,512,62691,d3fd5cfe6807101fd056a522494b5b95,59,3,Rengganis,90,59|3
/kaggle/input/datasets/hertiyani/batik-nitik-960-official-mendeley/Batik Nitik 960/Batik Nitik 960 Images/59 Rengganis 4.jpg,59 Rengganis 4.jpg,59 Rengganis,512,512,61409,886ff8626a583244e883352bf7cadbbd,59,4,Rengganis,0,59|4
/kaggle/input/datasets/hertiyani/batik-nitik-960-official-mendeley/Batik Nitik 960/Batik Nitik 960 Images/59 Rengganis 4_rotate_180.jpg,59 Rengganis 4_rotate_180.jpg,59 Rengganis,512,512,61305,1dfdcb7b3f19c62367f5bd697327ce28,59,4,Rengganis,180,59|4
/kaggle/input/datasets/hertiyani/batik-nitik-960-official-mendeley/Batik Nitik 960/Batik Nitik 960 Images/59 Rengganis 4_rotate_270.jpg,59 Rengganis 4_rotate_270.jpg,59 Rengganis,512,512,60379,a8ac9600db5d26fb9f4c68a2a6a161e4,59,4,Rengganis,270,59|4
/kaggle/input/datasets/hertiyani/batik-nitik-960-official-mendeley/Batik Nitik 960/Batik Nitik 960 Images/59 Rengganis 4_rotate_90.jpg,59 Rengganis 4_rotate_90.jpg,59 Rengganis,512,512,60364,01727e755b6f25315c07351901471b4c,59,4,Rengganis,90,59|4
/kaggle/input/datasets/hertiyani/batik-nitik-960-official-mendeley/Batik Nitik 960/Batik Nitik 960 Images/6 Arumdalu 1.jpg,6 Arumdalu 1.jpg,6 Arumdalu,512,512,65452,1a8615d139ccbd5cfc988a96105e9223,6,1,Arumdalu,0,6|1
/kaggle/input/datasets/hertiyani/batik-nitik-960-official-mendeley/Batik Nitik 960/Batik Nitik 960 Images/6 Arumdalu 1_rotate_180.jpg,6 Arumdalu 1_rotate_180.jpg,6 Arumdalu,512,512,64657,11cc59f442bc04c3266a4dc7d902b60e,6,1,Arumdalu,180,6|1
/kaggle/input/datasets/hertiyani/batik-nitik-960-official-mendeley/Batik Nitik 960/Batik Nitik 960 Images/6 Arumdalu 1_rotate_270.jpg,6 Arumdalu 1_rotate_270.jpg,6 Arumdalu,512,512,59202,1fb61c1df7ad97507c945c173cd0fdf6,6,1,Arumdalu,270,6|1
/kaggle/input/datasets/hertiyani/batik-nitik-960-official-mendeley/Batik Nitik 960/Batik Nitik 960 Images/6 Arumdalu 1_rotate_90.jpg,6 Arumdalu 1_rotate_90.jpg,6 Arumdalu,512,512,59238,ad9c20d68ad051fb28a2459da359f115,6,1,Arumdalu,90,6|1
/kaggle/input/datasets/hertiyani/batik-nitik-960-official-mendeley/Batik Nitik 960/Batik Nitik 960 Images/6 Arumdalu 2.jpg,6 Arumdalu 2.jpg,6 Arumdalu,512,512,63612,4dea8be556a54ce46ec4e55f7f6534a2,6,2,Arumdalu,0,6|2
/kaggle/input/datasets/hertiyani/batik-nitik-960-official-mendeley/Batik Nitik 960/Batik Nitik 960 Images/6 Arumdalu 2_rotate_180.jpg,6 Arumdalu 2_rotate_180.jpg,6 Arumdalu,512,512,63651,c82bf53081852e1a44419a13aa706de4,6,2,Arumdalu,180,6|2
/kaggle/input/datasets/hertiyani/batik-nitik-960-official-mendeley/Batik Nitik 960/Batik Nitik 960 Images/6 Arumdalu 2_rotate_270.jpg,6 Arumdalu 2_rotate_270.jpg,6 Arumdalu,512,512,60854,7911f2718184ab8382a6770410826f2f,6,2,Arumdalu,270,6|2
/kaggle/input/datasets/hertiyani/batik-nitik-960-official-mendeley/Batik Nitik 960/Batik Nitik 960 Images/6 Arumdalu 2_rotate_90.jpg,6 Arumdalu 2_rotate_90.jpg,6 Arumdalu,512,512,61527,f531fdb00d10aa3c9a72825861eb463d,6,2,Arumdalu,90,6|2
/kaggle/input/datasets/hertiyani/batik-nitik-960-official-mendeley/Batik Nitik 960/Batik Nitik 960 Images/6 Arumdalu 3.jpg,6 Arumdalu 3.jpg,6 Arumdalu,512,512,66776,fece6a5bdbdbf47aed1351de5869188a,6,3,Arumdalu,0,6|3
/kaggle/input/datasets/hertiyani/batik-nitik-960-official-mendeley/Batik Nitik 960/Batik Nitik 960 Images/6 Arumdalu 3_rotate_180.jpg,6 Arumdalu 3_rotate_180.jpg,6 Arumdalu,512,512,66422,275c3ed07dcd0302ac81281cf5029ab7,6,3,Arumdalu,180,6|3
/kaggle/input/datasets/hertiyani/batik-nitik-960-official-mendeley/Batik Nitik 960/Batik Nitik 960 Images/6 Arumdalu 3_rotate_270.jpg,6 Arumdalu 3_rotate_270.jpg,6 Arumdalu,512,512,65803,823abb35d665e6a7de5f3151835c4b5e,6,3,Arumdalu,270,6|3
/kaggle/input/datasets/hertiyani/batik-nitik-960-official-mendeley/Batik Nitik 960/Batik Nitik 960 Images/6 Arumdalu 3_rotate_90.jpg,6 Arumdalu 3_rotate_90.jpg,6 Arumdalu,512,512,65610,c4511b2233022ba50be1564b42d04d46,6,3,Arumdalu,90,6|3
/kaggle/input/datasets/hertiyani/batik-nitik-960-official-mendeley/Batik Nitik 960/Batik Nitik 960 Images/6 Arumdalu 4.jpg,6 Arumdalu 4.jpg,6 Arumdalu,512,512,65068,b2a1adc5aebb19e9ed6bdd80b00bf280,6,4,Arumdalu,0,6|4
/kaggle/input/datasets/hertiyani/batik-nitik-960-official-mendeley/Batik Nitik 960/Batik Nitik 960 Images/6 Arumdalu 4_rotate_180.jpg,6 Arumdalu 4_rotate_180.jpg,6 Arumdalu,512,512,64591,0fc389af9c83b55ab59367fb464ba7f6,6,4,Arumdalu,180,6|4
/kaggle/input/datasets/hertiyani/batik-nitik-960-official-mendeley/Batik Nitik 960/Batik Nitik 960 Images/6 Arumdalu 4_rotate_270.jpg,6 Arumdalu 4_rotate_270.jpg,6 Arumdalu,512,512,56982,c3577318ece5bd85e47a9e687e13d5fb,6,4,Arumdalu,270,6|4
/kaggle/input/datasets/hertiyani/batik-nitik-960-official-mendeley/Batik Nitik 960/Batik Nitik 960 Images/6 Arumdalu 4_rotate_90.jpg,6 Arumdalu 4_rotate_90.jpg,6 Arumdalu,512,512,56565,2914f51b6282f4e1c8c4fc5170f31bc0,6,4,Arumdalu,90,6|4
/kaggle/input/datasets/hertiyani/batik-nitik-960-official-mendeley/Batik Nitik 960/Batik Nitik 960 Images/60 Sekar Gambir 1.jpg,60 Sekar Gambir 1.jpg,60 Sekar Gambir,512,512,60084,c4f4ab0b59c8cc1da2eea73892b437c6,60,1,Sekar Gambir,0,60|1
/kaggle/input/datasets/hertiyani/batik-nitik-960-official-mendeley/Batik Nitik 960/Batik Nitik 960 Images/60 Sekar Gambir 1_rotate_180.jpg,60 Sekar Gambir 1_rotate_180.jpg,60 Sekar Gambir,512,512,60792,08b68af4a7fba8e2feef944cefb7de98,60,1,Sekar Gambir,180,60|1
/kaggle/input/datasets/hertiyani/batik-nitik-960-official-mendeley/Batik Nitik 960/Batik Nitik 960 Images/60 Sekar Gambir 1_rotate_270.jpg,60 Sekar Gambir 1_rotate_270.jpg,60 Sekar Gambir,512,512,59539,6735dd5d2c854291343d43f06d75d416,60,1,Sekar Gambir,270,60|1
/kaggle/input/datasets/hertiyani/batik-nitik-960-official-mendeley/Batik Nitik 960/Batik Nitik 960 Images/60 Sekar Gambir 1_rotate_90.jpg,60 Sekar Gambir 1_rotate_90.jpg,60 Sekar Gambir,512,512,59525,54d706164f813e17f50815865704e187,60,1,Sekar Gambir,90,60|1
/kaggle/input/datasets/hertiyani/batik-nitik-960-official-mendeley/Batik Nitik 960/Batik Nitik 960 Images/60 Sekar Gambir 2.jpg,60 Sekar Gambir 2.jpg,60 Sekar Gambir,512,512,58367,ae0c5ead4706f9dcf36aceb340087a9e,60,2,Sekar Gambir,0,60|2
/kaggle/input/datasets/hertiyani/batik-nitik-960-official-mendeley/Batik Nitik 960/Batik Nitik 960 Images/60 Sekar Gambir 2_rotate_180.jpg,60 Sekar Gambir 2_rotate_180.jpg,60 Sekar Gambir,512,512,58751,ba3bac4d1d5088b707b2faca2b7519b6,60,2,Sekar Gambir,180,60|2
/kaggle/input/datasets/hertiyani/batik-nitik-960-official-mendeley/Batik Nitik 960/Batik Nitik 960 Images/60 Sekar Gambir 2_rotate_270.jpg,60 Sekar Gambir 2_rotate_270.jpg,60 Sekar Gambir,512,512,54449,2d7b5a5f3e5ea6f9603a31388c9e08bc,60,2,Sekar Gambir,270,60|2
/kaggle/input/datasets/hertiyani/batik-nitik-960-official-mendeley/Batik Nitik 960/Batik Nitik 960 Images/60 Sekar Gambir 2_rotate_90.jpg,60 Sekar Gambir 2_rotate_90.jpg,60 Sekar Gambir,512,512,54002,30afd5eddb0714c3e47f5b1fd04e952a,60,2,Sekar Gambir,90,60|2
/kaggle/input/datasets/hertiyani/batik-nitik-960-official-mendeley/Batik Nitik 960/Batik Nitik 960 Images/60 Sekar Gambir 3.jpg,60 Sekar Gambir 3.jpg,60 Sekar Gambir,512,512,56227,d0042a8b655df2d8c14e52a346a405b0,60,3,Sekar Gambir,0,60|3
/kaggle/input/datasets/hertiyani/batik-nitik-960-official-mendeley/Batik Nitik 960/Batik Nitik 960 Images/60 Sekar Gambir 3_rotate_180.jpg,60 Sekar Gambir 3_rotate_180.jpg,60 Sekar Gambir,512,512,56976,954356995303ae48a52adba82ea818e6,60,3,Sekar Gambir,180,60|3
/kaggle/input/datasets/hertiyani/batik-nitik-960-official-mendeley/Batik Nitik 960/Batik Nitik 960 Images/60 Sekar Gambir 3_rotate_270.jpg,60 Sekar Gambir 3_rotate_270.jpg,60 Sekar Gambir,512,512,56250,5fe5d129d9ea3c204c691a283e2c0c4c,60,3,Sekar Gambir,270,60|3
/kaggle/input/datasets/hertiyani/batik-nitik-960-official-mendeley/Batik Nitik 960/Batik Nitik 960 Images/60 Sekar Gambir 3_rotate_90.jpg,60 Sekar Gambir 3_rotate_90.jpg,60 Sekar Gambir,512,512,56773,007d548ef5bf12a3d06a44ce7c1617cc,60,3,Sekar Gambir,90,60|3
/kaggle/input/datasets/hertiyani/batik-nitik-960-official-mendeley/Batik Nitik 960/Batik Nitik 960 Images/60 Sekar Gambir 4.jpg,60 Sekar Gambir 4.jpg,60 Sekar Gambir,512,512,56651,2528a61aeff1df532529ed2d34c8616d,60,4,Sekar Gambir,0,60|4
/kaggle/input/datasets/hertiyani/batik-nitik-960-official-mendeley/Batik Nitik 960/Batik Nitik 960 Images/60 Sekar Gambir 4_rotate_180.jpg,60 Sekar Gambir 4_rotate_180.jpg,60 Sekar Gambir,512,512,56193,73d5c0ce6ba924df79add4b5765997fb,60,4,Sekar Gambir,180,60|4
/kaggle/input/datasets/hertiyani/batik-nitik-960-official-mendeley/Batik Nitik 960/Batik Nitik 960 Images/60 Sekar Gambir 4_rotate_270.jpg,60 Sekar Gambir 4_rotate_270.jpg,60 Sekar Gambir,512,512,55707,0267ed5ff037595afc6c4eadb1fff719,60,4,Sekar Gambir,270,60|4
/kaggle/input/datasets/hertiyani/batik-nitik-960-official-mendeley/Batik Nitik 960/Batik Nitik 960 Images/60 Sekar Gambir 4_rotate_90.jpg,60 Sekar Gambir 4_rotate_90.jpg,60 Sekar Gambir,512,512,55539,d488f242c401a9e34b6d051c40f3ce08,60,4,Sekar Gambir,90,60|4
/kaggle/input/datasets/hertiyani/batik-nitik-960-official-mendeley/Batik Nitik 960/Batik Nitik 960 Images/7 Sekar Srigadhing 1.jpg,7 Sekar Srigadhing 1.jpg,7 Sekar Srigadhing,512,512,61539,7df51d421640786afaa5433ecf6fcd47,7,1,Sekar Srigadhing,0,7|1
/kaggle/input/datasets/hertiyani/batik-nitik-960-official-mendeley/Batik Nitik 960/Batik Nitik 960 Images/7 Sekar Srigadhing 1_rotate_180.jpg,7 Sekar Srigadhing 1_rotate_180.jpg,7 Sekar Srigadhing,512,512,61748,859c3bdb7f2ca51d46a55f31f32530b7,7,1,Sekar Srigadhing,180,7|1
/kaggle/input/datasets/hertiyani/batik-nitik-960-official-mendeley/Batik Nitik 960/Batik Nitik 960 Images/7 Sekar Srigadhing 1_rotate_270.jpg,7 Sekar Srigadhing 1_rotate_270.jpg,7 Sekar Srigadhing,512,512,53677,21a3a352c58a4901dfa02eb66cf903fa,7,1,Sekar Srigadhing,270,7|1
/kaggle/input/datasets/hertiyani/batik-nitik-960-official-mendeley/Batik Nitik 960/Batik Nitik 960 Images/7 Sekar Srigadhing 1_rotate_90.jpg,7 Sekar Srigadhing 1_rotate_90.jpg,7 Sekar Srigadhing,512,512,53710,4f48801119967d396934ce3c8e57a9f5,7,1,Sekar Srigadhing,90,7|1
/kaggle/input/datasets/hertiyani/batik-nitik-960-official-mendeley/Batik Nitik 960/Batik Nitik 960 Images/7 Sekar Srigadhing 2.jpg,7 Sekar Srigadhing 2.jpg,7 Sekar Srigadhing,512,512,59790,a6af886c5485d0c858bf8b9dc036b90e,7,2,Sekar Srigadhing,0,7|2
/kaggle/input/datasets/hertiyani/batik-nitik-960-official-mendeley/Batik Nitik 960/Batik Nitik 960 Images/7 Sekar Srigadhing 2_rotate_180.jpg,7 Sekar Srigadhing 2_rotate_180.jpg,7 Sekar Srigadhing,512,512,59956,18a9e9c2c53daaef5148532a3a3cdb57,7,2,Sekar Srigadhing,180,7|2
/kaggle/input/datasets/hertiyani/batik-nitik-960-official-mendeley/Batik Nitik 960/Batik Nitik 960 Images/7 Sekar Srigadhing 2_rotate_270.jpg,7 Sekar Srigadhing 2_rotate_270.jpg,7 Sekar Srigadhing,512,512,51756,cf53dcb922e1314fdeaeb3b329337c27,7,2,Sekar Srigadhing,270,7|2
/kaggle/input/datasets/hertiyani/batik-nitik-960-official-mendeley/Batik Nitik 960/Batik Nitik 960 Images/7 Sekar Srigadhing 2_rotate_90.jpg,7 Sekar Srigadhing 2_rotate_90.jpg,7 Sekar Srigadhing,512,512,52333,b269adfd07f10711e261175fab92d1b3,7,2,Sekar Srigadhing,90,7|2
/kaggle/input/datasets/hertiyani/batik-nitik-960-official-mendeley/Batik Nitik 960/Batik Nitik 960 Images/7 Sekar Srigadhing 3.jpg,7 Sekar Srigadhing 3.jpg,7 Sekar Srigadhing,512,512,62472,f51388606cdb6db1205052a3a4bb48c3,7,3,Sekar Srigadhing,0,7|3
/kaggle/input/datasets/hertiyani/batik-nitik-960-official-mendeley/Batik Nitik 960/Batik Nitik 960 Images/7 Sekar Srigadhing 3_rotate_180.jpg,7 Sekar Srigadhing 3_rotate_180.jpg,7 Sekar Srigadhing,512,512,62565,02c7d2677a19696eb5a2d25aeee38cb3,7,3,Sekar Srigadhing,180,7|3
/kaggle/input/datasets/hertiyani/batik-nitik-960-official-mendeley/Batik Nitik 960/Batik Nitik 960 Images/7 Sekar Srigadhing 3_rotate_270.jpg,7 Sekar Srigadhing 3_rotate_270.jpg,7 Sekar Srigadhing,512,512,62372,1e7455a33f46e50da573a20a12cbf9df,7,3,Sekar Srigadhing,270,7|3
/kaggle/input/datasets/hertiyani/batik-nitik-960-official-mendeley/Batik Nitik 960/Batik Nitik 960 Images/7 Sekar Srigadhing 3_rotate_90.jpg,7 Sekar Srigadhing 3_rotate_90.jpg,7 Sekar Srigadhing,512,512,61988,9a582f00d5551702273f4cff9a666e09,7,3,Sekar Srigadhing,90,7|3
/kaggle/input/datasets/hertiyani/batik-nitik-960-official-mendeley/Batik Nitik 960/Batik Nitik 960 Images/7 Sekar Srigadhing 4.jpg,7 Sekar Srigadhing 4.jpg,7 Sekar Srigadhing,512,512,60523,349279f8c68fc14dad86dc0a77d16d76,7,4,Sekar Srigadhing,0,7|4
/kaggle/input/datasets/hertiyani/batik-nitik-960-official-mendeley/Batik Nitik 960/Batik Nitik 960 Images/7 Sekar Srigadhing 4_rotate_180.jpg,7 Sekar Srigadhing 4_rotate_180.jpg,7 Sekar Srigadhing,512,512,60178,55b09ce516a323b1615e75d9d72b3bfa,7,4,Sekar Srigadhing,180,7|4
/kaggle/input/datasets/hertiyani/batik-nitik-960-official-mendeley/Batik Nitik 960/Batik Nitik 960 Images/7 Sekar Srigadhing 4_rotate_270.jpg,7 Sekar Srigadhing 4_rotate_270.jpg,7 Sekar Srigadhing,512,512,59266,72011daf73c469982199d6a346459b81,7,4,Sekar Srigadhing,270,7|4
/kaggle/input/datasets/hertiyani/batik-nitik-960-official-mendeley/Batik Nitik 960/Batik Nitik 960 Images/7 Sekar Srigadhing 4_rotate_90.jpg,7 Sekar Srigadhing 4_rotate_90.jpg,7 Sekar Srigadhing,512,512,59940,5c2f25feb71198269a9b0c41ab742a82,7,4,Sekar Srigadhing,90,7|4
/kaggle/input/datasets/hertiyani/batik-nitik-960-official-mendeley/Batik Nitik 960/Batik Nitik 960 Images/8 Kemukus 1.jpg,8 Kemukus 1.jpg,8 Kemukus,512,512,54419,58606ea569f32f5961b6b221bda1e2f3,8,1,Kemukus,0,8|1
/kaggle/input/datasets/hertiyani/batik-nitik-960-official-mendeley/Batik Nitik 960/Batik Nitik 960 Images/8 Kemukus 1_rotate_180.jpg,8 Kemukus 1_rotate_180.jpg,8 Kemukus,512,512,54187,b5fa9e7fde9c3c800ab8670ee8be7b2e,8,1,Kemukus,180,8|1
/kaggle/input/datasets/hertiyani/batik-nitik-960-official-mendeley/Batik Nitik 960/Batik Nitik 960 Images/8 Kemukus 1_rotate_270.jpg,8 Kemukus 1_rotate_270.jpg,8 Kemukus,512,512,54269,d1818fb6dbfbf2ee72831808fc1aff00,8,1,Kemukus,270,8|1
/kaggle/input/datasets/hertiyani/batik-nitik-960-official-mendeley/Batik Nitik 960/Batik Nitik 960 Images/8 Kemukus 1_rotate_90.jpg,8 Kemukus 1_rotate_90.jpg,8 Kemukus,512,512,54165,d527cf1f8d4ff2aedea3f4da34b39f58,8,1,Kemukus,90,8|1
/kaggle/input/datasets/hertiyani/batik-nitik-960-official-mendeley/Batik Nitik 960/Batik Nitik 960 Images/8 Kemukus 2.jpg,8 Kemukus 2.jpg,8 Kemukus,512,512,53984,fa388c24274324f1176eb90933b4844f,8,2,Kemukus,0,8|2
/kaggle/input/datasets/hertiyani/batik-nitik-960-official-mendeley/Batik Nitik 960/Batik Nitik 960 Images/8 Kemukus 2_rotate_180.jpg,8 Kemukus 2_rotate_180.jpg,8 Kemukus,512,512,53757,348c39bf6b5b4fb3ce61acbb055281e4,8,2,Kemukus,180,8|2
/kaggle/input/datasets/hertiyani/batik-nitik-960-official-mendeley/Batik Nitik 960/Batik Nitik 960 Images/8 Kemukus 2_rotate_270.jpg,8 Kemukus 2_rotate_270.jpg,8 Kemukus,512,512,53297,a7e9ad2234bd1676ba1b400f29c8a42e,8,2,Kemukus,270,8|2
/kaggle/input/datasets/hertiyani/batik-nitik-960-official-mendeley/Batik Nitik 960/Batik Nitik 960 Images/8 Kemukus 2_rotate_90.jpg,8 Kemukus 2_rotate_90.jpg,8 Kemukus,512,512,53192,410fe2bed0da32e0eb3778da454b8502,8,2,Kemukus,90,8|2
/kaggle/input/datasets/hertiyani/batik-nitik-960-official-mendeley/Batik Nitik 960/Batik Nitik 960 Images/8 Kemukus 3.jpg,8 Kemukus 3.jpg,8 Kemukus,512,512,58099,ee657e2c9b282dc8b38de0736077c340,8,3,Kemukus,0,8|3
/kaggle/input/datasets/hertiyani/batik-nitik-960-official-mendeley/Batik Nitik 960/Batik Nitik 960 Images/8 Kemukus 3_rotate_180.jpg,8 Kemukus 3_rotate_180.jpg,8 Kemukus,512,512,57841,fc4eea1c8e8abd71aa76ae7da05aff0b,8,3,Kemukus,180,8|3
/kaggle/input/datasets/hertiyani/batik-nitik-960-official-mendeley/Batik Nitik 960/Batik Nitik 960 Images/8 Kemukus 3_rotate_270.jpg,8 Kemukus 3_rotate_270.jpg,8 Kemukus,512,512,54080,acc26f73a8ccc26334f6c4442cdef43c,8,3,Kemukus,270,8|3
/kaggle/input/datasets/hertiyani/batik-nitik-960-official-mendeley/Batik Nitik 960/Batik Nitik 960 Images/8 Kemukus 3_rotate_90.jpg,8 Kemukus 3_rotate_90.jpg,8 Kemukus,512,512,53855,630f3e46a52f0cd3c7937800f78c0c65,8,3,Kemukus,90,8|3
/kaggle/input/datasets/hertiyani/batik-nitik-960-official-mendeley/Batik Nitik 960/Batik Nitik 960 Images/8 Kemukus 4.jpg,8 Kemukus 4.jpg,8 Kemukus,512,512,55980,31cca1ca2b51e90613052e05289f1c7e,8,4,Kemukus,0,8|4
/kaggle/input/datasets/hertiyani/batik-nitik-960-official-mendeley/Batik Nitik 960/Batik Nitik 960 Images/8 Kemukus 4_rotate_180.jpg,8 Kemukus 4_rotate_180.jpg,8 Kemukus,512,512,56132,083be2fcd2ec639411a075c4611de5be,8,4,Kemukus,180,8|4
/kaggle/input/datasets/hertiyani/batik-nitik-960-official-mendeley/Batik Nitik 960/Batik Nitik 960 Images/8 Kemukus 4_rotate_270.jpg,8 Kemukus 4_rotate_270.jpg,8 Kemukus,512,512,56507,bdc22f775290b91cde4abc35ddccd7a2,8,4,Kemukus,270,8|4
/kaggle/input/datasets/hertiyani/batik-nitik-960-official-mendeley/Batik Nitik 960/Batik Nitik 960 Images/8 Kemukus 4_rotate_90.jpg,8 Kemukus 4_rotate_90.jpg,8 Kemukus,512,512,56592,5747a4c86ba3f9032a8417d1cbae0c2a,8,4,Kemukus,90,8|4
/kaggle/input/datasets/hertiyani/batik-nitik-960-official-mendeley/Batik Nitik 960/Batik Nitik 960 Images/9 Sekar Gudhe 1.jpg,9 Sekar Gudhe 1.jpg,9 Sekar Gudhe,512,512,62615,aced21b227e9abdd2c1f933417b695ed,9,1,Sekar Gudhe,0,9|1
/kaggle/input/datasets/hertiyani/batik-nitik-960-official-mendeley/Batik Nitik 960/Batik Nitik 960 Images/9 Sekar Gudhe 1_rotate_180.jpg,9 Sekar Gudhe 1_rotate_180.jpg,9 Sekar Gudhe,512,512,62616,3df2595d2cefd43ee5f4faf4767cd94e,9,1,Sekar Gudhe,180,9|1
/kaggle/input/datasets/hertiyani/batik-nitik-960-official-mendeley/Batik Nitik 960/Batik Nitik 960 Images/9 Sekar Gudhe 1_rotate_270.jpg,9 Sekar Gudhe 1_rotate_270.jpg,9 Sekar Gudhe,512,512,60630,ed0cfc5af60c481d67dce616c9e1f439,9,1,Sekar Gudhe,270,9|1
/kaggle/input/datasets/hertiyani/batik-nitik-960-official-mendeley/Batik Nitik 960/Batik Nitik 960 Images/9 Sekar Gudhe 1_rotate_90.jpg,9 Sekar Gudhe 1_rotate_90.jpg,9 Sekar Gudhe,512,512,60682,6503477e43052d17349b483427b8f50f,9,1,Sekar Gudhe,90,9|1
/kaggle/input/datasets/hertiyani/batik-nitik-960-official-mendeley/Batik Nitik 960/Batik Nitik 960 Images/9 Sekar Gudhe 2.jpg,9 Sekar Gudhe 2.jpg,9 Sekar Gudhe,512,512,61564,5c9c2c8922f4b04da3c71c6e3162b878,9,2,Sekar Gudhe,0,9|2
/kaggle/input/datasets/hertiyani/batik-nitik-960-official-mendeley/Batik Nitik 960/Batik Nitik 960 Images/9 Sekar Gudhe 2_rotate_180.jpg,9 Sekar Gudhe 2_rotate_180.jpg,9 Sekar Gudhe,512,512,61959,508ce662d189e3ff2cc13b635a8fb9ec,9,2,Sekar Gudhe,180,9|2
/kaggle/input/datasets/hertiyani/batik-nitik-960-official-mendeley/Batik Nitik 960/Batik Nitik 960 Images/9 Sekar Gudhe 2_rotate_270.jpg,9 Sekar Gudhe 2_rotate_270.jpg,9 Sekar Gudhe,512,512,55675,46ff468859df3dd248a3a075e8a7c5b0,9,2,Sekar Gudhe,270,9|2
/kaggle/input/datasets/hertiyani/batik-nitik-960-official-mendeley/Batik Nitik 960/Batik Nitik 960 Images/9 Sekar Gudhe 2_rotate_90.jpg,9 Sekar Gudhe 2_rotate_90.jpg,9 Sekar Gudhe,512,512,55802,3cc17878d090d7ae98494e7e26104a4b,9,2,Sekar Gudhe,90,9|2
/kaggle/input/datasets/hertiyani/batik-nitik-960-official-mendeley/Batik Nitik 960/Batik Nitik 960 Images/9 Sekar Gudhe 3.jpg,9 Sekar Gudhe 3.jpg,9 Sekar Gudhe,512,512,65669,844eb66dbd0a36b5a686e3582f047bde,9,3,Sekar Gudhe,0,9|3
/kaggle/input/datasets/hertiyani/batik-nitik-960-official-mendeley/Batik Nitik 960/Batik Nitik 960 Images/9 Sekar Gudhe 3_rotate_180.jpg,9 Sekar Gudhe 3_rotate_180.jpg,9 Sekar Gudhe,512,512,65849,3b6f1682c365da8b9bf21153474c7e48,9,3,Sekar Gudhe,180,9|3
/kaggle/input/datasets/hertiyani/batik-nitik-960-official-mendeley/Batik Nitik 960/Batik Nitik 960 Images/9 Sekar Gudhe 3_rotate_270.jpg,9 Sekar Gudhe 3_rotate_270.jpg,9 Sekar Gudhe,512,512,64486,98b80811fc7d2c34543fde5436a697eb,9,3,Sekar Gudhe,270,9|3
/kaggle/input/datasets/hertiyani/batik-nitik-960-official-mendeley/Batik Nitik 960/Batik Nitik 960 Images/9 Sekar Gudhe 3_rotate_90.jpg,9 Sekar Gudhe 3_rotate_90.jpg,9 Sekar Gudhe,512,512,65218,f806e10c3e6fa33eb94cd0076103ad5b,9,3,Sekar Gudhe,90,9|3
/kaggle/input/datasets/hertiyani/batik-nitik-960-official-mendeley/Batik Nitik 960/Batik Nitik 960 Images/9 Sekar Gudhe 4.jpg,9 Sekar Gudhe 4.jpg,9 Sekar Gudhe,512,512,64707,293b4fa609535ec88b3b8e1a317798a8,9,4,Sekar Gudhe,0,9|4
/kaggle/input/datasets/hertiyani/batik-nitik-960-official-mendeley/Batik Nitik 960/Batik Nitik 960 Images/9 Sekar Gudhe 4_rotate_180.jpg,9 Sekar Gudhe 4_rotate_180.jpg,9 Sekar Gudhe,512,512,64644,a37fa0753941c08220e1554cab96145e,9,4,Sekar Gudhe,180,9|4
/kaggle/input/datasets/hertiyani/batik-nitik-960-official-mendeley/Batik Nitik 960/Batik Nitik 960 Images/9 Sekar Gudhe 4_rotate_270.jpg,9 Sekar Gudhe 4_rotate_270.jpg,9 Sekar Gudhe,512,512,63148,fe89d516f8fc22245c9f9942ae273d7f,9,4,Sekar Gudhe,270,9|4
/kaggle/input/datasets/hertiyani/batik-nitik-960-official-mendeley/Batik Nitik 960/Batik Nitik 960 Images/9 Sekar Gudhe 4_rotate_90.jpg,9 Sekar Gudhe 4_rotate_90.jpg,9 Sekar Gudhe,512,512,63126,791c7af0dd0659be3dea8418d501e439,9,4,Sekar Gudhe,90,9|4
